tree
version=v4
num_class=1
num_tree_per_iteration=1
label_index=0
max_feature_idx=33
objective=regression
feature_names=course_type total_hours required_room_type class_group_count total_student_count teacher_department teacher_title teacher_max_weekly_hours room_capacity room_type room_building capacity_margin capacity_ratio week_number day_of_week period_index is_morning is_afternoon is_evening is_early_period is_late_period teacher_occupied_at_slot class_occupied_at_slot room_occupied_at_slot teacher_day_load class_day_load teacher_week_load class_week_load is_capacity_enough is_room_type_match has_teacher_conflict has_class_conflict has_room_conflict has_hard_conflict
feature_infos=-1:0:1 [24:48] none [1:3] [36:132] none -1:2:0:1 [10:14] [60:120] -1:0:3:1:2 -1:1:0:2 [-72:84] [0.29999999999999999:2.2000000000000002] [1:18] [1:7] [1:5] [0:1] [0:1] [0:1] [0:1] [0:1] [0:1] [0:1] [0:1] [0:5] [0:5] [0:35] [0:35] [0:1] none [0:1] [0:1] [0:1] [0:1]
tree_sizes=2918 3004 3000 2957 3019 3002 3055 3012 2980 2988 3028 3063 3071 3085 3052 3052 3092 3060 3058 3060 3053 3065 3065 3061 3052 3066 3065 3052 3080 3056 3066 3063 3066 3053 3065 3072 3073 3074 3053 3060 3069 3092 3104 3085 3068 3081 3085 3101 3085 3093 3139 3082 3115 3108 3120 3158 3125 3135 3127 3169 3140 3099 3172 3134 3187 3155 3158 3191 3152 3148 3146 3161 3137 3151 3138 3148 3161 3200 3150 3195 3146 3179 3165 3168 3154 3207 3191 3193 3158 3152 3135 3157 3135 3163 3149 3172 3151 3150 3149 3149 3133 3166 3164 3139 3151 3140 3144 3153 3213 3133 3153 3177 3193 3115 3131 3163 3143 3173 3138 3168 3175 3142 3196 3112 3131 3135 3104 3184 3150 3190 3121 3155 3139 3141 3161 3122 3129 3167 3148 3120 3116 3165 3156 3151 3149 3154 3168 3112 3177 3133 3162 3093 3110 3119 3098 3100 3172 3137 3079 3109 3095 3118 3111 3130 3125 3092 3121 3140 3158 3096 3140 3081 3105 3105 3114 3126 3111 3061 3166 3116 3103 3113 3083 3117 3129 3063 3116 3114 3135 3071 3132 3136 3075 3167 3113 3140 3073 3107 3121 3100 3135 3106 3110 3119 3070 3100 3128 3126 3134 3079 3097 3106 3066 3083 3062 3148 3055 3134 3142 3107 3126 3123 3111 3122 3076 3131 3124 3061 3115 3102 3157 3088 3135 3085 3088 3145 3141 3066 3122 3120 3071 3076 3097 3132 3130 3110 3141 3119 3090 3142 3105 3113 3157 3074 3075 3124 3096 3090 3125 3107 3129 3122 3059 3122 3088 3150 3086 3118 3062 3121 3135 3121 3080 3084 3120 3162 3183 3114 3085 3117 3121 3101 3022 3114 3178 3073 3101 3099 3046 3160 3116 3019 3100 3095 3122 3109 3126 3023 3072 3142

Tree=0
num_leaves=31
num_cat=0
split_feature=33 12 11 24 17 24 17 15 15 24 15 15 17 26 17 15 15 26 26 26 24 26 24 26 17 24 15 15 26 26
split_gain=68815.9 325.6 113.303 72.7858 35.0854 25.082 13.8982 11.154 32.9708 6.85402 4.4541 12.929 3.18588 1.41862 1.01349 0.993034 2.95969 0.941251 0.740271 0.646104 0.510829 0.484865 0.395683 0.358758 0.308613 0.297169 0.286029 0.840886 0.285507 0.218
threshold=1.0000000180025095e-35 0.48890000000000006 8.5000000000000018 2.5000000000000004 1.0000000180025095e-35 2.5000000000000004 1.0000000180025095e-35 4.5000000000000009 1.5000000000000002 1.5000000000000002 4.5000000000000009 1.5000000000000002 1.0000000180025095e-35 7.5000000000000009 1.0000000180025095e-35 4.5000000000000009 1.5000000000000002 7.5000000000000009 6.5000000000000009 6.5000000000000009 4.5000000000000009 7.5000000000000009 4.5000000000000009 7.5000000000000009 1.0000000180025095e-35 4.5000000000000009 1.5000000000000002 4.5000000000000009 6.5000000000000009 6.5000000000000009
decision_type=2 2 2 2 2 2 2 2 2 2 2 2 2 2 2 2 2 2 2 2 2 2 2 2 2 2 2 2 2 2
left_child=1 5 9 4 7 6 10 8 18 12 11 28 15 -6 22 16 -3 -9 -4 -10 -7 -8 -5 -12 -22 -16 -24 -28 -1 -13
right_child=-2 2 3 14 13 20 21 17 19 -11 23 29 -14 -15 25 -17 -18 -19 -20 -21 24 -23 26 -25 -26 -27 27 -29 -30 -31
leaf_value=0.5929579449915432 0.55045892573183486 0.59291490176931916 0.597958253634151 0.5937425081105141 0.60045782310059859 0.58997870086030046 0.5954574644735362 0.59795526142573097 0.60045835132716396 0.58731790067666689 0.59295336868341897 0.59545819326118821 0.59541345080984343 0.59793223473796586 0.59530832268665279 0.59290186860103955 0.59541430069789569 0.59517483390158121 0.59522984109287458 0.5979193994346651 0.58642491742808878 0.59294604032675768 0.59056811381341934 0.59015720286307172 0.5880942078944279 0.59306641384884784 0.59308617231155902 0.59055908115017464 0.59016001395819473 0.59295892692392771
leaf_weight=10184 125933 2385 26061 201 52148 177 20547 25930 26114 351 10345 10256 4728 562 166 2366 2353 308 251 253 691 194 664 116 462 1349 668 649 92 88
leaf_count=10184 125933 2385 26061 201 52148 177 20547 25930 26114 351 10345 10256 4728 562 166 2366 2353 308 251 253 691 194 664 116 462 1349 668 649 92 88
internal_value=0.57943 0.597613 0.598822 0.599238 0.599432 0.594258 0.594432 0.598765 0.599184 0.594203 0.593763 0.594189 0.594408 0.600431 0.592319 0.593738 0.594156 0.597923 0.597932 0.600434 0.587478 0.595434 0.591629 0.592922 0.587094 0.593312 0.591414 0.591841 0.592933 0.595437
internal_weight=326592 200659 147507 135324 131627 53152 51822 78917 52679 12183 31081 20620 11832 52710 3697 7104 4738 26238 26312 26367 1330 20741 2182 10461 1153 1515 1981 1317 10276 10344
internal_count=326592 200659 147507 135324 131627 53152 51822 78917 52679 12183 31081 20620 11832 52710 3697 7104 4738 26238 26312 26367 1330 20741 2182 10461 1153 1515 1981 1317 10276 10344
is_linear=0
shrinkage=1


Tree=1
num_leaves=31
num_cat=0
split_feature=33 12 11 25 17 25 17 15 15 25 15 15 17 26 15 15 17 26 26 26 26 26 24 17 15 15 26 26 26 26
split_gain=62106.4 293.854 102.256 66.8659 31.4672 23.2145 12.4571 9.9381 29.6592 6.25015 3.95004 11.6211 2.8567 1.31722 0.891421 2.65774 0.822638 0.62694 0.595413 0.549538 0.544693 0.504909 0.334772 0.280063 0.251594 0.721597 0.246714 0.246302 0.245836 0.229525
threshold=1.0000000180025095e-35 0.48890000000000006 8.5000000000000018 3.5000000000000004 1.0000000180025095e-35 3.5000000000000004 1.0000000180025095e-35 4.5000000000000009 1.5000000000000002 3.5000000000000004 4.5000000000000009 1.5000000000000002 1.0000000180025095e-35 7.5000000000000009 1.5000000000000002 4.5000000000000009 1.0000000180025095e-35 7.5000000000000009 7.5000000000000009 7.5000000000000009 7.5000000000000009 7.5000000000000009 4.5000000000000009 1.0000000180025095e-35 1.5000000000000002 4.5000000000000009 7.5000000000000009 7.5000000000000009 7.5000000000000009 7.5000000000000009
decision_type=2 2 2 2 2 2 2 2 2 2 2 2 2 2 2 2 2 2 2 2 2 2 2 2 2 2 2 2 2 2
left_child=1 5 9 4 7 6 10 8 20 12 11 29 14 -6 -3 -16 19 -9 -10 -5 -4 -8 -7 -24 -21 -26 -12 -13 -18 -1
right_child=-2 2 3 16 13 22 21 17 18 -11 26 27 -14 -15 15 -17 28 -19 -20 24 -22 -23 23 -25 25 -27 -28 -29 -30 -31
leaf_value=0.012852104008197786 -0.027522945404052736 0.012809318529203074 0.017601822505019855 0.014113150522476289 0.019977109134197236 0.0094734973222168582 0.015227125585079195 0.017602236568927766 0.019977082312107087 0.0075162584562094613 0.01285233348608017 0.015227089822292329 0.015182986055947763 0.017589232754217435 0.015183788337946548 0.012808337583125953 0.015248812595382334 0.015244273213963761 0.017558618910349762 0.010624496370768377 0.015183792982963807 0.012802588761127491 0.0065978714210145617 0.0081994564582904186 0.012953572129761733 0.010648390938736509 0.010492937679269485 0.012733577758073808 0.012958283226054962 0.010370015891942572
leaf_weight=10180 125933 2386 26057 205 52132 197 20539 25899 26108 357 10324 10253 4730 584 2354 2356 128 285 257 695 235 217 680 456 675 683 112 100 1381 94
leaf_count=10180 125933 2386 26057 205 52132 197 20539 25899 26108 357 10324 10253 4730 584 2354 2356 128 285 257 695 235 217 680 456 675 683 112 100 1381 94
internal_value=4.17414e-10 0.0172733 0.0184219 0.0188169 0.019005 0.0140858 0.0142534 0.0183726 0.0187685 0.0140344 0.0136197 0.0140207 0.0142312 0.0199507 0.0135967 0.0139956 0.0122487 0.0175766 0.0199535 0.0116447 0.0175802 0.0152018 0.00757073 0.00724076 0.0113982 0.0117942 0.012827 0.015203 0.0131526 0.0128294
internal_weight=326592 200659 147507 135324 131557 53152 51819 78841 52657 12183 31063 20627 11826 52716 7096 4710 3767 26184 26365 2258 26292 20756 1333 1136 2053 1358 10436 10353 1509 10274
internal_count=326592 200659 147507 135324 131557 53152 51819 78841 52657 12183 31063 20627 11826 52716 7096 4710 3767 26184 26365 2258 26292 20756 1333 1136 2053 1358 10436 10353 1509 10274
is_linear=0
shrinkage=0.05


Tree=2
num_leaves=31
num_cat=0
split_feature=33 12 11 25 17 25 17 15 15 25 15 15 17 26 15 15 17 26 26 26 26 26 24 17 15 15 26 26 26 26
split_gain=56051 265.203 92.2859 60.3465 28.3991 20.9511 11.2425 8.96913 26.7674 5.64076 3.56491 10.4881 2.57817 1.18879 0.804507 2.39862 0.742431 0.565813 0.537359 0.495958 0.491586 0.45568 0.302132 0.252757 0.227064 0.651242 0.222659 0.222287 0.221867 0.21432
threshold=1.0000000180025095e-35 0.48890000000000006 8.5000000000000018 3.5000000000000004 1.0000000180025095e-35 3.5000000000000004 1.0000000180025095e-35 4.5000000000000009 1.5000000000000002 3.5000000000000004 4.5000000000000009 1.5000000000000002 1.0000000180025095e-35 7.5000000000000009 1.5000000000000002 4.5000000000000009 1.0000000180025095e-35 7.5000000000000009 7.5000000000000009 7.5000000000000009 7.5000000000000009 7.5000000000000009 4.5000000000000009 1.0000000180025095e-35 1.5000000000000002 4.5000000000000009 7.5000000000000009 7.5000000000000009 7.5000000000000009 8.5000000000000018
decision_type=2 2 2 2 2 2 2 2 2 2 2 2 2 2 2 2 2 2 2 2 2 2 2 2 2 2 2 2 2 2
left_child=1 5 9 4 7 6 10 8 20 12 11 -1 14 -6 -3 -16 19 -9 -10 -5 -4 -8 -7 -24 -21 -26 -12 -13 -18 -14
right_child=-2 2 3 16 13 22 21 17 18 -11 26 27 29 -15 15 -17 28 -19 -20 24 -22 -23 23 -25 25 -27 -28 -29 -30 -31
leaf_value=0.012187924960086799 -0.026146799325942993 0.012168853209734163 0.016721731612704942 0.013407493353616901 0.01897825300693512 0.008999822190419067 0.01446576863527298 0.016722124814987183 0.018978227674961091 0.0071404453669609473 0.012209716439247132 0.014465734362602234 0.014470176398754121 0.016709772181021026 0.014424599507094038 0.012167919961599626 0.014486372331157328 0.014482059447388902 0.016680688686407957 0.010093271490052451 0.014424602763449893 0.012162460064009039 0.0062679778357200766 0.0077894837905963261 0.012305893927812577 0.010115971658406112 0.0099682901453759 0.012096898823976517 0.012310369597082982 0.011979379013858059
leaf_weight=10274 125933 2386 26057 205 52132 197 20539 25899 26108 357 10324 10253 4642 584 2354 2356 128 285 257 695 235 217 680 456 675 683 112 100 1381 88
leaf_count=10274 125933 2386 26057 205 52132 197 20539 25899 26108 357 10324 10253 4642 584 2354 2356 128 285 257 695 235 217 680 456 675 683 112 100 1381 88
internal_value=-2.71307e-10 0.0164097 0.0175008 0.0178761 0.0180547 0.0133815 0.0135407 0.017454 0.0178301 0.0133327 0.0129387 0.0133197 0.0135196 0.0189531 0.0129169 0.0132958 0.0116363 0.0166977 0.0189558 0.0110625 0.0167012 0.0144417 0.00719219 0.00687872 0.0108283 0.0112045 0.0121857 0.0144429 0.0124949 0.0144238
internal_weight=326592 200659 147507 135324 131557 53152 51819 78841 52657 12183 31063 20627 11826 52716 7096 4710 3767 26184 26365 2258 26292 20756 1333 1136 2053 1358 10436 10353 1509 4730
internal_count=326592 200659 147507 135324 131557 53152 51819 78841 52657 12183 31063 20627 11826 52716 7096 4710 3767 26184 26365 2258 26292 20756 1333 1136 2053 1358 10436 10353 1509 4730
is_linear=0
shrinkage=0.05


Tree=3
num_leaves=31
num_cat=0
split_feature=33 12 11 25 15 15 25 15 15 25 15 15 26 15 15 26 26 26 26 26 26 15 15 24 24 26 26 24 26 26
split_gain=50586 239.346 83.288 54.4627 21.7316 36.1509 18.9083 8.66221 14.167 5.09079 1.96875 3.24887 1.55784 0.630424 0.91447 0.611763 0.510647 0.443656 0.344142 0.297992 0.278894 0.245251 0.371043 0.224663 0.210389 0.207147 0.20095 0.173271 0.109692 0.107398
threshold=1.0000000180025095e-35 0.48890000000000006 8.5000000000000018 3.5000000000000004 1.5000000000000002 4.5000000000000009 3.5000000000000004 4.5000000000000009 1.5000000000000002 3.5000000000000004 1.5000000000000002 4.5000000000000009 7.5000000000000009 1.5000000000000002 4.5000000000000009 7.5000000000000009 7.5000000000000009 7.5000000000000009 7.5000000000000009 8.5000000000000018 7.5000000000000009 4.5000000000000009 1.5000000000000002 4.5000000000000009 3.5000000000000004 7.5000000000000009 7.5000000000000009 3.5000000000000004 8.5000000000000018 8.5000000000000018
decision_type=2 2 2 2 2 2 2 2 2 2 2 2 2 2 2 2 2 2 2 2 2 2 2 2 2 2 2 2 2 2
left_child=1 6 9 4 17 12 7 8 25 10 -3 19 -6 27 18 -10 -7 -4 -15 -12 -8 22 -22 -16 -20 -1 -9 -5 -11 -13
right_child=-2 2 3 13 5 16 20 26 15 28 11 29 -14 14 23 -17 -18 -19 24 -21 21 -23 -24 -25 -26 -27 -28 -29 -30 -31
leaf_value=0.011600102484226228 -0.024839459359645846 0.011560410485983094 0.015885645339511586 0.01226432744472746 0.018029333145828091 0.015886017680168153 0.0089188987245926495 0.011599230021238327 0.013742470256277698 0.0092166070894497201 0.013747398436120923 0.011606094986200334 0.01586584029420236 0.013886175160201228 0.011892203247900737 0.011534689383269861 0.013757955463309039 0.013703373068190637 0.013978857609132925 0.01134032162318703 0.0052388113528742631 0.0051970238309530991 0.0075305164061974933 0.0095204490290033434 0.011581517170962632 0.0092421186889739739 0.0094698761057640836 0.0095242164735376417 0.0064677251479293724 0.0091124398125843574
leaf_weight=10180 125933 2386 26057 63 78240 25899 143 10324 30792 41 6953 2312 841 196 118 317 285 235 96 131 236 252 702 649 1960 94 112 685 316 44
leaf_count=10180 125933 2386 26057 63 78240 25899 143 10324 30792 41 6953 2312 841 196 118 317 285 235 96 131 236 252 702 649 1960 94 112 685 316 44
internal_value=-3.37703e-11 0.0155892 0.0166258 0.0169822 0.017152 0.0174732 0.0127124 0.0128637 0.0131883 0.012666 0.0128436 0.013168 0.0180063 0.0110545 0.0113764 0.01372 0.0158629 0.0158661 0.0118843 0.0137029 0.00683258 0.00658188 0.00695393 0.00988533 0.0116935 0.0115785 0.0115764 0.009755 0.00678342 0.0115595
internal_weight=326592 200659 147507 135324 131557 105265 53152 51819 41383 12183 11826 9440 79081 3767 3019 31109 26184 26292 2252 7084 1333 1190 938 767 2056 10274 10436 748 357 2356
internal_count=326592 200659 147507 135324 131557 105265 53152 51819 41383 12183 11826 9440 79081 3767 3019 31109 26184 26292 2252 7084 1333 1190 938 767 2056 10274 10436 748 357 2356
is_linear=0
shrinkage=0.05


Tree=4
num_leaves=31
num_cat=0
split_feature=11 22 23 21 11 11 25 17 25 17 15 15 3 25 3 15 15 17 26 4 8 15 15 17 26 26 26 26 4 8
split_gain=25421.4 17675 2341.88 215.563 200.689 75.0495 48.3323 22.7212 17.7503 9.56976 7.17475 21.4122 4.60226 4.59444 3.05499 2.97785 8.73835 2.09995 0.94506 0.677067 2.28865 0.655274 1.95368 0.590802 0.452748 0.423489 0.409588 0.393938 0.351029 1.14383
threshold=-1.0000000180025095e-35 1.0000000180025095e-35 1.0000000180025095e-35 1.0000000180025095e-35 41.000000000000007 8.5000000000000018 3.5000000000000004 1.0000000180025095e-35 3.5000000000000004 1.0000000180025095e-35 4.5000000000000009 1.5000000000000002 1.5000000000000002 3.5000000000000004 1.5000000000000002 4.5000000000000009 1.5000000000000002 1.0000000180025095e-35 7.5000000000000009 44.000000000000007 95.000000000000014 1.5000000000000002 4.5000000000000009 1.0000000180025095e-35 7.5000000000000009 7.5000000000000009 7.5000000000000009 7.5000000000000009 44.000000000000007 95.000000000000014
decision_type=2 2 2 2 2 2 2 2 2 2 2 2 2 2 2 2 2 2 2 2 2 2 2 2 2 2 2 2 2 2
left_child=-1 2 3 4 5 13 7 10 9 12 11 27 15 17 19 16 -6 21 -9 -11 -21 -2 -23 26 -12 -13 -8 -7 -18 -30
right_child=1 -3 -4 -5 8 6 23 18 -10 14 24 25 -14 -15 -16 -17 28 -19 -20 20 -22 22 -24 -25 -26 -27 -28 -29 29 -31
leaf_value=-0.023597486317157745 0.010982389972925386 -0.023597486317157745 -0.023597486317157745 -0.023597486317157745 0.011087866920015378 0.015091357921654764 0.012145632973418164 0.017127874493598937 0.0067009783287488786 0.01303416859944323 0.01509171724319458 0.017127850651741029 0.015759511439377052 0.0064442518503726029 0.017095022315930838 0.011084523785716819 0.013035295073222129 0.013017514415132573 0.015080644096198834 0.017101244862683478 0.013026203563280195 0.013018198651257671 0.010981547850830851 0.011271513196487226 0.013070112104926791 0.015051713321478137 0.0097681888808182488 0.013017256899829553 0.017092866527623145 0.013025508506723564
leaf_weight=84576 2386 36927 4064 366 10501 25585 199 51193 1402 19365 25439 25633 738 357 495 10664 9675 4730 570 458 1391 2354 2356 1478 280 248 2021 231 232 678
leaf_count=84576 2386 36927 4064 366 10501 25585 199 51193 1402 19365 25439 25633 738 357 495 10664 9675 4730 570 458 1391 2354 2356 1478 280 248 2021 231 232 678
internal_value=-6.885e-12 0.00824648 0.0139801 0.0147398 0.0148097 0.0157887 0.016133 0.0162944 0.0122556 0.0123993 0.0157521 0.0160917 0.0118562 0.0120327 0.0132121 0.0117654 0.0121098 0.0122014 0.0171053 0.0131215 0.0140356 0.0116575 0.0119994 0.010497 0.0150697 0.017108 0.0099813 0.0150728 0.0131236 0.0140625
internal_weight=326592 242016 205089 201025 200659 145060 132877 129179 55599 54197 77416 51697 32488 12183 21709 31750 21086 11826 51763 21214 1849 7096 4710 3698 25719 25881 2220 25816 10585 910
internal_count=326592 242016 205089 201025 200659 145060 132877 129179 55599 54197 77416 51697 32488 12183 21709 31750 21086 11826 51763 21214 1849 7096 4710 3698 25719 25881 2220 25816 10585 910
is_linear=0
shrinkage=0.05


Tree=5
num_leaves=31
num_cat=0
split_feature=33 12 11 25 17 25 17 15 15 25 15 15 17 26 15 15 26 17 26 26 26 26 24 15 15 24 26 15 15 26
split_gain=41202.6 195.245 67.8656 44.3114 20.8389 15.4505 8.30201 6.58754 19.6608 4.14648 2.63208 7.74477 1.8952 0.875693 0.591385 1.7632 0.547328 0.531449 0.416505 0.396521 0.3708 0.362357 0.259793 0.219134 0.332008 0.19414 0.18695 0.18377 0.534739 0.181413
threshold=1.0000000180025095e-35 0.48890000000000006 8.5000000000000018 3.5000000000000004 1.0000000180025095e-35 3.5000000000000004 1.0000000180025095e-35 4.5000000000000009 1.5000000000000002 3.5000000000000004 4.5000000000000009 1.5000000000000002 1.0000000180025095e-35 7.5000000000000009 1.5000000000000002 4.5000000000000009 7.5000000000000009 1.0000000180025095e-35 7.5000000000000009 7.5000000000000009 7.5000000000000009 7.5000000000000009 4.5000000000000009 4.5000000000000009 1.5000000000000002 3.5000000000000004 7.5000000000000009 1.5000000000000002 4.5000000000000009 7.5000000000000009
decision_type=2 2 2 2 2 2 2 2 2 2 2 2 2 2 2 2 2 2 2 2 2 2 2 2 2 2 2 2 2 2
left_child=1 5 9 4 7 6 10 8 21 12 11 26 14 -6 -3 -16 -5 25 -9 -10 -8 -4 -7 24 -24 -18 -1 -27 -29 -13
right_child=-2 2 3 16 13 22 20 18 19 -11 -12 29 -14 -15 15 -17 17 -19 -20 -21 -22 -23 23 -25 -26 27 -28 28 -30 -31
leaf_value=0.010465703904628754 -0.022417612373828888 0.010433270262003145 0.014338215588167988 0.011915798802991529 0.016271507795301284 0.007832100673526677 0.012403675649363909 0.014338569060877635 0.016272119628112824 0.0061220394379618457 0.010443332509611384 0.012403591576697338 0.012366638413569388 0.014324541104166475 0.012367288376455503 0.010432470608218012 0.01115258717766175 0.010551104232787569 0.012416653591289855 0.014298499569818669 0.010325930851258441 0.012366001821578819 0.0045336493482328443 0.0045269723904330702 0.0067737121035802289 0.0084705050390811616 0.0082256195868583432 0.010516576353431673 0.0084685014815084527 0.010263603523373604
leaf_weight=10180 125933 2386 26057 333 52132 197 20539 25899 26108 357 10436 10253 4730 584 2354 2356 130 1381 285 257 217 235 219 241 676 648 94 645 630 100
leaf_count=10180 125933 2386 26057 333 52132 197 20539 25899 26108 357 10436 10253 4730 584 2354 2356 130 1381 285 257 217 235 219 241 676 648 94 645 630 100
internal_value=-2.2181e-10 0.0140692 0.0150055 0.0153273 0.0154804 0.011471 0.0116077 0.0149658 0.0152881 0.0114311 0.0110904 0.0114178 0.0115914 0.0162499 0.0110746 0.0113995 0.00998038 0.0097927 0.0143176 0.0162529 0.012382 0.0143206 0.00615591 0.00586523 0.00622559 0.00928255 0.0104452 0.00915613 0.00950459 0.0123829
internal_weight=326592 200659 147507 135324 131557 53152 51819 78841 52657 12183 31063 20627 11826 52716 7096 4710 3767 3434 26184 26365 20756 26292 1333 1136 895 2053 10274 1923 1275 10353
internal_count=326592 200659 147507 135324 131557 53152 51819 78841 52657 12183 31063 20627 11826 52716 7096 4710 3767 3434 26184 26365 20756 26292 1333 1136 895 2053 10274 1923 1275 10353
is_linear=0
shrinkage=0.05


Tree=6
num_leaves=31
num_cat=0
split_feature=33 12 11 25 17 25 17 16 19 25 16 19 17 26 19 16 17 26 24 26 26 26 26 18 19 19 16 26 26 26
split_gain=37185.4 176.208 61.2487 39.9911 18.807 13.9441 7.49256 5.94525 17.7439 3.7422 2.37546 6.98965 1.71042 0.790312 0.533725 1.59128 0.496977 0.375896 0.359082 0.35786 0.334647 0.327028 0.238777 0.200926 0.305359 0.199358 0.524876 0.181357 0.174249 0.168722
threshold=1.0000000180025095e-35 0.48890000000000006 8.5000000000000018 3.5000000000000004 1.0000000180025095e-35 3.5000000000000004 1.0000000180025095e-35 1.0000000180025095e-35 1.0000000180025095e-35 3.5000000000000004 1.0000000180025095e-35 1.0000000180025095e-35 1.0000000180025095e-35 7.5000000000000009 1.0000000180025095e-35 1.0000000180025095e-35 1.0000000180025095e-35 7.5000000000000009 3.5000000000000004 7.5000000000000009 7.5000000000000009 7.5000000000000009 7.5000000000000009 1.0000000180025095e-35 1.0000000180025095e-35 1.0000000180025095e-35 1.0000000180025095e-35 7.5000000000000009 8.5000000000000018 7.5000000000000009
decision_type=2 2 2 2 2 2 2 2 2 2 2 2 2 2 2 2 2 2 2 2 2 2 2 2 2 2 2 2 2 2
left_child=1 5 9 4 7 6 10 17 19 12 27 -12 14 -6 15 -3 18 -4 -5 -9 -8 -10 -7 24 -24 26 -20 -1 -14 -13
right_child=-2 2 3 16 13 22 20 8 21 -11 11 29 28 -15 -16 -17 -18 -19 25 -21 -22 -23 23 -25 -26 -27 -28 -29 -30 -31
leaf_value=0.0099428758025169386 -0.021296730637550356 0.0099108472649887189 0.013621641399766116 0.011092071039111992 0.015457931243047274 0.0077785524897850487 0.011783491605383563 0.015458514736812624 0.013621305807731274 0.0058159375495436478 0.011763775241506812 0.0099424190819263469 0.011790090799331666 0.013608313811151948 0.0099116066859508897 0.011748923714523511 0.010183883364071035 0.011795821291835686 0.0081801459575031026 0.013583574638292484 0.0098096340585688835 0.011747701294878697 0.0064759593387996714 0.0043626594519804397 0.0043969698455500403 0.0081232057098489605 0.01012841981649399 0.0079199891936566156 0.0095441858199509719 0.0078143385972114319
leaf_weight=10324 125933 2356 25899 190 52132 143 20539 26108 26057 357 10353 10180 4642 584 2386 2354 1509 285 683 257 217 235 702 252 236 685 700 112 88 94
leaf_count=10324 125933 2356 25899 190 52132 143 20539 26108 26057 357 10353 10180 4642 584 2386 2354 1509 285 683 257 217 235 702 252 236 685 700 112 88 94
internal_value=2.6448e-10 0.0133658 0.0142552 0.0145609 0.0147063 0.0108975 0.0110273 0.0142175 0.0145237 0.0108595 0.0105359 0.0108469 0.0110118 0.0154374 0.0105209 0.0108295 0.00948137 0.0136018 0.00901188 0.0154402 0.0117629 0.0136046 0.00584811 0.00561613 0.00595289 0.00882076 0.00916626 0.00992117 0.0117483 0.00992295
internal_weight=326592 200659 147507 135324 131557 53152 51819 78841 52657 12183 31063 20627 11826 52716 7096 4710 3767 26184 2258 26365 20756 26292 1333 1190 938 2068 1383 10436 4730 10274
internal_count=326592 200659 147507 135324 131557 53152 51819 78841 52657 12183 31063 20627 11826 52716 7096 4710 3767 26184 2258 26365 20756 26292 1333 1190 938 2068 1383 10436 4730 10274
is_linear=0
shrinkage=0.05


Tree=7
num_leaves=31
num_cat=0
split_feature=33 12 11 25 17 25 17 15 15 24 15 15 17 26 26 15 15 17 26 26 26 26 24 15 15 26 26 26 24 26
split_gain=33559.8 159.028 55.2769 36.0919 16.9734 12.5845 6.76203 5.36559 16.0139 3.37737 2.14385 6.30816 1.55076 0.713256 0.485694 0.481063 1.44326 0.432109 0.339246 0.322969 0.302019 0.295142 0.2234 0.179157 0.272141 0.163725 0.163675 0.155079 0.154802 0.152272
threshold=1.0000000180025095e-35 0.48890000000000006 8.5000000000000018 3.5000000000000004 1.0000000180025095e-35 3.5000000000000004 1.0000000180025095e-35 4.5000000000000009 1.5000000000000002 1.5000000000000002 4.5000000000000009 1.5000000000000002 1.0000000180025095e-35 7.5000000000000009 7.5000000000000009 4.5000000000000009 1.5000000000000002 1.0000000180025095e-35 7.5000000000000009 7.5000000000000009 7.5000000000000009 7.5000000000000009 4.5000000000000009 4.5000000000000009 1.5000000000000002 7.5000000000000009 7.5000000000000009 8.5000000000000018 3.5000000000000004 7.5000000000000009
decision_type=2 2 2 2 2 2 2 2 2 2 2 2 2 2 2 2 2 2 2 2 2 2 2 2 2 2 2 2 2 2
left_child=1 5 9 4 7 6 10 8 21 12 11 29 15 -6 -5 16 -3 28 -9 -10 -8 -4 -7 24 -24 -13 -12 -14 -16 -1
right_child=-2 2 3 14 13 22 20 18 19 -11 26 25 27 -15 17 -17 -18 -19 -20 -21 -22 -23 23 -25 -26 -27 -28 -29 -30 -31
leaf_value=0.0094452977180480967 -0.02023189514875412 0.0094169381410820693 0.01294023930890926 0.010830484896719277 0.014685034834012546 0.0071100671222518556 0.0111943168281142 0.012940558508948161 0.014685588525455507 0.0054831084702429275 0.0094457320868968978 0.011195222887875545 0.011200585961341859 0.012927898478834597 0.010040354092533774 0.0094107175949686983 0.011162298350664996 0.0095143551825613848 0.011206030343708239 0.012904396084959869 0.0093191525216476164 0.011160316150239174 0.0040801700919050063 0.0040761126506749035 0.0061082417426421452 0.0091622347980737703 0.0075239900898720546 0.0090577773749828342 0.008257600237352428 0.0074236212298274045
leaf_weight=10180 125933 2385 26057 333 52132 197 20539 25899 26108 351 10324 10253 4642 584 130 2366 2353 1381 285 257 217 235 219 241 676 100 112 86 1923 94
leaf_count=10180 125933 2385 26057 333 52132 197 20539 25899 26108 351 10324 10253 4642 584 130 2366 2353 1381 285 257 217 235 219 241 676 100 112 86 1923 94
internal_value=-3.66676e-10 0.0126975 0.0135424 0.0138328 0.013971 0.0103526 0.010476 0.0135066 0.0137975 0.0103166 0.0100091 0.0103045 0.01046 0.0146656 0.0090073 0.00999297 0.0102837 0.0088305 0.0129217 0.0146682 0.0111747 0.0129243 0.00555571 0.00528615 0.00561199 0.0111756 0.00942511 0.0111616 0.00837049 0.0094268
internal_weight=326592 200659 147507 135324 131557 53152 51819 78841 52657 12183 31063 20627 11832 52716 3767 7104 4738 3434 26184 26365 20756 26292 1333 1136 895 10353 10436 4728 2053 10274
internal_count=326592 200659 147507 135324 131557 53152 51819 78841 52657 12183 31063 20627 11832 52716 3767 7104 4738 3434 26184 26365 20756 26292 1333 1136 895 10353 10436 4728 2053 10274
is_linear=0
shrinkage=0.05


Tree=8
num_leaves=31
num_cat=0
split_feature=33 12 11 25 15 15 25 15 15 26 15 15 26 26 24 26 15 15 26 26 26 24 15 15 26 26 24 15 15 24
split_gain=30287.7 143.523 49.8874 32.573 12.9956 21.6177 11.3576 5.2096 8.52108 3.08198 1.15667 1.91558 0.9352 0.438338 0.438027 0.419725 0.376478 0.60457 0.306169 0.266366 0.204414 0.182036 0.164623 0.251367 0.147717 0.137425 0.0835903 0.0686893 0.113398 0.0642545
threshold=1.0000000180025095e-35 0.48890000000000006 8.5000000000000018 3.5000000000000004 1.5000000000000002 4.5000000000000009 3.5000000000000004 4.5000000000000009 1.5000000000000002 8.5000000000000018 4.5000000000000009 1.5000000000000002 7.5000000000000009 7.5000000000000009 3.5000000000000004 7.5000000000000009 1.5000000000000002 4.5000000000000009 7.5000000000000009 7.5000000000000009 7.5000000000000009 3.5000000000000004 4.5000000000000009 1.5000000000000002 7.5000000000000009 7.5000000000000009 3.5000000000000004 1.5000000000000002 4.5000000000000009 3.5000000000000004
decision_type=2 2 2 2 2 2 2 2 2 2 2 2 2 2 2 2 2 2 2 2 2 2 2 2 2 2 2 2 2 2
left_child=1 6 9 4 19 12 7 8 25 10 11 -3 -6 -5 -11 -10 -15 21 -7 -4 -8 -18 23 -22 -9 -1 -25 -16 -29 -19
right_child=-2 2 3 13 5 18 20 24 15 14 -12 -13 -14 16 27 -17 17 29 -20 -21 22 -23 -24 26 -26 -27 -28 28 -30 -31
leaf_value=0.0089730329811573036 -0.019220300018787384 0.0089845894573595247 0.012293227902520402 0.010288960426240355 0.013950958410849326 0.012293530711641304 0.0070640624559425817 0.0089734457433223724 0.010634888176317261 0.007689472529958572 0.0089745968241292523 0.010636057322540301 0.012274680718088548 0.0073496691207233962 0.0033846162259578705 0.0088061690518532656 0.011206673574633896 0.0090358805965702494 0.010645728801426134 0.01060230039218639 0.0039564228869216926 0.0089767180147523797 0.003928681261955746 0.0077920089749728937 0.0071477901589657583 0.0070524406480662371 0.0056899697389653937 0.0058846168220043184 0.0033846162259578705 0.0072231890887968124
leaf_weight=10180 125933 2347 26057 333 78240 25899 143 10324 30792 237 2330 6972 841 695 66 317 96 53 285 235 236 1960 252 51 112 94 651 169 62 630
leaf_count=10180 125933 2347 26057 333 78240 25899 143 10324 30792 237 2330 6972 841 695 66 317 96 53 285 235 236 1960 252 51 112 94 651 169 62 630
internal_value=-1.27396e-10 0.0120626 0.0128653 0.0131412 0.0132725 0.0135208 0.00983495 0.00995218 0.0102039 0.00980074 0.009971 0.0102201 0.0139331 0.00855693 0.0060864 0.0106163 0.00838897 0.00865269 0.0122756 0.0122781 0.00527792 0.00908084 0.00506328 0.0053681 0.00895385 0.00895546 0.00584268 0.00480718 0.00521362 0.00736385
internal_weight=326592 200659 147507 135324 131557 105265 53152 51819 41383 12183 11649 9319 79081 3767 534 31109 3434 2739 26184 26292 1333 2056 1190 938 10436 10274 702 297 231 683
internal_count=326592 200659 147507 135324 131557 105265 53152 51819 41383 12183 11649 9319 79081 3767 534 31109 3434 2739 26184 26292 1333 2056 1190 938 10436 10274 702 297 231 683
is_linear=0
shrinkage=0.05


Tree=9
num_leaves=31
num_cat=0
split_feature=33 12 11 25 15 15 25 15 15 26 15 15 26 26 24 26 15 15 26 26 24 24 15 15 26 26 26 15 15 24
split_gain=27334.7 129.529 45.0234 29.3971 11.7286 19.51 10.2502 4.70166 7.69027 2.78149 1.04389 1.72881 0.844019 0.395601 0.395319 0.378802 0.339771 0.545624 0.276318 0.240395 0.187747 0.164287 0.152911 0.253471 0.133314 0.124026 0.0705889 0.0619921 0.102342 0.0579897
threshold=1.0000000180025095e-35 0.48890000000000006 8.5000000000000018 3.5000000000000004 1.5000000000000002 4.5000000000000009 3.5000000000000004 4.5000000000000009 1.5000000000000002 8.5000000000000018 4.5000000000000009 1.5000000000000002 7.5000000000000009 7.5000000000000009 3.5000000000000004 7.5000000000000009 1.5000000000000002 4.5000000000000009 7.5000000000000009 7.5000000000000009 3.5000000000000004 3.5000000000000004 4.5000000000000009 1.5000000000000002 7.5000000000000009 7.5000000000000009 5.5000000000000009 1.5000000000000002 4.5000000000000009 3.5000000000000004
decision_type=2 2 2 2 2 2 2 2 2 2 2 2 2 2 2 2 2 2 2 2 2 2 2 2 2 2 2 2 2 2
left_child=1 6 9 4 19 12 7 8 25 10 11 -3 -6 -5 -11 -10 -15 21 -7 -4 -8 -18 23 -22 -9 -1 -25 -16 -29 -19
right_child=-2 2 3 13 5 18 20 24 15 14 -12 -13 -14 16 27 -17 17 29 -20 -21 22 -23 -24 26 -26 -27 -28 28 -30 -31
leaf_value=0.0085243813693523414 -0.018259285390377047 0.0085353604249233991 0.011678566917741034 0.0097745126186011434 0.01325341119562373 0.011678854087104789 0.0067744540214976848 0.0085247732698917385 0.010103143252520423 0.0073049987953171958 0.0085258669812280224 0.010104254253071852 0.011660946591997545 0.0069821856240574413 0.0032153852283954621 0.0083658605931497144 0.010646339994855225 0.0085840868500043754 0.010113442200317718 0.010072185612739402 0.0036452443660360528 0.0085278821192985906 0.0037196559861065849 0.0075292602008165321 0.0067904007088925161 0.0066998181864619255 0.0054399875053287262 0.0055903859436511995 0.0032153852283954621 0.0068620296449415268
leaf_weight=10180 125933 2347 26057 333 78240 25899 136 10324 30792 237 2330 6972 841 695 66 317 96 53 285 235 226 1960 252 43 112 94 676 169 62 630
leaf_count=10180 125933 2347 26057 333 78240 25899 136 10324 30792 237 2330 6972 841 695 66 317 96 53 285 235 226 1960 252 43 112 94 676 169 62 630
internal_value=-1.24052e-10 0.0114595 0.012222 0.0124841 0.0126088 0.0128448 0.0093432 0.00945457 0.00969374 0.0093107 0.00947245 0.00970913 0.0132365 0.00812909 0.00578208 0.0100854 0.00796953 0.00822006 0.0116618 0.0116642 0.00501402 0.0086268 0.00481401 0.00510584 0.00850616 0.00850769 0.00556494 0.00456682 0.00495294 0.00699566
internal_weight=326592 200659 147507 135324 131557 105265 53152 51819 41383 12183 11649 9319 79081 3767 534 31109 3434 2739 26184 26292 1333 2056 1197 945 10436 10274 719 297 231 683
internal_count=326592 200659 147507 135324 131557 105265 53152 51819 41383 12183 11649 9319 79081 3767 534 31109 3434 2739 26184 26292 1333 2056 1197 945 10436 10274 719 297 231 683
is_linear=0
shrinkage=0.05


Tree=10
num_leaves=31
num_cat=0
split_feature=33 12 12 25 17 25 17 15 15 25 15 15 17 26 26 15 15 17 26 26 26 26 26 15 15 15 15 26 26 26
split_gain=24669.5 116.9 40.6336 26.5309 12.4766 9.2508 4.97105 3.9443 11.772 2.52043 1.57584 4.63683 1.13947 0.523834 0.357029 0.356416 1.05911 0.31294 0.249377 0.237893 0.220739 0.216957 0.173556 0.136039 0.207376 0.12552 0.36364 0.121739 0.120316 0.111934
threshold=1.0000000180025095e-35 0.48890000000000006 0.90555000000000019 3.5000000000000004 1.0000000180025095e-35 3.5000000000000004 1.0000000180025095e-35 4.5000000000000009 1.5000000000000002 3.5000000000000004 4.5000000000000009 1.5000000000000002 1.0000000180025095e-35 7.5000000000000009 7.5000000000000009 1.5000000000000002 4.5000000000000009 1.0000000180025095e-35 7.5000000000000009 7.5000000000000009 7.5000000000000009 7.5000000000000009 7.5000000000000009 4.5000000000000009 1.5000000000000002 1.5000000000000002 4.5000000000000009 7.5000000000000009 7.5000000000000009 7.5000000000000009
decision_type=2 2 2 2 2 2 2 2 2 2 2 2 2 2 2 2 2 2 2 2 2 2 2 2 2 2 2 2 2 2
left_child=1 5 3 4 7 6 10 8 21 12 11 29 15 -6 -5 -4 -17 25 -9 -10 -8 -3 -7 24 -24 -16 -27 -13 -12 -1
right_child=-2 2 9 14 13 22 20 18 19 -11 28 27 -14 -15 17 16 -18 -19 -20 -21 -22 -23 23 -25 -26 26 -28 -29 -30 -31
leaf_value=0.0080981619656085978 -0.017346321046352389 0.011094638100732072 0.0080715397922423646 0.0092857867792561968 0.01259056485558813 0.0064091330693735113 0.009597699824769412 0.011094911852588644 0.012591090248744996 0.0047059812684770398 0.008098534494638444 0.0095985604857225307 0.0095712601401337118 0.011084722431555186 0.0066330767492596204 0.009571715440211806 0.0080721688864781108 0.008153016169290454 0.0096077698050883783 0.011062394276783162 0.0079945935082325736 0.00956857628327735 0.0035604281224689244 0.0035341423537049981 0.005273701221366384 0.0082822920801462942 0.0066458762881085598 0.0078455213159322745 0.0064508807313229362 0.0063648274168372158
leaf_weight=10180 125933 26057 2386 333 52132 143 20539 25899 26108 357 10324 10253 4730 584 695 2354 2356 1381 285 257 217 235 236 252 702 675 683 100 112 94
leaf_count=10180 125933 26057 2386 333 52132 143 20539 25899 26108 357 10324 10253 4730 584 695 2354 2356 1381 285 257 217 235 236 252 702 675 683 100 112 94
internal_value=-1.86875e-10 0.0108865 0.0116109 0.0118599 0.0119784 0.00887604 0.00898184 0.0115802 0.0118296 0.00884516 0.00858153 0.00883484 0.00897012 0.0125739 0.00772263 0.00856941 0.00882162 0.00757105 0.0110787 0.0125762 0.00958094 0.011081 0.00476332 0.00456555 0.00484264 0.00717958 0.00745926 0.00958163 0.00808085 0.0080823
internal_weight=326592 200659 147507 135324 131557 53152 51819 78841 52657 12183 31063 20627 11826 52716 3767 7096 4710 3434 26184 26365 20756 26292 1333 1190 938 2053 1358 10353 10436 10274
internal_count=326592 200659 147507 135324 131557 53152 51819 78841 52657 12183 31063 20627 11826 52716 3767 7096 4710 3434 26184 26365 20756 26292 1333 1190 938 2053 1358 10353 10436 10274
is_linear=0
shrinkage=0.05


Tree=11
num_leaves=31
num_cat=0
split_feature=33 12 11 25 17 25 17 16 19 26 16 19 17 26 24 19 20 16 19 24 26 26 26 26 24 26 20 19 26 26
split_gain=22264.3 105.502 36.6719 23.9441 11.2601 8.34884 4.48637 3.55973 10.6242 2.33399 1.4222 4.18474 0.998915 0.472761 0.350827 0.324341 0.486854 0.3167 0.941663 0.304975 0.225063 0.214698 0.199217 0.195803 0.166471 0.146045 0.125457 0.208599 0.109869 0.108585
threshold=1.0000000180025095e-35 0.48890000000000006 8.5000000000000018 3.5000000000000004 1.0000000180025095e-35 3.5000000000000004 1.0000000180025095e-35 1.0000000180025095e-35 1.0000000180025095e-35 8.5000000000000018 1.0000000180025095e-35 1.0000000180025095e-35 1.0000000180025095e-35 7.5000000000000009 3.5000000000000004 1.0000000180025095e-35 1.0000000180025095e-35 1.0000000180025095e-35 1.0000000180025095e-35 3.5000000000000004 7.5000000000000009 7.5000000000000009 7.5000000000000009 7.5000000000000009 3.5000000000000004 7.5000000000000009 1.0000000180025095e-35 1.0000000180025095e-35 7.5000000000000009 7.5000000000000009
decision_type=2 2 2 2 2 2 2 2 2 2 2 2 2 2 2 2 2 2 2 2 2 2 2 2 2 2 2 2 2 2
left_child=1 5 9 4 7 6 10 20 21 12 29 28 17 -6 -5 16 25 -3 -19 -11 -4 -9 -8 -10 -7 -16 27 -26 -12 -1
right_child=-2 2 3 14 13 24 22 8 23 19 11 -13 -14 -15 15 -17 -18 18 -20 -21 -22 -23 -24 -25 26 -27 -28 -29 -30 -31
leaf_value=0.0076936081051826484 -0.016479004919528962 0.0076972656780174356 0.010540166208257666 0.0090661473106592901 0.011961036982287891 0.0061828393626081595 0.0091178146837775 0.011961536297823773 0.010539906606042121 0.0065082047228948977 0.00911863277814603 0.0076781883286462698 0.0091185127519378337 0.01053048636356037 0.0092320303672445043 0.0062263260324941063 0.0062782834369912851 0.0091264025544641556 0.0077053023653813613 0.004103176690863841 0.0091273816871015653 0.010509274418715839 0.007594863304756754 0.0090901476810587214 0.0050176358972164456 0.007691710325984322 0.003345557148494418 0.003276137312033535 0.0074532452672719969 0.0061283369016434464
leaf_weight=10324 125933 2330 25899 272 52132 136 20539 26108 26057 237 10253 10274 4656 584 167 685 683 2316 2347 297 285 257 217 235 719 1960 252 226 100 112
leaf_count=10324 125933 2330 25899 272 52132 136 20539 26108 26057 237 10253 10274 4656 584 167 685 683 2316 2347 297 285 257 217 235 719 1960 252 226 100 112
internal_value=5.79567e-12 0.0103422 0.0110304 0.0112669 0.0113795 0.00843224 0.00853275 0.0110012 0.0112381 0.00840291 0.00815245 0.0083931 0.00855108 0.0119452 0.0073365 0.00720189 0.0074397 0.00817328 0.00841113 0.00517058 0.0105248 0.0119474 0.00910189 0.0105269 0.00452516 0.00781265 0.00433682 0.00460115 0.00910255 0.00767681
internal_weight=326592 200659 147507 135324 131557 53152 51819 78841 52657 12183 31063 20627 11649 52716 3767 3495 2810 6993 4663 534 26184 26365 20756 26292 1333 2127 1197 945 10353 10436
internal_count=326592 200659 147507 135324 131557 53152 51819 78841 52657 12183 31063 20627 11649 52716 3767 3495 2810 6993 4663 534 26184 26365 20756 26292 1333 2127 1197 945 10353 10436
is_linear=0
shrinkage=0.05


Tree=12
num_leaves=31
num_cat=0
split_feature=33 12 11 25 17 25 17 16 19 26 16 19 17 26 24 19 20 16 19 24 26 26 26 26 26 26 20 19 26 26
split_gain=20093.5 95.216 33.0963 21.6096 10.1623 7.53483 4.04896 3.21266 9.58833 2.10642 1.28353 3.77672 0.901521 0.426666 0.316621 0.292718 0.439386 0.285822 0.849851 0.27524 0.203119 0.193765 0.179794 0.176713 0.152433 0.131806 0.111713 0.169971 0.10102 0.0991567
threshold=1.0000000180025095e-35 0.48890000000000006 8.5000000000000018 3.5000000000000004 1.0000000180025095e-35 3.5000000000000004 1.0000000180025095e-35 1.0000000180025095e-35 1.0000000180025095e-35 8.5000000000000018 1.0000000180025095e-35 1.0000000180025095e-35 1.0000000180025095e-35 7.5000000000000009 3.5000000000000004 1.0000000180025095e-35 1.0000000180025095e-35 1.0000000180025095e-35 1.0000000180025095e-35 3.5000000000000004 7.5000000000000009 7.5000000000000009 7.5000000000000009 7.5000000000000009 7.5000000000000009 7.5000000000000009 1.0000000180025095e-35 1.0000000180025095e-35 7.5000000000000009 7.5000000000000009
decision_type=2 2 2 2 2 2 2 2 2 2 2 2 2 2 2 2 2 2 2 2 2 2 2 2 2 2 2 2 2 2
left_child=1 5 9 4 7 6 10 20 21 12 -1 29 17 -6 -5 16 25 -3 -19 -11 -4 -9 -8 -10 -7 -16 27 -26 -13 -12
right_child=-2 2 3 14 13 24 22 8 23 19 11 28 -14 -15 15 -17 -18 18 -20 -21 -22 -23 -24 -25 26 -27 -28 -29 -30 -31
leaf_value=0.0072929684949439803 -0.015655054152011873 0.0073124022129523406 0.010013157585372917 0.0086128398310393092 0.01136298484519738 0.0058413082955183684 0.0086619240381311507 0.011363459560350647 0.010012911394116664 0.0061827943609233651 0.0086627005075235238 0.007309344410896302 0.0086625871382960944 0.01000396202841442 0.0087704289013040282 0.0059150098307724419 0.0059643692199255333 0.0086700828035003365 0.007320037313062789 0.0038980178760759758 0.0086710127325434431 0.0099838109766694841 0.0072151205438073327 0.0086356399224159566 0.0047549017214155269 0.0073071247666161888 0.0031788982037040921 0.0032038201120192719 0.0056626768148642908 0.0070805828943848615
leaf_weight=10436 125933 2330 25899 272 52132 143 20539 26108 26057 237 10253 10180 4656 584 167 685 683 2316 2347 297 285 257 217 235 702 1960 252 236 94 100
leaf_count=10436 125933 2330 25899 272 52132 143 20539 26108 26057 237 10253 10180 4656 584 167 685 683 2316 2347 297 285 257 217 235 702 1960 252 236 94 100
internal_value=1.10792e-10 0.00982507 0.0104789 0.0107036 0.0108105 0.00801063 0.00810611 0.0104512 0.0106762 0.00798276 0.00774483 0.00797344 0.00812352 0.0113479 0.00696967 0.00684179 0.00706772 0.00776461 0.00799057 0.00491205 0.00999855 0.01135 0.0086468 0.0100006 0.0042989 0.00742202 0.00411355 0.00436465 0.00729428 0.00864742
internal_weight=326592 200659 147507 135324 131557 53152 51819 78841 52657 12183 31063 20627 11649 52716 3767 3495 2810 6993 4663 534 26184 26365 20756 26292 1333 2127 1190 938 10274 10353
internal_count=326592 200659 147507 135324 131557 53152 51819 78841 52657 12183 31063 20627 11649 52716 3767 3495 2810 6993 4663 534 26184 26365 20756 26292 1333 2127 1190 938 10274 10353
is_linear=0
shrinkage=0.05


Tree=13
num_leaves=31
num_cat=0
split_feature=33 12 11 24 17 24 17 16 19 26 16 19 17 26 26 19 18 16 19 24 26 26 26 26 26 26 19 18 26 17
split_gain=18134.4 85.9324 29.8694 19.4057 9.2297 6.7996 3.68524 2.94535 8.70121 1.90105 1.17664 3.43316 0.813624 0.460306 0.291073 0.263281 0.397687 0.257954 0.766991 0.248404 0.231279 0.197552 0.18659 0.142805 0.128032 0.118694 0.105569 0.172577 0.098445 0.0641889
threshold=1.0000000180025095e-35 0.48890000000000006 8.5000000000000018 3.5000000000000004 1.0000000180025095e-35 3.5000000000000004 1.0000000180025095e-35 1.0000000180025095e-35 1.0000000180025095e-35 8.5000000000000018 1.0000000180025095e-35 1.0000000180025095e-35 1.0000000180025095e-35 7.5000000000000009 7.5000000000000009 1.0000000180025095e-35 1.0000000180025095e-35 1.0000000180025095e-35 1.0000000180025095e-35 3.5000000000000004 6.5000000000000009 7.5000000000000009 7.5000000000000009 7.5000000000000009 6.5000000000000009 7.5000000000000009 1.0000000180025095e-35 1.0000000180025095e-35 7.5000000000000009 1.0000000180025095e-35
decision_type=2 2 2 2 2 2 2 2 2 2 2 2 2 2 2 2 2 2 2 2 2 2 2 2 2 2 2 2 2 2
left_child=1 5 9 4 7 6 10 14 21 12 23 28 17 -6 -4 16 25 -3 -19 -11 -10 -9 -8 -1 -13 -5 27 -7 -12 -21
right_child=-2 2 3 15 13 26 22 8 20 19 11 24 -14 -15 -16 -17 -18 18 -20 29 -22 -23 -24 -25 -26 -27 -28 -29 -30 -31
leaf_value=0.0069416722299512198 -0.014872302114963532 0.006946782106493677 0.0095106123348736096 0.0083319071278779092 0.010794481524323668 0.0045260956416622563 0.0082283582461673953 0.010795301025024049 0.0095122467808090652 0.0058736546900327704 0.0082296109153475305 0.006943466922287294 0.0082294580638664697 0.009450531858344411 0.0080338003984569799 0.0056294184339149541 0.0056661507908369402 0.008236578222853173 0.0069540349924544047 0.0031474649590789959 0.0080801346375231169 0.0094624524544990804 0.0068318314804149075 0.0052866334152041061 0.0052729168264516475 0.0069435961570974416 0.0029492582416250595 0.0030087692929165709 0.0067521560610386364 0.0046755075454711914
leaf_weight=10345 125933 2330 25930 167 52148 731 20547 26121 26061 237 10258 10184 4656 645 338 694 683 2316 2347 189 285 281 242 132 116 1971 231 252 114 108
leaf_count=10345 125933 2330 25930 167 52148 731 20547 26121 26061 237 10258 10184 4656 645 338 694 683 2316 2347 189 285 281 242 132 116 1971 231 252 114 108
internal_value=-2.01589e-10 0.00933381 0.00995493 0.0101684 0.0102662 0.0076101 0.00769656 0.00992419 0.0101396 0.00758362 0.00735248 0.00757126 0.00771735 0.0107781 0.00949161 0.00650186 0.0067165 0.00737638 0.00759104 0.00466645 0.00949675 0.0107811 0.0082121 0.00692082 0.00692465 0.00705204 0.00391109 0.00413712 0.00821337 0.00370312
internal_weight=326592 200659 147507 135324 131809 53152 51938 79016 52748 12183 31149 20672 11649 52793 26268 3515 2821 6993 4663 534 26346 26402 20789 10477 10300 2138 1214 983 10372 297
internal_count=326592 200659 147507 135324 131809 53152 51938 79016 52748 12183 31149 20672 11649 52793 26268 3515 2821 6993 4663 534 26346 26402 20789 10477 10300 2138 1214 983 10372 297
is_linear=0
shrinkage=0.05


Tree=14
num_leaves=31
num_cat=0
split_feature=33 12 11 24 17 24 17 15 15 26 15 15 17 26 26 15 15 15 15 24 26 26 26 26 26 26 15 15 26 17
split_gain=16366.3 77.554 26.9572 17.5137 8.32981 6.13664 3.32592 2.65818 7.85283 1.71569 1.06192 3.09843 0.734294 0.415427 0.262694 0.237611 0.358912 0.232803 0.692209 0.224184 0.208729 0.17829 0.168398 0.128882 0.115549 0.107121 0.095276 0.155751 0.0888467 0.0579305
threshold=1.0000000180025095e-35 0.48890000000000006 8.5000000000000018 3.5000000000000004 1.0000000180025095e-35 3.5000000000000004 1.0000000180025095e-35 4.5000000000000009 1.5000000000000002 8.5000000000000018 4.5000000000000009 1.5000000000000002 1.0000000180025095e-35 7.5000000000000009 7.5000000000000009 1.5000000000000002 4.5000000000000009 4.5000000000000009 1.5000000000000002 3.5000000000000004 6.5000000000000009 7.5000000000000009 7.5000000000000009 7.5000000000000009 6.5000000000000009 7.5000000000000009 1.5000000000000002 4.5000000000000009 7.5000000000000009 1.0000000180025095e-35
decision_type=2 2 2 2 2 2 2 2 2 2 2 2 2 2 2 2 2 2 2 2 2 2 2 2 2 2 2 2 2 2
left_child=1 5 9 4 7 6 10 8 20 12 11 24 17 -6 -9 -5 25 18 -3 -11 -4 -10 -8 -12 -1 -17 -7 -28 -13 -21
right_child=-2 2 3 15 13 26 22 14 21 19 23 28 -14 -15 -16 16 -18 -19 -20 29 -22 -23 -24 -25 -26 -27 27 -29 -30 -31
leaf_value=0.0065962929634168126 -0.014128686487674715 0.0066063335316964402 0.0090366344980560755 0.0053479474198921267 0.010254757733634254 0.0028017954094520896 0.0078169401658375014 0.0090350820013094576 0.010255535518412049 0.0055799721036782247 0.0065945884229956543 0.0078181309463174111 0.0078179848503603048 0.0089780055587143862 0.0076321105147607237 0.0079153118688546267 0.0053828432086969712 0.006599443485808475 0.0078247496155323861 0.0029900918069182252 0.007676128240530951 0.0089893295273874158 0.0064902401783249594 0.0050223017167864425 0.0050092709539779311 0.0065964162376161636 0.0042997907327358116 0.0028583308814891747 0.0064145480854469437 0.0044417321681976324
leaf_weight=10184 125933 2347 26061 694 52148 231 20547 25930 26121 237 10345 10258 4656 645 338 167 683 2330 2316 189 285 281 242 132 116 1971 731 252 114 108
leaf_count=10184 125933 2347 26061 694 52148 231 20547 25930 26121 237 10345 10258 4656 645 338 167 683 2330 2316 189 285 281 242 132 116 1971 731 252 114 108
internal_value=3.11872e-11 0.00886712 0.00945718 0.00965999 0.00975288 0.00722959 0.00731173 0.00942798 0.00963264 0.00720444 0.00698486 0.00719269 0.00733148 0.0102392 0.00901703 0.00617677 0.00638067 0.00700756 0.00721149 0.00443312 0.00902192 0.0102421 0.0078015 0.00657478 0.00657842 0.00669944 0.00371554 0.00393026 0.0078027 0.00351796
internal_weight=326592 200659 147507 135324 131809 53152 51938 79016 52748 12183 31149 20672 11649 52793 26268 3515 2821 6993 4663 534 26346 26402 20789 10477 10300 2138 1214 983 10372 297
internal_count=326592 200659 147507 135324 131809 53152 51938 79016 52748 12183 31149 20672 11649 52793 26268 3515 2821 6993 4663 534 26346 26402 20789 10477 10300 2138 1214 983 10372 297
is_linear=0
shrinkage=0.05


Tree=15
num_leaves=31
num_cat=0
split_feature=33 12 12 25 17 25 17 15 15 26 15 15 17 26 26 24 15 15 17 26 26 26 26 26 15 15 15 15 26 26
split_gain=14770.6 69.9925 24.3289 15.9481 7.46803 5.56698 2.97539 2.35951 7.0467 1.55301 0.942677 2.77553 0.659133 0.309749 0.231645 0.229887 0.206383 0.620998 0.189744 0.14425 0.14054 0.130388 0.125944 0.123882 0.0821751 0.124354 0.0783407 0.234596 0.0778832 0.0719207
threshold=1.0000000180025095e-35 0.48890000000000006 0.90555000000000019 3.5000000000000004 1.0000000180025095e-35 3.5000000000000004 1.0000000180025095e-35 4.5000000000000009 1.5000000000000002 3.0000000000000004 4.5000000000000009 1.5000000000000002 1.0000000180025095e-35 7.5000000000000009 7.5000000000000009 3.5000000000000004 1.5000000000000002 4.5000000000000009 1.0000000180025095e-35 7.5000000000000009 7.5000000000000009 7.5000000000000009 7.5000000000000009 7.5000000000000009 4.5000000000000009 1.5000000000000002 1.5000000000000002 4.5000000000000009 7.5000000000000009 7.5000000000000009
decision_type=2 2 2 2 2 2 2 2 2 2 2 2 2 2 2 2 2 2 2 2 2 2 2 2 2 2 2 2 2 2
left_child=1 5 3 4 7 6 10 8 22 12 11 29 16 -6 -5 -11 -4 -18 26 -9 -10 -8 -3 -7 25 -25 -16 -28 -12 -1
right_child=-2 2 9 14 13 23 21 19 20 15 28 -13 -14 -15 18 -17 17 -19 -20 -21 -22 -23 -24 24 -26 -27 27 -29 -30 -31
leaf_value=0.0062668897211551671 -0.013422252237796785 0.0085848649510316798 0.0062812566757202148 0.0072283801161222632 0.0097423740348715863 0.005068164206780754 0.0074265626905981779 0.0085852150709533597 0.0097427444624119119 0.0054401788135407534 0.0062674656510353088 0.0074141784143726538 0.0074335508048534397 0.008584429592863747 0.0051106042184418058 0.0034510775600657146 0.0074381671845912935 0.0062791658558968028 0.006300337259252377 0.007454166072502471 0.0085677644853925893 0.0061944766253370295 0.0074221454655870479 0.0027330368536256128 0.0027089720562336935 0.0040597512941287451 0.0064243640546445494 0.0051099938974548051 0.00494182486353176 0.0048774843401414286
leaf_weight=10180 125933 26057 2340 333 52132 143 20539 25899 26108 262 10324 10353 4632 584 695 326 2307 2316 1381 285 257 217 235 236 252 702 675 683 112 94
leaf_count=10180 125933 26057 2340 333 52132 143 20539 25899 26108 262 10324 10353 4632 584 695 326 2307 2316 1381 285 257 217 235 236 252 702 675 683 112 94
internal_value=4.94782e-11 0.00842377 0.00898432 0.00917699 0.00926884 0.00686811 0.00695018 0.0089608 0.00915368 0.00684422 0.00664048 0.0068364 0.00697135 0.00972955 0.00596927 0.00433738 0.00666387 0.00685754 0.00584718 0.0085729 0.00973129 0.00741368 0.00857447 0.00367768 0.00351059 0.00372595 0.00554235 0.00576331 0.00625324 0.00625418
internal_weight=326592 200659 147507 135324 131557 53152 51819 78841 52657 12183 31063 20627 11595 52716 3767 588 6963 4623 3434 26184 26365 20756 26292 1333 1190 938 2053 1358 10436 10274
internal_count=326592 200659 147507 135324 131557 53152 51819 78841 52657 12183 31063 20627 11595 52716 3767 588 6963 4623 3434 26184 26365 20756 26292 1333 1190 938 2053 1358 10436 10274
is_linear=0
shrinkage=0.05


Tree=16
num_leaves=31
num_cat=0
split_feature=33 12 11 25 17 25 17 16 19 26 16 19 17 26 26 16 19 24 17 26 26 26 26 26 18 19 26 19 16 26
split_gain=13330.4 63.1682 21.9568 14.3932 6.73989 5.0242 2.68529 2.12946 6.35965 1.40429 0.850765 2.50492 0.598657 0.279548 0.20906 0.189741 0.564155 0.182304 0.171244 0.130185 0.126837 0.117675 0.113665 0.111804 0.0741631 0.11223 0.071762 0.0707024 0.211723 0.0702896
threshold=1.0000000180025095e-35 0.48890000000000006 8.5000000000000018 3.5000000000000004 1.0000000180025095e-35 3.5000000000000004 1.0000000180025095e-35 1.0000000180025095e-35 1.0000000180025095e-35 8.5000000000000018 1.0000000180025095e-35 1.0000000180025095e-35 1.0000000180025095e-35 7.5000000000000009 7.5000000000000009 1.0000000180025095e-35 1.0000000180025095e-35 3.5000000000000004 1.0000000180025095e-35 7.5000000000000009 7.5000000000000009 7.5000000000000009 7.5000000000000009 7.5000000000000009 1.0000000180025095e-35 1.0000000180025095e-35 7.5000000000000009 1.0000000180025095e-35 1.0000000180025095e-35 7.5000000000000009
decision_type=2 2 2 2 2 2 2 2 2 2 2 2 2 2 2 2 2 2 2 2 2 2 2 2 2 2 2 2 2 2
left_child=1 5 9 4 7 6 10 19 20 12 29 26 15 -6 -5 -3 -17 -11 27 -4 -9 -8 -10 -7 25 -25 -12 28 -16 -1
right_child=-2 2 3 14 13 23 21 8 22 17 11 -13 -14 -15 18 16 -18 -19 -20 -21 -22 -23 -24 24 -26 -27 -28 -29 -30 -31
leaf_value=0.0059540927410125736 -0.01275113970041275 0.0059560206967362011 0.0081559543402099522 0.0068669610542130546 0.0092552550824047935 0.0048147559608821278 0.0070552346943442111 0.0092556076080362697 0.008155622095133817 0.0050289644172045759 0.0070564700212261688 0.0059414686297924232 0.0070562210444463386 0.0081552083100102941 0.0048544941260036233 0.0070622067047614416 0.0059622486071557153 0.0031695091262810963 0.0059853203726863624 0.0070814582156507591 0.0081393762176370805 0.0058847529787896423 0.0070510386881676131 0.0038567638369622057 0.0025735234812138573 0.0025963850098393733 0.0057105323597788811 0.0048550742382197079 0.0061031460436405957 0.004694733436086348
leaf_weight=10324 125933 2330 25899 333 52132 143 20539 26108 26057 237 10253 10274 4656 584 683 2316 2347 297 1381 285 257 217 235 702 252 236 100 695 675 112
leaf_count=10324 125933 2330 25899 333 52132 143 20539 26108 26057 237 10253 10274 4656 584 683 2316 2347 297 1381 285 257 217 235 702 252 236 100 695 675 112
internal_value=6.42349e-11 0.00800258 0.00853511 0.00871814 0.0088054 0.00652471 0.00660267 0.00851276 0.008696 0.00650201 0.00630846 0.00649458 0.00661694 0.00924307 0.00567081 0.00632447 0.00650857 0.00399477 0.00555482 0.00814426 0.00924473 0.007043 0.00814575 0.0034938 0.00333506 0.00353965 0.00704347 0.00526523 0.00547514 0.00594058
internal_weight=326592 200659 147507 135324 131557 53152 51819 78841 52657 12183 31063 20627 11649 52716 3767 6993 4663 534 3434 26184 26365 20756 26292 1333 1190 938 10353 2053 1358 10436
internal_count=326592 200659 147507 135324 131557 53152 51819 78841 52657 12183 31063 20627 11649 52716 3767 6993 4663 534 3434 26184 26365 20756 26292 1333 1190 938 10353 2053 1358 10436
is_linear=0
shrinkage=0.05


Tree=17
num_leaves=31
num_cat=0
split_feature=33 12 11 25 17 24 17 15 15 25 15 15 17 26 24 15 15 15 15 26 26 26 26 26 26 26 15 15 26 26
split_gain=12030.7 57.0093 19.816 12.9898 6.08275 4.55629 2.44449 1.92184 5.73958 1.27694 0.78143 2.27831 0.566575 0.252292 0.202707 0.178633 0.268178 0.177286 0.522345 0.118658 0.117492 0.114471 0.102582 0.0924535 0.0876289 0.0840145 0.0721266 0.115806 0.0711138 0.0671837
threshold=1.0000000180025095e-35 0.48890000000000006 8.5000000000000018 3.5000000000000004 1.0000000180025095e-35 3.5000000000000004 1.0000000180025095e-35 4.5000000000000009 1.5000000000000002 3.5000000000000004 4.5000000000000009 1.5000000000000002 1.0000000180025095e-35 7.5000000000000009 3.5000000000000004 1.5000000000000002 4.5000000000000009 1.5000000000000002 4.5000000000000009 7.5000000000000009 7.5000000000000009 7.5000000000000009 7.5000000000000009 7.5000000000000009 7.5000000000000009 7.5000000000000009 1.5000000000000002 4.5000000000000009 8.5000000000000018 7.5000000000000009
decision_type=2 2 2 2 2 2 2 2 2 2 2 2 2 2 2 2 2 2 2 2 2 2 2 2 2 2 2 2 2 2
left_child=1 5 9 4 7 6 10 8 22 12 11 24 17 -6 -5 -16 25 28 -19 -8 -9 -10 -4 -12 -1 -17 -7 -28 -3 -13
right_child=-2 2 3 14 13 26 19 20 21 -11 23 29 -14 -15 15 16 -18 18 -20 -21 -22 -23 -24 -25 -26 -27 27 -29 -30 -31
leaf_value=0.0056559217372062435 -0.012113582342863083 0.0056691354300430893 0.0077478406496982776 0.0067020291572107982 0.0087924920709492576 0.0023754950120916099 0.0067020927768394814 0.0077481564969921028 0.0087928267287426306 0.0032307017938930449 0.0056540182554790973 0.0067038035844241145 0.0066897402413929746 0.007747447759882637 0.0045609540220377222 0.0068147791583024102 0.0045994491721360262 0.0066879433457096354 0.0056348460452893597 0.0055884287192309208 0.0067273850320724018 0.0077324076240396682 0.0066984862184270898 0.0043223440308462488 0.0042558513318015417 0.0056465053488025255 0.0036759837343269598 0.0024330339830605282 0.0036172095599562625 0.0054832710704782557
leaf_weight=10187 125933 2343 26057 272 52132 231 20547 25899 26108 357 10345 10258 4730 584 685 167 683 2354 2356 242 285 257 235 132 113 1960 731 252 43 114
leaf_count=10187 125933 2343 26057 272 52132 231 20547 25899 26108 357 10345 10258 4730 584 685 167 683 2354 2356 242 285 257 235 132 113 1960 731 252 43 114
internal_value=6.16758e-11 0.00760245 0.00810835 0.00828224 0.00836513 0.00619847 0.00626925 0.00808712 0.0082612 0.00617691 0.00598902 0.0061673 0.00626585 0.00878091 0.00538727 0.00528495 0.00546144 0.00598329 0.00616117 0.00668913 0.00773705 0.00878249 0.00773846 0.00563724 0.00564056 0.00573823 0.00317052 0.00335734 0.00563216 0.00669039
internal_weight=326592 200659 147507 135324 131557 53152 51938 78841 52657 12183 31149 20672 11826 52716 3767 3495 2810 7096 4710 20789 26184 26365 26292 10477 10300 2127 1214 983 2386 10372
internal_count=326592 200659 147507 135324 131557 53152 51938 78841 52657 12183 31149 20672 11826 52716 3767 3495 2810 7096 4710 20789 26184 26365 26292 10477 10300 2127 1214 983 2386 10372
is_linear=0
shrinkage=0.05


Tree=18
num_leaves=31
num_cat=0
split_feature=33 12 11 25 17 24 17 15 15 26 15 15 17 26 24 15 15 15 15 24 26 26 26 26 26 26 26 26 26 15
split_gain=10857.7 51.4509 17.8839 11.7233 5.48969 4.11206 2.20615 1.73446 5.17998 1.1699 0.70524 2.05617 0.487676 0.227694 0.182943 0.161216 0.242031 0.153674 0.460872 0.142691 0.107089 0.106037 0.10331 0.0925805 0.0834393 0.0790851 0.0758231 0.0677163 0.0606332 0.056566
threshold=1.0000000180025095e-35 0.48890000000000006 8.5000000000000018 3.5000000000000004 1.0000000180025095e-35 3.5000000000000004 1.0000000180025095e-35 4.5000000000000009 1.5000000000000002 8.5000000000000018 4.5000000000000009 1.5000000000000002 1.0000000180025095e-35 7.5000000000000009 3.5000000000000004 1.5000000000000002 4.5000000000000009 4.5000000000000009 1.5000000000000002 3.5000000000000004 7.5000000000000009 7.5000000000000009 7.5000000000000009 7.5000000000000009 7.5000000000000009 7.5000000000000009 7.5000000000000009 5.5000000000000009 7.5000000000000009 1.5000000000000002
decision_type=2 2 2 2 2 2 2 2 2 2 2 2 2 2 2 2 2 2 2 2 2 2 2 2 2 2 2 2 2 2
left_child=1 5 9 4 7 6 10 8 23 12 11 25 17 -6 -5 -16 26 18 -3 -11 -8 -9 -10 -4 -12 -1 -17 -7 -13 -29
right_child=-2 2 3 14 13 27 20 21 22 19 24 28 -14 -15 15 16 -18 -19 -20 -21 -22 -23 -24 -25 -26 -27 -28 29 -30 -31
leaf_value=0.0053731256374242534 -0.011507903784513475 0.0053808875454960346 0.007360448456662172 0.0063669277341378968 0.0083528675825955273 0.0045949376246426253 0.0063669880134041611 0.0073607486576938545 0.0083531858355562587 0.0044945762669549713 0.005371317522408537 0.0063686131392394069 0.0063694429110185179 0.0073600749517089298 0.0043329062791418859 0.0064740402657471737 0.0043694765711991363 0.0053774062947014381 0.0063750723557022375 0.0028494986294696628 0.0053090070166494242 0.0063910158998087829 0.0073457873111105153 0.0063635624406185561 0.0041062268626057743 0.0040430587312552781 0.0053641801257142616 0.002210912117568244 0.0052091074878709356 0.0030963684337668232
leaf_weight=10187 125933 2347 26057 272 52132 64 20547 25899 26108 237 10345 10258 4656 584 685 167 683 2330 2316 297 242 285 257 235 132 113 1960 224 114 926
leaf_count=10187 125933 2347 26057 272 52132 64 20547 25899 26108 237 10345 10258 4656 584 685 167 683 2330 2316 297 242 285 257 235 132 113 1960 224 114 926
internal_value=-1.26772e-10 0.00722233 0.00770293 0.00786812 0.00794687 0.00588855 0.00595578 0.00768277 0.00784814 0.00586806 0.00568957 0.00585894 0.00597297 0.00834187 0.00511791 0.0050207 0.00518837 0.00570899 0.00587468 0.00357962 0.00635467 0.00735019 0.00834337 0.00735154 0.00535538 0.00535853 0.00545132 0.00301199 0.00635587 0.0029239
internal_weight=326592 200659 147507 135324 131557 53152 51938 78841 52657 12183 31149 20672 11649 52716 3767 3495 2810 6993 4663 534 20789 26184 26365 26292 10477 10300 2127 1214 10372 1150
internal_count=326592 200659 147507 135324 131557 53152 51938 78841 52657 12183 31149 20672 11649 52716 3767 3495 2810 6993 4663 534 20789 26184 26365 26292 10477 10300 2127 1214 10372 1150
is_linear=0
shrinkage=0.05


Tree=19
num_leaves=31
num_cat=0
split_feature=33 12 12 25 17 25 17 15 15 26 15 15 17 26 24 24 15 15 15 15 26 26 26 26 26 26 15 15 17 26
split_gain=9799.1 46.4344 16.1403 10.5803 4.95444 3.7116 1.97323 1.56535 4.67492 1.06101 0.624749 1.84067 0.437045 0.205494 0.165106 0.150168 0.145498 0.218433 0.137924 0.410914 0.0956982 0.093237 0.0861833 0.0854931 0.083554 0.0684304 0.0613804 0.0842847 0.0601024 0.0521959
threshold=1.0000000180025095e-35 0.48890000000000006 0.90555000000000019 3.5000000000000004 1.0000000180025095e-35 3.5000000000000004 1.0000000180025095e-35 4.5000000000000009 1.5000000000000002 3.0000000000000004 4.5000000000000009 1.5000000000000002 1.0000000180025095e-35 7.5000000000000009 3.5000000000000004 3.5000000000000004 1.5000000000000002 4.5000000000000009 1.5000000000000002 4.5000000000000009 7.5000000000000009 7.5000000000000009 7.5000000000000009 7.5000000000000009 7.5000000000000009 7.5000000000000009 4.5000000000000009 1.5000000000000002 1.0000000180025095e-35 7.5000000000000009
decision_type=2 2 2 2 2 2 2 2 2 2 2 2 2 2 2 2 2 2 2 2 2 2 2 2 2 2 2 2 2 2
left_child=1 5 3 4 7 6 10 8 24 12 11 -1 18 -6 -5 -11 -16 25 -4 -20 -9 -10 -7 -8 -3 -18 27 -24 -17 -13
right_child=-2 2 9 14 13 22 23 20 21 15 -12 29 -14 -15 16 28 17 -19 19 -21 -22 -23 26 -25 -26 -27 -28 -29 -30 -31
leaf_value=0.0050942821486013486 -0.010932508111000062 0.0069924262829761706 0.005116580426692963 0.0060485813561279109 0.0079352245352168164 0.0041488173417747022 0.0060490188587017475 0.0069927115828895478 0.0079355264174156507 0.0043939264718699097 0.0050936750983394579 0.0060500255018969724 0.0060561031103134157 0.0069920714045173102 0.0041162609205628838 0.0022612733711652898 0.006150338357080243 0.0041510028238265096 0.0060599975287914283 0.005117209293977687 0.0060714649709693175 0.0069784982137179102 0.0022183681080528233 0.0050513465094813555 0.0060453839378154031 0.0050959711451539587 0.0021568724856017127 0.0033106157964790648 0.0036641827860816583 0.0049021467715501784
leaf_weight=10274 125933 26057 2340 272 52132 143 20539 25899 26108 262 10436 10253 4632 584 685 204 167 683 2307 2316 285 257 236 217 235 1960 252 702 122 100
leaf_count=10274 125933 26057 2340 272 52132 143 20539 25899 26108 262 10436 10253 4632 584 685 204 167 683 2307 2316 285 257 236 217 235 1960 252 702 122 100
internal_value=1.85973e-10 0.00686121 0.00731779 0.00747472 0.00754953 0.00559412 0.00566113 0.00729863 0.00745573 0.00557466 0.00540892 0.00556842 0.00567974 0.00792478 0.00486201 0.00350262 0.00476967 0.00492895 0.00542937 0.00558769 0.00698268 0.0079262 0.00298905 0.00603859 0.00698396 0.00517875 0.00284968 0.00303581 0.00278629 0.00603894
internal_weight=326592 200659 147507 135324 131557 53152 51819 78841 52657 12183 31063 20627 11595 52716 3767 588 3495 2810 6963 4623 26184 26365 1333 20756 26292 2127 1190 938 326 10353
internal_count=326592 200659 147507 135324 131557 53152 51819 78841 52657 12183 31063 20627 11595 52716 3767 588 3495 2810 6963 4623 26184 26365 1333 20756 26292 2127 1190 938 326 10353
is_linear=0
shrinkage=0.05


Tree=20
num_leaves=31
num_cat=0
split_feature=33 12 12 25 17 24 17 15 15 26 15 15 17 26 26 24 15 15 15 15 26 26 26 24 26 26 26 15 15 15
split_gain=8843.69 41.9071 14.5666 9.54872 4.47138 3.36638 1.79681 1.41273 4.21912 0.957559 0.574768 1.67495 0.394433 0.185458 0.152742 0.135527 0.124476 0.37085 0.117613 0.195197 0.0863676 0.0852734 0.0841464 0.0805639 0.0754075 0.0725535 0.0679693 0.0579676 0.0911649 0.0544176
threshold=1.0000000180025095e-35 0.48890000000000006 0.90555000000000019 3.5000000000000004 1.0000000180025095e-35 3.5000000000000004 1.0000000180025095e-35 4.5000000000000009 1.5000000000000002 3.0000000000000004 4.5000000000000009 1.5000000000000002 1.0000000180025095e-35 7.5000000000000009 7.5000000000000009 3.5000000000000004 1.5000000000000002 4.5000000000000009 4.5000000000000009 1.5000000000000002 7.5000000000000009 7.5000000000000009 7.5000000000000009 3.5000000000000004 7.5000000000000009 7.5000000000000009 7.5000000000000009 4.5000000000000009 1.5000000000000002 1.5000000000000002
decision_type=2 2 2 2 2 2 2 2 2 2 2 2 2 2 2 2 2 2 2 2 2 2 2 2 2 2 2 2 2 2
left_child=1 5 3 4 7 6 10 8 24 12 11 26 16 -6 -5 -11 -4 -18 19 -16 -9 -8 -10 -21 -3 -12 -1 28 -7 -17
right_child=-2 2 9 14 13 27 21 20 22 15 25 -13 -14 -15 18 29 17 -19 -20 23 -22 -23 -24 -25 -26 -27 -28 -29 -30 -31
leaf_value=0.0048497879891034211 -0.010385882854461671 0.0066428048082761704 0.0048607513308525085 0.0056413303132171744 0.0075384632370371898 0.0020226817803852487 0.0057462250963872374 0.0066430759520435248 0.0075387502045194997 0.0041742301823301173 0.0048481636191729542 0.0057364044088914828 0.0057532981038093574 0.0066424678111678534 0.0039411634571260689 0.0014115909327353749 0.0057569976896047594 0.0048613489056987258 0.0039325026694363423 0.0063246741580466441 0.0057678918056843576 0.0048021386939385707 0.0066295733595636563 0.0048411724646100591 0.0057431149783920736 0.0036684802592252246 0.0036167323836578734 0.002036652947583842 0.0031621615276270624 0.0029847742844140157
leaf_weight=10187 125933 26057 2340 333 52132 231 20547 25899 26108 262 10345 10372 4632 584 695 70 2307 2316 683 96 285 242 257 1960 235 132 113 252 731 256
leaf_count=10187 125933 26057 2340 333 52132 231 20547 25899 26108 262 10345 10372 4632 584 695 70 2307 2316 683 96 285 242 257 1960 235 132 113 252 731 256
internal_value=1.05751e-10 0.00651815 0.0069519 0.00710098 0.00717205 0.00531441 0.00537525 0.0069337 0.00708295 0.00529593 0.005135 0.0052879 0.00539575 0.00752854 0.00461891 0.00332749 0.0051579 0.0053083 0.00451977 0.00466557 0.00663355 0.00573524 0.00752989 0.00491044 0.00663476 0.0048333 0.00483626 0.00271171 0.00288854 0.00264697
internal_weight=326592 200659 147507 135324 131557 53152 51938 78841 52657 12183 31149 20672 11595 52716 3767 588 6963 4623 3434 2751 26184 20789 26365 2056 26292 10477 10300 1214 962 326
internal_count=326592 200659 147507 135324 131557 53152 51938 78841 52657 12183 31149 20672 11595 52716 3767 588 6963 4623 3434 2751 26184 20789 26365 2056 26292 10477 10300 1214 962 326
is_linear=0
shrinkage=0.05


Tree=21
num_leaves=31
num_cat=1
split_feature=33 12 11 24 17 24 17 15 15 25 15 15 17 15 15 15 15 25 27 15 15 15 15 27 27 27 27 0 27 27
split_gain=7981.43 37.8211 13.1463 8.62563 4.06429 3.03816 1.62162 1.3 3.83315 0.856444 0.518728 1.51164 0.380642 0.121084 0.180084 0.118914 0.349436 0.0847581 0.0756416 0.0560431 0.074283 0.0523158 0.0822763 0.0499692 0.0412308 0.039888 0.0385206 0.0318194 0.02758 0.0274071
threshold=1.0000000180025095e-35 0.48890000000000006 8.5000000000000018 3.5000000000000004 1.0000000180025095e-35 3.5000000000000004 1.0000000180025095e-35 4.5000000000000009 1.5000000000000002 3.5000000000000004 4.5000000000000009 1.5000000000000002 1.0000000180025095e-35 1.5000000000000002 4.5000000000000009 1.5000000000000002 4.5000000000000009 3.5000000000000004 7.5000000000000009 1.5000000000000002 4.5000000000000009 4.5000000000000009 1.5000000000000002 21.500000000000004 21.500000000000004 12.500000000000002 21.500000000000004 0 7.5000000000000009 7.5000000000000009
decision_type=2 2 2 2 2 2 2 2 2 2 2 2 2 2 2 2 2 2 2 2 2 2 2 2 2 2 2 1 2 2
left_child=1 5 9 4 7 6 10 8 23 12 11 24 15 -5 -15 -3 -17 28 -6 -11 -21 22 -7 -4 -1 -8 -12 -20 -9 -10
right_child=-2 2 3 13 18 21 25 17 29 19 26 -13 -14 14 -16 16 -18 -19 27 20 -22 -23 -24 -25 -26 -27 -28 -29 -30 -31
leaf_value=0.0046041502541727718 -0.0098665885627269752 0.0045847942256380409 0.0063056078188090618 0.0037097850648058249 0.0071613598678162893 0.0019215476057629277 0.0054592562382652149 0.0063107201566139403 0.0071616153321823698 0.0013826505931681151 0.004601420475460488 0.0054495842494156734 0.0054514127840577424 0.0046727950467795164 0.003740197301216391 0.0054489038438364527 0.0045875665983928331 0.0047110687763918012 0.0070593225525161412 0.0034688443321772297 0.0017089275275032189 0.0019348202834999753 0.0030040534987801079 0.0053516655215534621 0.0035630831048668677 0.0050036290910367561 0.0036522266334267682 0.0066104382086037243 0.0060042642313178889 0.006849256232174479
leaf_weight=10204 125933 2386 26208 694 51197 231 20297 25428 25680 73 10369 10372 4730 2138 683 2354 2356 84 716 198 86 252 731 138 96 492 108 880 756 722
leaf_count=10204 125933 2386 26208 694 51197 231 20297 25428 25680 73 10369 10372 4730 2138 683 2354 2356 84 716 198 86 252 731 138 96 492 108 880 756 722
internal_value=7.10212e-11 0.00619224 0.0066043 0.00674593 0.00681112 0.00504869 0.00510649 0.00658418 0.00672729 0.00503113 0.00487825 0.0050235 0.00510397 0.00430145 0.004447 0.00487237 0.00501805 0.00629678 0.00715079 0.0026183 0.00293591 0.00257612 0.00274412 0.00630061 0.00459445 0.00544847 0.00459164 0.00681182 0.00630187 0.00715307
internal_weight=326592 200659 147507 135324 131809 53152 51938 79016 52748 12183 31149 20672 11826 3515 2821 7096 4710 26268 52793 357 284 1214 962 26346 10300 20789 10477 1596 26184 26402
internal_count=326592 200659 147507 135324 131809 53152 51938 79016 52748 12183 31149 20672 11826 3515 2821 7096 4710 26268 52793 357 284 1214 962 26346 10300 20789 10477 1596 26184 26402
cat_boundaries=0 1
cat_threshold=1
is_linear=0
shrinkage=0.05


Tree=22
num_leaves=31
num_cat=0
split_feature=33 12 11 25 17 25 17 15 15 26 15 15 17 26 26 15 15 15 15 17 26 26 26 26 26 24 26 15 15 24
split_gain=7203.24 34.1336 11.8646 7.78476 3.64218 2.7454 1.4498 1.15088 3.43623 0.807797 0.458905 1.35321 0.322885 0.158008 0.134574 0.101709 0.305616 0.0955627 0.158525 0.0934243 0.0752115 0.0728901 0.0711765 0.0657133 0.0654672 0.0626531 0.0458147 0.0448109 0.0608158 0.0441002
threshold=1.0000000180025095e-35 0.48890000000000006 8.5000000000000018 3.5000000000000004 1.0000000180025095e-35 3.5000000000000004 1.0000000180025095e-35 4.5000000000000009 1.5000000000000002 8.5000000000000018 4.5000000000000009 1.5000000000000002 1.0000000180025095e-35 7.5000000000000009 7.5000000000000009 4.5000000000000009 1.5000000000000002 4.5000000000000009 1.5000000000000002 1.0000000180025095e-35 7.5000000000000009 7.5000000000000009 7.5000000000000009 7.5000000000000009 7.5000000000000009 3.5000000000000004 7.5000000000000009 4.5000000000000009 1.5000000000000002 2.5000000000000004
decision_type=2 2 2 2 2 2 2 2 2 2 2 2 2 2 2 2 2 2 2 2 2 2 2 2 2 2 2 2 2 2
left_child=1 5 9 4 7 6 10 8 23 12 11 -1 15 -6 -5 16 -3 18 -16 29 -9 -10 -7 -4 -8 -20 -13 28 -24 -11
right_child=-2 2 3 14 13 22 24 20 21 19 -12 26 -14 -15 17 -17 -18 -19 25 -21 -22 -23 27 -25 -26 -27 -28 -29 -30 -31
leaf_value=0.0043678686303768796 -0.0093732595443725593 0.0043846370256297581 0.0059954322608770459 0.0051272114638138463 0.0068037058914698096 0.0036097452368496078 0.0051865625716072949 0.0059956680199525422 0.0068039914362231866 0.0030498813837766649 0.004367522327654169 0.0051882246916313051 0.0051893521901988189 0.0059766745437191777 0.0035530643336635702 0.0043821929156972108 0.0051942271798115633 0.0035451008756897289 0.0056737194148202743 0.0037157989565919087 0.0051789614309867222 0.0059578074975816199 0.0018937862162494053 0.0051555614744095094 0.0043135221790058824 0.0043654741276511737 0.0041127993129193782 0.0018371646425553731 0.0028215875307846276 0.001873033233563003
leaf_weight=10274 125933 2347 26057 333 52132 143 20539 25899 26108 135 10436 10253 4656 584 695 2330 2316 683 96 205 285 257 236 235 217 1960 100 252 702 194
leaf_count=10274 125933 2347 26057 333 52132 143 20539 25899 26108 135 10436 10253 4656 584 695 2330 2316 683 96 205 285 257 236 235 217 1960 100 252 702 194
internal_value=-8.63061e-11 0.00588263 0.00627409 0.00640864 0.00647281 0.00479626 0.00485389 0.00625768 0.00639239 0.00477957 0.00463771 0.0047744 0.00486674 0.00679454 0.00416752 0.00465195 0.00478674 0.00407446 0.00420588 0.00287798 0.00598678 0.00679574 0.00255577 0.00598793 0.00517744 0.00442656 0.00517784 0.00242912 0.00258815 0.00235593
internal_weight=326592 200659 147507 135324 131557 53152 51819 78841 52657 12183 31063 20627 11649 52716 3767 6993 4663 3434 2751 534 26184 26365 1333 26292 20756 2056 10353 1190 938 329
internal_count=326592 200659 147507 135324 131557 53152 51819 78841 52657 12183 31063 20627 11649 52716 3767 6993 4663 3434 2751 534 26184 26365 1333 26292 20756 2056 10353 1190 938 329
is_linear=0
shrinkage=0.05


Tree=23
num_leaves=31
num_cat=0
split_feature=33 12 11 24 17 24 17 15 15 26 15 15 17 26 26 15 15 15 15 17 26 26 26 26 26 26 26 26 24 24
split_gain=6500.92 30.8055 10.7078 7.0402 3.30965 2.48686 1.32078 1.05909 3.12182 0.729037 0.422795 1.23137 0.291403 0.163176 0.109161 0.100318 0.148789 0.0917921 0.275819 0.0843154 0.0834778 0.0700226 0.0645192 0.0601027 0.0551046 0.0527546 0.0518903 0.0420113 0.0398004 0.0370559
threshold=1.0000000180025095e-35 0.48890000000000006 8.5000000000000018 3.5000000000000004 1.0000000180025095e-35 3.5000000000000004 1.0000000180025095e-35 4.5000000000000009 1.5000000000000002 8.5000000000000018 4.5000000000000009 1.5000000000000002 1.0000000180025095e-35 7.5000000000000009 7.5000000000000009 1.5000000000000002 4.5000000000000009 4.5000000000000009 1.5000000000000002 1.0000000180025095e-35 7.5000000000000009 7.5000000000000009 7.5000000000000009 7.5000000000000009 7.5000000000000009 7.5000000000000009 5.5000000000000009 7.5000000000000009 2.5000000000000004 3.5000000000000004
decision_type=2 2 2 2 2 2 2 2 2 2 2 2 2 2 2 2 2 2 2 2 2 2 2 2 2 2 2 2 2 2
left_child=1 5 9 4 7 6 10 8 20 12 11 24 17 -6 -9 -5 25 18 -3 28 -4 -10 -8 -12 -1 -17 -7 -13 -11 -21
right_child=-2 2 3 15 13 26 22 14 21 19 23 27 -14 -15 -16 16 -18 -19 -20 29 -22 -23 -24 -25 -26 -27 -28 -29 -30 -31
leaf_value=0.0041588257081441697 -0.0089045964181423184 0.0041654051816813935 0.0056955756256760522 0.0033412258132690998 0.0064633933757272865 0.0037051083549158649 0.0049269307419261017 0.0056945411063949094 0.0064641734857349906 0.0028973873690874489 0.0041575230764645549 0.0049290554098629499 0.0049298846025237521 0.0056632141566784807 0.0047901471073810873 0.0050707545633355304 0.003369793968376094 0.0041630832612706359 0.0049345159589510822 0.0042393382369857475 0.0048214217081018126 0.005670650807139712 0.0041057299791781368 0.0030838226589063808 0.0030485776623925278 0.0041451992783629312 0.002242313133633655 0.0039638926977651158 0.0017793814555655436 0.0028929263353347778
leaf_weight=10187 125933 2347 26070 694 52148 64 20547 25930 26121 135 10345 10258 4656 645 338 167 683 2330 2316 97 276 281 242 132 113 1971 1150 114 194 108
leaf_count=10187 125933 2347 26070 694 52148 64 20547 25930 26121 135 10345 10258 4656 645 338 167 683 2330 2316 97 276 281 242 132 113 1971 1150 114 194 108
internal_value=-4.84368e-11 0.0055885 0.00596038 0.0060882 0.0061471 0.00455645 0.00460873 0.0059423 0.00607148 0.0045406 0.00440275 0.00453389 0.00462341 0.00645362 0.0056829 0.00387977 0.00401226 0.00441935 0.0045474 0.00273408 0.00568642 0.00645573 0.00491737 0.004144 0.00414665 0.00421749 0.00231943 0.00491845 0.00223814 0.00353001
internal_weight=326592 200659 147507 135324 131809 53152 51938 79016 52748 12183 31149 20672 11649 52793 26268 3515 2821 6993 4663 534 26346 26402 20789 10477 10300 2138 1214 10372 329 205
internal_count=326592 200659 147507 135324 131809 53152 51938 79016 52748 12183 31149 20672 11649 52793 26268 3515 2821 6993 4663 534 26346 26402 20789 10477 10300 2138 1214 10372 329 205
is_linear=0
shrinkage=0.05


Tree=24
num_leaves=31
num_cat=0
split_feature=33 11 11 24 17 24 17 15 15 26 3 3 15 15 17 26 26 24 15 15 4 8 15 15 26 26 4 8 4 8
split_gain=5867.08 25.7249 9.63834 6.26705 2.94781 2.32293 1.23177 0.940596 2.77295 0.659123 0.590307 0.39285 0.386867 1.1233 0.260761 0.142372 0.0959265 0.0906135 0.0887711 0.131919 0.0864197 0.29508 0.0825747 0.245097 0.0734798 0.0604707 0.0578056 0.18904 0.0554305 0.19029
threshold=1.0000000180025095e-35 41.000000000000007 8.5000000000000018 3.5000000000000004 1.0000000180025095e-35 3.5000000000000004 1.0000000180025095e-35 4.5000000000000009 1.5000000000000002 3.0000000000000004 1.5000000000000002 1.5000000000000002 4.5000000000000009 1.5000000000000002 1.0000000180025095e-35 7.5000000000000009 7.5000000000000009 3.5000000000000004 1.5000000000000002 4.5000000000000009 44.000000000000007 95.000000000000014 1.5000000000000002 4.5000000000000009 7.5000000000000009 7.5000000000000009 44.000000000000007 95.000000000000014 44.000000000000007 95.000000000000014
decision_type=2 2 2 2 2 2 2 2 2 2 2 2 2 2 2 2 2 2 2 2 2 2 2 2 2 2 2 2 2 2
left_child=1 2 9 4 7 6 10 8 24 14 12 20 13 26 22 -6 -9 -11 -5 -20 -8 -22 -1 -24 -4 -10 -3 -28 -14 -30
right_child=-2 5 3 18 15 -7 11 16 25 17 -12 -13 28 -15 -16 -17 -18 -19 19 -21 21 -23 23 -25 -26 -27 27 -29 29 -31
leaf_value=0.0039609719067811968 -0.008459366112947465 0.0039393673145583057 0.0054093721340688307 0.0031705858333369503 0.0061401944544570292 0.002283355690105778 0.0046718223892255658 0.0054083761755738058 0.0061403058381995362 0.0033727939887583714 0.0056427620095608217 0.0061251021981599107 0.0039372834548996099 0.0047043617882582094 0.0046871006488800049 0.0053821572573466356 0.0045516749230576428 0.0021239860388993117 0.0040022611296376817 0.0031974824705338551 0.0061272437886699394 0.0046670596913186389 0.0046902652829885483 0.0039621366908538938 0.0045817043838465785 0.0053894782157071844 0.0056061885578122961 0.0039385412883057571 0.0055923980428922646 0.0039299058898595333
leaf_weight=2340 125933 9624 25598 682 51209 1273 19393 25468 25646 262 743 497 9784 10604 4632 627 331 326 2102 672 460 1396 2307 2316 271 271 227 676 229 693
leaf_count=2340 125933 9624 25598 682 51209 1273 19393 25468 25646 262 743 497 9784 10604 4632 627 331 326 2102 672 460 1396 2307 2316 271 271 227 676 229 693
internal_value=1.89428e-10 0.00530907 0.00565957 0.00578297 0.00583909 0.00439463 0.0044441 0.00564404 0.00576692 0.00431357 0.00424959 0.00473552 0.00421708 0.00434114 0.00439638 0.00613103 0.00539738 0.00268043 0.00368166 0.0038073 0.00470302 0.00502896 0.00420299 0.00432549 0.0054007 0.00613245 0.00397526 0.00435776 0.00397221 0.00434282
internal_weight=326592 200659 145060 132877 129421 55599 54326 77585 51786 12183 32580 21746 31837 21131 11595 51836 25799 588 3456 2774 21249 1856 6963 4623 25869 25917 10527 903 10706 922
internal_count=326592 200659 145060 132877 129421 55599 54326 77585 51786 12183 32580 21746 31837 21131 11595 51836 25799 588 3456 2774 21249 1856 6963 4623 25869 25917 10527 903 10706 922
is_linear=0
shrinkage=0.05


Tree=25
num_leaves=31
num_cat=0
split_feature=33 12 11 25 17 25 17 15 15 26 15 15 17 26 26 17 15 15 15 15 26 26 26 26 26 15 15 26 26 26
split_gain=5295.04 25.113 8.72352 5.7359 2.6739 2.04137 1.06763 0.847438 2.53231 0.596754 0.335345 0.989808 0.237617 0.115613 0.106065 0.0757262 0.0748326 0.224828 0.071929 0.117391 0.0556974 0.0534609 0.0533353 0.052585 0.0469382 0.0399115 0.0545421 0.038283 0.037985 0.0365816
threshold=1.0000000180025095e-35 0.48890000000000006 8.5000000000000018 3.5000000000000004 1.0000000180025095e-35 3.5000000000000004 1.0000000180025095e-35 4.5000000000000009 1.5000000000000002 8.5000000000000018 4.5000000000000009 1.5000000000000002 1.0000000180025095e-35 7.5000000000000009 7.5000000000000009 1.0000000180025095e-35 4.5000000000000009 1.5000000000000002 4.5000000000000009 1.5000000000000002 7.5000000000000009 7.5000000000000009 7.5000000000000009 7.5000000000000009 7.5000000000000009 4.5000000000000009 1.5000000000000002 7.5000000000000009 7.5000000000000009 7.5000000000000009
decision_type=2 2 2 2 2 2 2 2 2 2 2 2 2 2 2 2 2 2 2 2 2 2 2 2 2 2 2 2 2 2
left_child=1 5 9 4 7 6 10 8 24 12 11 28 16 -6 -5 -11 17 -3 19 -16 -7 -9 -10 -8 -4 26 -22 -12 -1 -13
right_child=-2 2 3 14 13 20 23 21 22 15 27 29 -14 -15 18 -17 -18 -19 -20 -21 25 -23 -24 -25 -26 -27 -28 -29 -30 -31
leaf_value=0.003754374276817372 -0.0080363981425762183 0.0037592804091925005 0.0051402442335548339 0.0044230342291675896 0.0058333541835289314 0.0031121696417148298 0.0044473124837498398 0.005140552579015442 0.0058344301949288697 0.0019934611791308891 0.0037549810906592866 0.00444714263427447 0.0044495617970824247 0.0051259209931356041 0.0030406698616717363 0.0032177643496088867 0.0037571603184477966 0.0044536677851874087 0.0030291629115209574 0.0037923413220111732 0.0015602934000603225 0.0044519918621109249 0.0051105977032435083 0.0036648686408721903 0.0044304228748412843 0.0015091247620090606 0.0024389371891476832 0.0028255716298839877 0.0027446381182984472 0.0034861743822693827
leaf_weight=10180 125933 2347 26057 333 52132 143 20539 25899 26108 329 10324 10253 4656 584 695 205 2330 2316 683 2056 236 285 257 217 235 252 702 112 94 100
leaf_count=10180 125933 2347 26057 333 52132 143 20539 25899 26108 329 10324 10253 4656 584 695 205 2330 2316 683 2056 236 285 257 217 235 252 702 112 94 100
internal_value=7.32287e-11 0.00504362 0.00537939 0.00549476 0.00554985 0.00411179 0.00416149 0.00536552 0.00548112 0.00409789 0.00397597 0.00409282 0.00417281 0.00582552 0.00357104 0.00246347 0.00398855 0.00410417 0.00348842 0.00360244 0.00217982 0.00513306 0.00582737 0.00443913 0.0051339 0.00206778 0.00221787 0.00374501 0.00374514 0.00443786
internal_weight=326592 200659 147507 135324 131557 53152 51819 78841 52657 12183 31063 20627 11649 52716 3767 534 6993 4663 3434 2751 1333 26184 26365 20756 26292 1190 938 10436 10274 10353
internal_count=326592 200659 147507 135324 131557 53152 51819 78841 52657 12183 31063 20627 11649 52716 3767 534 6993 4663 3434 2751 1333 26184 26365 20756 26292 1190 938 10436 10274 10353
is_linear=0
shrinkage=0.05


Tree=26
num_leaves=31
num_cat=0
split_feature=33 12 11 24 17 24 17 15 15 25 15 15 17 26 26 26 15 15 15 15 26 26 26 26 26 26 26 15 15 26
split_gain=4778.77 22.6644 7.87298 5.18706 2.43069 1.84296 0.973117 0.781145 2.30181 0.5402 0.309601 0.901194 0.229401 0.118239 0.0862087 0.0794809 0.0747157 0.11041 0.0681721 0.198165 0.0602299 0.0514299 0.0504806 0.0484106 0.0443651 0.0439645 0.0435627 0.0425951 0.0602955 0.033332
threshold=1.0000000180025095e-35 0.48890000000000006 8.5000000000000018 3.5000000000000004 1.0000000180025095e-35 3.5000000000000004 1.0000000180025095e-35 4.5000000000000009 1.5000000000000002 3.5000000000000004 4.5000000000000009 1.5000000000000002 1.0000000180025095e-35 7.5000000000000009 8.5000000000000018 7.5000000000000009 1.5000000000000002 4.5000000000000009 1.5000000000000002 4.5000000000000009 7.5000000000000009 7.5000000000000009 7.5000000000000009 7.5000000000000009 7.5000000000000009 7.5000000000000009 5.5000000000000009 1.5000000000000002 4.5000000000000009 7.5000000000000009
decision_type=2 2 2 2 2 2 2 2 2 2 2 2 2 2 2 2 2 2 2 2 2 2 2 2 2 2 2 2 2 2
left_child=1 5 9 4 7 6 10 8 20 12 11 25 14 -6 18 -9 -5 24 -3 -20 -4 -8 -10 -12 -18 -1 -7 -11 -29 -13
right_child=-2 2 3 16 13 26 21 15 22 27 23 29 -14 -15 -16 -17 17 -19 19 -21 -22 -23 -24 -25 -26 -27 -28 28 -30 -31
leaf_value=0.0035662223337285998 -0.0076345779001712804 0.0035751412785999604 0.0048831428910380906 0.0028596292188128067 0.0055415807388805201 0.0032500765810254961 0.0042246693420627431 0.0048822237695813342 0.0055431248978619506 0.00089948750675132832 0.0035651229879984955 0.004225060207993344 0.0042205678008449508 0.0048604345067526948 0.0024953169561922552 0.0041105115091835962 0.0043980106298705775 0.002885300064483988 0.0042336366923984535 0.0035789233384247881 0.0041406226938293465 0.00349148572230142 0.0048693687002111588 0.0026015010549489299 0.0035492347709301583 0.0025745289136482555 0.0019097888809831249 0.0027337685434354678 0.0011481820854769892 0.0033653574293119868
leaf_weight=10187 125933 2343 26070 694 52148 64 20547 25930 26121 73 10345 10258 4730 645 130 338 167 683 2311 2312 276 242 281 132 1971 113 1150 198 86 114
leaf_count=10187 125933 2343 26070 694 52148 64 20547 25930 26121 73 10345 10258 4730 645 130 338 167 683 2311 2312 276 242 281 132 1971 113 1150 198 86 114
internal_value=1.89839e-10 0.00479144 0.00511042 0.00522002 0.00527058 0.0039062 0.00395121 0.00509507 0.00520601 0.00389299 0.00377441 0.00388663 0.00395084 0.00553326 0.00377105 0.00487229 0.0033244 0.00343873 0.00379486 0.00390621 0.00487536 0.00421613 0.00553595 0.00355298 0.00361553 0.00355534 0.00198045 0.00197673 0.00225363 0.00421561
internal_weight=326592 200659 147507 135324 131809 53152 51938 79016 52748 12183 31149 20672 11826 52793 7096 26268 3515 2821 6966 4623 26346 20789 26402 10477 2138 10300 1214 357 284 10372
internal_count=326592 200659 147507 135324 131809 53152 51938 79016 52748 12183 31149 20672 11826 52793 7096 26268 3515 2821 6966 4623 26346 20789 26402 10477 2138 10300 1214 357 284 10372
is_linear=0
shrinkage=0.05


Tree=27
num_leaves=31
num_cat=0
split_feature=33 12 12 24 17 25 17 15 15 26 15 15 17 26 26 15 15 15 15 24 26 26 26 26 26 15 15 15 15 26
split_gain=4312.84 20.4547 7.10536 4.68132 2.1937 1.66668 0.869441 0.704983 2.07738 0.490734 0.27293 0.806077 0.19389 0.106711 0.0717315 0.067431 0.099645 0.0607863 0.183119 0.0605629 0.0543574 0.0455588 0.0451178 0.0426272 0.0400395 0.0357776 0.0489668 0.035008 0.0553826 0.0308825
threshold=1.0000000180025095e-35 0.48890000000000006 0.90555000000000019 3.5000000000000004 1.0000000180025095e-35 3.5000000000000004 1.0000000180025095e-35 4.5000000000000009 1.5000000000000002 8.5000000000000018 4.5000000000000009 1.5000000000000002 1.0000000180025095e-35 7.5000000000000009 7.5000000000000009 1.5000000000000002 4.5000000000000009 4.5000000000000009 1.5000000000000002 3.5000000000000004 7.5000000000000009 7.5000000000000009 7.5000000000000009 7.5000000000000009 7.5000000000000009 4.5000000000000009 1.5000000000000002 4.5000000000000009 1.5000000000000002 7.5000000000000009
decision_type=2 2 2 2 2 2 2 2 2 2 2 2 2 2 2 2 2 2 2 2 2 2 2 2 2 2 2 2 2 2
left_child=1 5 3 4 7 6 10 8 20 12 11 -1 17 -6 -9 -5 24 18 -4 -11 -3 -10 -7 -8 -17 26 -24 28 -21 -12
right_child=-2 2 9 15 13 22 23 14 21 19 29 -13 -14 -15 -16 16 -18 -19 -20 27 -22 -23 25 -25 -26 -27 -28 -29 -30 -31
leaf_value=0.0033800377610926561 -0.0072528496384620667 0.0046389855054611902 0.0033927871140524029 0.0027166477350856286 0.0052645018322184274 0.0028043476296458524 0.004013713307874949 0.0046381125813856504 0.0052659685184856019 0.002812284679949787 0.003388975789183762 0.0040051720491296071 0.0040162788834454833 0.0046174126563146133 0.0039049860894591853 0.004178110096313639 0.0027410350456332049 0.0033912948563758908 0.0040194641925002062 0.00079109678044915206 0.0039335915481374748 0.0046259001242096318 0.001383409270290601 0.0033092377939119865 0.003371773114997775 0.0013354342127780594 0.0022159351216379736 0.00068368902429938316 0.0024990472446620115 0.0025542180502920279
leaf_weight=10274 125933 26070 2347 694 52148 143 20539 25930 26121 237 10324 10353 4656 645 338 167 683 2330 2316 66 276 281 236 217 1971 252 702 62 169 112
leaf_count=10274 125933 26070 2347 694 52148 143 20539 25930 26121 237 10324 10353 4656 645 338 167 683 2330 2316 66 276 281 236 217 1971 252 702 62 169 112
internal_value=-9.51447e-11 0.00455187 0.0048549 0.00495902 0.00500705 0.00371089 0.0037558 0.00484032 0.00494571 0.00369834 0.00358838 0.0036938 0.00376629 0.0052566 0.00462868 0.00315818 0.0032668 0.00359984 0.00370404 0.0022162 0.0046316 0.00525916 0.00196521 0.00400635 0.00343476 0.00186437 0.00200647 0.00174054 0.00201937 0.00338002
internal_weight=326592 200659 147507 135324 131809 53152 51819 79016 52748 12183 31063 20627 11649 52793 26268 3515 2821 6993 4663 534 26346 26402 1333 20756 2138 1190 938 297 235 10436
internal_count=326592 200659 147507 135324 131809 53152 51819 79016 52748 12183 31063 20627 11649 52793 26268 3515 2821 6993 4663 534 26346 26402 1333 20756 2138 1190 938 297 235 10436
is_linear=0
shrinkage=0.05


Tree=28
num_leaves=31
num_cat=1
split_feature=33 12 12 25 17 24 17 15 15 24 15 15 17 26 26 26 15 15 15 15 26 26 26 26 26 6 26 15 15 24
split_gain=3892.34 18.4603 6.41259 4.23105 1.96474 1.50883 0.792552 0.622244 1.86043 0.444843 0.252403 0.734165 0.191194 0.0844319 0.0822797 0.0795756 0.0547752 0.163289 0.0546135 0.087597 0.0409612 0.0389981 0.0389661 0.0379137 0.0377873 0.0372841 0.0366452 0.0350461 0.0539653 0.0341959
threshold=1.0000000180025095e-35 0.48890000000000006 0.90555000000000019 3.5000000000000004 1.0000000180025095e-35 3.5000000000000004 1.0000000180025095e-35 1.5000000000000002 4.5000000000000009 3.5000000000000004 4.5000000000000009 1.5000000000000002 1.0000000180025095e-35 7.5000000000000009 8.5000000000000018 7.5000000000000009 1.5000000000000002 4.5000000000000009 4.5000000000000009 1.5000000000000002 7.5000000000000009 7.5000000000000009 7.5000000000000009 7.5000000000000009 7.5000000000000009 0 5.5000000000000009 4.5000000000000009 1.5000000000000002 3.5000000000000004
decision_type=2 2 2 2 2 2 2 2 2 2 2 2 2 2 2 2 2 2 2 2 2 2 2 2 2 1 2 2 2 2
left_child=1 5 3 4 7 6 10 -3 21 12 11 23 14 -6 16 25 -4 -18 19 -17 -8 -9 -12 -1 -10 -5 -7 28 -11 -21
right_child=-2 2 9 15 13 26 20 8 24 27 22 -13 -14 -15 -16 18 17 -19 -20 29 -22 -23 -24 -25 -26 -27 -28 -29 -30 -31
leaf_value=0.0032189288531773181 -0.0068902067840099336 0.0044017962369020469 0.0032267446797841952 0.0027121666498715058 0.005001382493370181 0.0029473554051946851 0.0038127737535800055 0.0050022539898715501 0.0044075082080065687 0.0007723846712282726 0.0032174775126414808 0.0038047734229199413 0.0038095916073284312 0.0043968272727135929 0.0021995383447834423 0.0026013762659306151 0.0038209818150446769 0.0032274344064801828 0.0025871182965062898 0.0041720706697863843 0.0031584520016081081 0.004383309104331273 0.0023529483358178177 0.0022980036856853859 0.0038286170873202776 0.0040548947276235958 0.0017180808277233789 0.00068151168662178166 0.0023987173538734304 0.0032055631393984874
leaf_weight=10187 125933 26292 2343 64 52132 64 20547 26108 25899 70 10345 10372 4739 584 140 695 2311 2324 683 96 242 257 132 113 285 269 1150 68 188 1960
leaf_count=10187 125933 26292 2343 64 52132 64 20547 26108 25899 70 10345 10372 4739 584 140 695 2311 2324 683 96 242 257 132 113 285 269 1150 68 188 1960
internal_value=1.09236e-10 0.00432427 0.00461216 0.00471107 0.00475838 0.00352535 0.00356608 0.00460038 0.00469974 0.00351343 0.00340651 0.00350784 0.00356352 0.00499469 0.0033997 0.00305886 0.00342378 0.00352338 0.0029873 0.00308665 0.00380516 0.00499622 0.00320659 0.00320883 0.00440121 0.00379683 0.00178289 0.00169131 0.00195746 0.00325069
internal_weight=326592 200659 147507 135324 131557 53152 51938 78841 52549 12183 31149 20672 11857 52716 7118 3767 6978 4635 3434 2751 20789 26365 10477 10300 26184 333 1214 326 258 2056
internal_count=326592 200659 147507 135324 131557 53152 51938 78841 52549 12183 31149 20672 11857 52716 7118 3767 6978 4635 3434 2751 20789 26365 10477 10300 26184 333 1214 326 258 2056
cat_boundaries=0 1
cat_threshold=2
is_linear=0
shrinkage=0.05


Tree=29
num_leaves=31
num_cat=0
split_feature=33 11 11 25 17 25 17 15 15 26 3 3 15 15 17 26 26 17 4 8 15 15 15 15 26 4 8 4 8 15
split_gain=3512.84 15.3852 5.76914 3.77403 1.7539 1.39519 0.727385 0.550939 1.64738 0.403613 0.352366 0.234977 0.225921 0.665672 0.156728 0.0735135 0.0692456 0.0530078 0.0523479 0.175832 0.0495122 0.146355 0.0480689 0.0769074 0.0400497 0.0359686 0.119439 0.0351921 0.119699 0.0343274
threshold=1.0000000180025095e-35 41.000000000000007 8.5000000000000018 3.5000000000000004 1.0000000180025095e-35 3.5000000000000004 1.0000000180025095e-35 4.5000000000000009 1.5000000000000002 3.0000000000000004 1.5000000000000002 1.5000000000000002 4.5000000000000009 1.5000000000000002 1.0000000180025095e-35 7.5000000000000009 7.5000000000000009 1.0000000180025095e-35 44.000000000000007 95.000000000000014 1.5000000000000002 4.5000000000000009 4.5000000000000009 1.5000000000000002 7.5000000000000009 44.000000000000007 95.000000000000014 44.000000000000007 95.000000000000014 4.5000000000000009
decision_type=2 2 2 2 2 2 2 2 2 2 2 2 2 2 2 2 2 2 2 2 2 2 2 2 2 2 2 2 2 2
left_child=1 2 9 4 7 6 10 8 -4 14 12 18 13 25 20 -6 -5 -11 -8 -20 -1 -22 23 -18 -7 -3 -27 -14 -29 -26
right_child=-2 5 3 16 15 24 11 -9 -10 17 -12 -13 27 -15 -16 -17 22 -19 19 -21 21 -23 -24 -25 29 26 -28 28 -30 -31
leaf_value=0.0030652256682515144 -0.0065456964075565338 0.0030507322575710292 0.0041804998569715179 0.0035978689186137031 0.0047512731366585025 0.0026099474091193101 0.0036158439798846653 0.0041799157619188945 0.0047450012472457434 0.0016806206774890092 0.0043714889060191024 0.0047421309223981828 0.0030508951671007183 0.0036409869651764593 0.0036279458552598955 0.0041802937681214855 0.002468097419375731 0.0026541822878684541 0.004744028643294193 0.0036145162697021776 0.00362936444580555 0.0030667089415627284 0.0024541851543333562 0.0030818850858346436 0.0018856614126079351 0.0043731457073783037 0.0030475814953534563 0.0043679594470743552 0.0030465268818796547 0.0012428120508110117
leaf_weight=2340 125933 9598 25816 324 51193 152 19365 25719 25881 359 738 495 9746 10585 4632 570 683 229 458 1391 2307 2316 672 2019 987 227 676 228 690 263
leaf_count=2340 125933 9598 25816 324 51193 152 19365 25719 25881 359 738 495 9746 10585 4632 570 683 229 458 1391 2307 2316 672 2019 987 227 676 228 690 263
internal_value=6.86979e-11 0.00410806 0.00437911 0.00447459 0.00451968 0.00340088 0.00344116 0.00436902 0.00446311 0.00333775 0.00329143 0.00366524 0.00326632 0.00336117 0.00340256 0.00474499 0.00289966 0.00205978 0.00364011 0.0038943 0.00325263 0.00334749 0.00283262 0.00292673 0.00184359 0.00307912 0.00338081 0.00307877 0.00337473 0.00175041
internal_weight=326592 200659 145060 132877 129179 55599 54197 77416 51697 12183 32488 21709 31750 21086 11595 51763 3698 588 21214 1849 6963 4623 3374 2702 1402 10501 903 10664 918 1250
internal_count=326592 200659 145060 132877 129179 55599 54197 77416 51697 12183 32488 21709 31750 21086 11595 51763 3698 588 21214 1849 6963 4623 3374 2702 1402 10501 903 10664 918 1250
is_linear=0
shrinkage=0.05


Tree=30
num_leaves=31
num_cat=1
split_feature=33 12 11 24 17 24 17 15 15 24 15 15 17 15 15 15 15 25 15 15 15 15 13 25 25 13 13 13 13 6
split_gain=3170.34 15.0504 5.2244 3.4567 1.61073 1.24031 0.647216 0.520281 1.53197 0.372047 0.204763 0.595378 0.155806 0.0513004 0.0748998 0.048697 0.146581 0.0405417 0.0344836 0.0541951 0.0304393 0.0467325 0.0236001 0.0195646 0.0182281 0.0172684 0.0167237 0.0160523 0.0142688 0.0134139
threshold=1.0000000180025095e-35 0.48890000000000006 8.5000000000000018 3.5000000000000004 1.0000000180025095e-35 3.5000000000000004 1.0000000180025095e-35 4.5000000000000009 1.5000000000000002 3.5000000000000004 4.5000000000000009 1.5000000000000002 1.0000000180025095e-35 1.5000000000000002 4.5000000000000009 4.5000000000000009 1.5000000000000002 3.5000000000000004 1.5000000000000002 4.5000000000000009 4.5000000000000009 1.5000000000000002 3.5000000000000004 2.5000000000000004 3.5000000000000004 2.5000000000000004 4.5000000000000009 2.5000000000000004 4.5000000000000009 0
decision_type=2 2 2 2 2 2 2 2 2 2 2 2 2 2 2 2 2 2 2 2 2 2 2 2 2 2 2 2 2 1
left_child=1 5 9 4 7 6 10 8 23 12 11 25 15 -5 -15 16 28 -9 -7 -20 21 -11 -6 -4 -12 -1 -17 -8 29 -3
right_child=-2 2 3 13 22 18 27 17 -10 20 24 -13 -14 14 -16 26 -18 -19 19 -21 -22 -23 -24 -25 -26 -27 -28 -29 -30 -31
leaf_value=0.0021076713864138161 -0.0062184117734432227 0.0015025691076048784 0.0039733419782614554 0.0023192908091508174 0.0041886816567663727 0.0010517418948989925 0.0028318517926064404 0.0039719823738483253 0.0045099885486341203 0.00064973441883921625 0.0028980761035190218 0.0034326795079503633 0.0034388141806812622 0.0029447655436575025 0.0023433182775799738 0.0022789735235957376 0.0034412362206640264 0.002871768600085662 0.0019486166349524268 0.0010983250843035796 0.00056340507478179296 0.0021631614126740618 0.0045104903685692053 0.003153656999746414 0.0018417446158553769 0.0029013254426950622 0.0029130312373602629 0.003437464213321844 0.0029095387882696853 0.0027547104047103365
leaf_weight=69 125933 35 26273 694 576 231 110 26184 26402 70 10436 10372 4739 2138 683 109 2355 84 731 252 68 188 52217 73 41 10231 2265 20679 2299 55
leaf_count=69 125933 35 26273 694 576 231 110 26184 26402 70 10436 10372 4739 2138 683 109 2355 84 731 252 68 188 52217 73 41 10231 2265 20679 2299 55
internal_value=-1.52245e-11 0.00390266 0.00416259 0.00425188 0.00429314 0.00318128 0.00321821 0.00415028 0.00424082 0.00317087 0.00307401 0.00316528 0.00321668 0.0027044 0.00279915 0.00306879 0.00316131 0.00396846 0.00160146 0.00173064 0.0015045 0.00175254 0.00450698 0.00397107 0.00289394 0.00289601 0.00288392 0.00343426 0.00288536 0.00226777
internal_weight=326592 200659 147507 135324 131809 53152 51938 79016 52748 12183 31149 20672 11857 3515 2821 7118 4744 26268 1214 983 326 258 52793 26346 10477 10300 2374 20789 2389 90
internal_count=326592 200659 147507 135324 131809 53152 51938 79016 52748 12183 31149 20672 11857 3515 2821 7118 4744 26268 1214 983 326 258 52793 26346 10477 10300 2374 20789 2389 90
cat_boundaries=0 1
cat_threshold=1
is_linear=0
shrinkage=0.05


Tree=31
num_leaves=31
num_cat=0
split_feature=33 12 11 24 17 26 17 15 15 24 15 15 17 24 26 26 26 15 15 26 15 15 26 26 15 15 15 15 25 17
split_gain=2861.23 13.583 4.71502 3.11967 1.45368 1.12488 0.573684 0.469553 1.3826 0.335772 0.182508 0.533881 0.140615 0.123035 0.0746844 0.0612307 0.053882 0.0462986 0.067597 0.043588 0.0403976 0.119799 0.0356867 0.0313207 0.0274715 0.0421761 0.0229599 0.0370481 0.0203069 0.0179908
threshold=1.0000000180025095e-35 0.48890000000000006 8.5000000000000018 3.5000000000000004 1.0000000180025095e-35 7.5000000000000009 1.0000000180025095e-35 4.5000000000000009 1.5000000000000002 3.5000000000000004 4.5000000000000009 1.5000000000000002 1.0000000180025095e-35 3.5000000000000004 7.5000000000000009 8.5000000000000018 7.5000000000000009 1.5000000000000002 4.5000000000000009 7.5000000000000009 1.5000000000000002 4.5000000000000009 7.5000000000000009 7.5000000000000009 4.5000000000000009 1.5000000000000002 4.5000000000000009 1.5000000000000002 3.5000000000000004 1.0000000180025095e-35
decision_type=2 2 2 2 2 2 2 2 2 2 2 2 2 2 2 2 2 2 2 2 2 2 2 2 2 2 2 2 2 2
left_child=1 5 9 4 7 6 10 8 19 12 11 -1 15 29 -6 20 -9 -5 23 -4 -3 -22 -10 -19 25 -11 27 -15 -12 -7
right_child=-2 2 3 17 14 13 -8 16 22 24 28 -13 -14 26 -16 -17 -18 18 -20 -21 21 -23 -24 -25 -26 -27 -28 -29 -30 -31
leaf_value=0.0027580013003559276 -0.0059074912220239643 0.0027669165154654302 0.0037791345065861862 0.0022033262484564692 0.004288244123579265 0.0021135401209001754 0.0032685794312626326 0.0037782169601384727 0.0042905185181671924 0.00061724770148949976 0.0027612189527569252 0.0032685280378873869 0.0032668734069557525 0.00099980904064076825 0.0037468988916208577 0.0018800266279972026 0.003142818951284921 0.0034549837708919349 0.0022261524870228104 0.0031474709220608507 0.0032765711380039033 0.0027681736843003261 0.0037240266468495237 0.0027418220060381835 0.00053523481029140601 0.002055003383058183 0.0010077398270368577 0.0017524848005216046 0.0016462551429867744 0.0026713388448596498
leaf_weight=10201 125933 2343 26070 694 52148 359 20590 25930 26121 70 10324 10283 4739 217 645 140 338 167 683 276 2311 2324 281 1971 68 188 232 663 41 242
leaf_count=10201 125933 2343 26070 694 52148 359 20590 25930 26121 70 10324 10283 4739 217 645 140 338 167 683 276 2311 2324 281 1971 68 188 232 663 41 242
internal_value=-3.10469e-11 0.00370752 0.00395446 0.00403928 0.00407849 0.00302222 0.00306419 0.00394276 0.00402878 0.00301232 0.00292778 0.00301429 0.00305585 0.00176175 0.00428163 0.00291535 0.00377004 0.00256918 0.00265919 0.00377252 0.00293612 0.00302166 0.00428449 0.00279753 0.00142928 0.00166491 0.00145023 0.00156688 0.00275681 0.00233814
internal_weight=326592 200659 147507 135324 131809 53152 51439 79016 52748 12183 30849 20484 11857 1713 52793 7118 26268 3515 2821 26346 6978 4635 26402 2138 326 258 1112 880 10365 601
internal_count=326592 200659 147507 135324 131809 53152 51439 79016 52748 12183 30849 20484 11857 1713 52793 7118 26268 3515 2821 26346 6978 4635 26402 2138 326 258 1112 880 10365 601
is_linear=0
shrinkage=0.05


Tree=32
num_leaves=31
num_cat=0
split_feature=33 12 11 24 17 26 17 15 15 26 15 15 17 24 26 26 15 15 15 15 26 15 15 26 26 15 15 24 25 17
split_gain=2582.26 12.2587 4.25531 2.8155 1.31195 1.01521 0.517749 0.423772 1.2478 0.305049 0.164714 0.481828 0.1166 0.111039 0.0674027 0.0486285 0.0417845 0.0610063 0.0398684 0.0653875 0.0393382 0.0364103 0.109614 0.0322073 0.0282669 0.0207213 0.0334359 0.0194446 0.018327 0.0162367
threshold=1.0000000180025095e-35 0.48890000000000006 8.5000000000000018 3.5000000000000004 1.0000000180025095e-35 7.5000000000000009 1.0000000180025095e-35 4.5000000000000009 1.5000000000000002 8.5000000000000018 4.5000000000000009 1.5000000000000002 1.0000000180025095e-35 3.5000000000000004 7.5000000000000009 7.5000000000000009 1.5000000000000002 4.5000000000000009 4.5000000000000009 1.5000000000000002 7.5000000000000009 1.5000000000000002 4.5000000000000009 7.5000000000000009 7.5000000000000009 4.5000000000000009 1.5000000000000002 3.5000000000000004 3.5000000000000004 1.0000000180025095e-35
decision_type=2 2 2 2 2 2 2 2 2 2 2 2 2 2 2 2 2 2 2 2 2 2 2 2 2 2 2 2 2 2
left_child=1 5 9 4 7 6 10 8 20 12 11 -1 21 29 -6 -9 -5 24 19 -11 -4 -3 -23 -10 -18 26 -15 -21 -12 -7
right_child=-2 2 3 16 14 13 -8 15 23 18 28 -13 -14 25 -16 -17 17 -19 -20 27 -22 22 -24 -25 -26 -27 -28 -29 -30 -31
leaf_value=0.0026201011244353332 -0.0056121166795492176 0.0026256762151330598 0.0035901777243643922 0.0020931599151090821 0.0040738320525217277 0.0020078631232085336 0.0031051503766858215 0.0035893060022450028 0.0040759924669137469 0.00088025663779782405 0.0026231580179152925 0.0031051016012767301 0.0031091408892870718 0.00094981862463846742 0.0035595539258432025 0.0029856780092039053 0.003282234604152555 0.0021148447350954765 0.0008545339315397931 0.0027233500588447492 0.0029900974857256465 0.0031108853826218885 0.0026251541301128434 0.0035378251291042547 0.0026047308306965293 0.00095735285431146626 0.0016648605710308476 0.0019281117609266701 0.0015639423710725655 0.0025377719139695661
leaf_weight=10201 125933 2347 26070 694 52148 359 20590 25930 26121 112 10324 10283 4656 217 645 338 167 683 112 141 276 2316 2330 281 1971 232 663 169 41 242
leaf_count=10201 125933 2347 26070 694 52148 359 20590 25930 26121 112 10324 10283 4656 217 645 338 167 683 112 141 276 2316 2330 281 1971 232 663 169 41 242
internal_value=-4.63654e-11 0.00352215 0.00375674 0.00383732 0.00387456 0.00287111 0.00291098 0.00374562 0.00382734 0.00286171 0.00278139 0.00286357 0.00291528 0.00167366 0.00406755 0.00358154 0.00244073 0.00252623 0.00169315 0.00191572 0.00358389 0.0027862 0.00286729 0.00407026 0.00265765 0.00137771 0.00148854 0.00228982 0.00261897 0.00222124
internal_weight=326592 200659 147507 135324 131809 53152 51439 79016 52748 12183 30849 20484 11649 1713 52793 26268 3515 2821 534 422 26346 6993 4646 26402 2138 1112 880 310 10365 601
internal_count=326592 200659 147507 135324 131809 53152 51439 79016 52748 12183 30849 20484 11649 1713 52793 26268 3515 2821 534 422 26346 6993 4646 26402 2138 1112 880 310 10365 601
is_linear=0
shrinkage=0.05


Tree=33
num_leaves=31
num_cat=0
split_feature=33 12 11 25 17 26 17 15 15 25 15 15 17 25 26 26 26 4 15 15 15 15 26 26 26 26 15 15 15 15
split_gain=2330.49 11.0634 3.84042 2.53834 1.17486 0.916226 0.467269 0.373766 1.11626 0.278025 0.148654 0.43485 0.112006 0.0818715 0.0543388 0.0528927 0.0422852 0.0354722 0.0337438 0.0528437 0.0334386 0.0961254 0.0291962 0.0283945 0.0268521 0.0262666 0.0224625 0.0336775 0.0212249 0.0324008
threshold=1.0000000180025095e-35 0.48890000000000006 8.5000000000000018 3.5000000000000004 1.0000000180025095e-35 7.5000000000000009 1.0000000180025095e-35 1.5000000000000002 4.5000000000000009 3.5000000000000004 4.5000000000000009 1.5000000000000002 1.0000000180025095e-35 3.5000000000000004 7.5000000000000009 7.5000000000000009 8.5000000000000018 39.000000000000007 4.5000000000000009 1.5000000000000002 1.5000000000000002 4.5000000000000009 5.5000000000000009 7.5000000000000009 7.5000000000000009 7.5000000000000009 1.5000000000000002 4.5000000000000009 4.5000000000000009 1.5000000000000002
decision_type=2 2 2 2 2 2 2 2 2 2 2 2 2 2 2 2 2 2 2 2 2 2 2 2 2 2 2 2 2 2
left_child=1 5 9 4 7 6 10 25 23 12 11 -1 16 -7 -6 17 20 22 19 -17 -3 -22 -5 -9 -10 -4 -11 -28 29 -15
right_child=-2 2 3 15 14 13 -8 8 24 26 -12 -13 -14 28 -16 18 -18 -19 -20 -21 21 -23 -24 -25 -26 -27 27 -29 -30 -31
leaf_value=0.002489096075619594 -0.0053315106779336929 0.002497286895449809 0.0034107542759704013 0.0031203238293528559 0.0038702006771277873 0.00211138974004434 0.0029498929411422548 0.0038717249869388232 0.0034109932067882252 0.00056160339345670725 0.0024880198696408075 0.0029498465770485482 0.0029485948765788222 0.00096344532606870692 0.0033852050741113825 0.0020085700094807065 0.0017410268018452021 0.0032190978900982986 0.0019928270604565065 0.002512891875790135 0.0029571984613685834 0.0025012065833724495 0.00096757651966375619 0.0033435871686916872 0.0029230004470599327 0.0028797626019792357 0.0019038009579585057 0.00071880471957630899 0.00095342078120521615 0.0016406575061295959
leaf_weight=10201 125933 2343 26057 28 52132 523 20590 26108 25899 73 10365 10283 4730 236 584 695 130 269 683 2056 2311 2312 36 257 285 235 198 86 252 702
leaf_count=10201 125933 2343 26057 28 52132 523 20590 26108 25899 73 10365 10283 4730 236 584 695 130 269 683 2056 2311 2312 36 257 285 235 198 86 252 702
internal_value=1.00121e-10 0.00334604 0.0035689 0.00364545 0.0036821 0.00272755 0.00276543 0.00355992 0.00363692 0.00271862 0.00264232 0.00272039 0.00276012 0.00158998 0.00386483 0.00236573 0.00263449 0.00296738 0.00230739 0.00238548 0.00265117 0.00272915 0.0019094 0.00386658 0.00340568 0.00340601 0.00134388 0.00154496 0.00136082 0.00147027
internal_weight=326592 200659 147507 135324 131557 53152 51439 78841 52549 12183 30849 20484 11826 1713 52716 3767 7096 333 3434 2751 6966 4623 64 26365 26184 26292 357 284 1190 938
internal_count=326592 200659 147507 135324 131557 53152 51439 78841 52549 12183 30849 20484 11826 1713 52716 3767 7096 333 3434 2751 6966 4623 64 26365 26184 26292 357 284 1190 938
is_linear=0
shrinkage=0.05


Tree=34
num_leaves=31
num_cat=0
split_feature=33 12 11 24 17 24 17 15 15 24 15 15 17 26 26 26 15 15 26 15 15 26 26 26 15 15 26 26 15 15
split_gain=2103.27 9.98475 3.46598 2.30216 1.0687 0.836798 0.429799 0.345332 1.01651 0.252727 0.136481 0.396099 0.103088 0.0538969 0.0432668 0.0393 0.0343528 0.0501785 0.0313987 0.0297448 0.0878791 0.0262233 0.0256677 0.0249362 0.0237584 0.0358544 0.0236558 0.0234423 0.021303 0.0316447
threshold=1.0000000180025095e-35 0.48890000000000006 8.5000000000000018 3.5000000000000004 1.0000000180025095e-35 3.5000000000000004 1.0000000180025095e-35 4.5000000000000009 1.5000000000000002 3.5000000000000004 4.5000000000000009 1.5000000000000002 1.0000000180025095e-35 7.5000000000000009 8.5000000000000018 5.5000000000000009 1.5000000000000002 4.5000000000000009 7.5000000000000009 1.5000000000000002 4.5000000000000009 7.5000000000000009 7.5000000000000009 7.5000000000000009 1.5000000000000002 4.5000000000000009 7.5000000000000009 7.5000000000000009 4.5000000000000009 1.5000000000000002
decision_type=2 2 2 2 2 2 2 2 2 2 2 2 2 2 2 2 2 2 2 2 2 2 2 2 2 2 2 2 2 2
left_child=1 5 9 4 7 6 10 8 18 12 11 23 14 -6 19 -9 -5 26 -4 -3 -21 -12 -10 -1 -7 -26 -18 -8 29 -11
right_child=-2 2 3 16 13 24 27 15 22 28 21 -13 -14 -15 -16 -17 17 -19 -20 20 -22 -23 -24 -25 25 -27 -28 -29 -30 -31
leaf_value=0.0023670724993442734 -0.0050649352371692664 0.0023724224325388709 0.0032401370752415623 0.0018851614291497884 0.003676655523965042 0.00083724626791522358 0.002803328674256326 0.003240261413748142 0.0036786230407282444 0.00050930540609572621 0.0023659220881716912 0.0027966155280347241 0.0028011369363092932 0.0032167790038872138 0.001629853593185544 0.0027588458554581533 0.0029683973269347482 0.0019047395633001803 0.0027040221640651212 0.0028093385226034798 0.0023739071261528848 0.0016567034752700818 0.0031981890000323389 0.001620209339050065 0.0015780594606314329 0.00088645256760101472 0.0023486126227496183 0.0023083288191763827 0.00042199455475544229 0.0017546872915501926
leaf_weight=10187 125933 2343 26070 694 52148 231 20547 25837 26121 70 10345 10372 4739 645 140 431 167 683 276 2311 2324 132 281 113 731 252 1971 242 68 188
leaf_count=10187 125933 2343 26070 694 52148 231 20547 25837 26121 70 10345 10372 4739 645 140 431 167 683 276 2311 2324 132 281 113 731 252 1971 242 68 188
internal_value=2.11241e-11 0.00317874 0.00339046 0.00346318 0.00349686 0.00259117 0.0026215 0.00338048 0.00345425 0.00258269 0.002504 0.00257851 0.00262045 0.00367104 0.00250016 0.00323236 0.00220031 0.00227784 0.00323452 0.00251762 0.00259101 0.00235699 0.00367351 0.00235888 0.00129353 0.00140076 0.00239702 0.00279757 0.00120929 0.00141679
internal_weight=326592 200659 147507 135324 131809 53152 51938 79016 52748 12183 31149 20672 11857 52793 7118 26268 3515 2821 26346 6978 4635 10477 26402 10300 1214 983 2138 20789 326 258
internal_count=326592 200659 147507 135324 131809 53152 51938 79016 52748 12183 31149 20672 11857 52793 7118 26268 3515 2821 26346 6978 4635 10477 26402 10300 1214 983 2138 20789 326 258
is_linear=0
shrinkage=0.05


Tree=35
num_leaves=31
num_cat=0
split_feature=33 12 11 24 17 24 17 15 15 26 15 15 17 26 26 15 15 15 15 26 15 15 26 26 26 15 15 26 26 26
split_gain=1898.2 9.01124 3.12804 2.0777 0.964501 0.75521 0.387894 0.311662 0.917402 0.22826 0.123174 0.357479 0.086127 0.0486419 0.0357847 0.0310034 0.0452861 0.0306246 0.0494798 0.0283373 0.0268042 0.0804634 0.0236666 0.0231651 0.0225292 0.0214419 0.0323586 0.0213493 0.0211567 0.0208013
threshold=1.0000000180025095e-35 0.48890000000000006 8.5000000000000018 3.5000000000000004 1.0000000180025095e-35 3.5000000000000004 1.0000000180025095e-35 4.5000000000000009 1.5000000000000002 8.5000000000000018 4.5000000000000009 1.5000000000000002 1.0000000180025095e-35 7.5000000000000009 7.5000000000000009 1.5000000000000002 4.5000000000000009 4.5000000000000009 1.5000000000000002 7.5000000000000009 1.5000000000000002 4.5000000000000009 7.5000000000000009 7.5000000000000009 6.5000000000000009 1.5000000000000002 4.5000000000000009 7.5000000000000009 7.5000000000000009 5.5000000000000009
decision_type=2 2 2 2 2 2 2 2 2 2 2 2 2 2 2 2 2 2 2 2 2 2 2 2 2 2 2 2 2 2
left_child=1 5 9 4 7 6 10 8 19 12 11 24 20 -6 -9 -5 27 18 -11 -4 -3 -22 -12 -10 -1 -7 29 -17 -8 -27
right_child=-2 2 3 15 13 25 28 14 23 17 22 -13 -14 -15 -16 16 -18 -19 -20 -21 21 -23 -24 -25 -26 26 -28 -29 -30 -31
leaf_value=0.0022488268081666514 -0.0048116885125637056 0.0022512306972328634 0.0030781301606902342 0.0017909033835838046 0.0034928228734339012 0.00079538396875136145 0.0026631622054377208 0.0030774072143629934 0.0034946916846458689 0.00073704638468500769 0.0022476260534745589 0.0026567847082212518 0.0026665115724973818 0.0030559400700090472 0.0025595945658812513 0.0028199774285633406 0.0018095025260923198 0.00070772676263004548 0.0019632152407880756 0.002568821133910746 0.0026672418023393667 0.0022510806860426211 0.001573868302600176 0.0030382794463920848 0.0015480604408116177 0.0025660377169071241 0.00084212990773339122 0.0022311819730518375 0.0021929124293248517 0.0014324764301797354
leaf_weight=10184 125933 2347 26070 694 52148 231 20547 25930 26121 112 10345 10372 4656 645 338 167 683 112 310 276 2316 2330 132 281 116 43 252 1971 242 688
leaf_count=10184 125933 2347 26070 694 52148 231 20547 25930 26121 112 10345 10372 4656 645 338 167 683 112 310 276 2316 2330 132 281 116 43 252 1971 242 688
internal_value=1.96166e-12 0.0030198 0.00322094 0.00329002 0.00332202 0.00246161 0.00249043 0.00321146 0.00328154 0.00245356 0.0023788 0.00244958 0.00249989 0.00348749 0.00307074 0.00209029 0.00216394 0.00144272 0.00163779 0.00307279 0.00238896 0.00245853 0.00223914 0.00348983 0.00224093 0.00122886 0.00133072 0.00227717 0.00265769 0.00149916
internal_weight=326592 200659 147507 135324 131809 53152 51938 79016 52748 12183 31149 20672 11649 52793 26268 3515 2821 534 422 26346 6993 4646 10477 26402 10300 1214 983 2138 20789 731
internal_count=326592 200659 147507 135324 131809 53152 51938 79016 52748 12183 31149 20672 11649 52793 26268 3515 2821 534 422 26346 6993 4646 10477 26402 10300 1214 983 2138 20789 731
is_linear=0
shrinkage=0.05


Tree=36
num_leaves=31
num_cat=0
split_feature=33 12 11 24 17 26 17 15 15 24 15 15 17 24 26 26 26 15 15 26 15 15 26 26 15 15 25 15 15 25
split_gain=1713.12 8.13264 2.82306 1.87512 0.870461 0.681646 0.343033 0.281276 0.827956 0.21216 0.109624 0.320944 0.0838936 0.0736246 0.0438993 0.0333595 0.0323889 0.0279806 0.0408708 0.0255744 0.0242312 0.0715325 0.0209065 0.0193238 0.0175125 0.0257115 0.0143078 0.0136331 0.0218047 0.0134016
threshold=1.0000000180025095e-35 0.48890000000000006 8.5000000000000018 3.5000000000000004 1.0000000180025095e-35 7.5000000000000009 1.0000000180025095e-35 4.5000000000000009 1.5000000000000002 3.5000000000000004 4.5000000000000009 1.5000000000000002 1.0000000180025095e-35 3.5000000000000004 7.5000000000000009 8.5000000000000018 5.5000000000000009 1.5000000000000002 4.5000000000000009 7.5000000000000009 1.5000000000000002 4.5000000000000009 7.5000000000000009 5.5000000000000009 4.5000000000000009 1.5000000000000002 3.5000000000000004 4.5000000000000009 1.5000000000000002 3.5000000000000004
decision_type=2 2 2 2 2 2 2 2 2 2 2 2 2 2 2 2 2 2 2 2 2 2 2 2 2 2 2 2 2 2
left_child=1 5 9 4 7 6 10 8 19 12 11 29 15 -7 -6 20 -9 -5 23 -4 -3 -22 -10 -19 25 -11 -12 28 -15 -1
right_child=-2 2 3 17 14 13 -8 16 22 24 26 -13 -14 27 -16 -17 -18 18 -20 -21 21 -23 -24 -25 -26 -27 -28 -29 -30 -31
leaf_value=0.0021366643709494699 -0.0045711040496826177 0.0021412398537356174 0.0029242237001274526 0.0017013582084945238 0.0033181816400142707 0.0018032149439631108 0.0025292558472575517 0.0029243778476017424 0.0033199573061987488 0.00044266157783567905 0.0021369217655735854 0.0025298930738862761 0.0025284744119560528 0.00077120143871095613 0.0029031430326344433 0.0014927637337573936 0.0024873371995021774 0.0029020637953106098 0.0017190273398448924 0.0024403800168817029 0.0025355095690989173 0.0021426578635019662 0.0028863654607820767 0.0021327281066366682 0.00035869959563783861 0.0015652372759390387 0.0012010318749561544 0.00077538504265248784 0.0013486317777514547 0.00087225873998942834
leaf_weight=10180 125933 2343 26070 694 52148 601 20590 25837 26121 70 10324 10283 4739 217 645 140 431 85 683 276 2311 2324 281 2053 68 188 41 232 663 21
leaf_count=10180 125933 2343 26070 694 52148 601 20590 25837 26121 70 10324 10283 4739 217 645 140 431 85 683 276 2311 2324 281 2053 68 188 41 232 663 21
internal_value=1.70633e-11 0.00286881 0.00305989 0.00312552 0.00315591 0.00233853 0.00237121 0.00305089 0.00311746 0.00233088 0.00226572 0.00233277 0.00236548 0.00135734 0.00331311 0.00225696 0.00291721 0.00198578 0.00205575 0.00291915 0.00227229 0.00233853 0.00331534 0.00216331 0.00107252 0.00126066 0.00213322 0.00111635 0.00120624 0.00213406
internal_weight=326592 200659 147507 135324 131809 53152 51439 79016 52748 12183 30849 20484 11857 1713 52793 7118 26268 3515 2821 26346 6978 4635 26402 2138 326 258 10365 1112 880 10201
internal_count=326592 200659 147507 135324 131809 53152 51439 79016 52748 12183 30849 20484 11857 1713 52793 7118 26268 3515 2821 26346 6978 4635 26402 2138 326 258 10365 1112 880 10201
is_linear=0
shrinkage=0.05


Tree=37
num_leaves=31
num_cat=1
split_feature=33 12 11 24 17 24 17 15 15 24 15 15 17 26 26 26 26 26 15 15 15 15 26 26 26 4 0 15 15 26
split_gain=1546.09 7.33971 2.54781 1.6923 0.78559 0.616599 0.316649 0.253851 0.74723 0.191475 0.100488 0.29158 0.0757141 0.0396192 0.030107 0.0295 0.0257409 0.0230809 0.0218686 0.0645581 0.0208826 0.0333744 0.0202662 0.0193472 0.0188681 0.017644 0.0248113 0.0174424 0.0262447 0.0168418
threshold=1.0000000180025095e-35 0.48890000000000006 8.5000000000000018 3.5000000000000004 1.0000000180025095e-35 3.5000000000000004 1.0000000180025095e-35 4.5000000000000009 1.5000000000000002 3.5000000000000004 4.5000000000000009 1.5000000000000002 1.0000000180025095e-35 7.5000000000000009 8.5000000000000018 7.5000000000000009 7.5000000000000009 7.5000000000000009 1.5000000000000002 4.5000000000000009 4.5000000000000009 1.5000000000000002 7.5000000000000009 7.5000000000000009 7.5000000000000009 39.000000000000007 0 1.5000000000000002 4.5000000000000009 5.5000000000000009
decision_type=2 2 2 2 2 2 2 2 2 2 2 2 2 2 2 2 2 2 2 2 2 2 2 2 2 2 1 2 2 2
left_child=1 5 9 4 7 6 10 8 17 12 11 23 14 -6 18 -9 25 -4 -3 -20 21 -18 -12 -1 -10 26 -5 -7 29 -29
right_child=-2 2 3 16 13 27 -8 15 24 -11 22 -13 -14 -15 -16 -17 20 -19 19 -21 -22 -23 -24 -25 -26 -27 -28 28 -30 -31
leaf_value=0.0020294979968356634 -0.0043425489217042926 0.0020341778081029694 0.0027780125751708448 0.0026131689629477007 0.0031522724867934907 0.00071674847389012984 0.0023987635383967963 0.0027773963201101807 0.0031539594880008051 0.0010188968387929483 0.0020284934856948239 0.0023978502095978304 0.0024020507214400281 0.0027579858125180239 0.0014181256074724453 0.0023072479044765055 0.001600785256970093 0.002318360965590978 0.0024087340290098419 0.0020355248519599361 0.0015897344803762815 0.0020129865021711827 0.0014050141534288274 0.0013716350935927008 0.0027420473062960281 0.0025536747034205949 0.0002644799723797901 0.0023112611541914389 0.0007595651476303973 0.0012912755819808469
leaf_weight=10187 125933 2343 26070 23 52148 231 20789 25930 26121 326 10345 10372 4739 645 140 338 654 276 2311 2324 630 1971 132 113 281 215 22 43 252 688
leaf_count=10187 125933 2343 26070 23 52148 231 20789 25930 26121 326 10345 10372 4739 645 140 338 654 276 2311 2324 630 1971 132 113 281 215 22 43 252 688
internal_value=-1.28312e-11 0.00272537 0.00290689 0.00296924 0.00299812 0.00222161 0.00224764 0.00289834 0.00296159 0.00221433 0.00214679 0.00221072 0.0022472 0.00314746 0.00214411 0.00277135 0.00188649 0.0027732 0.00215867 0.00222161 0.00184825 0.00191029 0.00202064 0.00202228 0.00314958 0.00236524 0.00146492 0.00110771 0.00119959 0.00135127
internal_weight=326592 200659 147507 135324 131809 53152 51938 79016 52748 12183 31149 20672 11857 52793 7118 26268 3515 26346 6978 4635 3255 2625 10477 10300 26402 260 45 1214 983 731
internal_count=326592 200659 147507 135324 131809 53152 51938 79016 52748 12183 31149 20672 11857 52793 7118 26268 3515 26346 6978 4635 3255 2625 10477 10300 26402 260 45 1214 983 731
cat_boundaries=0 1
cat_threshold=1
is_linear=0
shrinkage=0.05


Tree=38
num_leaves=31
num_cat=0
split_feature=33 12 11 25 17 26 17 15 15 25 15 15 17 25 26 26 4 26 26 15 15 15 15 26 26 26 15 15 15 15
split_gain=1395.35 6.62409 2.2994 1.52864 0.70281 0.561566 0.279723 0.223782 0.666719 0.172182 0.0894211 0.261922 0.0668759 0.0464338 0.0332437 0.0323248 0.030708 0.0249442 0.0237003 0.02155 0.0323554 0.0200704 0.0573817 0.0170246 0.0153038 0.0149893 0.0147102 0.0232097 0.0128818 0.0191623
threshold=1.0000000180025095e-35 0.48890000000000006 8.5000000000000018 3.5000000000000004 1.0000000180025095e-35 7.5000000000000009 1.0000000180025095e-35 1.5000000000000002 4.5000000000000009 3.5000000000000004 4.5000000000000009 1.5000000000000002 1.0000000180025095e-35 3.5000000000000004 7.5000000000000009 7.5000000000000009 39.000000000000007 5.5000000000000009 8.5000000000000018 4.5000000000000009 1.5000000000000002 1.5000000000000002 4.5000000000000009 7.5000000000000009 7.5000000000000009 7.5000000000000009 1.5000000000000002 4.5000000000000009 4.5000000000000009 1.5000000000000002
decision_type=2 2 2 2 2 2 2 2 2 2 2 2 2 2 2 2 2 2 2 2 2 2 2 2 2 2 2 2 2 2
left_child=1 5 9 4 7 6 10 25 23 12 11 -1 18 -7 16 -6 17 -5 21 20 -16 -3 -23 -9 -10 -4 -11 -28 29 -15
right_child=-2 2 3 14 15 13 -8 8 24 26 -12 -13 -14 28 19 -17 -18 -19 -20 -21 -22 22 -24 -25 -26 -27 27 -29 -30 -31
leaf_value=0.0019259734914519691 -0.0041254214942455297 0.0019324689974743641 0.002639214878970249 0.0024395660164632967 0.002994693943530094 0.0016126088852135832 0.0022829036675808584 0.0029957771744100791 0.0026396024650000688 0.00038869869129808804 0.0019252565303737425 0.002283561074353679 0.0022819106610015381 0.00074285825865414248 0.0015489067942600885 0.0026206257671742921 0.0025388647867955242 0.0004497433024678483 0.0013703032582998275 0.0015300464425045087 0.0019435319043913356 0.0022882974422478355 0.0019359876578963751 0.0025868282555548136 0.0022711990747535439 0.0022380932365009126 0.0014823717845961302 0.00049862809869092564 0.00072997285400532074 0.0012636582645722946
leaf_weight=10201 125933 2343 26057 28 52132 523 20590 26108 25899 73 10365 10283 4730 236 695 584 269 36 130 683 2056 2311 2312 257 285 235 198 86 252 702
leaf_count=10201 125933 2343 26057 28 52132 523 20590 26108 25899 73 10365 10283 4730 236 695 584 269 36 130 683 2056 2311 2312 257 285 235 198 86 252 702
internal_value=-2.469e-12 0.0025891 0.00276155 0.00282078 0.00284922 0.00211053 0.00214019 0.00275472 0.00281431 0.00210362 0.00204493 0.00210548 0.00213628 0.00121994 0.00182768 0.00299055 0.00230466 0.00132029 0.0020392 0.00178143 0.00184384 0.00205168 0.0021121 0.00299179 0.00263559 0.00263563 0.00102176 0.00118448 0.00104736 0.00113263
internal_weight=326592 200659 147507 135324 131557 53152 51439 78841 52549 12183 30849 20484 11826 1713 3767 52716 333 64 7096 3434 2751 6966 4623 26365 26184 26292 357 284 1190 938
internal_count=326592 200659 147507 135324 131557 53152 51439 78841 52549 12183 30849 20484 11826 1713 3767 52716 333 64 7096 3434 2751 6966 4623 26365 26184 26292 357 284 1190 938
is_linear=0
shrinkage=0.05


Tree=39
num_leaves=31
num_cat=0
split_feature=33 12 11 25 17 25 17 15 15 26 15 15 17 26 26 4 15 15 26 26 15 15 15 15 26 15 15 26 26 26
split_gain=1259.3 5.97824 2.07521 1.3796 0.634286 0.507246 0.253732 0.201964 0.601714 0.155653 0.0796359 0.234171 0.0576655 0.0300025 0.0291732 0.027714 0.022969 0.0364946 0.0225121 0.0204295 0.0194489 0.0292007 0.0178174 0.0533479 0.0153647 0.0139441 0.0207938 0.0138117 0.0135278 0.0114484
threshold=1.0000000180025095e-35 0.48890000000000006 8.5000000000000018 3.5000000000000004 1.0000000180025095e-35 2.5000000000000004 1.0000000180025095e-35 1.5000000000000002 4.5000000000000009 8.5000000000000018 4.5000000000000009 1.5000000000000002 1.0000000180025095e-35 7.5000000000000009 7.5000000000000009 39.000000000000007 4.5000000000000009 1.5000000000000002 5.5000000000000009 5.5000000000000009 4.5000000000000009 1.5000000000000002 1.5000000000000002 4.5000000000000009 7.5000000000000009 1.5000000000000002 4.5000000000000009 7.5000000000000009 7.5000000000000009 7.5000000000000009
decision_type=2 2 2 2 2 2 2 2 2 2 2 2 2 2 2 2 2 2 2 2 2 2 2 2 2 2 2 2 2 2
left_child=1 5 9 4 7 6 10 28 24 12 11 -1 22 15 -6 18 17 -11 -5 -7 21 -15 -3 -24 -9 -21 -27 -10 -4 -13
right_child=-2 2 3 13 14 19 -8 8 27 16 -12 29 -14 20 -16 -17 -18 -19 -20 25 -22 -23 23 -25 -26 26 -28 -29 -30 -31
leaf_value=0.0018279393386770515 -0.0039191503077745443 0.0018336377295887264 0.0025072541071210178 0.0023175877186336689 0.0028449592518264401 0.0017244059073252488 0.0021662653066011422 0.0028459882807079034 0.0025076223215126153 0.0005590748877563913 0.0018274837183905356 0.0021699428844113855 0.0021730371270027925 0.0014714614624867766 0.0024895944584747906 0.0024119215363075743 0.00052718174826752926 0.0016121296049846755 0.00042725614330265673 0.00069730297137115811 0.0014535440821991485 0.0018463552856984537 0.0021725943651442806 0.0018337339232775659 0.0024574869084045118 0.0012369249768508777 0.00073553747994646276 0.0021576391827119023 0.002126188671335261 0.0015906394394331201
leaf_weight=10258 125933 2347 26057 28 52132 113 20712 26108 25899 112 10404 10253 4656 695 584 269 112 310 36 262 683 2056 2316 2330 257 783 281 285 235 86
leaf_count=10258 125933 2347 26057 28 52132 113 20712 26108 25899 112 10404 10253 4656 695 584 269 112 310 36 262 683 2056 2316 2330 257 783 281 285 235 86
internal_value=3.4906e-11 0.00245965 0.00262347 0.00267974 0.00270676 0.002005 0.00203077 0.00261698 0.00267359 0.00199844 0.00194024 0.00199719 0.0020367 0.0017363 0.00284102 0.00218943 0.00116371 0.00133265 0.00125428 0.00107905 0.00169235 0.00175164 0.00194593 0.00200265 0.0028422 0.00102405 0.00110451 0.00250381 0.00250385 0.00216512
internal_weight=326592 200659 147507 135324 131557 53152 51713 78841 52549 12183 31001 20597 11649 3767 52716 333 534 422 64 1439 3434 2751 6993 4646 26365 1326 1064 26184 26292 10339
internal_count=326592 200659 147507 135324 131557 53152 51713 78841 52549 12183 31001 20597 11649 3767 52716 333 534 422 64 1439 3434 2751 6993 4646 26365 1326 1064 26184 26292 10339
is_linear=0
shrinkage=0.05


Tree=40
num_leaves=31
num_cat=0
split_feature=33 12 11 24 17 26 17 15 15 24 15 15 17 24 26 26 26 15 15 26 15 15 26 15 15 26 25 4 25 17
split_gain=1136.52 5.39536 1.87287 1.25381 0.577677 0.462937 0.228045 0.186853 0.549552 0.146115 0.0727893 0.213225 0.05554 0.0473647 0.0279866 0.0214864 0.0206521 0.0190523 0.0279444 0.0163336 0.0161025 0.0473491 0.0145538 0.013274 0.0188003 0.0132184 0.0115188 0.0108483 0.0106622 0.0096189
threshold=1.0000000180025095e-35 0.48890000000000006 8.5000000000000018 3.5000000000000004 1.0000000180025095e-35 7.5000000000000009 1.0000000180025095e-35 4.5000000000000009 1.5000000000000002 3.5000000000000004 4.5000000000000009 1.5000000000000002 1.0000000180025095e-35 3.5000000000000004 7.5000000000000009 5.5000000000000009 8.5000000000000018 1.5000000000000002 4.5000000000000009 6.5000000000000009 1.5000000000000002 4.5000000000000009 7.5000000000000009 4.5000000000000009 1.5000000000000002 7.5000000000000009 3.5000000000000004 39.000000000000007 3.5000000000000004 1.0000000180025095e-35
decision_type=2 2 2 2 2 2 2 2 2 2 2 2 2 2 2 2 2 2 2 2 2 2 2 2 2 2 2 2 2 2
left_child=1 5 9 4 7 6 10 8 19 12 11 28 16 29 -6 -9 20 -5 22 -4 -3 -22 27 24 -11 -10 -12 -19 -1 -7
right_child=-2 2 3 17 14 13 -8 15 25 23 26 -13 -14 -15 -16 -17 -18 18 -20 -21 21 -23 -24 -25 -26 -27 -28 -29 -30 -31
leaf_value=0.0017406606105520356 -0.00372319296002388 0.0017441635858386794 0.0023818664476538461 0.0013790796743034888 0.0027027173022226461 0.0012895401595757036 0.0020605411752379959 0.0023819343318230795 0.0027041953257926302 0.00031855334926928793 0.0017410209207228686 0.0020609768236141651 0.0020598506765240831 0.0009028538464499041 0.002371330768620783 0.0020259703537600501 0.0012376515081684504 0.0013645505157089044 0.001393086261403683 0.0020012830348129858 0.0020652527636789955 0.0017456336164920754 0.0017224844234685105 0.00023276507443584064 0.0012784717346918076 0.0023594253839016813 0.00090128725122024368 0.0024010230978841291 0.00061286509790945624 0.0016974037797921452
leaf_weight=10180 125933 2343 26061 694 52148 359 20590 25837 26121 70 10324 10283 4739 1112 645 431 140 31 683 285 2311 2324 1971 68 188 281 41 136 21 242
leaf_count=10180 125933 2343 26061 694 52148 359 20590 25837 26121 70 10324 10283 4739 1112 645 431 140 31 683 285 2311 2324 1971 68 188 281 41 136 21 242
internal_value=-4.51979e-11 0.00233666 0.0024923 0.00254576 0.00257061 0.00190475 0.00193168 0.00248505 0.00253931 0.00189852 0.00184567 0.0019003 0.00192723 0.00109614 0.00269867 0.00237609 0.00183893 0.00161377 0.00167151 0.00237775 0.00185099 0.00190499 0.00176046 0.000854231 0.00101803 0.00270053 0.0017377 0.00220862 0.00173834 0.00145377
internal_weight=326592 200659 147507 135324 131809 53152 51439 79016 52748 12183 30849 20484 11857 1713 52793 26268 7118 3515 2821 26346 6978 4635 2138 326 258 26402 10365 167 10201 601
internal_count=326592 200659 147507 135324 131809 53152 51439 79016 52748 12183 30849 20484 11857 1713 52793 26268 7118 3515 2821 26346 6978 4635 2138 326 258 26402 10365 167 10201 601
is_linear=0
shrinkage=0.05


Tree=41
num_leaves=31
num_cat=1
split_feature=33 12 12 24 17 26 17 15 15 24 15 15 17 24 26 25 26 15 15 26 15 15 26 15 15 26 26 25 25 6
split_gain=1025.71 4.86931 1.69027 1.13156 0.521352 0.417801 0.205811 0.168634 0.495971 0.131869 0.0656922 0.192436 0.0501248 0.0427467 0.0252579 0.0201519 0.0186386 0.0171947 0.0252198 0.014741 0.0145325 0.0427325 0.0131348 0.0119798 0.0169673 0.0119296 0.0111698 0.0103957 0.0096226 0.0090861
threshold=1.0000000180025095e-35 0.48890000000000006 0.90555000000000019 3.5000000000000004 1.0000000180025095e-35 7.5000000000000009 1.0000000180025095e-35 4.5000000000000009 1.5000000000000002 3.5000000000000004 4.5000000000000009 1.5000000000000002 1.0000000180025095e-35 3.5000000000000004 7.5000000000000009 3.5000000000000004 8.5000000000000018 1.5000000000000002 4.5000000000000009 6.5000000000000009 1.5000000000000002 4.5000000000000009 7.5000000000000009 4.5000000000000009 1.5000000000000002 7.5000000000000009 7.5000000000000009 3.5000000000000004 3.5000000000000004 0
decision_type=2 2 2 2 2 2 2 2 2 2 2 2 2 2 2 2 2 2 2 2 2 2 2 2 2 2 2 2 2 1
left_child=1 5 3 4 7 6 10 8 19 12 11 28 16 -7 -6 26 20 -5 22 -3 -4 -22 29 24 -11 -10 -9 -12 -1 -19
right_child=-2 2 9 17 14 13 -8 15 25 23 27 -13 -14 -15 -16 -17 -18 18 -20 -21 21 -23 -24 -25 -26 -27 -28 -29 -30 -31
leaf_value=0.0016536275846316445 -0.0035370331257581714 0.002262773018054881 0.0016569554676968371 0.0013101256701435026 0.0025675812847416541 0.0013810829025462344 0.0019575141718309878 0.0022631954081761287 0.0025689855418809249 0.00030262568433369908 0.0016539700131023326 0.0019579280294569597 0.0019568581344360514 0.00085771118775489598 0.0022527642692475357 0.0014840870469232045 0.0011757689139007459 0.0013946589696893677 0.0013234319099897347 0.0019012189310109407 0.0019619901380443254 0.0016583521086594374 0.0016363601842899877 0.00022112682516522267 0.0012145481443904501 0.0022414540341687372 0.0019484587307823332 0.00085622289377014808 0.00058222186441222827 0.0022915302797128227
leaf_weight=10180 125933 26061 2343 694 52148 601 20590 25899 26121 70 10324 10283 4739 1112 645 84 140 36 683 285 2311 2324 1971 68 188 281 285 41 21 131
leaf_count=10180 125933 26061 2343 694 52148 601 20590 25899 26121 70 10324 10283 4739 1112 645 84 140 36 683 285 2311 2324 1971 68 188 281 285 41 21 131
internal_value=1.45762e-11 0.00221983 0.00236768 0.00241847 0.00244208 0.00180951 0.00183509 0.0023608 0.00241234 0.00180359 0.00175339 0.00180529 0.00183087 0.00104133 0.00256373 0.00225729 0.00174698 0.00153309 0.00158794 0.00225886 0.00175844 0.00180975 0.00167243 0.00081152 0.000967127 0.0025655 0.00225977 0.00165081 0.00165142 0.00209819
internal_weight=326592 200659 147507 135324 131809 53152 51439 79016 52748 12183 30849 20484 11857 1713 52793 26268 7118 3515 2821 26346 6978 4635 2138 326 258 26402 26184 10365 10201 167
internal_count=326592 200659 147507 135324 131809 53152 51439 79016 52748 12183 30849 20484 11857 1713 52793 26268 7118 3515 2821 26346 6978 4635 2138 326 258 26402 26184 10365 10201 167
cat_boundaries=0 1
cat_threshold=2
is_linear=0
shrinkage=0.05


Tree=42
num_leaves=31
num_cat=0
split_feature=12 22 23 12 21 12 21 24 17 24 17 15 15 24 15 15 17 26 25 26 26 26 26 26 15 15 15 15 15 15
split_gain=515.459 358.389 47.4851 4.48889 2.8151 1.52547 1.46145 1.02123 0.470521 0.377471 0.190378 0.152192 0.447614 0.119011 0.0604547 0.175231 0.0452377 0.0227953 0.0181871 0.0168213 0.0157338 0.0140753 0.0133498 0.0133082 0.0131156 0.0385661 0.0126611 0.0201002 0.0125021 0.0188062
threshold=1.0062500000000003 1.0000000180025095e-35 1.0000000180025095e-35 0.48890000000000006 1.0000000180025095e-35 0.90555000000000019 1.0000000180025095e-35 3.5000000000000004 1.0000000180025095e-35 3.5000000000000004 1.0000000180025095e-35 4.5000000000000009 1.5000000000000002 3.5000000000000004 4.5000000000000009 1.5000000000000002 1.0000000180025095e-35 7.5000000000000009 3.5000000000000004 8.5000000000000018 7.5000000000000009 5.5000000000000009 7.5000000000000009 7.5000000000000009 1.5000000000000002 4.5000000000000009 4.5000000000000009 1.5000000000000002 1.5000000000000002 4.5000000000000009
decision_type=2 2 2 2 2 2 2 2 2 2 2 2 2 2 2 2 2 2 2 2 2 2 2 2 2 2 2 2 2 2
left_child=1 2 3 6 5 7 9 8 11 10 14 12 23 16 15 22 19 -10 -13 24 -9 -16 -1 -5 -7 -26 27 -22 -11 -30
right_child=-2 -3 -4 4 -6 13 -8 20 17 28 -12 18 -14 -15 21 -17 -18 -19 -20 -21 26 -23 -24 -25 25 -27 -28 -29 29 -31
leaf_value=0.0015707072528168564 -0.0033601813018321993 -0.0033601813018321993 -0.0033601813018321993 0.0021495752894302804 -0.0033601813018321993 0.0015741076227396766 -0.0033601813018321993 0.0018307253866134071 0.0024392023736707737 0.00051650558219107823 0.001856585277252602 0.002146781153201242 0.0024372245667776161 0.00077094384483375987 0.0015705314207735803 0.0018558621162680117 0.0018590152490821966 0.0021401260198317756 0.00140988270147881 0.0011169804665925249 0.0012346508410055795 0.0010950101916737196 0.0010242409328311947 0.0018005464826643036 0.0018638905788212049 0.0015754344155402813 0.0012252423897503861 0.0015545421900848549 0.0010536902061779507 0.00055280519235465268
leaf_weight=10187 84576 36927 4064 26070 224 2343 142 260 52148 231 20789 26184 26402 326 10319 10372 4739 645 84 140 654 158 113 276 2311 2324 630 1971 731 252
leaf_count=10187 84576 36927 4064 26070 224 2343 142 260 52148 231 20789 26184 26402 326 10319 10372 4739 645 84 140 654 158 113 276 2311 2324 630 1971 731 252
internal_value=1.00355e-10 0.00117426 0.00199071 0.00209888 0.00224079 0.0022493 0.0017055 0.00229755 0.00231998 0.00171904 0.00173941 0.00224276 0.00229173 0.00171341 0.0016612 0.00171079 0.00173932 0.00243555 0.00214442 0.00165963 0.00145643 0.00156336 0.00156471 0.00214592 0.00167052 0.00171926 0.00142653 0.00147484 0.000847502 0.000925284
internal_weight=326592 242016 205089 201025 147731 147507 53294 135324 131809 53152 51938 79016 52748 12183 31149 20672 11857 52793 26268 7118 3515 10477 10300 26346 6978 4635 3255 2625 1214 983
internal_count=326592 242016 205089 201025 147731 147507 53294 135324 131809 53152 51938 79016 52748 12183 31149 20672 11857 52793 26268 7118 3515 10477 10300 26346 6978 4635 3255 2625 1214 983
is_linear=0
shrinkage=0.05


Tree=43
num_leaves=31
num_cat=1
split_feature=33 12 11 24 17 26 17 15 15 24 15 15 17 24 26 26 26 26 26 15 15 4 0 15 15 15 15 26 25 15
split_gain=835.447 3.96609 1.37673 0.921663 0.424645 0.345059 0.167864 0.137354 0.403972 0.107408 0.0535824 0.157111 0.0408269 0.0334229 0.0205727 0.016977 0.0151812 0.0141998 0.0120268 0.0118368 0.0348059 0.0117283 0.0181347 0.0114267 0.0181404 0.0108118 0.015313 0.0107665 0.00870942 0.00810583
threshold=1.0000000180025095e-35 0.48890000000000006 8.5000000000000018 3.5000000000000004 1.0000000180025095e-35 7.5000000000000009 1.0000000180025095e-35 4.5000000000000009 1.5000000000000002 3.5000000000000004 4.5000000000000009 1.5000000000000002 1.0000000180025095e-35 3.5000000000000004 7.5000000000000009 7.5000000000000009 8.5000000000000018 7.5000000000000009 6.5000000000000009 1.5000000000000002 4.5000000000000009 39.000000000000007 0 4.5000000000000009 1.5000000000000002 4.5000000000000009 1.5000000000000002 7.5000000000000009 3.5000000000000004 4.5000000000000009
decision_type=2 2 2 2 2 2 2 2 2 2 2 2 2 2 2 2 2 2 2 2 2 2 1 2 2 2 2 2 2 2
left_child=1 5 9 4 7 6 10 8 18 12 11 -1 16 -7 -6 -9 19 21 -4 -3 -21 22 -5 24 -19 26 -11 -10 -12 -15
right_child=-2 2 3 17 14 13 -8 15 27 25 28 -13 -14 29 -16 -17 -18 23 -20 20 -22 -23 -24 -25 -26 -27 -28 -29 -30 -31
leaf_value=0.0014903878122359973 -0.0031921725720167162 0.0014954022952282705 0.0020421557352209847 0.001986830819236196 0.0023172421475013442 0.0012353945942673082 0.0017668929512552251 0.0020417927686012622 0.0023186750910886124 0.00024894720675157654 0.0014927932136670095 0.0017673361263283449 0.0017660644149482816 0.0008419212947145835 0.0020331196885469346 0.0016851324309765763 0.0010611314452918512 0.0011729183104117074 0.0017155795756792814 0.0017706961086892761 0.0014966626844742368 0.0018928235357757225 -2.1136146229268476e-05 0.0011639802701889522 0.0014768150653491647 0.00017152329160393602 0.0011152735351525407 0.002007520142478663 0.00076260730033604108 0.00050969352014362812
leaf_weight=10201 125933 2343 26061 23 52148 601 20590 25930 26121 70 10324 10283 4739 880 645 338 140 654 285 2311 2324 215 22 630 1971 68 188 281 41 232
leaf_count=10201 125933 2343 26061 23 52148 601 20590 25930 26121 70 10324 10283 4739 880 645 338 140 654 285 2311 2324 215 22 630 1971 68 188 281 41 232
internal_value=-4.05389e-11 0.0020034 0.00213683 0.00218267 0.00220398 0.00163309 0.00165633 0.00213062 0.00217714 0.00162774 0.00158254 0.00162942 0.00165236 0.000934975 0.00231377 0.0020372 0.00157665 0.00138361 0.00203862 0.00158699 0.0016333 0.00173919 0.00100516 0.00135521 0.0014011 0.000732397 0.000880224 0.00231536 0.0014899 0.000772608
internal_weight=326592 200659 147507 135324 131809 53152 51439 79016 52748 12183 30849 20484 11857 1713 52793 26268 7118 3515 26346 6978 4635 260 45 3255 2625 326 258 26402 10365 1112
internal_count=326592 200659 147507 135324 131809 53152 51439 79016 52748 12183 30849 20484 11857 1713 52793 26268 7118 3515 26346 6978 4635 260 45 3255 2625 326 258 26402 10365 1112
cat_boundaries=0 1
cat_threshold=1
is_linear=0
shrinkage=0.05


Tree=44
num_leaves=31
num_cat=1
split_feature=33 12 11 24 15 15 26 15 15 24 15 15 24 26 25 15 15 26 26 26 26 15 15 26 25 25 15 15 13 6
split_gain=753.991 3.57939 1.2425 0.8318 0.32939 0.542382 0.311416 0.129796 0.211852 0.0969355 0.0324087 0.0539713 0.0301642 0.0282405 0.0158994 0.0129074 0.0189639 0.0126491 0.0116297 0.0108572 0.0105463 0.00975761 0.0138199 0.00891415 0.0080951 0.00786026 0.00763834 0.0123746 0.00580183 0.00797961
threshold=1.0000000180025095e-35 0.48890000000000006 8.5000000000000018 3.5000000000000004 4.5000000000000009 1.5000000000000002 7.5000000000000009 4.5000000000000009 1.5000000000000002 3.5000000000000004 1.5000000000000002 4.5000000000000009 3.5000000000000004 7.5000000000000009 3.5000000000000004 1.5000000000000002 4.5000000000000009 8.5000000000000018 8.5000000000000018 7.5000000000000009 5.5000000000000009 4.5000000000000009 1.5000000000000002 7.5000000000000009 3.5000000000000004 3.5000000000000004 1.5000000000000002 4.5000000000000009 1.5000000000000002 0
decision_type=2 2 2 2 2 2 2 2 2 2 2 2 2 2 2 2 2 2 2 2 2 2 2 2 2 2 2 2 2 1
left_child=1 6 9 4 5 19 7 8 24 10 18 -12 -8 -7 23 -5 20 -13 -3 -4 -17 22 -11 -6 -1 -9 -14 -28 29 -10
right_child=-2 2 3 15 14 13 12 25 28 21 11 17 26 -15 -16 16 -18 -19 -20 -21 -22 -23 -24 -25 -26 -27 27 -29 -30 -31
leaf_value=0.0014178914069115736 -0.0030325638130307198 0.0014206321799123563 0.0019399944179211604 0.0011212555382948274 0.001940606878824796 0.0022018343201795848 0.0011736248699659962 0.0014181535763731707 0.00059939142043605956 0.00023649984771119699 0.0016803202800104021 0.0014218295208240977 0.00046784424457445843 0.0019240838505697818 0.0012485507110665953 0.0019809833979781938 0.0011325876829848458 0.00061804922018200161 0.00061785059515386822 0.0016247401621354665 0.0014126284030155872 0.00016294712721205812 0.0010595098509393792 0.0016594400930038671 0.00043519606725091024 0.00072447694270167415 0.0009084826630299987 0.00048420880921185017 0.0016795789111503636 0.0018464869293181793
leaf_weight=10180 125933 2343 26070 694 25899 78269 601 10324 29 70 7094 2324 217 926 84 85 683 50 46 276 2053 68 188 285 21 41 663 232 30821 23
leaf_count=10180 125933 2343 26070 694 25899 78269 601 10324 29 70 7094 2324 217 926 84 85 683 50 46 276 2053 68 188 285 21 41 663 232 30821 23
internal_value=5.53434e-12 0.00190323 0.00202999 0.00207353 0.00209378 0.00213321 0.00155143 0.00157352 0.00161342 0.00154635 0.00156974 0.00161126 0.000888226 0.00219859 0.00193534 0.00131443 0.00136195 0.0014049 0.00140517 0.00193669 0.00143522 0.000695777 0.000836213 0.00193755 0.00141587 0.00141541 0.000733977 0.000798503 0.00167869 0.00115099
internal_weight=326592 200659 147507 135324 131809 105541 53152 51439 41074 12183 11857 9468 1713 79195 26268 3515 2821 2374 2389 26346 2138 326 258 26184 10201 10365 1112 895 30873 52
internal_count=326592 200659 147507 135324 131809 105541 53152 51439 41074 12183 11857 9468 1713 79195 26268 3515 2821 2374 2389 26346 2138 326 258 26184 10201 10365 1112 895 30873 52
cat_boundaries=0 1
cat_threshold=2
is_linear=0
shrinkage=0.05


Tree=45
num_leaves=31
num_cat=2
split_feature=33 12 11 24 17 26 17 15 15 26 15 15 17 24 26 25 15 15 26 6 0 26 15 15 15 15 26 26 17 25
split_gain=680.477 3.2304 1.12136 0.7507 0.345751 0.281053 0.136692 0.111907 0.329132 0.0879791 0.0436519 0.127993 0.0316858 0.0272232 0.0167055 0.0143492 0.0141779 0.0223503 0.0121338 0.010663 0.0159731 0.00981236 0.00964333 0.0288774 0.00938474 0.0147611 0.00882517 0.00804502 0.00750869 0.00730583
threshold=1.0000000180025095e-35 0.48890000000000006 8.5000000000000018 3.5000000000000004 1.0000000180025095e-35 7.5000000000000009 1.0000000180025095e-35 4.5000000000000009 1.5000000000000002 8.5000000000000018 4.5000000000000009 1.5000000000000002 1.0000000180025095e-35 3.5000000000000004 7.5000000000000009 3.5000000000000004 4.5000000000000009 1.5000000000000002 7.5000000000000009 0 1 6.5000000000000009 1.5000000000000002 4.5000000000000009 4.5000000000000009 1.5000000000000002 7.5000000000000009 7.5000000000000009 1.0000000180025095e-35 3.5000000000000004
decision_type=2 2 2 2 2 2 2 2 2 2 2 2 2 2 2 2 2 2 2 1 1 2 2 2 2 2 2 2 2 2
left_child=1 5 9 4 7 6 10 8 21 12 11 29 22 28 -6 27 17 -11 19 20 -5 -4 -3 -24 25 -20 -10 -9 -7 -1
right_child=-2 2 3 18 14 13 -8 15 26 16 -12 -13 -14 -15 -16 -17 -18 -19 24 -21 -22 -23 23 -25 -26 -27 -28 -29 -30 -31
leaf_value=0.0013469968043443381 -0.0028809355571866035 0.0013479051828578046 0.0018430480991279451 0.0016999136335377038 0.0020912883860201457 0.00096984094301949477 0.0015946083218370388 0.001843576479234704 0.0020926496215373739 0.00036882147750085491 0.00134463920987589 0.001595045951207107 0.0015988638060474673 0.00069727834058454826 0.0018352594665547674 0.001186123191534231 0.00034137798502342775 0.0011929175852527542 0.0010582096372027555 0.0017355771209492069 -8.6737488395142884e-05 0.0015480657121199266 0.0015972786201389319 0.0013479677236003427 0.0010491518305230235 0.0013323428751433005 0.0018109399288415485 0.0015764680086520679 0.0013301992584943525 0.00041343627408856439
leaf_weight=10180 125933 2347 26061 29 52148 359 20590 25899 26121 112 10365 10283 4656 1112 645 84 112 310 654 209 22 285 2316 2330 630 1971 281 285 242 21
leaf_count=10180 125933 2347 26061 29 52148 359 20590 25899 26121 112 10365 10283 4656 1112 645 84 112 310 654 209 22 285 2316 2330 630 1971 281 285 242 21
internal_value=2.71964e-11 0.00180807 0.00192849 0.00196986 0.00198909 0.00147386 0.00149484 0.0019229 0.00196489 0.00146903 0.00142825 0.00147056 0.0014978 0.000843815 0.00208816 0.00183858 0.000841473 0.0009742 0.00124871 0.0015774 0.000929201 0.00183986 0.00143052 0.00147225 0.00122245 0.00126404 0.00208965 0.00184067 0.00111494 0.00134507
internal_weight=326592 200659 147507 135324 131809 53152 51439 79016 52748 12183 30849 20484 11649 1713 52793 26268 534 422 3515 260 51 26346 6993 4646 3255 2625 26402 26184 601 10201
internal_count=326592 200659 147507 135324 131809 53152 51439 79016 52748 12183 30849 20484 11649 1713 52793 26268 534 422 3515 260 51 26346 6993 4646 3255 2625 26402 26184 601 10201
cat_boundaries=0 1 2
cat_threshold=2 1
is_linear=0
shrinkage=0.05


Tree=46
num_leaves=31
num_cat=2
split_feature=33 12 11 24 17 26 17 15 15 24 15 15 17 24 26 25 26 26 6 0 26 15 15 15 15 15 15 26 26 25
split_gain=614.131 2.91544 1.01203 0.677507 0.31204 0.25365 0.123364 0.100996 0.297041 0.0813539 0.0393959 0.115514 0.0298393 0.0245689 0.0150767 0.0129502 0.0109507 0.0102068 0.00962333 0.0144157 0.00885758 0.00870848 0.0255839 0.00846973 0.0133219 0.0080203 0.0112151 0.0079647 0.00726063 0.00709388
threshold=1.0000000180025095e-35 0.48890000000000006 8.5000000000000018 3.5000000000000004 1.0000000180025095e-35 7.5000000000000009 1.0000000180025095e-35 4.5000000000000009 1.5000000000000002 3.5000000000000004 4.5000000000000009 1.5000000000000002 1.0000000180025095e-35 3.5000000000000004 7.5000000000000009 3.5000000000000004 7.5000000000000009 8.5000000000000018 0 1 7.5000000000000009 1.5000000000000002 4.5000000000000009 4.5000000000000009 1.5000000000000002 4.5000000000000009 1.5000000000000002 7.5000000000000009 7.5000000000000009 3.5000000000000004
decision_type=2 2 2 2 2 2 2 2 2 2 2 2 2 2 2 2 2 2 1 1 2 2 2 2 2 2 2 2 2 2
left_child=1 5 9 4 7 6 10 8 20 12 11 -1 17 -7 -6 28 18 21 19 -5 -4 -3 -23 24 -18 26 -11 -10 -9 -12
right_child=-2 2 3 16 14 13 -8 15 27 25 29 -13 -14 -15 -16 -17 23 -19 -20 -21 -22 22 -24 -25 -26 -27 -28 -29 -30 -31
leaf_value=0.0012778212458575261 -0.0027368888258934021 0.0012822053284311571 0.0017508473359962901 0.0016149179303440555 0.0019867239576906778 0.0010591964343541029 0.0015148779812968649 0.0017513977081852811 0.0019880170234331794 0.00020343641351376263 0.001280013944773983 0.0015152937254839377 0.0015142175498080294 0.00066241441103386889 0.0017434965963511505 0.0011268170334265701 0.001005299152829186 0.00092958176841161089 0.0016487982961834902 -8.2400608516763898e-05 0.0014660999357727345 0.0015182813347008181 0.0012833397096125554 0.00099669424787400258 0.0012657257439100851 0.00013329003293834191 0.00094483924851297078 0.0017203929986526322 0.0014976446788039126 0.00062102112555649221
leaf_weight=10201 125933 2343 26070 29 52148 601 20590 25899 26121 70 10324 10283 4739 1112 645 84 654 140 209 22 276 2311 2324 630 1971 68 188 281 285 41
leaf_count=10201 125933 2343 26070 29 52148 601 20590 25899 26121 70 10324 10283 4739 1112 645 84 654 140 209 22 276 2311 2324 630 1971 68 188 281 285 41
internal_value=1.42447e-11 0.00171766 0.00183207 0.00187136 0.00188963 0.00140017 0.0014201 0.00182675 0.00186664 0.00139558 0.00135684 0.00139703 0.00141701 0.000801624 0.00198375 0.00174665 0.00118627 0.00135229 0.00149853 0.000882741 0.00174786 0.00136077 0.00140048 0.00116133 0.00120084 0.000616362 0.000743683 0.00198517 0.00174864 0.00127741
internal_weight=326592 200659 147507 135324 131809 53152 51439 79016 52748 12183 30849 20484 11857 1713 52793 26268 3515 7118 260 51 26346 6978 4635 3255 2625 326 258 26402 26184 10365
internal_count=326592 200659 147507 135324 131809 53152 51439 79016 52748 12183 30849 20484 11857 1713 52793 26268 3515 7118 260 51 26346 6978 4635 3255 2625 326 258 26402 26184 10365
cat_boundaries=0 1 2
cat_threshold=2 1
is_linear=0
shrinkage=0.05


Tree=47
num_leaves=31
num_cat=1
split_feature=33 12 11 24 17 24 17 15 15 24 15 15 17 26 26 26 15 15 26 26 26 6 1 26 15 15 15 15 15 15
split_gain=554.253 2.63118 0.913354 0.61145 0.281617 0.229293 0.114754 0.0911491 0.26808 0.0734219 0.0364805 0.105508 0.0269299 0.0136067 0.0113037 0.0100976 0.0100358 0.0136607 0.00988303 0.00964358 0.00921165 0.00868505 0.0130102 0.00800567 0.0078594 0.0230894 0.00764393 0.012023 0.00723832 0.0101217
threshold=1.0000000180025095e-35 0.48890000000000006 8.5000000000000018 3.5000000000000004 1.0000000180025095e-35 3.5000000000000004 1.0000000180025095e-35 4.5000000000000009 1.5000000000000002 3.5000000000000004 4.5000000000000009 1.5000000000000002 1.0000000180025095e-35 7.5000000000000009 5.5000000000000009 5.5000000000000009 1.5000000000000002 4.5000000000000009 7.5000000000000009 7.5000000000000009 8.5000000000000018 0 42.000000000000007 6.5000000000000009 1.5000000000000002 4.5000000000000009 4.5000000000000009 1.5000000000000002 4.5000000000000009 1.5000000000000002
decision_type=2 2 2 2 2 2 2 2 2 2 2 2 2 2 2 2 2 2 2 2 2 1 2 2 2 2 2 2 2 2
left_child=1 5 9 4 7 6 10 8 23 12 11 19 20 -6 -9 -12 -7 -18 21 -1 24 22 -5 -4 -3 -26 27 -20 29 -11
right_child=-2 2 3 18 13 16 -8 14 -10 28 15 -13 -14 -15 -16 -17 17 -19 26 -21 -22 -23 -24 -25 25 -27 -28 -29 -30 -31
leaf_value=0.0012155829523721586 -0.0026000443845987323 0.0012180950381720341 0.0016633533199107019 -7.8280577145051222e-05 0.0018873877880243358 0.0003543365605123083 0.0014370096299749452 0.0016635512353838479 0.0018859102754953073 0.00019326457953346629 0.0012153864436556272 0.0014364073170899249 0.0014385066141173368 0.0016563216651710429 0.0014053641874645674 0.00081262208073388175 0.00083002151033386242 0.00040312345464906056 0.00095503418336106917 0.0007511260404160857 0.00088310266163067102 0.0015663583687190235 0.0015341720672260072 0.0013969078921435172 0.0014423672757053058 0.0012191727019488978 0.00094685954825272629 0.0012024394866600747 0.00012662553516052226 0.00089759731595899842
leaf_weight=10187 125933 2343 26061 22 52148 231 20789 25837 26402 70 10319 10372 4739 645 431 158 731 252 654 113 140 209 29 285 2311 2324 630 1971 68 188
leaf_count=10187 125933 2343 26061 22 52148 231 20789 25837 26402 70 10319 10372 4739 645 431 158 731 252 654 113 140 209 29 285 2311 2324 630 1971 68 188
internal_value=1.75985e-11 0.00163178 0.00174047 0.0017778 0.00179515 0.00133016 0.00134604 0.00173541 0.00177331 0.0013258 0.00128532 0.00132384 0.00134616 0.00188456 0.00165931 0.00120931 0.000650893 0.000720583 0.00112696 0.00121049 0.00128467 0.00142361 0.000838604 0.00166047 0.00129273 0.00133046 0.00110326 0.0011408 0.000585544 0.000706499
internal_weight=326592 200659 147507 135324 131809 53152 51938 79016 52748 12183 31149 20672 11857 52793 26268 10477 1214 983 3515 10300 7118 260 51 26346 6978 4635 3255 2625 326 258
internal_count=326592 200659 147507 135324 131809 53152 51938 79016 52748 12183 31149 20672 11857 52793 26268 10477 1214 983 3515 10300 7118 260 51 26346 6978 4635 3255 2625 326 258
cat_boundaries=0 1
cat_threshold=2
is_linear=0
shrinkage=0.05


Tree=48
num_leaves=31
num_cat=2
split_feature=33 12 11 24 17 26 17 15 15 24 15 15 17 24 26 25 26 15 15 26 26 6 0 26 26 15 15 15 15 25
split_gain=500.213 2.37464 0.824302 0.551833 0.254159 0.209284 0.100606 0.082262 0.241942 0.0662633 0.0321282 0.0943094 0.0243043 0.0192054 0.0122801 0.0112607 0.00891944 0.00837993 0.0252536 0.00902051 0.00832735 0.00783826 0.0117417 0.00722622 0.00718815 0.00689864 0.0108508 0.00653259 0.0091348 0.00617356
threshold=1.0000000180025095e-35 0.48890000000000006 8.5000000000000018 3.5000000000000004 1.0000000180025095e-35 7.5000000000000009 1.0000000180025095e-35 4.5000000000000009 1.5000000000000002 3.5000000000000004 4.5000000000000009 1.5000000000000002 1.0000000180025095e-35 3.5000000000000004 7.5000000000000009 3.5000000000000004 7.5000000000000009 1.5000000000000002 4.5000000000000009 8.5000000000000018 8.5000000000000018 0 1 7.5000000000000009 7.5000000000000009 4.5000000000000009 1.5000000000000002 4.5000000000000009 1.5000000000000002 3.5000000000000004
decision_type=2 2 2 2 2 2 2 2 2 2 2 2 2 2 2 2 2 2 2 2 2 1 1 2 2 2 2 2 2 2
left_child=1 5 9 4 7 6 10 8 23 12 11 29 17 -7 -6 -9 21 20 -19 -20 -3 22 -5 -4 -10 26 -18 28 -11 -1
right_child=-2 2 3 16 14 13 -8 15 24 27 -12 -13 -14 -15 -16 -17 25 18 19 -21 -22 -23 -24 -25 -26 -27 -28 -29 -30 -31
leaf_value=0.0011549768089234448 -0.002470042183995247 0.0011571902670824803 0.0015801418145299014 0.0014574634778345454 0.0017930183616609195 0.00094769668026196583 0.0013673469444828207 0.001578203443526878 0.001794320737591432 0.00018360135045700839 0.0011528964072791163 0.0013677824254552644 0.001366581315047745 0.00059688722479438563 0.0015735056447659353 0.00099836373923435097 0.00090728248099280974 0.0013750076894658262 0.0011582141003744571 0.0004794436478987336 0.00047788277126686727 0.0014880404362018315 -7.4366551945620989e-05 0.0013229495319335358 0.0015400777852620094 0.00089951660291897868 0.0011423174929741312 0.00012029425295836786 0.00085271743988182326 0.00029680244181127776
leaf_weight=10180 125933 2343 26070 29 52148 601 20590 26184 26121 70 10365 10283 4739 1112 645 84 654 2355 2324 50 46 209 22 276 281 630 1971 68 188 21
leaf_count=10180 125933 2343 26070 29 52148 601 20590 26184 26121 70 10365 10283 4739 1112 645 84 654 2355 2324 50 46 209 22 276 281 630 1971 68 188 21
internal_value=7.19006e-12 0.00155019 0.00165344 0.00168891 0.0017054 0.00126365 0.00128176 0.00164864 0.00168464 0.00125951 0.00122463 0.00126093 0.00127885 0.000719967 0.00179034 0.00157635 0.00107061 0.00122044 0.001259 0.00114392 0.00114411 0.00135243 0.000796674 0.00157745 0.00179161 0.0010481 0.00108376 0.000556267 0.000671174 0.00115321
internal_weight=326592 200659 147507 135324 131809 53152 51439 79016 52748 12183 30849 20484 11857 1713 52793 26268 3515 7118 4729 2374 2389 260 51 26346 26402 3255 2625 326 258 10201
internal_count=326592 200659 147507 135324 131809 53152 51439 79016 52748 12183 30849 20484 11857 1713 52793 26268 3515 7118 4729 2374 2389 260 51 26346 26402 3255 2625 326 258 10201
cat_boundaries=0 1 2
cat_threshold=2 1
is_linear=0
shrinkage=0.05


Tree=49
num_leaves=31
num_cat=2
split_feature=33 12 11 24 17 26 17 15 15 26 15 15 17 24 26 25 15 15 26 6 0 15 26 26 15 15 15 15 15 15
split_gain=451.442 2.14312 0.743932 0.49803 0.229378 0.188879 0.0907968 0.0742417 0.218353 0.0600661 0.0289957 0.0851142 0.0213164 0.0173329 0.0110827 0.0101628 0.00978121 0.0153685 0.00804979 0.00707403 0.0105969 0.00668822 0.00653167 0.00648731 0.00638511 0.0191179 0.00622602 0.00979281 0.00611581 0.0100165
threshold=1.0000000180025095e-35 0.48890000000000006 8.5000000000000018 3.5000000000000004 1.0000000180025095e-35 7.5000000000000009 1.0000000180025095e-35 4.5000000000000009 1.5000000000000002 8.5000000000000018 4.5000000000000009 1.5000000000000002 1.0000000180025095e-35 3.5000000000000004 7.5000000000000009 3.5000000000000004 4.5000000000000009 1.5000000000000002 7.5000000000000009 0 1 2.5000000000000004 6.5000000000000009 7.5000000000000009 1.5000000000000002 4.5000000000000009 4.5000000000000009 1.5000000000000002 1.5000000000000002 4.5000000000000009
decision_type=2 2 2 2 2 2 2 2 2 2 2 2 2 2 2 2 2 2 2 1 1 2 2 2 2 2 2 2 2 2
left_child=1 5 9 4 7 6 10 8 22 12 11 -1 24 -7 -6 -9 17 -11 19 20 -5 -19 -4 -10 -3 -26 27 -20 -15 -30
right_child=-2 2 3 18 14 13 -8 15 23 16 -12 -13 -14 28 -16 -17 -18 21 26 -21 -22 -23 -24 -25 25 -27 -28 -29 29 -31
leaf_value=0.0010955495941845717 -0.0023465400561690332 0.0010978976520144234 0.0015011786723876158 0.0013845902851557937 0.0017033673917078247 0.00090031183693564188 0.0012989795788029782 0.0014992932292919867 0.0017046047559793891 0.00028624377570979831 0.0010952515448125737 0.0012993932669314095 0.0013031994248260312 0.00032890619096359076 0.0014948303642314535 0.00094844558486892371 0.0002626218425575644 0.001294117413815998 0.00086191831845847111 0.0014136384161073342 -7.0648230823942214e-05 0.00080339658641960564 0.0012605089514532634 0.0014630738897679965 0.001300808974615715 0.0010979553260600651 0.00085454080061661813 0.0010852016215148854 0.00072372844239042278 0.0003420132212340832
leaf_weight=10201 125933 2347 26061 29 52148 601 20590 26184 26121 112 10365 10283 4656 217 645 84 112 105 654 209 22 205 285 281 2316 2330 630 1971 663 232
leaf_count=10201 125933 2347 26061 29 52148 601 20590 26184 26121 112 10365 10283 4656 217 645 84 112 105 654 209 22 205 285 281 2316 2330 630 1971 663 232
internal_value=1.04166e-11 0.00147268 0.00157077 0.00160446 0.00162013 0.00120047 0.00121767 0.00156621 0.00160041 0.00119654 0.0011634 0.00119788 0.00122031 0.000683969 0.00170082 0.00149753 0.000677999 0.000788242 0.00101708 0.0012848 0.00075684 0.000969608 0.00149858 0.00170203 0.00116512 0.00119908 0.000995695 0.00102957 0.000567043 0.000624781
internal_weight=326592 200659 147507 135324 131809 53152 51439 79016 52748 12183 30849 20484 11649 1713 52793 26268 534 422 3515 260 51 310 26346 26402 6993 4646 3255 2625 1112 895
internal_count=326592 200659 147507 135324 131809 53152 51439 79016 52748 12183 30849 20484 11649 1713 52793 26268 534 422 3515 260 51 310 26346 26402 6993 4646 3255 2625 1112 895
cat_boundaries=0 1 2
cat_threshold=2 1
is_linear=0
shrinkage=0.05


Tree=50
num_leaves=31
num_cat=0
split_feature=33 12 11 24 17 25 17 16 19 24 16 19 17 26 26 19 18 19 18 26 19 16 26 26 26 26 26 26 26 25
split_gain=407.427 1.93416 0.671399 0.449472 0.207014 0.171215 0.0836522 0.067003 0.197063 0.0556631 0.0257629 0.0765394 0.0197924 0.0100022 0.00958525 0.00816874 0.0135595 0.00733811 0.0110923 0.00744316 0.00683428 0.0205614 0.00712056 0.00659993 0.00655658 0.00611563 0.00589531 0.00585479 0.00542534 0.00537341
threshold=1.0000000180025095e-35 0.48890000000000006 8.5000000000000018 3.5000000000000004 1.0000000180025095e-35 3.5000000000000004 1.0000000180025095e-35 1.0000000180025095e-35 1.0000000180025095e-35 3.5000000000000004 1.0000000180025095e-35 1.0000000180025095e-35 1.0000000180025095e-35 7.5000000000000009 7.5000000000000009 1.0000000180025095e-35 1.0000000180025095e-35 1.0000000180025095e-35 1.0000000180025095e-35 7.5000000000000009 1.0000000180025095e-35 1.0000000180025095e-35 8.5000000000000018 8.5000000000000018 7.5000000000000009 7.5000000000000009 7.5000000000000009 7.5000000000000009 5.5000000000000009 4.5000000000000009
decision_type=2 2 2 2 2 2 2 2 2 2 2 2 2 2 2 2 2 2 2 2 2 2 2 2 2 2 2 2 2 2
left_child=1 5 9 4 7 6 10 14 27 12 25 -12 20 -6 29 16 28 18 19 -5 21 22 -3 -22 -13 -1 -10 -9 -7 -4
right_child=-2 2 3 17 13 15 -8 8 26 -11 11 24 -14 -15 -16 -17 -18 -19 -20 -21 23 -23 -24 -25 -26 -27 -28 -29 -30 -31
leaf_value=0.0010428775023868908 -0.0022292129695415499 0.0010454056046545672 0.0014267667795249482 0.0013785984611116395 0.0016181990597900721 0.0012768132834816758 0.0012325542403170027 0.0016193743996959081 0.0014260799752739105 0.00049216347972239635 0.0012312438412219802 0.0010424504108902631 0.0012336037530284512 0.0014200888425400554 0.0011581092249028958 0.0003276672235106622 0.00035126488552501893 0.00082057259362244654 0.000826641231758921 0.0010309415568778588 0.0010444358811641013 0.0012412231188908126 0.00044234036328271039 0.00043967643236417491 0.0006229419640186144 0.00067140680205609118 0.0011937765887115098 0.0013899202607704653 0.00071711770234834233 0.00064501678147776563
leaf_weight=10324 125933 2324 25908 167 52148 46 20756 26121 26070 326 10353 10180 4739 645 338 257 293 694 683 1971 2343 2355 50 46 94 112 276 281 737 22
leaf_count=10324 125933 2324 25908 167 52148 46 20756 26121 26070 326 10353 10180 4739 645 338 257 293 694 683 1971 2343 2355 50 46 94 112 276 281 737 22
internal_value=3.30359e-11 0.00139905 0.00149223 0.00152424 0.00153912 0.00114044 0.00115484 0.0014879 0.00152039 0.00113671 0.00110291 0.0011353 0.00115443 0.00161578 0.00142266 0.00058093 0.000641422 0.000966226 0.00100206 0.0010581 0.00110172 0.00113654 0.0010327 0.00103279 0.00103861 0.00103889 0.00142365 0.00161693 0.000749999 0.0014261
internal_weight=326592 200659 147507 135324 131809 53152 51819 79016 52748 12183 31063 20627 11857 52793 26268 1333 1076 3515 2821 2138 7118 4729 2374 2389 10274 10436 26346 26402 783 25930
internal_count=326592 200659 147507 135324 131809 53152 51819 79016 52748 12183 31063 20627 11857 52793 26268 1333 1076 3515 2821 2138 7118 4729 2374 2389 10274 10436 26346 26402 783 25930
is_linear=0
shrinkage=0.05


Tree=51
num_leaves=31
num_cat=2
split_feature=33 12 11 24 15 15 26 15 15 24 15 15 26 24 27 26 6 0 26 26 26 15 15 26 25 15 15 25 15 15
split_gain=367.703 1.74558 0.605938 0.405648 0.160635 0.264506 0.155399 0.0634467 0.103677 0.0502359 0.0159809 0.0265734 0.0142464 0.0139305 0.00874397 0.0066665 0.00642888 0.00957736 0.0064263 0.00608769 0.00595644 0.00535429 0.00738528 0.00532908 0.00529307 0.00511744 0.00798323 0.00509385 0.00495597 0.00812886
threshold=1.0000000180025095e-35 0.48890000000000006 8.5000000000000018 3.5000000000000004 4.5000000000000009 1.5000000000000002 7.5000000000000009 4.5000000000000009 1.5000000000000002 3.5000000000000004 1.5000000000000002 4.5000000000000009 7.5000000000000009 3.5000000000000004 34.000000000000007 7.5000000000000009 0 1 8.5000000000000018 7.5000000000000009 8.5000000000000018 4.5000000000000009 1.5000000000000002 6.5000000000000009 3.5000000000000004 4.5000000000000009 1.5000000000000002 3.5000000000000004 1.5000000000000002 4.5000000000000009
decision_type=2 2 2 2 2 2 2 2 2 2 2 2 2 2 2 2 1 1 2 2 2 2 2 2 2 2 2 2 2 2
left_child=1 6 9 4 5 23 7 8 27 10 20 -12 -7 -8 19 16 17 -5 -13 -6 -3 22 -11 -4 -9 26 -17 -1 -15 -30
right_child=-2 2 3 15 14 12 13 24 -10 21 11 18 -14 28 -16 25 -18 -19 -20 -21 -22 -23 -24 -25 -26 -27 -28 -29 29 -31
leaf_value=0.00099032791854707591 -0.0021177524700760841 0.00099221410983446005 0.0013548157417870204 0.0012550271035910682 0.0013554031993834013 0.0015376617452598185 0.00080888129634389084 0.00099073358977784347 0.0011725814433225581 0.00013318191482020276 0.0011743264873035533 0.0009931353114989367 0.0013403872961327272 0.00029573733446269817 0.00070994670836711836 0.00077779381165696759 0.001284371260731842 -0.00012843629400859674 0.00042022335808724167 0.001128118226442161 0.0004176926085441981 7.2854981237255474e-05 0.00073481997762350965 0.0011374278500545444 0.00042149726437722769 0.00077048167394148936 0.00097939443676711225 0.00021080148206757649 0.00065122024467998774 0.00030734930187463765
leaf_weight=10180 125933 2343 26061 29 25917 78269 601 10324 30873 70 7094 2324 926 217 53 654 209 22 50 298 46 68 188 285 41 630 1971 21 663 232
leaf_count=10180 125933 2343 26061 29 25917 78269 601 10324 30873 70 7094 2324 926 217 53 654 209 22 50 298 46 68 188 285 41 630 1971 21 663 232
internal_value=-1.8964e-11 0.0013291 0.00141762 0.00144803 0.00146216 0.0014897 0.00108342 0.00109902 0.00112692 0.00107988 0.00109671 0.00112587 0.00153536 0.000614931 0.00135152 0.000917915 0.00116155 0.000658239 0.000981069 0.00135282 0.000981152 0.000467555 0.000571585 0.00135246 0.000988482 0.000898454 0.000929167 0.000988723 0.000510107 0.000562083
internal_weight=326592 200659 147507 135324 131809 105541 53152 51439 41074 12183 11857 9468 79195 1713 26268 3515 260 51 2374 26215 2389 326 258 26346 10365 3255 2625 10201 1112 895
internal_count=326592 200659 147507 135324 131809 105541 53152 51439 41074 12183 11857 9468 79195 1713 26268 3515 260 51 2374 26215 2389 326 258 26346 10365 3255 2625 10201 1112 895
cat_boundaries=0 1 2
cat_threshold=2 1
is_linear=0
shrinkage=0.05


Tree=52
num_leaves=31
num_cat=0
split_feature=33 12 11 24 17 26 17 15 15 24 15 15 24 17 24 26 27 15 15 26 15 15 26 26 26 17 15 15 26 26
split_gain=331.852 1.57539 0.546859 0.366098 0.16855 0.140586 0.0662969 0.0545906 0.160558 0.0453379 0.0214092 0.0620724 0.0190698 0.0160669 0.00816939 0.00810557 0.00789144 0.00604582 0.00919818 0.00638386 0.00558089 0.0167905 0.00579974 0.00549414 0.00537568 0.00485605 0.00483225 0.00666521 0.00481657 0.0048095
threshold=1.0000000180025095e-35 0.48890000000000006 8.5000000000000018 3.5000000000000004 1.0000000180025095e-35 5.5000000000000009 1.0000000180025095e-35 4.5000000000000009 1.5000000000000002 3.5000000000000004 4.5000000000000009 1.5000000000000002 3.5000000000000004 1.0000000180025095e-35 4.5000000000000009 7.5000000000000009 34.000000000000007 1.5000000000000002 4.5000000000000009 7.5000000000000009 1.5000000000000002 4.5000000000000009 8.5000000000000018 7.5000000000000009 8.5000000000000018 1.0000000180025095e-35 4.5000000000000009 1.5000000000000002 7.5000000000000009 7.5000000000000009
decision_type=2 2 2 2 2 2 2 2 2 2 2 2 2 2 2 2 2 2 2 2 2 2 2 2 2 2 2 2 2 2
left_child=1 5 9 4 7 6 10 8 29 13 11 -1 25 20 -14 -6 23 -5 19 -19 24 -22 -23 -9 -3 -7 27 -11 -10 -4
right_child=-2 2 3 17 15 12 -8 16 28 26 -12 -13 14 -15 -16 -17 -18 18 -20 -21 21 22 -24 -25 -26 -27 -28 -29 -30 -31
leaf_value=0.00094051206569477168 -0.0020118648186326026 0.00094260339447501068 0.0012870389436370553 0.0007398114960723871 0.0014604060054895325 0.00069813872165281645 0.0011143683984730479 0.0012876329985581445 0.0014615226737864806 0.0001265228187133159 0.0009396862643829009 0.0011148416883473066 -0.00029831706532136061 0.0011132073062184139 0.00049991679122302968 0.0012820650177986124 0.00067444935370728658 0.0012523936264078874 0.00074480414161483158 0.00093042474966080414 0.0011204456682307072 0.000943478588684079 0.0003992121666669846 0.001071712305931837 0.00039680797920521837 0.00096287155504693692 6.9212229401968857e-05 0.00069807899243971145 0.0012534048613757427 0.0010772163611904217
leaf_weight=10174 125933 2343 26070 694 52148 428 20525 25917 26121 70 10333 10251 33 4739 1117 645 53 167 683 1971 2355 2324 50 298 46 291 68 188 281 276
leaf_count=10174 125933 2343 26070 694 52148 428 20525 25917 26121 70 10333 10251 33 4739 1117 645 53 167 683 1971 2355 2324 50 298 46 291 68 188 281 276
internal_value=-2.74897e-12 0.00126264 0.00134674 0.00137563 0.00138905 0.00102925 0.00104478 0.00134284 0.00137217 0.00102588 0.000998335 0.00102801 0.000603297 0.00104188 0.000477011 0.00145823 0.00128395 0.000872019 0.000904544 0.000955574 0.000994384 0.00102585 0.000932016 0.00128518 0.000932094 0.000805284 0.000444178 0.000543006 0.00145931 0.00128484
internal_weight=326592 200659 147507 135324 131809 53152 51283 79016 52748 12183 30758 20425 1869 11857 1150 52793 26268 3515 2821 2138 7118 4729 2374 26215 2389 719 326 258 26402 26346
internal_count=326592 200659 147507 135324 131809 53152 51283 79016 52748 12183 30758 20425 1869 11857 1150 52793 26268 3515 2821 2138 7118 4729 2374 26215 2389 719 326 258 26402 26346
is_linear=0
shrinkage=0.05


Tree=53
num_leaves=31
num_cat=2
split_feature=33 12 12 24 17 26 17 15 15 24 15 15 17 24 26 27 26 6 0 15 15 26 26 26 17 15 15 15 15 26
split_gain=299.496 1.42179 0.49354 0.330403 0.152117 0.127141 0.0602666 0.0492681 0.144903 0.0409175 0.0192726 0.0566426 0.0145003 0.0112343 0.00731527 0.00712202 0.00551273 0.00584115 0.00865557 0.00503674 0.0151534 0.00523426 0.00495846 0.00485155 0.00475878 0.00446922 0.00735253 0.0043611 0.00601535 0.00434792
threshold=1.0000000180025095e-35 0.48890000000000006 0.90555000000000019 3.5000000000000004 1.0000000180025095e-35 7.5000000000000009 1.0000000180025095e-35 4.5000000000000009 1.5000000000000002 3.5000000000000004 4.5000000000000009 1.5000000000000002 1.0000000180025095e-35 3.5000000000000004 7.5000000000000009 34.000000000000007 7.5000000000000009 0 1 1.5000000000000002 4.5000000000000009 8.5000000000000018 7.5000000000000009 8.5000000000000018 1.0000000180025095e-35 1.5000000000000002 4.5000000000000009 4.5000000000000009 1.5000000000000002 6.5000000000000009
decision_type=2 2 2 2 2 2 2 2 2 2 2 2 2 2 2 2 2 1 1 2 2 2 2 2 2 2 2 2 2 2
left_child=1 5 3 4 7 6 10 8 29 12 11 -1 19 24 -6 22 17 18 -5 23 -21 -22 -9 -4 -7 -15 -27 28 -11 -3
right_child=-2 2 9 16 14 13 -8 15 -10 27 -12 -13 -14 25 -16 -17 -18 -19 -20 20 21 -23 -24 -25 -26 26 -28 -29 -30 -31
leaf_value=0.00089231982971025312 -0.0019112715497612955 0.0012227230014646212 0.00089547325679304964 0.0011375582696677284 0.0013873857520170826 0.00061268475591555287 0.0010581458162022426 0.0012232513233766873 0.0013863422657050513 0.00012019668206838625 0.00089212809918467204 0.001058610380237496 0.0010575469058753003 0.00025632248253643102 0.0012179618041471456 0.00064072690306688255 0.00081072110664485726 0.0011670417972265534 -0.00017764440589499746 0.0010644233558176684 0.00089630458793296718 0.00037925156857818366 0.0010181267020736365 0.00037696759429071909 0.00089956457988351344 0.00059402459845379516 0.00026698599103838208 6.5751620979212659e-05 0.0006631750385574205 0.0010263643374568538
leaf_weight=10201 125933 26061 2343 29 52148 359 20590 25917 26402 70 10365 10283 4739 217 645 53 3255 209 22 2355 2324 50 298 46 242 663 232 68 188 285
leaf_count=10201 125933 26061 2343 29 52148 359 20590 25917 26402 70 10365 10283 4739 217 645 53 3255 209 22 2355 2324 50 298 46 242 663 232 68 188 285
internal_value=1.78432e-11 0.00119951 0.0012794 0.00130684 0.0013196 0.000977789 0.000991901 0.0012757 0.00130356 0.000974588 0.000947686 0.000975798 0.000989782 0.000554028 0.00138532 0.00121975 0.000828418 0.00104997 0.000570216 0.000944665 0.000974559 0.000885415 0.00122092 0.000885489 0.0007282 0.000459893 0.00050925 0.000421969 0.000515855 0.0012206
internal_weight=326592 200659 147507 135324 131809 53152 51439 79016 52748 12183 30849 20484 11857 1713 52793 26268 3515 260 51 7118 4729 2374 26215 2389 601 1112 895 326 258 26346
internal_count=326592 200659 147507 135324 131809 53152 51439 79016 52748 12183 30849 20484 11857 1713 52793 26268 3515 260 51 7118 4729 2374 26215 2389 601 1112 895 326 258 26346
cat_boundaries=0 1 2
cat_threshold=2 1
is_linear=0
shrinkage=0.05


Tree=54
num_leaves=31
num_cat=0
split_feature=33 12 11 24 17 24 17 15 15 26 15 15 17 26 25 26 15 15 15 15 15 26 15 15 26 25 26 4 15 15
split_gain=270.295 1.28316 0.44542 0.298189 0.137285 0.115172 0.0563382 0.0444644 0.130775 0.0370801 0.0179567 0.0519043 0.0130552 0.00660204 0.00654295 0.00618132 0.00598632 0.00936884 0.00616449 0.00598429 0.00816499 0.00585591 0.0054177 0.00834244 0.0053473 0.00438828 0.00434695 0.00410773 0.00379468 0.0113665
threshold=1.0000000180025095e-35 0.48890000000000006 8.5000000000000018 3.5000000000000004 1.0000000180025095e-35 3.5000000000000004 1.0000000180025095e-35 4.5000000000000009 1.5000000000000002 8.5000000000000018 4.5000000000000009 1.5000000000000002 1.0000000180025095e-35 7.5000000000000009 3.5000000000000004 5.5000000000000009 4.5000000000000009 1.5000000000000002 2.5000000000000004 1.5000000000000002 4.5000000000000009 7.5000000000000009 1.5000000000000002 4.5000000000000009 7.5000000000000009 4.5000000000000009 7.5000000000000009 39.000000000000007 1.5000000000000002 4.5000000000000009
decision_type=2 2 2 2 2 2 2 2 2 2 2 2 2 2 2 2 2 2 2 2 2 2 2 2 2 2 2 2 2 2
left_child=1 5 9 4 7 6 10 8 25 12 11 21 28 -6 -9 -12 17 -11 -19 -7 -21 -1 -5 24 27 -4 -10 -24 -3 -30
right_child=-2 2 3 22 13 19 -8 14 26 16 15 -13 -14 -15 -16 -17 -18 18 -20 20 -22 -23 23 -25 -26 -27 -28 -29 29 -31
leaf_value=0.00084910158917623807 -0.0018157079815864564 0.00084952225017392684 0.0011605679409260456 0.00066184564184944977 0.0013180164691382282 0.00021848648048743797 0.0010038949775723362 0.0011601748851909289 0.0013191294118791682 0.00021274009715333315 0.00084903614144447035 0.0010035884360173294 0.0010094045153122933 0.0011570636932413246 0.00071818449345993857 0.00053391206016339639 0.00019348616032013007 0.0010578396490642003 0.00058672379384317049 0.00058591004496723136 0.00025587084607058577 0.00048717263698643811 0.00061864072622190569 0.0006656583461986847 0.00084336741790454217 0.0007427693174649326 0.001121417461195132 0.0012564325157333823 0.0010059647474016525 0.00084955064534877184
leaf_weight=10187 125933 2347 26283 694 52148 231 20789 26184 26121 112 10319 10372 4656 645 84 158 112 105 205 731 252 113 31 683 1971 63 281 136 2316 2330
leaf_count=10187 125933 2347 26283 694 52148 231 20789 26184 26121 112 10319 10372 4656 645 84 158 112 105 205 731 252 113 31 683 1971 63 281 136 2316 2330
internal_value=5.92735e-12 0.00113953 0.00121543 0.0012415 0.00125362 0.000928899 0.000940152 0.00121191 0.00123838 0.000925858 0.000897609 0.000924636 0.000944535 0.00131605 0.00115876 0.000844284 0.000518444 0.000604688 0.000746295 0.000447488 0.000501302 0.000845131 0.000786997 0.000817786 0.000866384 0.00115957 0.00131703 0.00113804 0.000901344 0.000927522
internal_weight=326592 200659 147507 135324 131809 53152 51938 79016 52748 12183 31149 20672 11649 52793 26268 10477 534 422 310 1214 983 10300 3515 2821 2138 26346 26402 167 6993 4646
internal_count=326592 200659 147507 135324 131809 53152 51938 79016 52748 12183 31149 20672 11649 52793 26268 10477 534 422 310 1214 983 10300 3515 2821 2138 26346 26402 167 6993 4646
is_linear=0
shrinkage=0.05


Tree=55
num_leaves=31
num_cat=0
split_feature=11 22 23 12 21 11 21 24 17 26 17 15 15 24 15 15 24 17 26 26 26 15 15 26 15 15 26 25 26 25
split_gain=135.834 94.4426 12.5133 1.18291 0.741836 0.401991 0.385121 0.269115 0.1239 0.105084 0.0487869 0.0401291 0.118025 0.0343791 0.0157814 0.0457017 0.0137463 0.0118033 0.00786722 0.00598281 0.00595833 0.00488947 0.00752905 0.00482594 0.004107 0.0123338 0.00411405 0.00396043 0.00392313 0.003902
threshold=-1.0000000180025095e-35 1.0000000180025095e-35 1.0000000180025095e-35 0.48890000000000006 1.0000000180025095e-35 8.5000000000000018 1.0000000180025095e-35 3.5000000000000004 1.0000000180025095e-35 5.5000000000000009 1.0000000180025095e-35 4.5000000000000009 1.5000000000000002 3.5000000000000004 4.5000000000000009 1.5000000000000002 3.5000000000000004 1.0000000180025095e-35 6.5000000000000009 7.5000000000000009 7.5000000000000009 1.5000000000000002 4.5000000000000009 7.5000000000000009 1.5000000000000002 4.5000000000000009 8.5000000000000018 4.5000000000000009 7.5000000000000009 4.5000000000000009
decision_type=2 2 2 2 2 2 2 2 2 2 2 2 2 2 2 2 2 2 2 2 2 2 2 2 2 2 2 2 2 2
left_child=-1 2 3 6 5 13 9 8 11 10 14 12 27 17 15 -2 -11 24 -18 29 -10 -9 23 -23 -5 -26 -27 -7 -14 -13
right_child=1 -3 -4 4 -6 7 -8 21 20 16 -12 19 28 -15 -16 -17 18 -19 -20 -21 -22 22 -24 -25 25 26 -28 -29 -30 -31
leaf_value=-0.0017249224707484247 0.00080643709255036409 -0.0017249224707484247 -0.0017249224707484247 0.00079935188445174124 -0.0017249224707484247 0.0011025395596081916 -0.0017249224707484247 0.00062875337769567261 0.0012521156185503275 0.00068567996768226463 0.00095557541029933895 0.0011041130000368504 0.0012531729608090767 0.00037301927658534993 0.00080568389065774945 0.00095602222517970057 -0.00047031032480299476 0.00095463192468109358 0.00042646409266938767 0.00089182072765463911 0.0010992105381722138 0.0010811380109286863 0.00063237539747536275 0.00080119905582728848 0.00096085550421710474 0.00080901190682423343 0.00035061468230560423 0.00070563085111124187 0.0010653466211625266 0.00043794038197533656
leaf_weight=84576 10174 36927 4064 2389 224 26283 142 694 52148 719 20525 25908 26121 326 10333 10251 25 4739 1125 338 645 167 683 1971 2355 2324 50 63 281 22
leaf_count=84576 10174 36927 4064 2389 224 26283 142 694 52148 719 20525 25908 26121 326 10333 10251 25 4739 1125 338 645 167 683 1971 2355 2324 50 63 281 22
internal_value=4.87657e-11 0.000602799 0.00102191 0.00107744 0.00115029 0.00115466 0.000875507 0.00117943 0.00119094 0.000882454 0.000895876 0.00115132 0.00117646 0.000879565 0.000856038 0.000881512 0.000514188 0.000893493 0.000406969 0.00110082 0.00125025 0.000747647 0.000776897 0.000823065 0.000852787 0.000879782 0.000799357 0.00110159 0.00125117 0.00110355
internal_weight=326592 242016 205089 201025 147731 147507 53294 135324 131809 53152 51283 79016 52748 12183 30758 20425 1869 11857 1150 26268 52793 3515 2821 2138 7118 4729 2374 26346 26402 25930
internal_count=326592 242016 205089 201025 147731 147507 53294 135324 131809 53152 51283 79016 52748 12183 30758 20425 1869 11857 1150 26268 52793 3515 2821 2138 7118 4729 2374 26346 26402 25930
is_linear=0
shrinkage=0.05


Tree=56
num_leaves=31
num_cat=0
split_feature=33 12 11 24 17 26 17 15 15 24 15 15 17 24 27 26 15 15 26 26 27 17 4 15 15 26 26 26 15 15
split_gain=220.157 1.04514 0.362797 0.242877 0.11182 0.0950638 0.044386 0.0362165 0.106517 0.0310272 0.0141874 0.0417773 0.0106525 0.0078321 0.00556924 0.0053774 0.00441275 0.00679497 0.00435541 0.00396018 0.00383468 0.00378229 0.00370723 0.00370657 0.0111313 0.00383079 0.00371293 0.00364268 0.00358844 0.00488231
threshold=1.0000000180025095e-35 0.48890000000000006 8.5000000000000018 3.5000000000000004 1.0000000180025095e-35 7.5000000000000009 1.0000000180025095e-35 4.5000000000000009 1.5000000000000002 3.5000000000000004 4.5000000000000009 1.5000000000000002 1.0000000180025095e-35 3.5000000000000004 34.000000000000007 7.5000000000000009 1.5000000000000002 4.5000000000000009 7.5000000000000009 7.5000000000000009 34.000000000000007 1.0000000180025095e-35 39.000000000000007 1.5000000000000002 4.5000000000000009 8.5000000000000018 8.5000000000000018 7.5000000000000009 4.5000000000000009 1.5000000000000002
decision_type=2 2 2 2 2 2 2 2 2 2 2 2 2 2 2 2 2 2 2 2 2 2 2 2 2 2 2 2 2 2
left_child=1 5 9 4 7 6 10 8 27 12 11 20 23 21 19 -6 -5 18 22 -9 -1 -7 -18 25 -25 -3 -26 -4 29 -11
right_child=-2 2 3 16 15 13 -8 14 -10 28 -12 -13 -14 -15 -16 -17 17 -19 -20 -21 -22 -23 -24 24 26 -27 -28 -29 -30 -31
leaf_value=0.00076637577062011472 -0.0016386764124035837 0.00076825585044567473 0.0010484239323394059 0.00059731569783111251 0.0011895098771561021 0.00051434924988164293 0.00090738522729032634 0.0010489013090657269 0.0011886151259744993 8.3079497895336581e-05 0.0007649214192618402 0.00090782959319848217 0.0009069003386839229 0.00039330754605399973 0.00053375677363771317 0.0010442499820749428 0.00053365180745810993 0.00060075666553628573 0.0007611391147908593 0.00086558469111762393 7.3355820495635279e-05 0.00077010758071060278 0.0011395539848736544 0.00091281276330699838 0.00076856126249591527 0.00030751461061932469 0.00033308395277708772 0.00086581875718590151 3.1244364371934136e-05 0.00057225471753825214
leaf_weight=10181 125933 2343 26070 694 52148 359 20590 25917 26402 70 10365 10283 4739 1112 53 645 31 683 1971 298 20 242 136 2355 2324 46 50 276 68 188
leaf_count=10181 125933 2343 26070 694 52148 359 20590 25917 26402 70 10365 10283 4739 1112 53 645 31 683 1971 298 20 242 136 2355 2324 46 50 276 68 188
internal_value=2.19104e-11 0.00102843 0.00109693 0.00112046 0.00113139 0.000838332 0.000850534 0.00109375 0.00111764 0.000835587 0.000812589 0.000836709 0.000848818 0.000471906 0.00104578 0.00118774 0.000710265 0.000738052 0.000781912 0.00104682 0.000765017 0.000617333 0.00102708 0.000810148 0.000835793 0.000759384 0.000759389 0.00104651 0.000354368 0.000439533
internal_weight=326592 200659 147507 135324 131809 53152 51439 79016 52748 12183 30849 20484 11857 1713 26268 52793 3515 2821 2138 26215 10201 601 167 7118 4729 2389 2374 26346 326 258
internal_count=326592 200659 147507 135324 131809 53152 51439 79016 52748 12183 30849 20484 11857 1713 26268 52793 3515 2821 2138 26215 10201 601 167 7118 4729 2389 2374 26346 326 258
is_linear=0
shrinkage=0.05


Tree=57
num_leaves=31
num_cat=0
split_feature=33 12 11 24 17 26 17 15 15 25 15 15 24 17 24 27 26 26 15 15 26 26 15 15 25 15 15 26 15 15
split_gain=198.692 0.943242 0.327425 0.219196 0.100917 0.0859004 0.0397354 0.0326854 0.0961318 0.0281086 0.0128533 0.0372217 0.0112717 0.00928176 0.0074117 0.00502624 0.0048531 0.00409975 0.00384563 0.00612913 0.00357406 0.00354062 0.00345378 0.00535126 0.0034478 0.00343365 0.00953568 0.00317418 0.00314325 0.00507296
threshold=1.0000000180025095e-35 0.48890000000000006 8.5000000000000018 3.5000000000000004 1.0000000180025095e-35 5.5000000000000009 1.0000000180025095e-35 4.5000000000000009 1.5000000000000002 2.5000000000000004 4.5000000000000009 1.5000000000000002 3.5000000000000004 1.0000000180025095e-35 4.5000000000000009 34.000000000000007 7.5000000000000009 5.5000000000000009 4.5000000000000009 1.5000000000000002 7.5000000000000009 7.5000000000000009 1.5000000000000002 4.5000000000000009 4.5000000000000009 1.5000000000000002 4.5000000000000009 8.5000000000000018 4.5000000000000009 1.5000000000000002
decision_type=2 2 2 2 2 2 2 2 2 2 2 2 2 2 2 2 2 2 2 2 2 2 2 2 2 2 2 2 2 2
left_child=1 5 9 4 7 6 10 8 24 13 11 -1 -7 25 -14 20 -6 -5 19 -16 -9 -10 -19 -24 -4 27 -27 -3 29 -11
right_child=-2 2 3 17 16 12 -8 15 21 28 -12 -13 14 -15 18 -17 -18 22 -20 -21 -22 -23 23 -25 -26 26 -28 -29 -30 -31
leaf_value=0.00072783391145725309 -0.0015567425638437272 0.00072984307731302619 0.00099507091089512498 0.00094920333318469188 0.0011300343164474629 0.00061874674126034368 0.00086242732050149148 0.00099645620932811252 0.0011310835561998626 8.5217865943041171e-05 0.00072715365340332756 0.00086282961807437127 -0.00037213176926315734 0.00086133021609377048 0.00020533586360840344 0.00050706892221603754 0.00099203747762150558 0.00056339917293585402 0.00020845152199902434 0.00051136520108264083 0.00082230547524288601 0.000952648569156956 0.00072906708052899929 0.00056454794633040595 0.00062473956421608967 0.00086682146797296901 0.00072451932988507224 0.00029633186519319236 9.6855683709848035e-05 0.00057219192245975138
leaf_weight=10174 125933 2343 26283 131 52148 719 20525 25917 26121 73 10333 10251 33 4728 217 53 645 680 235 665 298 281 2053 651 63 2354 2355 43 87 200
leaf_count=10174 125933 2343 26283 131 52148 719 20525 25917 26121 73 10333 10251 33 4728 217 53 645 680 235 665 298 281 2053 651 63 2354 2355 43 87 200
internal_value=1.89441e-11 0.000977007 0.00104208 0.00106443 0.00107482 0.000796415 0.00080855 0.00103906 0.00106176 0.000793808 0.000772597 0.000795586 0.000463457 0.00080706 0.000366367 0.000993493 0.00112835 0.000674752 0.000388184 0.000436072 0.000994477 0.00112918 0.000664127 0.000689458 0.000994185 0.000770896 0.000795655 0.00072203 0.000358571 0.000441975
internal_weight=326592 200659 147507 135324 131809 53152 51283 79016 52748 12183 30758 20425 1869 11823 1150 26268 52793 3515 1117 882 26215 26402 3384 2704 26346 7095 4709 2386 360 273
internal_count=326592 200659 147507 135324 131809 53152 51283 79016 52748 12183 30758 20425 1869 11823 1150 26268 52793 3515 1117 882 26215 26402 3384 2704 26346 7095 4709 2386 360 273
is_linear=0
shrinkage=0.05


Tree=58
num_leaves=31
num_cat=0
split_feature=33 12 11 24 17 24 17 15 15 24 15 15 17 15 15 27 15 15 15 15 13 15 15 15 15 27 11 27 15 8
split_gain=179.319 0.851276 0.295501 0.197825 0.0910778 0.0771099 0.0375912 0.0294986 0.0867589 0.0254574 0.0119705 0.0346557 0.00867689 0.00479929 0.00669838 0.00453618 0.00360738 0.00559173 0.00302348 0.00905701 0.002984 0.00295834 0.00395665 0.00270818 0.00267164 0.00253716 0.00252036 0.002455 0.00239508 0.00164723
threshold=1.0000000180025095e-35 0.48890000000000006 8.5000000000000018 3.5000000000000004 1.0000000180025095e-35 3.5000000000000004 1.0000000180025095e-35 4.5000000000000009 1.5000000000000002 3.5000000000000004 4.5000000000000009 1.5000000000000002 1.0000000180025095e-35 1.5000000000000002 4.5000000000000009 34.000000000000007 1.5000000000000002 4.5000000000000009 1.5000000000000002 4.5000000000000009 2.5000000000000004 4.5000000000000009 1.5000000000000002 2.5000000000000004 2.5000000000000004 12.500000000000002 41.000000000000007 34.000000000000007 2.5000000000000004 75.000000000000014
decision_type=2 2 2 2 2 2 2 2 2 2 2 2 2 2 2 2 2 2 2 2 2 2 2 2 2 2 2 2 2 2
left_child=1 5 9 4 7 6 10 8 27 12 11 25 18 -7 24 -9 -5 28 -3 -20 -12 22 -11 -24 -15 -1 -10 -4 -18 -17
right_child=-2 2 3 16 -6 13 -8 15 26 21 20 -13 -14 14 -16 29 17 -19 19 -21 -22 -23 23 -25 -26 -27 -28 -29 -30 -31
leaf_value=0.00069163532813026462 -0.0014789055101573469 0.00068535358324770142 0.00094515489703853994 0.00053889081891899879 0.001071930969877066 0.00015760442661323074 0.0008178701347932761 0.00094475274685121573 0.0010706119118966632 7.4664625904655892e-05 0.00035489923807222458 0.00081763095482810337 0.00081852232635659531 0.00062380690645441974 0.00018857664813006682 0.00020817998382780288 0.00078129485333120721 0.00054159030689152933 0.00082383729343454804 0.00068544519179765048 0.00068965255818038995 2.4839360840440566e-05 0.00077304307329045113 0.00037545284912845149 0.00042047252146793271 0.00051135275016852362 0.0011856539269006743 0.00060126220610422589 0.00066876700108151564 0.00076577159791038586
leaf_weight=10101 125933 2389 26294 694 52793 231 20789 26215 25917 70 67 10372 4739 241 252 27 706 683 2355 2374 10410 68 66 122 490 199 485 52 1432 26
leaf_count=10101 125933 2389 26294 694 52793 231 20789 26215 25917 70 67 10372 4739 241 252 27 706 683 2355 2374 10410 68 66 122 490 199 485 52 1432 26
internal_value=4.9954e-12 0.000928157 0.000989977 0.00101121 0.00102108 0.000756594 0.000765802 0.00098711 0.00100867 0.000754117 0.000731051 0.000753117 0.000766102 0.000362683 0.000410875 0.000943818 0.000641014 0.000666138 0.000731202 0.000754363 0.000687512 0.000318226 0.000395553 0.000515032 0.000487509 0.000688152 0.00107273 0.000944476 0.000705925 0.000481715
internal_weight=326592 200659 147507 135324 131809 53152 51938 79016 52748 12183 31149 20672 11857 1214 983 26268 3515 2821 7118 4729 10477 326 258 188 731 10300 26402 26346 2138 53
internal_count=326592 200659 147507 135324 131809 53152 51938 79016 52748 12183 31149 20672 11857 1214 983 26268 3515 2821 7118 4729 10477 326 258 188 731 10300 26402 26346 2138 53
is_linear=0
shrinkage=0.05


Tree=59
num_leaves=31
num_cat=0
split_feature=11 22 23 12 21 11 21 24 17 26 17 15 15 26 15 15 17 24 26 25 15 15 15 25 26 26 25 17 26 13
split_gain=90.1149 62.6551 8.30157 0.784768 0.492149 0.266689 0.255497 0.178537 0.0821977 0.0714479 0.0326583 0.0266225 0.0782998 0.0240116 0.010427 0.0307679 0.00796696 0.00529098 0.00437992 0.00423793 0.0039534 0.00614003 0.00536307 0.00392935 0.00369395 0.00319918 0.00315018 0.00313754 0.00308699 0.00302426
threshold=-1.0000000180025095e-35 1.0000000180025095e-35 1.0000000180025095e-35 0.48890000000000006 1.0000000180025095e-35 8.5000000000000018 1.0000000180025095e-35 3.5000000000000004 1.0000000180025095e-35 7.5000000000000009 1.0000000180025095e-35 4.5000000000000009 1.5000000000000002 8.5000000000000018 4.5000000000000009 1.5000000000000002 1.0000000180025095e-35 3.5000000000000004 7.5000000000000009 3.5000000000000004 4.5000000000000009 1.5000000000000002 2.5000000000000004 3.5000000000000004 5.5000000000000009 7.5000000000000009 3.5000000000000004 1.0000000180025095e-35 7.5000000000000009 1.5000000000000002
decision_type=2 2 2 2 2 2 2 2 2 2 2 2 2 2 2 2 2 2 2 2 2 2 2 2 2 2 2 2 2 2
left_child=-1 2 3 6 5 13 9 8 11 10 14 12 28 16 15 26 -5 27 -10 -13 21 -15 -23 -16 -9 -14 -2 -11 -7 -12
right_child=1 -3 -4 4 -6 7 -8 24 18 17 29 19 25 20 23 -17 -18 -19 -20 -21 -22 22 -24 -25 -26 -27 -28 -29 -30 -31
leaf_value=-0.001404960174113512 0.0006572101291448376 -0.001404960174113512 -0.001404960174113512 0.00069770039565036587 -0.001404960174113512 0.00089901337196809667 -0.001404960174113512 0.00086947836227117825 0.0010199360625010045 0.00042682995875093638 0.0002846265061488075 0.0008977651019754806 0.0010208941163929238 0.00014134647727977219 0.00065787014511678368 0.00077850711484388322 0.00078211593634890618 0.00033649552069946106 0.00088883906444029305 0.00054204954011809268 0.00012448196968242492 0.00086387302637809808 0.00042444659715018621 0.00016741499889687432 0.00059887854724600118 0.00085128081690692399 4.4188534264408407e-05 0.00065977135942556155 0.00073091254410995307 0.00077885293105153385
leaf_weight=84576 10180 36927 4064 6993 224 26070 142 131 52148 359 31 26184 26121 112 10324 10283 4656 1112 645 84 112 105 205 41 3384 281 21 242 276 20559
leaf_count=84576 10180 36927 4064 6993 224 26070 142 131 52148 359 31 26184 26121 112 10324 10283 4656 1112 645 84 112 105 205 41 3384 281 21 242 276 20559
internal_value=1.99249e-11 0.000490984 0.000832355 0.000877586 0.000936922 0.000940478 0.000713106 0.00096065 0.000970029 0.000718765 0.000729343 0.000937754 0.000958235 0.000716412 0.000696795 0.000717473 0.000731441 0.000401097 0.00101833 0.000896628 0.00038856 0.000458647 0.000573285 0.00065593 0.000608963 0.00101909 0.000655948 0.000520627 0.000897252 0.000778109
internal_weight=326592 242016 205089 201025 147731 147507 53294 135324 131809 53152 51439 79016 52748 12183 30849 20484 11649 1713 52793 26268 534 422 310 10365 3515 26402 10201 601 26346 20590
internal_count=326592 242016 205089 201025 147731 147507 53294 135324 131809 53152 51439 79016 52748 12183 30849 20484 11649 1713 52793 26268 534 422 310 10365 3515 26402 10201 601 26346 20590
is_linear=0
shrinkage=0.05


Tree=60
num_leaves=31
num_cat=1
split_feature=33 12 12 24 26 15 15 15 15 26 26 15 15 24 26 15 15 15 25 26 13 6 15 15 25 25 15 15 26 15
split_gain=146.057 0.69337 0.240687 0.161129 0.0644817 0.0638066 0.105066 0.0252552 0.0413969 0.0216705 0.00673832 0.00603487 0.00999521 0.00477511 0.00404062 0.00356795 0.00554137 0.00484017 0.00354624 0.00333379 0.00318808 0.00654913 0.00287181 0.00479645 0.0028692 0.00284304 0.00279377 0.00433457 0.00278601 0.00269697
threshold=1.0000000180025095e-35 0.48890000000000006 0.90555000000000019 3.5000000000000004 7.5000000000000009 4.5000000000000009 1.5000000000000002 4.5000000000000009 1.5000000000000002 8.5000000000000018 7.5000000000000009 1.5000000000000002 4.5000000000000009 3.5000000000000004 7.5000000000000009 4.5000000000000009 1.5000000000000002 2.5000000000000004 3.5000000000000004 5.5000000000000009 1.5000000000000002 0 4.5000000000000009 1.5000000000000002 4.5000000000000009 3.5000000000000004 1.5000000000000002 4.5000000000000009 7.5000000000000009 2.5000000000000004
decision_type=2 2 2 2 2 2 2 2 2 2 2 2 2 2 2 2 2 2 2 2 2 1 2 2 2 2 2 2 2 2
left_child=1 4 3 5 7 6 28 8 25 11 -8 -4 -13 -6 24 16 -11 -18 -9 -5 21 -10 23 -15 -7 -1 -21 -28 -3 -25
right_child=-2 2 9 19 13 14 10 18 20 15 -12 12 -14 22 -16 -17 17 -19 -20 26 -22 -23 -24 29 -26 -27 27 -29 -30 -31
leaf_value=0.00062434962281887737 -0.0013347121886909008 0.00085406262403812038 0.00062322261042672316 0.00082600445305317188 0.00049459533328143957 0.00085451979162180108 0.00096924301796772231 0.00062497662346418963 -0.00015156018900974044 0.00013427915556738819 0.00083356970779348337 0.00074290801923667532 0.00062328974919311473 0.00015688777937712621 0.00068003566999032478 0.0001182578712749611 0.00082067936570161867 0.00040322427024565093 0.00015904425285620299 0.00047834073765175967 0.00073998939167193385 0.00097823738241973137 0.00016317839035764339 0.00057278043184649308 0.00028327356346628883 4.197910893708468e-05 0.00062736515448525321 0.00047929710007563078 0.00069436689339362197 0.00035760908549593168
leaf_weight=10180 125933 26070 2347 131 601 25908 78269 10324 29 112 926 6972 2330 217 338 112 105 205 41 680 30821 23 232 216 22 21 2053 651 276 447
leaf_count=10180 125933 26070 2347 131 601 25908 78269 10324 29 112 926 6972 2330 217 338 112 105 205 41 680 30821 23 232 216 22 21 2053 651 276 447
internal_value=6.72201e-12 0.000837661 0.000893454 0.000912618 0.000682826 0.000921527 0.000938883 0.000692876 0.000710476 0.000680591 0.000967657 0.000694869 0.000712946 0.000381042 0.000851796 0.000369132 0.000435715 0.00054462 0.000623134 0.000578515 0.000739329 0.000348158 0.000319671 0.000360928 0.000854035 0.000623151 0.000568935 0.000591717 0.00085239 0.00042771
internal_weight=326592 200659 147507 135324 53152 131809 105541 51439 41074 12183 79195 11649 9302 1713 26268 534 422 310 10365 3515 30873 52 1112 880 25930 10201 3384 2704 26346 663
internal_count=326592 200659 147507 135324 53152 131809 105541 51439 41074 12183 79195 11649 9302 1713 26268 534 422 310 10365 3515 30873 52 1112 880 25930 10201 3384 2704 26346 663
cat_boundaries=0 1
cat_threshold=2
is_linear=0
shrinkage=0.05


Tree=61
num_leaves=31
num_cat=3
split_feature=33 12 11 24 26 15 15 15 15 24 26 15 15 24 26 25 26 6 0 13 6 25 24 25 15 15 25 25 26 15
split_gain=131.816 0.625766 0.21722 0.145419 0.0581947 0.0575855 0.0948218 0.0227928 0.0373607 0.0198827 0.00608134 0.00605081 0.0100019 0.00430954 0.00364666 0.00320048 0.00306215 0.00519725 0.00684023 0.00287725 0.00591059 0.00266418 0.00261871 0.00259659 0.00259181 0.00432879 0.00256584 0.00252975 0.0024752 0.00243402
threshold=1.0000000180025095e-35 0.48890000000000006 8.5000000000000018 3.5000000000000004 7.5000000000000009 4.5000000000000009 1.5000000000000002 4.5000000000000009 1.5000000000000002 3.5000000000000004 7.5000000000000009 1.5000000000000002 4.5000000000000009 3.5000000000000004 7.5000000000000009 3.5000000000000004 7.5000000000000009 0 1 1.5000000000000002 2 4.5000000000000009 1.5000000000000002 4.5000000000000009 4.5000000000000009 1.5000000000000002 3.5000000000000004 4.5000000000000009 8.5000000000000018 2.5000000000000004
decision_type=2 2 2 2 2 2 2 2 2 2 2 2 2 2 2 2 2 1 1 2 1 2 2 2 2 2 2 2 2 2
left_child=1 4 9 5 7 6 21 8 26 11 27 -3 -13 -6 22 -9 17 18 -5 20 -10 -4 -7 -18 25 -15 -1 -8 -14 -27
right_child=-2 2 3 16 13 14 10 15 19 -11 -12 12 28 24 -16 -17 23 -19 -20 -21 -22 -23 -24 -25 -26 29 -28 -29 -30 -31
leaf_value=0.00059313215577905384 -0.0012679765932261944 0.00058604611309776185 0.00081054865105089464 0.00076652246784290369 0.00046986556594909328 0.00081182697001622476 0.00092060784202098564 0.00059372781734305224 -0.00014398218421586629 0.00026134075475513842 0.00079189120086823196 0.00070482349641041368 0.00059374754106515312 0.00014904338902952622 0.00064603387606853744 0.00015109204885936002 7.3379057381923001e-05 0.0008251419876875917 -0.00040265393856150862 0.00070298993261251488 0.00092932553152027348 0.00048501077995059035 0.00029984637722373011 0.00054070711044897871 0.00015501946909353138 0.00054414142399494901 3.9880126271219485e-05 0.0013876864726751531 0.00023818818200379611 0.00033972862346402018
leaf_weight=10180 125933 2389 26283 29 601 25905 78240 10324 29 326 926 7094 2324 217 338 41 30 209 22 30821 23 63 25 3225 232 216 21 29 50 447
leaf_count=10180 125933 2389 26283 29 601 25905 78240 10324 29 326 926 7094 2324 217 338 41 30 209 22 30821 23 63 25 3225 232 216 21 29 50 447
internal_value=1.31788e-11 0.000795778 0.000848781 0.000866987 0.000648685 0.000875451 0.000891939 0.000658232 0.000674952 0.000646561 0.000919274 0.000657153 0.000675095 0.00036199 0.000809206 0.000591977 0.00054959 0.000714713 0.000262172 0.000702363 0.00033075 0.00080977 0.000811333 0.0005364 0.000303687 0.000342881 0.000591993 0.000920781 0.000586259 0.000406325
internal_weight=326592 200659 147507 135324 53152 131809 105541 51439 41074 12183 79195 11857 9468 1713 26268 10365 3515 260 51 30873 52 26346 25930 3255 1112 880 10201 78269 2374 663
internal_count=326592 200659 147507 135324 53152 131809 105541 51439 41074 12183 79195 11857 9468 1713 26268 10365 3515 260 51 30873 52 26346 25930 3255 1112 880 10201 78269 2374 663
cat_boundaries=0 1 2 3
cat_threshold=2 1 2
is_linear=0
shrinkage=0.05


Tree=62
num_leaves=31
num_cat=0
split_feature=33 8 25 3 3 4 8 17 26 26 8 4 17 15 15 4 8 17 17 3 17 15 15 15 15 26 17 15 15 15
split_gain=118.964 0.200036 0.140384 0.128131 0.107702 0.103996 0.127149 0.0475452 0.0404607 0.0220437 0.0195897 0.0166028 0.0151654 0.014296 0.0424379 0.00827874 0.0274799 0.00727247 0.00714813 0.00652821 0.00624334 0.00566949 0.00794041 0.00497437 0.0145846 0.00467184 0.00388737 0.0035971 0.00310091 0.00514417
threshold=1.0000000180025095e-35 85.000000000000014 3.5000000000000004 1.5000000000000002 1.5000000000000002 39.000000000000007 75.000000000000014 1.0000000180025095e-35 7.5000000000000009 8.5000000000000018 95.000000000000014 81.500000000000014 1.0000000180025095e-35 4.5000000000000009 1.5000000000000002 44.000000000000007 95.000000000000014 1.0000000180025095e-35 1.0000000180025095e-35 2.5000000000000004 1.0000000180025095e-35 4.5000000000000009 1.5000000000000002 4.5000000000000009 1.5000000000000002 5.5000000000000009 1.0000000180025095e-35 2.5000000000000004 4.5000000000000009 1.5000000000000002
decision_type=2 2 2 2 2 2 2 2 2 2 2 2 2 2 2 2 2 2 2 2 2 2 2 2 2 2 2 2 2 2
left_child=1 2 4 8 5 6 18 13 12 10 11 -5 15 14 -7 23 -17 -8 -1 20 -12 22 -4 24 -3 -24 -6 -27 29 -10
right_child=-2 3 21 9 26 7 17 -9 28 -11 19 -13 -14 -15 -16 16 -18 -19 -20 -21 -22 -23 25 -25 -26 27 -28 -29 -30 -31
leaf_value=0.0008016789689001152 -0.0012045777402818203 0.00056268058088455256 0.00038005155390030335 0.00083164013581170859 0.00059724652750969614 0.00076915097479204322 0.0005960329961180197 0.00087343788881544487 0.00019638993151777662 0.00054559760813713298 0.00080453565644459052 0.00062960451208305117 0.00067391250329141943 0.00076888002501703271 0.00087169684907183241 0.00096623153248815558 0.00059841499604236677 0.00066647604059128082 0.00087280325185331003 0.00062743751904028558 0.00087509942411300834 0.00037014019805779692 0.00089754115598385828 0.00056229275822319532 0.000668062572317966 0.00064237783537381544 0.00066579892183789226 0.00050581810712616233 0.0002095238787514719 0.00045651247190148605
leaf_weight=8773 125933 6551 759 1618 5176 20146 9152 40357 249 918 7840 2737 14964 20082 20211 679 2014 6110 5914 399 5223 796 102 6602 6582 723 3444 1448 287 803
leaf_count=8773 125933 6551 759 1618 5176 20146 9152 40357 249 918 7840 2737 14964 20082 20211 679 2014 6110 5914 399 5223 796 102 6602 6582 723 3444 1448 287 803
internal_value=1.06462e-11 0.000755989 0.000787615 0.000677185 0.00079582 0.000807106 0.000725298 0.000831414 0.000625258 0.000784533 0.000796844 0.000704666 0.000634929 0.000803353 0.000820506 0.000608919 0.000691154 0.000624234 0.000830319 0.000826664 0.000832749 0.000488899 0.000520077 0.000597698 0.000615496 0.000566834 0.000624636 0.000551296 0.000355201 0.000394944
internal_weight=326592 200659 143193 57466 139365 130745 29949 100796 38731 18735 17817 4355 37392 60439 40357 22428 2693 15262 14687 13462 13063 3828 3032 19735 13133 2273 8620 2171 1339 1052
internal_count=326592 200659 143193 57466 139365 130745 29949 100796 38731 18735 17817 4355 37392 60439 40357 22428 2693 15262 14687 13462 13063 3828 3032 19735 13133 2273 8620 2171 1339 1052
is_linear=0
shrinkage=0.05


Tree=63
num_leaves=31
num_cat=0
split_feature=33 11 11 24 17 26 4 11 17 15 15 26 15 15 17 15 15 13 15 15 15 25 25 26 26 15 15 26 4 24
split_gain=107.365 0.457498 0.175808 0.119408 0.0557607 0.0474814 0.0211223 0.0330549 0.0200567 0.0174756 0.0512296 0.0174678 0.0067035 0.0197528 0.00545466 0.00387483 0.00631413 0.0035331 0.00294538 0.00479948 0.0043542 0.00284024 0.0028352 0.00269338 0.00266291 0.0025708 0.00386365 0.00260974 0.00284373 0.00241262
threshold=1.0000000180025095e-35 41.000000000000007 8.5000000000000018 3.5000000000000004 1.0000000180025095e-35 7.5000000000000009 44.000000000000007 54.500000000000007 1.0000000180025095e-35 4.5000000000000009 1.5000000000000002 8.5000000000000018 4.5000000000000009 1.5000000000000002 1.0000000180025095e-35 1.5000000000000002 4.5000000000000009 1.5000000000000002 4.5000000000000009 1.5000000000000002 2.5000000000000004 3.5000000000000004 3.5000000000000004 7.5000000000000009 7.5000000000000009 4.5000000000000009 1.5000000000000002 7.5000000000000009 39.000000000000007 3.5000000000000004
decision_type=2 2 2 2 2 2 2 2 2 2 2 2 2 2 2 2 2 2 2 2 2 2 2 2 2 2 2 2 2 2
left_child=1 2 11 4 9 6 8 -8 12 10 -4 14 13 -3 -1 -7 29 -11 19 -13 -21 -5 -14 -19 -6 26 -23 28 -28 -17
right_child=-2 5 3 21 24 15 7 -9 -10 17 -12 18 22 -15 -16 16 -18 23 -20 20 -22 25 -24 -25 -26 -27 27 -29 -30 -31
leaf_value=0.00056804386514628096 -0.0011443488299846649 0.0005336539172287073 0.00072948972449963666 -0.00010257253074087203 0.00083074928231740815 0.00019356000822271635 0.00083921071052978384 0.00059527845754724226 0.00063344396300582095 0.00019543164770209024 0.00082895107784069144 8.3475083543557309e-05 0.00053537212427610893 0.00063521914246569096 0.00063789283763337253 0.00054198192059023618 0.00020439566817673804 0.00073133130625704023 7.557377375633223e-05 0.00072719477870989422 0.00033125102974292711 0.00041212809824261586 0.00011870345163227218 0.00058376046095471885 0.00072707825353698864 0.0004072906621634805 0.00031102699182567096 0.00053362430257363348 0.00084318442721710053 0.00038582291221298469
leaf_weight=6993 125933 9534 25869 20 51209 346 2355 3385 19219 31 25917 112 9645 9615 4656 384 380 25455 112 105 205 673 41 313 627 672 31 1928 132 695
leaf_count=6993 125933 9534 25869 20 51209 346 2355 3385 19219 31 25917 112 9645 9615 4656 384 380 25455 112 105 205 673 41 313 627 672 31 1928 132 695
internal_value=2.58559e-11 0.00071819 0.000764931 0.000781598 0.000789344 0.000596242 0.000604706 0.000695359 0.000593877 0.000762517 0.000779266 0.000583143 0.000567505 0.000584651 0.000595962 0.000343995 0.00037967 0.000728897 0.000303512 0.000364007 0.000465361 0.000491545 0.000533608 0.000729539 0.000829495 0.000495003 0.000516329 0.000549866 0.000741977 0.000441398
internal_weight=326592 200659 145060 132877 129421 55599 53794 5740 48054 77585 51786 12183 28835 19149 11649 1805 1459 25799 534 422 310 3456 9686 25768 51836 3436 2764 2091 163 1079
internal_count=326592 200659 145060 132877 129421 55599 53794 5740 48054 77585 51786 12183 28835 19149 11649 1805 1459 25799 534 422 310 3456 9686 25768 51836 3436 2764 2091 163 1079
is_linear=0
shrinkage=0.05


Tree=64
num_leaves=31
num_cat=0
split_feature=33 12 11 24 17 24 17 16 19 24 16 19 19 18 24 13 13 25 11 25 18 19 16 18 19 11 16 25 18 19
split_gain=96.897 0.461363 0.160464 0.105945 0.0493843 0.0441672 0.0204137 0.0164014 0.0482546 0.0162015 0.00681009 0.0196603 0.00505625 0.00832984 0.00454993 0.0102832 0.0029118 0.00261378 0.00249192 0.00247948 0.00239543 0.00360026 0.00248726 0.00232015 0.00348695 0.00223773 0.00219438 0.00210298 0.00197707 0.00251021
threshold=1.0000000180025095e-35 0.48890000000000006 8.5000000000000018 3.5000000000000004 1.0000000180025095e-35 3.5000000000000004 1.0000000180025095e-35 1.0000000180025095e-35 1.0000000180025095e-35 3.5000000000000004 1.0000000180025095e-35 1.0000000180025095e-35 1.0000000180025095e-35 1.0000000180025095e-35 4.5000000000000009 1.5000000000000002 1.5000000000000002 3.5000000000000004 41.000000000000007 3.5000000000000004 1.0000000180025095e-35 1.0000000180025095e-35 1.0000000180025095e-35 1.0000000180025095e-35 1.0000000180025095e-35 41.000000000000007 1.0000000180025095e-35 4.5000000000000009 1.0000000180025095e-35 1.0000000180025095e-35
decision_type=2 2 2 2 2 2 2 2 2 2 2 2 2 2 2 2 2 2 2 2 2 2 2 2 2 2 2 2 2 2
left_child=1 5 9 4 7 6 10 16 25 12 19 -12 13 -3 15 -7 -4 -5 23 -1 21 22 -16 24 26 -9 -19 -10 29 -11
right_child=-2 2 3 17 -6 14 -8 8 27 28 11 -13 -14 -15 20 -17 -18 18 -20 -21 -22 -23 -24 -25 -26 -27 -28 -29 -30 -31
leaf_value=0.00050602389139724039 -0.0010871314443647861 0.00060707840210308384 0.00021670394198736176 -9.7443910781294115e-05 0.00078810564301189101 -0.00099742309577540377 0.00060131739591563673 0.00078750356938427622 0.00069454052162789019 0.00036463153120031228 0.00060257425294155337 0.00050505126934318845 0.00049854623077397523 0.00049887732705144528 0.00030736229126064461 0.00034207992537535335 0.00069394785260470265 0.00048638750048952983 0.00079797681271082772 0.00011643222618348351 0.00013992576038704497 0.00014306476623460185 0.0005097806707655072 0.0003869261297084103 0.00039152170096926758 0.00089590354304107812 0.0005952805009105832 0.00040531435146159121 -3.3593023117111227e-05 1.3874256713149539e-05
leaf_weight=10436 125933 7094 32 20 52793 23 20789 25917 26283 188 10372 10300 2389 2374 462 38 26236 1400 59 41 241 224 226 672 673 485 691 63 68 70
leaf_count=10436 125933 7094 32 20 52793 23 20789 25917 26283 188 10372 10300 2389 2374 462 38 26236 1400 59 41 241 224 226 672 673 485 691 63 68 70
internal_value=7.28106e-12 0.000682281 0.000727791 0.000743439 0.000750663 0.000555979 0.000562947 0.000725647 0.000741723 0.000553986 0.000537339 0.000553983 0.000563547 0.000579948 0.000257857 -0.000162979 0.000693366 0.000472524 0.000475786 0.000504499 0.000280122 0.000317169 0.000373854 0.000470253 0.000490512 0.000789495 0.000522373 0.000693849 0.00020625 0.000269465
internal_weight=326592 200659 147507 135324 131809 53152 51938 79016 52748 12183 31149 20672 11857 9468 1214 61 26268 3515 3495 10477 1153 912 688 3436 2764 26402 2091 26346 326 258
internal_count=326592 200659 147507 135324 131809 53152 51938 79016 52748 12183 31149 20672 11857 9468 1214 61 26268 3515 3495 10477 1153 912 688 3436 2764 26402 2091 26346 326 258
is_linear=0
shrinkage=0.05


Tree=65
num_leaves=31
num_cat=1
split_feature=33 12 11 26 17 26 17 26 15 15 24 15 15 24 26 17 13 15 15 15 24 26 17 11 13 6 15 15 11 15
split_gain=87.4496 0.41638 0.144819 0.0960014 0.0437469 0.0407203 0.0174161 0.0146526 0.014607 0.0435364 0.00975405 0.00593739 0.0170895 0.00509553 0.00636058 0.00439857 0.00261544 0.00246654 0.0040244 0.00394339 0.00246224 0.00235375 0.00217211 0.00217103 0.0020419 0.00333717 0.00187064 0.00374716 0.00178668 0.00161247
threshold=1.0000000180025095e-35 0.48890000000000006 8.5000000000000018 7.5000000000000009 1.0000000180025095e-35 5.5000000000000009 1.0000000180025095e-35 8.5000000000000018 1.5000000000000002 4.5000000000000009 3.5000000000000004 4.5000000000000009 1.5000000000000002 3.5000000000000004 6.5000000000000009 1.0000000180025095e-35 1.5000000000000002 4.5000000000000009 1.5000000000000002 2.5000000000000004 1.5000000000000002 7.5000000000000009 1.0000000180025095e-35 41.000000000000007 1.5000000000000002 0 1.5000000000000002 2.5000000000000004 41.000000000000007 4.5000000000000009
decision_type=2 2 2 2 2 2 2 2 2 2 2 2 2 2 2 2 2 2 2 2 2 2 2 2 2 1 2 2 2 2
left_child=1 5 7 4 8 6 11 15 -4 23 -5 12 -1 16 -15 29 -7 18 -9 -20 -11 -18 -23 -10 25 -6 -16 -28 -12 -3
right_child=-2 2 3 10 24 13 -8 17 9 20 28 -13 -14 14 26 -17 21 -19 19 -21 -22 22 -24 -25 -26 -27 27 -29 -30 -31
leaf_value=0.00048244909079170914 -0.0010327748954296113 0.00052992885532387383 0.00066015659276184163 0.00059021853442702975 3.4431218712901079e-06 -0.00012124140503937784 0.00057220418285011307 6.8654530481840743e-05 0.00074952058077079576 0.00066096305642064895 0.00043276975175166342 0.00048184669216512352 0.00057392076221398725 -0.00055515935225412252 0.00012004743962757052 0.00057568072427493838 0.0006306455441517756 6.1589238820098608e-05 0.00066752359226700817 0.00029072096957484398 0.00037961678477959373 0.00030015621840467921 0.00049627053572807978 0.00085728725931067176 0.00075007765563078765 0.00080050577505909174 0.00046298496359236302 0.00022547352216270887 0.00072822339895467925 0.00047899139556652057
leaf_weight=10174 125933 4663 26110 1540 24 23 20525 112 25700 25905 3203 10333 10251 25 219 4656 112 112 105 205 78 345 239 476 52207 29 219 687 52 2330
leaf_count=10174 125933 4663 26110 1540 24 23 20525 112 25700 25905 3203 10333 10251 25 219 4656 112 112 105 205 78 345 239 476 52207 29 219 687 52 2330
internal_value=-1.04492e-11 0.000648166 0.000691402 0.000706267 0.000714339 0.00052818 0.000536535 0.000526287 0.000690686 0.000705968 0.000486541 0.000512732 0.000528357 0.000298936 0.000233657 0.000538027 0.000403347 0.000270178 0.000325538 0.000418348 0.000660118 0.000420682 0.000380415 0.00075148 0.000749763 0.000439572 0.000251186 0.000282885 0.00043749 0.000512957
internal_weight=326592 200659 147507 135324 130529 53152 51283 12183 78269 52159 4795 30758 20425 1869 1150 11649 719 534 422 310 25983 696 584 26176 52260 53 1125 906 3255 6993
internal_count=326592 200659 147507 135324 130529 53152 51283 12183 78269 52159 4795 30758 20425 1869 1150 11649 719 534 422 310 25983 696 584 26176 52260 53 1125 906 3255 6993
cat_boundaries=0 1
cat_threshold=2
is_linear=0
shrinkage=0.05


Tree=66
num_leaves=31
num_cat=1
split_feature=33 12 11 26 17 26 17 24 15 15 24 15 15 24 26 15 15 13 24 26 17 11 13 6 15 15 15 26 15 15
split_gain=78.9233 0.375783 0.130699 0.0866413 0.0394816 0.03675 0.015718 0.0136161 0.0131828 0.0392916 0.00880303 0.00535849 0.0154233 0.00459871 0.00574043 0.00447795 0.00689312 0.00236043 0.00222218 0.00212426 0.00196033 0.00195936 0.00184282 0.0030118 0.00182112 0.00287387 0.00178595 0.00177626 0.00169472 0.00246221
threshold=1.0000000180025095e-35 0.48890000000000006 8.5000000000000018 7.5000000000000009 1.0000000180025095e-35 5.5000000000000009 1.0000000180025095e-35 3.5000000000000004 1.5000000000000002 4.5000000000000009 3.5000000000000004 4.5000000000000009 1.5000000000000002 3.5000000000000004 6.5000000000000009 1.5000000000000002 4.5000000000000009 1.5000000000000002 1.5000000000000002 7.5000000000000009 1.0000000180025095e-35 41.000000000000007 1.5000000000000002 0 4.5000000000000009 1.5000000000000002 2.5000000000000004 8.5000000000000018 4.5000000000000009 1.5000000000000002
decision_type=2 2 2 2 2 2 2 2 2 2 2 2 2 2 2 2 2 2 2 2 2 2 2 1 2 2 2 2 2 2
left_child=1 5 7 4 8 6 11 15 -4 21 -5 12 -1 17 -15 27 -17 -7 -11 -19 -21 -10 23 -6 25 -16 -27 -3 29 -12
right_child=-2 2 3 10 22 13 -8 -9 9 18 28 -13 -14 14 24 16 -18 19 -20 20 -22 -23 -24 -25 -26 26 -28 -29 -30 -31
leaf_value=0.00045832662544474493 -0.00098113613203167928 0.00045360759217840611 0.00062714875181942497 0.00056070761287935666 3.2709513713295259e-06 -0.00011517933377510181 0.00054359395339762873 0.00018118789067652231 0.00071204453784653532 0.00062791488948390475 0.00034922344972513367 0.00045775435504852443 0.00054522475482598521 -0.00052740140352398163 0.00011404506823890014 0.00054885200740103113 0.00045042342698503021 0.00059911325515713551 0.00036063595101810421 0.00028514840053411308 0.00047145701689591094 0.00081442290576597479 0.00071257380152585609 0.00076048047891978568 0.00011482584498267859 0.00043983571749652597 0.00026586553346766447 0.00013986980193294584 0.00034197127483489496 0.00046118398516886369
leaf_weight=10174 125933 2343 26110 1540 24 23 20525 326 25700 25905 654 10333 10251 25 219 7094 2374 112 78 345 239 476 52207 29 235 219 452 46 630 1971
leaf_count=10174 125933 2343 26110 1540 24 23 20525 326 25700 25905 654 10333 10251 25 219 7094 2374 112 78 345 239 476 52207 29 235 219 452 46 630 1971
internal_value=-1.63609e-12 0.000615758 0.000656832 0.000670954 0.000678622 0.000501771 0.000509708 0.000499973 0.000656152 0.00067067 0.000462214 0.000487096 0.000501939 0.000283989 0.000221974 0.000508737 0.000524172 0.000383179 0.000627113 0.000399648 0.000361395 0.000713906 0.000712275 0.000417593 0.000238627 0.000271316 0.000322646 0.000447567 0.000415615 0.00043329
internal_weight=326592 200659 147507 135324 130529 53152 51283 12183 78269 52159 4795 30758 20425 1869 1150 11857 9468 719 25983 696 584 26176 52260 53 1125 890 671 2389 3255 2625
internal_count=326592 200659 147507 135324 130529 53152 51283 12183 78269 52159 4795 30758 20425 1869 1150 11857 9468 719 25983 696 584 26176 52260 53 1125 890 671 2389 3255 2625
cat_boundaries=0 1
cat_threshold=2
is_linear=0
shrinkage=0.05


Tree=67
num_leaves=31
num_cat=1
split_feature=11 22 23 12 21 11 21 26 17 26 17 24 15 15 24 15 15 15 15 15 15 25 25 24 25 24 13 11 13 6
split_gain=39.662 27.5762 3.65374 0.346412 0.216624 0.117956 0.112425 0.0781937 0.0356321 0.0331962 0.0143662 0.0122885 0.0118975 0.0354607 0.00794473 0.00480171 0.0141876 0.00404135 0.00622104 0.0025752 0.00429782 0.00235 0.00209765 0.00200551 0.00190313 0.00185203 0.00180329 0.00176832 0.00166314 0.00271815
threshold=-1.0000000180025095e-35 1.0000000180025095e-35 1.0000000180025095e-35 0.48890000000000006 1.0000000180025095e-35 8.5000000000000018 1.0000000180025095e-35 7.5000000000000009 1.0000000180025095e-35 7.5000000000000009 1.0000000180025095e-35 3.5000000000000004 1.5000000000000002 4.5000000000000009 3.5000000000000004 4.5000000000000009 1.5000000000000002 1.5000000000000002 4.5000000000000009 1.5000000000000002 4.5000000000000009 4.5000000000000009 4.5000000000000009 1.5000000000000002 4.5000000000000009 3.5000000000000004 1.5000000000000002 41.000000000000007 1.5000000000000002 0
decision_type=2 2 2 2 2 2 2 2 2 2 2 2 2 2 2 2 2 2 2 2 2 2 2 2 2 2 2 2 2 1
left_child=-1 2 3 6 5 11 9 8 12 10 15 17 -7 27 -9 16 24 -5 -19 -11 25 -17 -16 -15 -2 -21 -12 -14 29 -10
right_child=1 -3 -4 4 -6 7 -8 14 28 19 26 -13 13 23 22 21 -18 18 -20 20 -22 -23 -24 -25 -26 -27 -28 -29 -30 -31
leaf_value=-0.00093207927420735359 0.00043551643465843847 -0.00093207927420735359 -0.00093207927420735359 0.00042518824383744319 -0.00093207927420735359 0.00059579130703810222 -0.00093207927420735359 0.00053267222739961724 3.1074111272270479e-06 0.0001346484996765591 0.00013517574256946964 0.00017212849522695218 0.00067644231099316468 0.00059651916536911131 -2.1330660674721004e-05 0.0004356725263212751 0.00051778352473952404 0.00052140939002095165 0.00042790227623017136 0.00043476649096989062 0.00014262148548508635 -8.164138363843615e-05 0.00039870581733308333 0.00034260415137769319 -5.2702915854752068e-05 0.00029338267225779871 0.00051681141993188098 0.00077370177903564796 0.00067694508480317162 0.0007224564697464993
leaf_weight=84576 10181 36927 4064 2389 224 26110 142 1540 24 330 31 326 25700 25905 30 10343 10283 7094 2374 356 364 22 3225 78 20 663 20559 476 52207 29
leaf_count=84576 10181 36927 4064 2389 224 26110 142 1540 24 330 31 326 25700 25905 30 10343 10283 7094 2374 356 364 22 3225 78 20 663 20559 476 52207 29
internal_value=1.65201e-11 0.000325729 0.000552201 0.000582208 0.000621631 0.00062399 0.000472929 0.000637406 0.000644691 0.000476682 0.000483893 0.000474974 0.000623344 0.000637136 0.000439104 0.000462306 0.000476338 0.0004833 0.000497963 0.000260151 0.000290097 0.000434575 0.000394835 0.000595757 0.000434559 0.000342777 0.000516237 0.000678211 0.000676661 0.000396713
internal_weight=326592 242016 205089 201025 147731 147507 53294 135324 130529 53152 51439 12183 78269 52159 4795 30849 20484 11857 9468 1713 1383 10365 3255 25983 10201 1019 20590 26176 52260 53
internal_count=326592 242016 205089 201025 147731 147507 53294 135324 130529 53152 51439 12183 78269 52159 4795 30849 20484 11857 9468 1713 1383 10365 3255 25983 10201 1019 20590 26176 52260 53
cat_boundaries=0 1
cat_threshold=2
is_linear=0
shrinkage=0.05


Tree=68
num_leaves=31
num_cat=0
split_feature=33 12 11 24 17 26 17 26 15 15 15 15 24 26 15 15 27 25 15 15 15 11 26 26 15 15 15 26 24 11
split_gain=64.2835 0.306078 0.106455 0.0706164 0.0329747 0.0299732 0.0127981 0.0113149 0.0109664 0.0320745 0.00436897 0.0125585 0.00388138 0.00524478 0.00326792 0.00503789 0.00242496 0.00222995 0.00220105 0.00337529 0.00359759 0.00204634 0.00186775 0.00184728 0.00177662 0.0028179 0.00195899 0.00159467 0.00269304 0.00157613
threshold=1.0000000180025095e-35 0.48890000000000006 8.5000000000000018 3.5000000000000004 1.0000000180025095e-35 5.5000000000000009 1.0000000180025095e-35 8.5000000000000018 4.5000000000000009 1.5000000000000002 4.5000000000000009 1.5000000000000002 3.5000000000000004 6.5000000000000009 1.5000000000000002 4.5000000000000009 34.000000000000007 3.5000000000000004 4.5000000000000009 1.5000000000000002 2.5000000000000004 41.000000000000007 7.5000000000000009 7.5000000000000009 4.5000000000000009 1.5000000000000002 2.5000000000000004 7.5000000000000009 1.0000000180025095e-35 41.000000000000007
decision_type=2 2 2 2 2 2 2 2 2 2 2 2 2 2 2 2 2 2 2 2 2 2 2 2 2 2 2 2 2 2
left_child=1 5 7 4 8 6 10 14 9 23 11 -1 -7 -14 -3 -16 22 -5 19 -9 -21 24 -10 -4 25 -19 -27 28 29 -11
right_child=-2 2 3 17 -6 12 -8 18 16 27 -12 -13 13 -15 15 -17 -18 21 -20 20 -22 -23 -24 -25 -26 26 -28 -29 -30 -31
leaf_value=0.00041366089369749447 -0.0008854753337800503 0.00040881987178994209 0.00056646838817976945 -0.00014210201421519742 0.00064202932690975373 0.0003472950413118969 0.00049059323600326619 4.3207717892203496e-05 0.00056671047292761298 0.0006421895003810152 0.00041311804712075394 0.00049207431826867336 -0.00051709836395457396 0.0002151129624276008 0.00049611625381626781 0.00041119311179375168 0.00022672953804568302 0.00031109443788913482 2.9124999140809192e-05 0.00060145989858678413 0.00024155722828809084 0.00067933710189378368 0.00044081680400097031 0.00043643095051410842 0.00030943874380249159 0.0004976108043175595 0.00039472385938279337 0.00052460953510396211 0.001163056643679738 0.00073410912171790479
leaf_weight=10174 125933 2347 26070 20 52793 719 20525 112 25917 25621 10333 10251 25 1125 6972 2330 53 673 112 105 205 59 298 276 672 691 1400 281 25 475
leaf_count=10174 125933 2347 26070 20 52793 719 20525 112 25917 25621 10333 10251 25 1125 6972 2330 53 673 112 105 205 59 298 276 672 691 1400 281 25 475
internal_value=8.17653e-12 0.000555722 0.000592791 0.000605536 0.000611434 0.000452848 0.000460016 0.000451225 0.000590992 0.000604137 0.000439612 0.000453015 0.000256169 0.000199195 0.000461542 0.000474844 0.000564596 0.000384356 0.000226168 0.000278464 0.00036346 0.000387368 0.000565279 0.000565106 0.000382355 0.000400083 0.000428724 0.000643085 0.00064436 0.000643863
internal_weight=326592 200659 147507 135324 131809 53152 51283 12183 79016 52748 30758 20425 1869 1150 11649 9302 26268 3515 534 422 310 3495 26215 26346 3436 2764 2091 26402 26121 26096
internal_count=326592 200659 147507 135324 131809 53152 51283 12183 79016 52748 30758 20425 1869 1150 11649 9302 26268 3515 534 422 310 3495 26215 26346 3436 2764 2091 26402 26121 26096
is_linear=0
shrinkage=0.05


Tree=69
num_leaves=31
num_cat=0
split_feature=33 12 11 26 17 26 17 25 15 15 25 15 15 15 15 15 15 25 27 15 15 25 11 13 15 15 15 11 13 13
split_gain=58.0158 0.276235 0.0960758 0.0642247 0.0290991 0.0272374 0.0117134 0.0102618 0.00969375 0.0288953 0.00604442 0.00391193 0.0115715 0.00328751 0.00470052 0.00232195 0.00388236 0.00210298 0.00173417 0.00167278 0.00221329 0.0016386 0.00162516 0.0015333 0.00146308 0.0022359 0.00166775 0.00144161 0.0014206 0.00140579
threshold=1.0000000180025095e-35 0.48890000000000006 8.5000000000000018 7.5000000000000009 1.0000000180025095e-35 7.5000000000000009 1.0000000180025095e-35 2.5000000000000004 1.5000000000000002 4.5000000000000009 3.5000000000000004 4.5000000000000009 1.5000000000000002 1.5000000000000002 4.5000000000000009 1.5000000000000002 4.5000000000000009 4.5000000000000009 34.000000000000007 4.5000000000000009 1.5000000000000002 4.5000000000000009 41.000000000000007 1.5000000000000002 4.5000000000000009 1.5000000000000002 2.5000000000000004 41.000000000000007 1.5000000000000002 1.5000000000000002
decision_type=2 2 2 2 2 2 2 2 2 2 2 2 2 2 2 2 2 2 2 2 2 2 2 2 2 2 2 2 2 2
left_child=1 5 7 4 8 6 11 13 28 27 -5 12 21 -3 -15 -7 -17 -13 -11 20 -9 -1 24 -8 25 -12 -27 -10 -4 -6
right_child=-2 2 3 10 29 15 23 19 9 18 22 17 -14 14 -16 16 -18 -19 -20 -21 -22 -23 -24 -25 -26 26 -28 -29 -30 -31
leaf_value=0.00039306769153735709 -0.00084120156243443493 0.00038423635748044058 0.00013608309143984859 0.00048471134033500272 0.00035337352826488467 0.00011489730833146136 0.00011456363323715426 -9.1155073938377794e-06 0.00061050058092472622 0.00053823969444298362 0.00029383137079683924 0.00039325316754465733 0.00046734030127406137 0.00047027774475882054 0.00038873480200360188 0.00031257336425220378 0.00012233805291643775 -9.6117185471071445e-05 0.00024639141983261295 -2.5236576038878412e-05 0.00031254194001667203 -5.9952755691483617e-05 0.00061813655076548458 0.00046647245079802435 0.00028959002582788735 0.00046325718558200448 0.00036660361579355716 0.00069831697047226325 0.0005380384631800192 0.00061101334559896501
leaf_weight=10181 125933 2386 22 1361 53 330 31 73 25700 25932 683 10343 10283 7082 2355 1019 364 22 51 87 200 20 60 20559 672 666 1353 476 26088 52207
leaf_count=10181 125933 2386 22 1361 53 330 31 73 25700 25932 683 10343 10283 7082 2355 1019 364 22 51 87 200 20 60 20559 672 666 1353 476 26088 52207
internal_value=5.27584e-12 0.000527936 0.000563151 0.000575259 0.000581861 0.000430206 0.000436738 0.000428664 0.00056257 0.00057502 0.00039554 0.000417245 0.00042991 0.000436671 0.000449929 0.000234069 0.000262504 0.000392214 0.000537667 0.000165687 0.000226531 0.00039218 0.000360199 0.000465943 0.000355612 0.000372032 0.000398486 0.000612097 0.0005377 0.000610752
internal_weight=326592 200659 147507 135324 130529 53152 51439 12183 78269 52159 4795 30849 20484 11823 9437 1713 1383 10365 25983 360 273 10201 3434 20590 3374 2702 2019 26176 26110 52260
internal_count=326592 200659 147507 135324 130529 53152 51439 12183 78269 52159 4795 30849 20484 11823 9437 1713 1383 10365 25983 360 273 10201 3434 20590 3374 2702 2019 26176 26110 52260
is_linear=0
shrinkage=0.05


Tree=70
num_leaves=31
num_cat=0
split_feature=33 12 11 26 17 26 17 26 15 15 24 15 15 15 15 24 25 15 15 15 25 13 17 25 13 11 11 15 15 15
split_gain=52.3593 0.249302 0.0867084 0.0579628 0.026262 0.0245817 0.0105713 0.00950316 0.00874861 0.026078 0.00583227 0.00353052 0.0104433 0.00265093 0.00408408 0.00210203 0.00189794 0.00183663 0.00281373 0.00324905 0.00178019 0.00157978 0.00151321 0.00147884 0.0013838 0.00131733 0.00130105 0.00129608 0.00198545 0.00152726
threshold=1.0000000180025095e-35 0.48890000000000006 8.5000000000000018 7.5000000000000009 1.0000000180025095e-35 7.5000000000000009 1.0000000180025095e-35 8.5000000000000018 1.5000000000000002 4.5000000000000009 3.5000000000000004 4.5000000000000009 1.5000000000000002 1.5000000000000002 4.5000000000000009 3.5000000000000004 4.5000000000000009 4.5000000000000009 1.5000000000000002 2.5000000000000004 4.5000000000000009 1.5000000000000002 1.0000000180025095e-35 4.5000000000000009 1.5000000000000002 41.000000000000007 41.000000000000007 4.5000000000000009 1.5000000000000002 2.5000000000000004
decision_type=2 2 2 2 2 2 2 2 2 2 2 2 2 2 2 2 2 2 2 2 2 2 2 2 2 2 2 2 2 2
left_child=1 5 7 4 8 6 11 13 -4 26 -5 12 23 -3 -15 22 -13 18 -9 -20 -12 -11 -7 -1 -8 -22 -10 28 -17 -30
right_child=-2 2 3 10 -6 15 24 17 9 21 20 16 -14 14 -16 27 -18 -19 19 -21 25 -23 -24 -25 -26 -27 -28 -29 29 -31
leaf_value=0.00037341429401427297 -0.00079914145171642312 0.00036920056489669662 0.00051081480449260855 0.00045593283316060028 0.00058021447613533798 0.0002325660473902429 0.00010883546163958887 3.3952157033516937e-05 0.0005799755522191293 0.00014815972652286292 -4.5548640773631636e-05 0.00037359050333917354 0.00044397330784449812 0.00044781918464735049 0.00037135663834028752 7.8086559054514715e-05 -9.1311323922127491e-05 2.0983805669467466e-05 0.00055252997470753534 0.00021050519389441102 0.00033734918509069518 0.00051120269117339758 0.0003943373020045644 -5.6955096079036599e-05 0.0004431488273028029 0.00059349846560508013 0.00066340112835638421 7.6515321190276289e-05 0.00036149768308893764 0.00019957667763055337
leaf_weight=10181 125933 2347 26110 1540 52260 359 31 112 25700 30 30 10343 10283 6972 2330 217 22 112 105 205 3174 25953 242 20 20559 51 476 232 216 447
leaf_count=10181 125933 2347 26110 1540 52260 359 31 112 25700 30 30 10343 10283 6972 2330 217 22 112 105 205 3174 25953 242 20 20559 51 476 232 216 447
internal_value=2.3236e-11 0.000501539 0.000534994 0.000546496 0.000552768 0.000408696 0.000414901 0.000407231 0.000534442 0.000546269 0.000375763 0.000396383 0.000408415 0.000416686 0.000428667 0.000222365 0.000372604 0.000200978 0.000248748 0.000326352 0.000337834 0.000510784 0.000297705 0.000372571 0.000442645 0.0003414 0.000581493 0.000181646 0.000209363 0.000252329
internal_weight=326592 200659 147507 135324 130529 53152 51439 12183 78269 52159 4795 30849 20484 11649 9302 1713 10365 534 422 310 3255 25983 601 10201 20590 3225 26176 1112 880 663
internal_count=326592 200659 147507 135324 130529 53152 51439 12183 78269 52159 4795 30849 20484 11649 9302 1713 10365 534 422 310 3255 25983 601 10201 20590 3225 26176 1112 880 663
is_linear=0
shrinkage=0.05


Tree=71
num_leaves=31
num_cat=1
split_feature=33 11 11 24 17 26 4 11 17 24 15 15 15 15 15 15 13 15 15 4 25 25 26 25 26 24 0 26 25 15
split_gain=47.2543 0.199853 0.0772291 0.0532864 0.0249644 0.0216646 0.0101068 0.0157932 0.00881875 0.0087458 0.00785643 0.0227978 0.00294247 0.00868071 0.00268628 0.00411317 0.00235547 0.00208733 0.00343674 0.00206358 0.00190187 0.00171652 0.00167647 0.00156918 0.00151907 0.00139433 0.0057497 0.0020062 0.00133622 0.00125041
threshold=1.0000000180025095e-35 41.000000000000007 8.5000000000000018 3.5000000000000004 1.0000000180025095e-35 7.5000000000000009 44.000000000000007 54.500000000000007 1.0000000180025095e-35 3.5000000000000004 4.5000000000000009 1.5000000000000002 4.5000000000000009 1.5000000000000002 1.5000000000000002 4.5000000000000009 1.5000000000000002 1.5000000000000002 4.5000000000000009 59.500000000000007 3.5000000000000004 3.5000000000000004 7.5000000000000009 4.5000000000000009 5.5000000000000009 4.5000000000000009 0 7.5000000000000009 4.5000000000000009 4.5000000000000009
decision_type=2 2 2 2 2 2 2 2 2 2 2 2 2 2 2 2 2 2 2 2 2 2 2 2 2 2 1 2 2 2
left_child=1 2 9 4 10 6 8 19 12 14 11 23 13 28 -1 -16 -12 -7 -19 -8 -5 -14 -18 -4 -22 26 -26 -27 -3 -29
right_child=-2 5 3 20 -6 17 7 -9 -10 -11 16 -13 21 -15 15 -17 22 18 -20 -21 24 -23 -24 -25 25 27 -28 29 -30 -31
leaf_value=0.00034651544618324013 -0.00075918440707027916 0.00035501208867956427 0.00048425413215648458 -0.00016152772557688879 0.00055044147695643044 0.00011506087048973434 0.00061241046481895099 0.00039510884153707562 0.00042032489045346478 0.00013138077172843176 4.7504735149202809e-05 0.00055000046279964001 0.00035551615076032388 0.00042148382001950201 0.00042491276007188179 0.00034887989889735956 0.00048502192597823818 0.00029719755722665552 0.00012234648768514347 0.00051872892426235565 0.00049857198484241959 3.1308160538262709e-05 0.00036859613487693352 0.00023241032613441348 0.00032191228976483229 0.000608812629305307 -0.00057694054716690018 0.00033719779162121619 -5.4107336327433584e-05 0.0002576745062975622
leaf_weight=2389 125933 9514 25807 20 51836 346 1131 3385 19219 326 31 25917 9645 9615 7094 2374 25455 1079 380 1224 125 41 313 62 93 62 22 2519 20 615
leaf_count=2389 125933 9514 25807 20 51836 346 1131 3385 19219 326 31 25917 9645 9615 7094 2374 25455 1079 380 1224 125 41 313 62 93 62 22 2519 20 615
internal_value=9.9495e-12 0.000476462 0.000507355 0.000518401 0.000523576 0.000395862 0.000401579 0.000464286 0.000394089 0.000386869 0.000505626 0.000516856 0.000376602 0.000387961 0.000393894 0.000405848 0.000483084 0.000225473 0.000251657 0.00056372 0.000324639 0.000354144 0.000483608 0.000483651 0.000327469 0.00032101 0.000149958 0.000327164 0.000354154 0.000321593
internal_weight=326592 200659 145060 132877 129421 55599 53794 5740 48054 12183 77585 51786 28835 19149 11857 9468 25799 1805 1459 2355 3456 9686 25768 25869 3436 3311 115 3196 9534 3134
internal_count=326592 200659 145060 132877 129421 55599 53794 5740 48054 12183 77585 51786 28835 19149 11857 9468 25799 1805 1459 2355 3456 9686 25768 25869 3436 3311 115 3196 9534 3134
cat_boundaries=0 1
cat_threshold=1
is_linear=0
shrinkage=0.05


Tree=72
num_leaves=31
num_cat=0
split_feature=33 12 11 26 17 24 17 26 15 15 24 24 13 26 15 15 15 15 15 15 15 26 26 27 24 11 13 13 7 11
split_gain=42.647 0.203165 0.0706343 0.0476124 0.0214046 0.0204914 0.0090632 0.00797861 0.00714354 0.0213576 0.00452752 0.00385088 0.00791956 0.00535466 0.00304731 0.00880028 0.00214921 0.00331133 0.0016389 0.00249828 0.00294662 0.00155747 0.00153848 0.00143636 0.00143699 0.00122791 0.00119102 0.00115951 0.00236969 0.00115356
threshold=1.0000000180025095e-35 0.48890000000000006 8.5000000000000018 7.5000000000000009 1.0000000180025095e-35 3.5000000000000004 1.0000000180025095e-35 8.5000000000000018 4.5000000000000009 1.5000000000000002 3.5000000000000004 4.5000000000000009 1.5000000000000002 7.5000000000000009 4.5000000000000009 1.5000000000000002 1.5000000000000002 4.5000000000000009 4.5000000000000009 1.5000000000000002 2.5000000000000004 5.5000000000000009 7.5000000000000009 34.000000000000007 4.5000000000000009 41.000000000000007 1.5000000000000002 1.5000000000000002 11.000000000000002 41.000000000000007
decision_type=2 2 2 2 2 2 2 2 2 2 2 2 2 2 2 2 2 2 2 2 2 2 2 2 2 2 2 2 2 2
left_child=1 5 7 4 8 6 14 16 9 26 -5 12 -7 -13 15 22 -3 -18 19 -9 -21 -16 -1 -10 -25 -12 -4 28 -6 -11
right_child=-2 2 3 10 27 11 -8 18 23 29 25 13 -14 -15 21 -17 17 -19 -20 20 -22 -23 -24 24 -26 -27 -28 -29 -30 -31
leaf_value=0.00033694051106095526 -0.00072122518904507162 0.00033343310585355807 9.3276940540156587e-05 0.00040911658588409813 -7.7575501442576455e-05 -0.00095368724331543187 0.00039913871217497725 2.1267566359840982e-05 0.0004614542777007988 0.00052349653131426367 0.0003011496880110918 0.00069770142958708575 0.00022183188886724806 0.00016354568410399911 0.00033692684714467687 0.00040015213489977839 0.00040422258906630662 0.00033537281947680088 8.5106862083453714e-06 0.00051218426076784021 0.00018646636086220786 0.00017874728183886861 0.00015142859091474346 -5.4382684606092955e-05 0.00047735067200846973 0.0005460830324759277 0.00046132288570769275 0.00052392166414278439 0.00059408384600076187 0.00060205098560486901
leaf_weight=10187 125933 2347 22 1540 24 23 20789 112 25932 25700 3203 49 38 1104 10319 10372 6972 2330 112 105 205 158 113 27 24 52 26088 52207 29 476
leaf_count=10187 125933 2347 22 1540 24 23 20789 112 25932 25700 3203 49 38 1104 10319 10372 6972 2330 112 105 205 158 113 27 24 52 26088 52207 29 476
internal_value=8.05178e-12 0.000452639 0.00048284 0.000493221 0.000498906 0.000368826 0.000373572 0.000367526 0.000482361 0.000493009 0.000338481 0.000165763 -0.000221397 0.000186246 0.000356509 0.000367642 0.000376189 0.000386977 0.00017854 0.000223666 0.00029679 0.000334541 0.000334905 0.000460933 0.000195845 0.000305063 0.000461013 0.000523684 0.000289936 0.000524925
internal_weight=326592 200659 147507 135324 130529 53152 51938 12183 78269 52286 4795 1214 61 1153 31149 20672 11649 9302 534 422 310 10477 10300 25983 51 3255 26110 52260 53 26176
internal_count=326592 200659 147507 135324 130529 53152 51938 12183 78269 52286 4795 1214 61 1153 31149 20672 11649 9302 534 422 310 10477 10300 25983 51 3255 26110 52260 53 26176
is_linear=0
shrinkage=0.05


Tree=73
num_leaves=31
num_cat=0
split_feature=33 11 11 24 17 26 4 11 24 17 15 15 15 15 15 15 13 3 15 15 25 25 26 25 15 15 13 25 15 15
split_gain=38.4889 0.162585 0.0628841 0.0434555 0.0204067 0.017745 0.0083475 0.0130358 0.0073494 0.00719022 0.00642182 0.0186144 0.00240059 0.00708236 0.00218915 0.00334437 0.00203473 0.00186141 0.00178966 0.00297145 0.00172174 0.00161756 0.00144235 0.00139364 0.00136578 0.00280412 0.00119816 0.00117641 0.00114289 0.00133182
threshold=1.0000000180025095e-35 41.000000000000007 8.5000000000000018 3.5000000000000004 1.0000000180025095e-35 7.5000000000000009 44.000000000000007 54.500000000000007 3.5000000000000004 1.0000000180025095e-35 4.5000000000000009 1.5000000000000002 4.5000000000000009 1.5000000000000002 1.5000000000000002 4.5000000000000009 1.5000000000000002 1.5000000000000002 1.5000000000000002 4.5000000000000009 3.5000000000000004 4.5000000000000009 7.5000000000000009 4.5000000000000009 1.5000000000000002 2.5000000000000004 1.5000000000000002 4.5000000000000009 4.5000000000000009 1.5000000000000002
decision_type=2 2 2 2 2 2 2 2 2 2 2 2 2 2 2 2 2 2 2 2 2 2 2 2 2 2 2 2 2 2
left_child=1 2 8 4 10 6 9 17 14 12 11 23 13 27 -1 -16 -12 -8 -7 -20 -5 -14 -18 -4 -22 -26 -11 -3 29 -10
right_child=-2 5 3 20 -6 18 7 -9 28 26 16 -13 21 -15 15 -17 22 -19 19 -21 24 -23 -24 -25 25 -27 -28 -29 -30 -31
leaf_value=0.00031281856256622909 -0.00068516395986080176 0.00032041506114066751 0.00043700016048289851 -0.00016971012475551107 0.00049680147970121728 0.00010086579325148295 0.00055605313883951078 0.00035662320577312524 -2.3164923726913655e-05 6.8770631426765075e-05 3.1064233682569002e-05 0.00049638539666035984 0.00032057618091551904 0.00038042606905032991 0.00038357138455543988 0.00031501148388281893 0.00043770115937436871 0.0004670789725911116 0.00026969327501067612 0.00010710866469277167 0.00023168077383447789 -0.00010864685120230373 0.00032971049201475401 0.00019966035052352855 0.00039833505548989641 0.00028202298248021696 0.00037986816164475596 -6.3459865050390372e-05 -6.7411714767598931e-05 0.00023232558048627479
leaf_weight=2389 125933 9514 25807 20 51836 346 1131 3385 70 31 31 25917 9664 9615 7094 2374 25455 1224 1079 380 673 22 313 62 691 2072 19188 20 68 188
leaf_count=2389 125933 9514 25807 20 51836 346 1131 3385 70 31 31 25917 9664 9615 7094 2374 25455 1224 1079 380 673 22 313 62 691 2072 19188 20 68 188
internal_value=-2.9387e-12 0.000430007 0.000457871 0.000467839 0.000472511 0.000357309 0.000362483 0.000419472 0.000349149 0.000355676 0.000456283 0.000466436 0.000339886 0.000350147 0.000355589 0.000366381 0.000435902 0.000509809 0.000203102 0.000227348 0.000292861 0.000319601 0.000436389 0.000436431 0.000295554 0.000311112 0.000379366 0.00031961 0.000114944 0.000163006
internal_weight=326592 200659 145060 132877 129421 55599 53794 5740 12183 48054 77585 51786 28835 19149 11857 9468 25799 2355 1805 1459 3456 9686 25768 25869 3436 2763 19219 9534 326 258
internal_count=326592 200659 145060 132877 129421 55599 53794 5740 12183 48054 77585 51786 28835 19149 11857 9468 25799 2355 1805 1459 3456 9686 25768 25869 3436 2763 19219 9534 326 258
is_linear=0
shrinkage=0.05


Tree=74
num_leaves=31
num_cat=0
split_feature=33 12 11 26 17 24 17 26 15 15 24 24 13 26 15 15 15 15 25 25 15 15 15 24 26 11 13 15 15 15
split_gain=34.7362 0.165571 0.0575404 0.0392067 0.0174487 0.0170835 0.00743684 0.00669419 0.00585473 0.0174596 0.00352339 0.00350531 0.00708216 0.00491164 0.0025027 0.00722152 0.00174067 0.00268095 0.00146548 0.00137616 0.00137369 0.00209708 0.00266637 0.00124475 0.00121934 0.0011567 0.00108439 0.0010603 0.00142574 0.001436
threshold=1.0000000180025095e-35 0.48890000000000006 8.5000000000000018 7.5000000000000009 1.0000000180025095e-35 3.5000000000000004 1.0000000180025095e-35 8.5000000000000018 4.5000000000000009 1.5000000000000002 3.5000000000000004 4.5000000000000009 1.5000000000000002 7.5000000000000009 4.5000000000000009 1.5000000000000002 1.5000000000000002 4.5000000000000009 3.5000000000000004 4.5000000000000009 4.5000000000000009 1.5000000000000002 2.5000000000000004 1.5000000000000002 7.5000000000000009 41.000000000000007 1.5000000000000002 4.5000000000000009 1.5000000000000002 2.5000000000000004
decision_type=2 2 2 2 2 2 2 2 2 2 2 2 2 2 2 2 2 2 2 2 2 2 2 2 2 2 2 2 2 2
left_child=1 5 7 4 8 6 14 16 9 -4 -5 12 -7 -13 15 24 -3 -18 -16 -12 21 -9 -23 -10 -1 27 -25 28 -21 -30
right_child=-2 2 3 10 -6 11 -8 20 23 -11 19 13 -14 -15 18 -17 17 -19 -20 25 -22 22 -24 26 -26 -27 -28 -29 29 -31
leaf_value=0.00030396739245157703 -0.00065090572461485869 0.00030114915073917913 0.00041607128923902613 0.00036703450858514369 0.00047267078818347759 -0.00091443943155868719 0.00036033736914369409 1.4462773638764963e-05 0.00041656242868679877 0.00047385753289307412 -6.1839018938674903e-05 0.00065681811431612903 0.00019719555367421558 0.00014523597834551662 0.00030298553150935739 0.0003612607267543902 0.00036485349415389776 0.00030290284069143077 3.4696996075714507e-06 0.00022378495938371959 2.9195051995754641e-06 0.00047178981160478936 0.00016194850819685111 -7.1770078300133994e-05 0.00013881386717445572 0.00051460630926942715 0.00033708113489079881 0.00021563216055766113 0.00037166107513315091 0.0002798354752999528
leaf_weight=10187 125933 2347 26110 1540 52260 23 20789 112 25905 26176 30 49 38 1104 10436 10372 6972 2330 41 635 112 105 205 23 113 51 55 615 636 1288
leaf_count=10187 125933 2347 26110 1540 52260 23 20789 112 25905 26176 30 49 38 1104 10436 10372 6972 2330 41 635 112 105 205 23 113 51 55 615 636 1288
internal_value=1.31093e-11 0.000408507 0.00043577 0.00044514 0.000450299 0.000332844 0.000337178 0.000331692 0.000435361 0.000445001 0.000304723 0.000147435 -0.000221946 0.000166977 0.000321721 0.000331811 0.000339627 0.000349336 0.000301813 0.000275242 0.000158585 0.000199899 0.000266895 0.000415962 0.000302156 0.000278377 0.000216522 0.000274582 0.000288749 0.000310189
internal_weight=326592 200659 147507 135324 130529 53152 51938 12183 78269 52286 4795 1214 61 1153 31149 20672 11649 9302 10477 3255 534 422 310 25983 10300 3225 78 3174 2559 1924
internal_count=326592 200659 147507 135324 130529 53152 51938 12183 78269 52286 4795 1214 61 1153 31149 20672 11649 9302 10477 3255 534 422 310 25983 10300 3225 78 3174 2559 1924
is_linear=0
shrinkage=0.05


Tree=75
num_leaves=31
num_cat=0
split_feature=33 12 11 26 17 24 17 24 15 15 24 24 13 26 26 15 15 15 15 25 24 11 13 11 15 15 15 17 13 13
split_gain=31.3494 0.149428 0.0519302 0.0353841 0.0157474 0.0154178 0.00671174 0.00617667 0.0052839 0.0157573 0.00317986 0.00316355 0.00639165 0.00443276 0.00230616 0.00213821 0.00623502 0.0017844 0.00271949 0.00124199 0.00112339 0.00104392 0.001024 0.00102231 0.000998686 0.00134937 0.00140236 0.000993311 0.000978664 0.00097683
threshold=1.0000000180025095e-35 0.48890000000000006 8.5000000000000018 7.5000000000000009 1.0000000180025095e-35 3.5000000000000004 1.0000000180025095e-35 3.5000000000000004 4.5000000000000009 1.5000000000000002 3.5000000000000004 4.5000000000000009 1.5000000000000002 7.5000000000000009 7.5000000000000009 4.5000000000000009 1.5000000000000002 1.5000000000000002 4.5000000000000009 4.5000000000000009 1.5000000000000002 41.000000000000007 1.5000000000000002 41.000000000000007 4.5000000000000009 1.5000000000000002 2.5000000000000004 1.0000000180025095e-35 1.5000000000000002 1.5000000000000002
decision_type=2 2 2 2 2 2 2 2 2 2 2 2 2 2 2 2 2 2 2 2 2 2 2 2 2 2 2 2 2 2
left_child=1 5 7 4 8 6 14 17 9 22 27 12 -7 -13 15 16 -1 -3 -19 -12 -10 -21 -4 -11 25 -15 -27 -5 -22 -6
right_child=-2 2 3 10 29 11 -8 -9 20 23 19 13 -14 24 -16 -17 -18 18 -20 21 28 -23 -24 -25 -26 26 -28 -29 -30 -31
leaf_value=0.00028876902295253302 -0.00061836047098040581 0.00028239617566419112 5.4290581663901151e-05 0.00031459328512317767 0.00023449081576095438 -0.00086871745576069738 0.00034232050016202726 0.00010039912482907145 0.00039573429019978246 0.00044881987823934408 -5.8747069754948215e-05 0.00062397720330223741 0.00018733578311328435 5.3775642056364658e-05 0.00017964105286929255 0.00028858100453912921 0.00034399305560033598 0.00034625569194134391 0.00028443167100868126 0.00026085244649557592 -6.8181570943282998e-05 0.00048887598460686267 0.00039555527682452415 0.0005227707106299198 4.5777713026397798e-05 0.00030318650103687686 0.00014731238972454523 0.00039598526989015966 0.0003202270807444372 0.00044925506631575358
leaf_weight=10187 125933 2389 22 895 53 23 20789 326 25905 25700 30 49 38 215 359 10345 10258 7094 2374 3174 23 51 26088 476 232 214 443 645 55 52207
leaf_count=10187 125933 2389 22 895 53 23 20789 326 25905 25700 30 49 38 215 359 10345 10258 7094 2374 3174 23 51 26088 476 232 214 443 645 55 52207
internal_value=-1.31613e-13 0.000388081 0.000413982 0.000422883 0.000427784 0.000316202 0.000320319 0.000315107 0.000413593 0.000422751 0.000289486 0.000140063 -0.000210848 0.000158628 0.000305635 0.000307104 0.000316477 0.000321011 0.000330754 0.00026148 0.000395164 0.000264458 0.000395268 0.000450165 0.000137974 0.000162504 0.000198084 0.000348683 0.000205696 0.000449037
internal_weight=326592 200659 147507 135324 130529 53152 51938 12183 78269 52286 4795 1214 61 1153 31149 30790 20445 11857 9468 3255 25983 3225 26110 26176 1104 872 657 1540 78 52260
internal_count=326592 200659 147507 135324 130529 53152 51938 12183 78269 52286 4795 1214 61 1153 31149 30790 20445 11857 9468 3255 25983 3225 26110 26176 1104 872 657 1540 78 52260
is_linear=0
shrinkage=0.05


Tree=76
num_leaves=31
num_cat=1
split_feature=33 12 12 26 17 24 17 26 15 15 24 24 0 26 26 15 15 15 15 15 15 15 25 15 15 15 24 24 15 15
split_gain=28.2929 0.134859 0.046867 0.0319341 0.0142121 0.0139146 0.00605735 0.00561974 0.00476871 0.0142209 0.00286983 0.0028551 0.00508819 0.00400056 0.00208131 0.00192973 0.00562711 0.00141034 0.00217283 0.00122666 0.00186347 0.00241729 0.00112089 0.00101475 0.00137868 0.00125146 0.00101386 0.000939901 0.000901314 0.00121781
threshold=1.0000000180025095e-35 0.48890000000000006 0.90555000000000019 7.5000000000000009 1.0000000180025095e-35 3.5000000000000004 1.0000000180025095e-35 8.5000000000000018 4.5000000000000009 1.5000000000000002 3.5000000000000004 4.5000000000000009 0 7.5000000000000009 7.5000000000000009 4.5000000000000009 1.5000000000000002 1.5000000000000002 4.5000000000000009 4.5000000000000009 1.5000000000000002 2.5000000000000004 4.5000000000000009 4.5000000000000009 1.5000000000000002 2.5000000000000004 1.5000000000000002 3.5000000000000004 4.5000000000000009 1.5000000000000002
decision_type=2 2 2 2 2 2 2 2 2 2 2 2 1 2 2 2 2 2 2 2 2 2 2 2 2 2 2 2 2 2
left_child=1 5 3 4 8 6 14 17 9 27 -5 12 -7 -13 15 16 -1 -4 -19 20 -9 -22 -12 24 -24 -26 -10 -3 29 -15
right_child=-2 2 7 10 -6 11 -8 19 26 -11 22 13 -14 28 -16 -17 -18 18 -20 -21 21 -23 23 -25 25 -27 -28 -29 -30 -31
leaf_value=0.00027433056613795887 -0.00058744242414832115 0.0003758759257491888 0.00027198739439918861 0.00033124864731110974 0.0004265853962354887 0.00020663308506995879 0.0003252044677623453 4.982240248604545e-06 0.00037594759379849888 0.00042765639805567138 -5.5809711217686226e-05 0.00059277835130995635 -0.00071274739457294345 5.1086856306768784e-05 0.00017065899969806765 0.0002741519540279146 0.00032679339180852825 0.00032933153709423707 0.00027355981096845167 -6.3542962899581263e-06 0.00043802908244764522 0.00014301451655649922 0.0002016283370516243 0.00019391712020293335 0.00034295992928655439 0.0002578551645345259 0.00019541150544776032 0.00013331877187169994 4.3488827728212748e-05 0.00018817996134899297
leaf_weight=10187 125933 26070 2347 1540 52260 34 20789 112 25905 26176 30 49 27 215 359 10345 10258 6972 2330 112 105 205 646 623 644 1312 78 40 232 657
leaf_count=10187 125933 26070 2347 1540 52260 34 20789 112 25905 26176 30 49 27 215 359 10345 10258 6972 2330 112 105 205 646 623 644 1312 78 40 232 657
internal_value=7.12587e-12 0.000368677 0.000393283 0.000401739 0.000406395 0.000300392 0.000304303 0.000299352 0.000392913 0.000401613 0.000275012 0.00013306 -0.000200306 0.000150697 0.000290353 0.000291749 0.000300653 0.000306623 0.000315362 0.000140744 0.000179784 0.000242939 0.000248406 0.000251235 0.000264959 0.000285875 0.000375406 0.000375504 0.000131075 0.000154378
internal_weight=326592 200659 147507 135324 130529 53152 51938 12183 78269 52286 4795 1214 61 1153 31149 30790 20445 11649 9302 534 422 310 3255 3225 2602 1956 25983 26110 1104 872
internal_count=326592 200659 147507 135324 130529 53152 51938 12183 78269 52286 4795 1214 61 1153 31149 30790 20445 11649 9302 534 422 310 3255 3225 2602 1956 25983 26110 1104 872
cat_boundaries=0 1
cat_threshold=1
is_linear=0
shrinkage=0.05


Tree=77
num_leaves=31
num_cat=1
split_feature=33 12 11 26 17 24 17 24 16 19 25 24 0 26 26 16 19 19 18 11 18 19 16 11 24 14 14 18 19 16
split_gain=25.5343 0.12171 0.0422975 0.0288206 0.0128264 0.0125579 0.00546676 0.00519142 0.00430376 0.0128344 0.00261184 0.00257673 0.00459209 0.00361051 0.00187838 0.00174158 0.00507847 0.00145447 0.00221084 0.00110544 0.000948603 0.00150776 0.0010875 0.000922636 0.000915007 0.000870105 0.0016521 0.000868789 0.000971795 0.000888527
threshold=1.0000000180025095e-35 0.48890000000000006 8.5000000000000018 7.5000000000000009 1.0000000180025095e-35 3.5000000000000004 1.0000000180025095e-35 3.5000000000000004 1.0000000180025095e-35 1.0000000180025095e-35 3.5000000000000004 4.5000000000000009 0 7.5000000000000009 7.5000000000000009 1.0000000180025095e-35 1.0000000180025095e-35 1.0000000180025095e-35 1.0000000180025095e-35 41.000000000000007 1.0000000180025095e-35 1.0000000180025095e-35 1.0000000180025095e-35 41.000000000000007 1.5000000000000002 2.5000000000000004 6.5000000000000009 1.0000000180025095e-35 1.0000000180025095e-35 1.0000000180025095e-35
decision_type=2 2 2 2 2 2 2 2 2 2 2 2 1 2 2 2 2 2 2 2 2 2 2 2 2 2 2 2 2 2
left_child=1 5 7 4 8 6 14 17 24 23 -5 12 -7 -13 15 -1 -17 18 -3 20 21 22 -12 -10 -4 -26 -27 28 29 -9
right_child=-2 2 3 10 -6 11 -8 27 9 -11 19 13 -14 -15 -16 16 -18 -19 -20 -21 -22 -23 -24 -25 25 26 -28 -29 -30 -31
leaf_value=0.00026044435947665333 -0.00055807032622396952 0.00031257000587886388 0.0003571502183107604 0.00031987805320476894 0.00040525611269655239 0.00019630143394940258 0.00030894425067786937 0.00010871154477544985 0.00040499607108330452 0.00035672910560605701 0.0002434464966904452 0.00056313942756731894 -0.00067711001417289189 0.00012452170085716584 0.0001621260526428519 0.000310453731505566 0.00026061404555398967 0.00025493406353739795 0.00025682685877605074 0.00045076229570743939 0.00018108536118412695 0.00018325136686568892 0.00032149546053582192 0.00047524937080266349 0.00044388234939264214 -0.000284865609719418 0.00028480029540202981 -7.1447716361623919e-05 -2.9580861030678666e-05 0.0003364479497329078
leaf_weight=10345 125933 7094 25905 1361 52260 34 20789 122 25700 26110 1353 49 27 1104 359 10258 10187 2389 2374 60 672 683 666 476 23 20 35 68 70 66
leaf_count=10345 125933 7094 25905 1361 52260 34 20789 122 25700 26110 1353 49 27 1104 359 10258 10187 2389 2374 60 672 683 666 476 23 20 35 68 70 66
internal_value=-2.24162e-12 0.000350243 0.000373619 0.000381652 0.000386075 0.000285372 0.000289088 0.000284384 0.000373267 0.000381533 0.000261262 0.000126407 -0.000190291 0.000143162 0.000275836 0.000277162 0.00028562 0.000289796 0.000298593 0.00023803 0.000234247 0.000247468 0.000269192 0.000406274 0.000356635 0.000185641 7.76491e-05 8.75438e-05 0.000129448 0.000188662
internal_weight=326592 200659 147507 135324 130529 53152 51938 12183 78269 52286 4795 1214 61 1153 31149 30790 20445 11857 9468 3434 3374 2702 2019 26176 25983 78 55 326 258 188
internal_count=326592 200659 147507 135324 130529 53152 51938 12183 78269 52286 4795 1214 61 1153 31149 30790 20445 11857 9468 3434 3374 2702 2019 26176 25983 78 55 326 258 188
cat_boundaries=0 1
cat_threshold=1
is_linear=0
shrinkage=0.05


Tree=78
num_leaves=31
num_cat=1
split_feature=33 12 11 26 17 24 17 26 15 15 24 24 13 26 26 15 15 15 15 15 15 15 25 25 14 17 13 6 13 11
split_gain=23.0447 0.109843 0.0381735 0.0260106 0.0115758 0.0113335 0.00493375 0.00471683 0.00388415 0.011583 0.00236452 0.0023255 0.00542693 0.00325848 0.00169524 0.00157178 0.00458332 0.00114156 0.0017585 0.0010278 0.00156559 0.00208822 0.00102602 0.000889557 0.00266758 0.000887491 0.000881589 0.00218171 0.000865463 0.000851536
threshold=1.0000000180025095e-35 0.48890000000000006 8.5000000000000018 7.5000000000000009 1.0000000180025095e-35 3.5000000000000004 1.0000000180025095e-35 8.5000000000000018 4.5000000000000009 1.5000000000000002 3.5000000000000004 4.5000000000000009 1.5000000000000002 7.5000000000000009 7.5000000000000009 4.5000000000000009 1.5000000000000002 1.5000000000000002 4.5000000000000009 4.5000000000000009 1.5000000000000002 2.5000000000000004 4.5000000000000009 3.5000000000000004 2.5000000000000004 1.0000000180025095e-35 1.5000000000000002 0 1.5000000000000002 41.000000000000007
decision_type=2 2 2 2 2 2 2 2 2 2 2 2 2 2 2 2 2 2 2 2 2 2 2 2 2 2 2 1 2 2
left_child=1 5 7 4 8 6 14 17 9 28 25 12 -7 -13 15 16 -1 -3 -19 20 -9 -22 -12 -11 -25 -5 27 -6 -4 -24
right_child=-2 2 3 10 26 11 -8 19 -10 23 22 13 -14 -15 -16 -17 -18 18 -20 -21 21 -23 29 24 -26 -27 -28 -29 -30 -31
leaf_value=0.00024758333105239568 -0.00053016678430140018 0.0002456655715122775 2.541986336423592e-05 0.00026702197060488454 -0.00017145984844925505 -0.00078696769652078329 0.00029349703191601658 3.6945406074145079e-07 0.00033880357213733115 0.00038548950245917836 -6.7008460706953591e-05 0.00053498246920846259 0.0001861295128228927 0.00011829561146072777 0.00015401974918843997 0.00024742214157709241 0.00029493103735194306 0.0002972560729526226 0.00024708274300729803 -9.791751751566023e-06 0.000399805520262037 0.00012560522416606544 0.0002234983115529474 0.0010046108220906362 0.00034267970567776099 0.00034395643372752874 0.00038520023422521402 0.00047300926827151198 0.00033915699997098358 0.00042944167667598117
leaf_weight=10187 125933 2347 22 895 24 23 20789 112 25983 26108 30 49 38 1104 359 10345 10258 6972 2330 112 105 205 3174 23 45 645 52207 29 26088 51
leaf_count=10187 125933 2347 22 895 24 23 20789 112 25983 26108 30 49 38 1104 359 10345 10258 6972 2330 112 105 205 3174 23 45 645 52207 29 26088 51
internal_value=6.67415e-12 0.000332731 0.000354938 0.00036257 0.000366771 0.000271104 0.000274634 0.000270165 0.000354604 0.000362456 0.000248198 0.000120087 -0.000180776 0.000136004 0.000262044 0.000263304 0.000271339 0.000276826 0.000284688 0.000124856 0.000160592 0.00021848 0.000224048 0.00038596 0.000566568 0.000299245 0.000384993 0.000181174 0.000338893 0.000226755
internal_weight=326592 200659 147507 135324 130529 53152 51938 12183 78269 52286 4795 1214 61 1153 31149 30790 20445 11649 9302 534 422 310 3255 26176 68 1540 52260 53 26110 3225
internal_count=326592 200659 147507 135324 130529 53152 51938 12183 78269 52286 4795 1214 61 1153 31149 30790 20445 11649 9302 534 422 310 3255 26176 68 1540 52260 53 26110 3225
cat_boundaries=0 1
cat_threshold=2
is_linear=0
shrinkage=0.05


Tree=79
num_leaves=31
num_cat=0
split_feature=11 22 23 12 21 11 21 26 17 24 17 24 15 15 25 24 13 26 26 15 15 15 15 11 15 15 15 25 11 27
split_gain=11.5809 8.05195 1.06685 0.101257 0.0632536 0.0344516 0.0328243 0.0234745 0.0104472 0.0102285 0.00445271 0.00436365 0.00350544 0.0104537 0.00216089 0.00209876 0.0048978 0.00294078 0.00152996 0.00141853 0.00413644 0.00118583 0.00179746 0.000913032 0.000852565 0.00135797 0.000985998 0.000836033 0.000833391 0.000832207
threshold=-1.0000000180025095e-35 1.0000000180025095e-35 1.0000000180025095e-35 0.48890000000000006 1.0000000180025095e-35 8.5000000000000018 1.0000000180025095e-35 7.5000000000000009 1.0000000180025095e-35 3.5000000000000004 1.0000000180025095e-35 3.5000000000000004 4.5000000000000009 1.5000000000000002 3.5000000000000004 4.5000000000000009 1.5000000000000002 7.5000000000000009 7.5000000000000009 4.5000000000000009 1.5000000000000002 1.5000000000000002 4.5000000000000009 41.000000000000007 4.5000000000000009 1.5000000000000002 2.5000000000000004 3.5000000000000004 41.000000000000007 34.000000000000007
decision_type=2 2 2 2 2 2 2 2 2 2 2 2 2 2 2 2 2 2 2 2 2 2 2 2 2 2 2 2 2 2
left_child=-1 2 3 6 5 11 9 8 12 10 18 21 13 -7 -9 16 -11 -17 19 20 -2 -5 -23 24 25 -16 -27 -21 -15 -14
right_child=1 -3 -4 4 -6 7 -8 14 -10 15 -12 -13 29 28 23 17 -18 -19 -20 27 -22 22 -24 -25 -26 26 -28 -29 -30 -31
leaf_value=-0.00050365845672786238 0.00023520416809611454 -0.00050365845672786238 -0.00050365845672786238 0.00023014023429835845 -0.00050365845672786238 0.00032194801867185889 -0.00050365845672786238 0.00028910518287387485 0.00036574364046425761 -0.00074761931723712582 0.00027882218208540109 7.6190533948150899e-05 0.00032226022929708647 0.0003654477340948373 0.00016280985715162245 0.00050823334438194123 0.00017682303181285725 0.00011238083323511039 0.00014631876189738849 0.00023569209963561017 0.00028018449056778464 0.00028216424813389196 0.00023190189977088466 0.00040799215921045594 0.00016082070740031627 0.00029417282832484393 0.00021985547654248131 -8.0108763428316237e-05 0.00043221691568546438 0.0001200853869793754
leaf_weight=84576 10187 36927 4064 2389 224 26110 142 1361 52260 23 20789 326 25932 25700 683 49 38 1104 359 10324 10258 7094 2374 60 672 666 1353 21 476 51
leaf_count=84576 10187 36927 4064 2389 224 26110 142 1361 52260 23 20789 326 25932 25700 683 49 38 1104 359 10324 10258 7094 2374 60 672 666 1353 21 476 51
internal_value=-1.78613e-13 0.000176011 0.000298388 0.000314602 0.000335916 0.000337191 0.00025552 0.000344441 0.000348432 0.000257549 0.000260902 0.000256657 0.000336874 0.000344333 0.000235789 0.000114082 -0.000171737 0.000129204 0.000248942 0.000250138 0.000257772 0.000261619 0.000269562 0.000214657 0.000211219 0.000223754 0.00024437 0.000235051 0.000366662 0.000321863
internal_weight=326592 242016 205089 201025 147731 147507 53294 135324 130529 53152 51938 12183 78269 52286 4795 1214 61 1153 31149 30790 20445 11857 9468 3434 3374 2702 2019 10345 26176 25983
internal_count=326592 242016 205089 201025 147731 147507 53294 135324 130529 53152 51938 12183 78269 52286 4795 1214 61 1153 31149 30790 20445 11857 9468 3434 3374 2702 2019 10345 26176 25983
is_linear=0
shrinkage=0.05


Tree=80
num_leaves=31
num_cat=0
split_feature=33 12 11 26 17 25 17 26 15 15 25 7 26 26 26 26 15 15 25 26 15 15 15 15 15 15 15 15 11 25
split_gain=18.7701 0.0894681 0.0310925 0.0211858 0.00942857 0.00923554 0.00405756 0.00395938 0.00316366 0.00943445 0.0019502 0.00186692 0.00807603 0.00336568 0.00204463 0.00143943 0.00123941 0.00367552 0.00102257 0.00097163 0.000918392 0.00139226 0.0018927 0.000910815 0.00124104 0.000904243 0.00127728 0.00119903 0.000824011 0.000802934
threshold=1.0000000180025095e-35 0.48890000000000006 8.5000000000000018 7.5000000000000009 1.0000000180025095e-35 4.5000000000000009 1.0000000180025095e-35 8.5000000000000018 4.5000000000000009 1.5000000000000002 3.5000000000000004 11.000000000000002 9.5000000000000018 7.5000000000000009 5.5000000000000009 7.5000000000000009 1.5000000000000002 4.5000000000000009 3.5000000000000004 5.5000000000000009 4.5000000000000009 1.5000000000000002 2.5000000000000004 1.5000000000000002 4.5000000000000009 4.5000000000000009 1.5000000000000002 2.5000000000000004 41.000000000000007 3.5000000000000004
decision_type=2 2 2 2 2 2 2 2 2 2 2 2 2 2 2 2 2 2 2 2 2 2 2 2 2 2 2 2 2 2
left_child=1 5 7 4 8 6 15 18 9 -4 -5 12 -7 14 -13 16 -1 -18 19 23 21 -9 -23 -3 -25 26 -15 -28 -12 -11
right_child=-2 2 3 10 -6 11 -8 20 -10 29 28 13 -14 25 -16 -17 17 -19 -20 -21 -22 22 -24 24 -26 -27 27 -29 -30 -31
leaf_value=0.00022335464071567771 -0.00047847554087638856 0.00022232439425678399 0.00030585062020345568 0.00027464992389997125 0.00034745646917373101 -0.00069162982289452815 0.00026508882984303768 -6.6200127678582387e-06 0.00030577023671271803 0.00034788189383381466 0.00020065841420211557 0.00028354925145818432 0.00010894131599617947 2.9155010243521822e-05 0.00082889325357973569 0.00012968716438104496 0.00026589329017276099 0.00022364963373764672 6.6293102530081097e-07 0.0005906027786078908 -1.6587392409357045e-05 0.00037169007894893489 0.0001106424005872502 0.00026780750155478442 0.0002254825643569625 2.2419970757777498e-05 0.00028162249622659555 0.00012817431124858558 0.00038759254549707598 0.00051991827785968781
leaf_weight=10181 125933 2340 26110 1361 52260 37 20761 112 25983 26108 3374 55 212 191 25 312 10254 10343 41 21 112 105 205 6939 2308 202 189 390 60 68
leaf_count=10181 125933 2340 26110 1361 52260 37 20761 112 25983 26108 3374 55 212 191 25 312 10254 10343 41 21 112 105 205 6939 2308 202 189 390 60 68
internal_value=-2.09818e-13 0.00030029 0.000320331 0.000327219 0.000331011 0.000244671 0.000247973 0.000243824 0.00032003 0.000327117 0.000223999 0.000113094 -1.00191e-05 0.000142233 0.000453969 0.000236543 0.000237626 0.00024468 0.000249927 0.000250807 0.000110693 0.000144473 0.000199062 0.000250192 0.000257243 0.000116576 0.000141277 0.000178264 0.000203925 0.000348329
internal_weight=326592 200659 147507 135324 130529 53152 51851 12183 78269 52286 4795 1301 249 1052 80 31090 30778 20597 11649 11608 534 422 310 11587 9247 972 770 579 3434 26176
internal_count=326592 200659 147507 135324 130529 53152 51851 12183 78269 52286 4795 1301 249 1052 80 31090 30778 20597 11649 11608 534 422 310 11587 9247 972 770 579 3434 26176
is_linear=0
shrinkage=0.05


Tree=81
num_leaves=31
num_cat=1
split_feature=33 11 11 24 17 26 4 11 24 17 15 15 13 6 3 13 25 15 15 27 15 15 25 15 15 17 26 15 15 24
split_gain=16.94 0.0705231 0.0275741 0.0195699 0.009229 0.00806299 0.00429215 0.00667773 0.00361864 0.00319815 0.00288395 0.00825985 0.00184651 0.00229376 0.00167585 0.00146994 0.00127623 0.00113479 0.00186719 0.0011245 0.00105874 0.00303113 0.000991928 0.000967744 0.00146621 0.000898736 0.000855135 0.000802943 0.00162726 0.00113003
threshold=1.0000000180025095e-35 41.000000000000007 8.5000000000000018 3.5000000000000004 1.0000000180025095e-35 7.5000000000000009 44.000000000000007 54.500000000000007 3.5000000000000004 1.0000000180025095e-35 4.5000000000000009 1.5000000000000002 1.5000000000000002 0 1.5000000000000002 1.5000000000000002 3.5000000000000004 4.5000000000000009 1.5000000000000002 34.000000000000007 4.5000000000000009 1.5000000000000002 4.5000000000000009 1.5000000000000002 4.5000000000000009 1.0000000180025095e-35 7.5000000000000009 1.5000000000000002 2.5000000000000004 4.5000000000000009
decision_type=2 2 2 2 2 2 2 2 2 2 2 2 2 1 2 2 2 2 2 2 2 2 2 2 2 2 2 2 2 2
left_child=1 2 8 4 10 6 9 14 23 12 11 22 13 -3 25 -12 -5 18 -7 -13 21 -14 -4 -1 -25 -8 -17 29 -29 -18
right_child=-2 5 3 16 -6 17 7 -9 -10 -11 15 19 20 -15 -16 26 27 -19 -20 -21 -22 -23 -24 24 -26 -27 -28 28 -30 -31
leaf_value=0.00020771429833401934 -0.00045455177314579487 -0.00040232827349637564 0.00028974615813080268 -0.00020544907165458428 0.00032969803909725653 5.2850053945456701e-05 0.00042664922378814625 0.00023676619589180193 6.7292609689664388e-05 0.00025180249312461571 -5.5302539840340616e-05 0.00032882069303523804 0.00021282058729717165 0.00029136287101375112 0.00030586080402333682 0.00029021559706632073 -0.0001770535174448294 5.6676494766035925e-05 0.0001863319739553494 0.00061242260171898773 0.00021251058733375095 0.00025264425589799128 8.9513281801050805e-05 0.00025470904454181651 0.00020931364761222853 0.0003356551051972253 0.00020706429782795153 0.0002734961471683447 0.00018489189692568413 0.00015913566171049128
leaf_weight=2389 125933 26 25807 20 51836 346 679 3385 326 19219 31 25882 9519 22 1224 25455 26 380 1079 35 9674 9594 62 7094 2374 452 313 691 2072 647
leaf_count=2389 125933 26 25807 20 51836 346 679 3385 326 19219 31 25882 9519 22 1224 25455 26 380 1079 35 9674 9594 62 7094 2374 452 313 691 2072 647
internal_value=-2.78075e-12 0.000285275 0.000303627 0.000310227 0.000313363 0.000237396 0.000240884 0.000281749 0.000231633 0.000236003 0.000302449 0.000309253 0.000225472 -8.43865e-05 0.000346405 0.000288792 0.000192804 0.000133449 0.000153922 0.000329204 0.000225989 0.000232811 0.000289266 0.000236151 0.000243327 0.000390284 0.000289206 0.000195122 0.000207051 0.000146148
internal_weight=326592 200659 145060 132877 129421 55599 53794 5740 12183 48054 77585 51786 28835 48 2355 25799 3456 1805 1425 25917 28787 19113 25869 11857 9468 1131 25768 3436 2763 673
internal_count=326592 200659 145060 132877 129421 55599 53794 5740 12183 48054 77585 51786 28835 48 2355 25799 3456 1805 1425 25917 28787 19113 25869 11857 9468 1131 25768 3436 2763 673
cat_boundaries=0 1
cat_threshold=2
is_linear=0
shrinkage=0.05


Tree=82
num_leaves=31
num_cat=0
split_feature=33 11 11 24 17 26 26 17 15 15 13 3 15 15 3 27 25 15 15 27 25 25 26 15 15 15 13 25 25 26
split_gain=15.2883 0.0636471 0.0248856 0.0176619 0.00832917 0.00727685 0.00332506 0.00293603 0.00260277 0.00745451 0.00132662 0.00124349 0.00117746 0.00351343 0.00178579 0.00129466 0.0011518 0.00102415 0.00168514 0.00101486 0.000895215 0.000874088 0.000876036 0.000820999 0.00123884 0.00171515 0.000799263 0.00134403 0.000785652 0.00077176
threshold=1.0000000180025095e-35 41.000000000000007 8.5000000000000018 3.5000000000000004 1.0000000180025095e-35 7.5000000000000009 8.5000000000000018 1.0000000180025095e-35 4.5000000000000009 1.5000000000000002 1.5000000000000002 1.5000000000000002 4.5000000000000009 1.5000000000000002 1.5000000000000002 34.000000000000007 3.5000000000000004 4.5000000000000009 1.5000000000000002 34.000000000000007 4.5000000000000009 3.5000000000000004 5.5000000000000009 4.5000000000000009 1.5000000000000002 2.5000000000000004 1.5000000000000002 3.5000000000000004 4.5000000000000009 7.5000000000000009
decision_type=2 2 2 2 2 2 2 2 2 2 2 2 2 2 2 2 2 2 2 2 2 2 2 2 2 2 2 2 2 2
left_child=1 2 6 4 8 7 21 12 9 20 -10 26 13 28 -15 -14 -5 18 -7 -11 -4 22 -1 24 -8 -26 -9 -28 -3 -12
right_child=-2 5 3 16 -6 17 23 11 10 19 29 -13 15 14 -16 -17 -18 -19 -20 -21 -22 -23 -24 -25 25 -27 27 -29 -30 -31
leaf_value=0.0002258731275545312 -0.0004318241495639086 0.00020636458917305266 0.00027525885076080069 -0.00019517661159625278 0.00031321313590951781 5.0207551378982865e-05 -1.2537302518467186e-05 -1.2391566058560726e-05 -5.2537424339642446e-05 0.00031237965980536052 0.00027570482299896736 0.00032187794130865714 0.00020662067187929121 0.00024312143150694693 0.00037886635813441492 -0.00018634988338730877 0.00018536591140068317 5.3842670968151655e-05 0.00017701537235906699 0.00058180146139680548 8.5037618261976018e-05 -4.8132079494435614e-06 0.00054910523107364073 -2.2292765041649029e-05 0.0003458141238384304 9.7311649374981837e-05 0.00024122529633919664 0.000594223476946354 -9.9763468218346432e-05 0.00019671108466790639
leaf_weight=11587 125933 10653 25807 20 51836 346 112 31 31 25882 25455 490 10808 10511 248 21 3436 380 1079 35 62 41 21 112 105 205 20984 27 21 313
leaf_count=11587 125933 10653 25807 20 51836 346 112 31 31 25882 25455 490 10808 10511 248 21 3436 380 1079 35 62 41 21 112 105 205 20984 27 21 313
internal_value=1.1812e-11 0.000271012 0.000288445 0.000294716 0.000297695 0.000225526 0.000220051 0.00022884 0.000287327 0.000293791 0.000274352 0.000243138 0.000219297 0.000226087 0.00024625 0.000205859 0.000183164 0.000126777 0.000146226 0.000312744 0.000274803 0.000225644 0.000226458 9.80494e-05 0.000129989 0.000181482 0.000241305 0.000241679 0.000205762 0.000274745
internal_weight=326592 200659 145060 132877 129421 55599 12183 53794 77585 51786 25799 21532 32262 21433 10759 10829 3456 1805 1425 25917 25869 11649 11608 534 422 310 21042 21011 10674 25768
internal_count=326592 200659 145060 132877 129421 55599 12183 53794 77585 51786 25799 21532 32262 21433 10759 10829 3456 1805 1425 25917 25869 11649 11608 534 422 310 21042 21011 10674 25768
is_linear=0
shrinkage=0.05


Tree=83
num_leaves=31
num_cat=1
split_feature=33 12 11 26 24 17 17 26 15 15 24 13 26 25 15 15 25 11 25 26 25 14 15 15 15 0 15 15 15 15
split_gain=13.7977 0.0662799 0.0229025 0.0159424 0.00716757 0.00692158 0.00300479 0.00300087 0.00234789 0.00695766 0.00172256 0.00403833 0.0023905 0.00133769 0.00102757 0.00296471 0.00102673 0.000795919 0.000788865 0.000790622 0.000742085 0.0022534 0.000740952 0.00111806 0.00154793 0.000739905 0.000736012 0.000997153 0.000729091 0.00108831
threshold=1.0000000180025095e-35 0.48890000000000006 8.5000000000000018 7.5000000000000009 3.5000000000000004 1.0000000180025095e-35 1.0000000180025095e-35 8.5000000000000018 4.5000000000000009 1.5000000000000002 4.5000000000000009 1.5000000000000002 7.5000000000000009 3.5000000000000004 4.5000000000000009 1.5000000000000002 3.5000000000000004 41.000000000000007 3.5000000000000004 5.5000000000000009 3.5000000000000004 2.5000000000000004 4.5000000000000009 1.5000000000000002 2.5000000000000004 0 1.5000000000000002 4.5000000000000009 4.5000000000000009 1.5000000000000002
decision_type=2 2 2 2 2 2 2 2 2 2 2 2 2 2 2 2 2 2 2 2 2 2 2 2 2 1 2 2 2 2
left_child=1 4 7 5 6 8 14 18 9 -4 11 -6 -12 -5 15 -1 -16 28 19 26 -11 -22 23 -9 -25 -23 -3 -28 29 -15
right_child=-2 2 3 13 10 -7 -8 22 -10 20 12 -13 -14 17 16 -17 -18 -19 -20 -21 21 25 -24 24 -26 -27 27 -29 -30 -31
leaf_value=0.00019003552635504361 -0.00041023297235369687 0.00018952879560693429 0.00026234568653939265 0.00023303119583150496 -0.00069236456841716306 0.0002980021741333886 0.00022711760634643323 -1.1910438050628207e-05 0.00026221868041580724 0.00029839471587404711 0.0004449249425788923 0.00014705739380779532 8.8024954637122414e-05 0.00012827900050369344 0.00019079635265952064 0.0002279061280662173 -5.9906144771247919e-05 0.00035496604493043076 -4.5725449681191186e-06 0.00052164996907647164 0.00086638688555230273 0.00046531155239790681 -2.1178127073134031e-05 0.00032852342263573695 9.2446066995673795e-05 5.9719914165527933e-05 0.00023038802136756865 0.00019244909914173315 0.00012463960826088235 0.00020129366982111859
leaf_weight=10300 125933 2340 26110 1361 23 52260 20789 112 25983 26108 49 38 1104 683 10436 10372 41 60 41 21 23 22 112 105 205 23 6939 2308 672 2019
leaf_count=10300 125933 2340 26110 1361 23 52260 20789 112 25983 26108 49 38 1104 683 10436 10372 41 60 41 21 23 22 112 105 205 23 6939 2308 672 2019
internal_value=-5.13792e-12 0.000257461 0.000274711 0.000280622 0.000209589 0.000283912 0.000212397 0.000209049 0.000274503 0.000280608 8.94931e-05 -0.000169446 0.000103192 0.000191082 0.000202572 0.000209037 0.000189815 0.000174456 0.000214362 0.000215135 0.000298824 0.000463784 9.3147e-05 0.000123489 0.000172408 0.000258009 0.000214579 0.000220919 0.000171246 0.000182837
internal_weight=326592 200659 147507 135324 53152 130529 51938 12183 78269 52286 1214 61 1153 4795 31149 20672 10477 3434 11649 11608 26176 68 534 422 310 45 11587 9247 3374 2702
internal_count=326592 200659 147507 135324 53152 130529 51938 12183 78269 52286 1214 61 1153 4795 31149 20672 10477 3434 11649 11608 26176 68 534 422 310 45 11587 9247 3374 2702
cat_boundaries=0 1
cat_threshold=1
is_linear=0
shrinkage=0.05


Tree=84
num_leaves=31
num_cat=0
split_feature=33 12 11 24 17 24 24 17 15 15 24 13 25 13 15 15 25 11 27 24 4 15 15 25 15 15 15 11 15 15
split_gain=12.4524 0.0598176 0.0206695 0.0139621 0.00651002 0.00646873 0.0027559 0.00271182 0.00218853 0.0063257 0.00155461 0.0036446 0.00107502 0.000999514 0.000927379 0.00267565 0.000926628 0.000882617 0.000818055 0.000797513 0.00599978 0.000784198 0.00118109 0.000777564 0.000742025 0.000980258 0.00129818 0.000684687 0.000664257 0.000809229
threshold=1.0000000180025095e-35 0.48890000000000006 8.5000000000000018 3.5000000000000004 1.0000000180025095e-35 3.5000000000000004 3.5000000000000004 1.0000000180025095e-35 4.5000000000000009 1.5000000000000002 4.5000000000000009 1.5000000000000002 3.5000000000000004 1.5000000000000002 4.5000000000000009 1.5000000000000002 3.5000000000000004 41.000000000000007 34.000000000000007 4.5000000000000009 41.000000000000007 1.5000000000000002 4.5000000000000009 4.5000000000000009 4.5000000000000009 1.5000000000000002 2.5000000000000004 41.000000000000007 4.5000000000000009 1.5000000000000002
decision_type=2 2 2 2 2 2 2 2 2 2 2 2 2 2 2 2 2 2 2 2 2 2 2 2 2 2 2 2 2 2
left_child=1 5 6 4 8 7 21 14 9 23 11 -7 -5 -10 15 -1 -16 19 27 20 -14 -3 -23 -4 25 -12 -27 -11 29 -21
right_child=-2 2 3 12 -6 10 -8 -9 13 18 24 -13 17 -15 16 -17 -18 -19 -20 28 -22 22 -24 -25 -26 26 -28 -29 -30 -31
leaf_value=0.0001805337509267525 -0.00038972131442278625 0.00017694079480713837 0.00024909047657007224 -0.00019728920451598242 0.00028280823133815507 -0.00065774634358999528 5.5178361683276894e-05 0.00021576172721530021 -3.0930896173231304e-05 0.00028187281159808134 2.7804676262478881e-05 0.00013970451821622095 -0.00070900953247804541 0.00024867997425163414 0.00018125653611869119 0.00021651082274759377 -5.6910841699502233e-05 0.00036208331042316636 0.00052148446803686156 0.00013526869974483433 0.0001737087407881128 0.00021921446900835122 0.00017847129334077274 7.32220809801393e-05 2.0004244774499816e-05 0.00024642994713895352 0.00010019348234036994 0.00034189564488589582 0.00012697314048637053 0.00019970649289386419
leaf_weight=10300 125933 2389 26283 20 52793 23 326 20789 32 25882 224 38 22 26236 10436 10372 41 59 36 647 154 7094 2374 63 241 226 462 484 640 1973
leaf_count=10300 125933 2389 26283 20 52793 23 326 20789 32 25882 224 38 22 26236 10436 10372 41 59 36 647 154 7094 2374 63 241 226 462 484 640 1973
internal_value=3.31566e-12 0.000244588 0.000260975 0.000266591 0.000269214 0.00019911 0.000198596 0.000201777 0.000260131 0.000266003 8.50185e-05 -0.000160974 0.000168243 0.000248339 0.000192443 0.000198585 0.000180325 0.000170334 0.0002833 0.000167042 6.3369e-05 0.000202539 0.000208999 0.00024867 9.80328e-05 0.000118652 0.00014823 0.000282975 0.000172639 0.000183794
internal_weight=326592 200659 147507 135324 131809 53152 12183 51938 79016 52748 1214 61 3515 26268 31149 20672 10477 3495 26402 3436 176 11857 9468 26346 1153 912 688 26366 3260 2620
internal_count=326592 200659 147507 135324 131809 53152 12183 51938 79016 52748 1214 61 3515 26268 31149 20672 10477 3495 26402 3436 176 11857 9468 26346 1153 912 688 26366 3260 2620
is_linear=0
shrinkage=0.05


Tree=85
num_leaves=31
num_cat=1
split_feature=33 12 11 26 26 17 26 17 16 19 13 6 25 16 19 18 19 24 25 14 11 3 13 16 25 26 18 19 16 11
split_gain=11.2383 0.0539854 0.0186542 0.0133297 0.00585047 0.0056315 0.00251965 0.00240706 0.00191433 0.00567738 0.00144501 0.00186401 0.00103076 0.00079563 0.00227752 0.000770775 0.00126021 0.000762663 0.0007221 0.00191883 0.000698363 0.00153249 0.00084146 0.00069299 0.000674491 0.000712839 0.000662379 0.000994919 0.00140254 0.00064806
threshold=1.0000000180025095e-35 0.48890000000000006 8.5000000000000018 7.5000000000000009 7.5000000000000009 1.0000000180025095e-35 8.5000000000000018 1.0000000180025095e-35 1.0000000180025095e-35 1.0000000180025095e-35 1.5000000000000002 0 3.5000000000000004 1.0000000180025095e-35 1.0000000180025095e-35 1.0000000180025095e-35 1.0000000180025095e-35 1.5000000000000002 3.5000000000000004 2.5000000000000004 44.500000000000007 1.5000000000000002 1.5000000000000002 1.0000000180025095e-35 3.5000000000000004 5.5000000000000009 1.0000000180025095e-35 1.0000000180025095e-35 1.0000000180025095e-35 41.000000000000007
decision_type=2 2 2 2 2 2 2 2 2 2 2 1 2 2 2 2 2 2 2 2 2 2 2 2 2 2 2 2 2 2
left_child=1 4 6 5 7 8 24 10 20 18 11 -1 -5 -12 17 16 23 -15 -10 -20 22 -22 -4 -6 25 -3 27 28 -8 -14
right_child=-2 2 3 12 15 -7 26 -9 9 -11 13 -13 29 14 -16 -17 -18 -19 19 -21 21 -23 -24 -25 -26 -27 -28 -29 -30 -31
leaf_value=-0.00037739342884518783 -0.00037023525219410659 0.00019372241645532174 -3.8258747995964123e-05 0.00020820992777410082 0.0001146399641679181 0.00026897913019571681 8.1183991235930751e-05 0.00020542074996872202 0.00026932673810366805 0.00023679856907566339 0.00017247872109306861 0.00024794808149718764 0.00015389563245929295 0.00020546944316581005 0.00017274146431313868 3.3685557811802757e-05 3.0753579957297805e-05 0.00049371309375957303 0.00080398847956372342 0.00024258848900596304 0.00038738429235915344 0.00018345577237852969 0.00023599041765488368 0.00020275579694884296 -8.9071260157563706e-06 0.00048529671039432287 -2.5630211644056546e-05 -1.6574312845867617e-05 0.00030590138353762172 0.00031967471867877371
leaf_weight=26 125933 11587 28 1361 689 52260 205 20590 26108 26110 10353 22 3374 10239 10186 364 330 23 23 45 225 156 25574 330 41 21 112 112 105 60
leaf_count=26 125933 11587 28 1361 689 52260 205 20590 26108 26110 10353 22 3374 10239 10186 364 330 23 23 45 225 156 25574 330 41 21 112 112 105 60
internal_value=1.06413e-12 0.000232359 0.000247927 0.000253262 0.000189154 0.000256269 0.000188666 0.000192182 0.000247783 0.000253295 0.000183345 -9.07786e-05 0.000171386 0.000183772 0.00018949 9.82525e-05 0.000115675 0.000206115 0.000269751 0.000432474 0.00023669 0.000303886 0.00023569 0.000143176 0.000193535 0.00019425 8.24634e-05 0.000111152 0.000157298 0.000156792
internal_weight=326592 200659 147507 135324 53152 130529 12183 51439 78269 52286 30849 48 4795 30801 20448 1713 1349 10262 26176 68 25983 381 25602 1019 11649 11608 534 422 310 3434
internal_count=326592 200659 147507 135324 53152 130529 12183 51439 78269 52286 30849 48 4795 30801 20448 1713 1349 10262 26176 68 25983 381 25602 1019 11649 11608 534 422 310 3434
cat_boundaries=0 1
cat_threshold=2
is_linear=0
shrinkage=0.05


Tree=86
num_leaves=31
num_cat=2
split_feature=11 22 23 12 21 11 21 26 24 17 24 17 11 3 13 14 15 15 27 24 0 26 25 26 15 15 15 15 13 6
split_gain=5.6477 3.92673 0.520278 0.0497607 0.0308532 0.0168354 0.015998 0.0120301 0.00539915 0.00508242 0.00228423 0.00220911 0.00177079 0.00198419 0.00173999 0.00809772 0.00169171 0.00503543 0.0019129 0.00142287 0.00333615 0.00206252 0.000930258 0.000779412 0.000703157 0.00203804 0.000702657 0.00105252 0.000639823 0.00192649
threshold=-1.0000000180025095e-35 1.0000000180025095e-35 1.0000000180025095e-35 0.48890000000000006 1.0000000180025095e-35 8.5000000000000018 1.0000000180025095e-35 7.5000000000000009 3.5000000000000004 1.0000000180025095e-35 3.5000000000000004 1.0000000180025095e-35 44.500000000000007 1.5000000000000002 1.5000000000000002 5.5000000000000009 4.5000000000000009 1.5000000000000002 34.000000000000007 4.5000000000000009 0 7.5000000000000009 3.5000000000000004 7.5000000000000009 4.5000000000000009 1.5000000000000002 1.5000000000000002 4.5000000000000009 1.5000000000000002 1
decision_type=2 2 2 2 2 2 2 2 2 2 2 2 2 2 2 2 2 2 2 2 1 2 2 2 2 2 2 2 2 1
left_child=-1 2 3 6 5 10 8 9 11 12 26 23 14 -14 15 -7 17 -16 -19 20 -10 -21 -9 24 25 -2 -5 -28 29 -11
right_child=1 -3 -4 4 -6 7 -8 22 19 28 -12 -13 13 -15 16 -17 -18 18 -20 21 -22 -23 -24 -25 -26 -27 27 -29 -30 -31
leaf_value=-0.00035172349307686094 0.00016409633480848204 -0.00035172349307686094 -0.00035172349307686094 0.00015859179346383855 -0.00035172349307686094 -0.00081131802660159083 -0.00035172349307686094 0.00019779943571183735 0.00016963621093215328 -0.00024947308508368831 4.8663834198463729e-05 0.00019475544335346485 0.00035176985048097784 0.00021927664893456111 0.00022426627116329452 0.00033635027368790379 0.00022419088695474628 0.00025505245060807475 0.00063033922342583539 0.00040533887507507999 -0.00057481475200297106 7.3825562579891681e-05 0.00014895256835261345 0.00010046194425299582 0.00016394052203585303 0.00019566932249320194 0.00019858100865464761 0.00016011924908203735 0.00025570643196530675 0.00035612764126011009
leaf_weight=84576 10187 36927 4064 2389 224 22 142 1361 34 24 326 20789 679 484 25700 51 25574 25725 34 49 27 1104 3434 359 10345 10258 7094 2374 52207 29
leaf_count=84576 10187 36927 4064 2389 224 22 142 1361 34 24 326 20789 679 484 25700 51 25574 25725 34 49 27 1104 3434 359 10345 10258 7094 2374 52207 29
internal_value=-2.66454e-12 0.000122915 0.000208375 0.000219698 0.00023464 0.00023553 0.000178281 0.000240599 0.000179697 0.000243456 0.000179233 0.000182133 0.000235394 0.000296631 0.00023447 -9.52236e-06 0.000234701 0.000239925 0.000255548 7.54635e-05 -0.000159875 8.79142e-05 0.000162817 0.000173709 0.000174563 0.000179938 0.000182823 0.000188937 0.00025553 8.18934e-05
internal_weight=326592 242016 205089 201025 147731 147507 53294 135324 53152 130529 12183 51938 78269 1163 77106 73 77033 51459 25759 1214 61 1153 4795 31149 30790 20445 11857 9468 52260 53
internal_count=326592 242016 205089 201025 147731 147507 53294 135324 53152 130529 12183 51938 78269 1163 77106 73 77033 51459 25759 1214 61 1153 4795 31149 30790 20445 11857 9468 52260 53
cat_boundaries=0 1 2
cat_threshold=1 2
is_linear=0
shrinkage=0.05


Tree=87
num_leaves=31
num_cat=0
split_feature=11 22 23 12 21 11 21 26 24 17 26 17 11 3 13 26 15 15 27 24 13 26 25 26 15 15 15 15 15 25
split_gain=5.09705 3.54388 0.46955 0.0449091 0.027845 0.015194 0.0144382 0.0108571 0.00487273 0.00458689 0.00211661 0.00199372 0.00159814 0.00179073 0.00157034 0.00599218 0.00152677 0.00454448 0.00172639 0.00128414 0.00305061 0.00186142 0.000839558 0.000703419 0.000634599 0.00183933 0.000632251 0.000970909 0.000713236 0.000602354
threshold=-1.0000000180025095e-35 1.0000000180025095e-35 1.0000000180025095e-35 0.48890000000000006 1.0000000180025095e-35 8.5000000000000018 1.0000000180025095e-35 7.5000000000000009 3.5000000000000004 1.0000000180025095e-35 8.5000000000000018 1.0000000180025095e-35 44.500000000000007 1.5000000000000002 1.5000000000000002 5.5000000000000009 4.5000000000000009 1.5000000000000002 34.000000000000007 4.5000000000000009 1.5000000000000002 7.5000000000000009 3.5000000000000004 7.5000000000000009 4.5000000000000009 1.5000000000000002 4.5000000000000009 1.5000000000000002 2.5000000000000004 3.5000000000000004
decision_type=2 2 2 2 2 2 2 2 2 2 2 2 2 2 2 2 2 2 2 2 2 2 2 2 2 2 2 2 2 2
left_child=-1 2 3 6 5 10 8 9 11 12 -5 23 14 -14 15 -7 17 -16 -19 20 -10 -21 -9 24 25 -2 27 -24 -29 -26
right_child=1 -3 -4 4 -6 7 -8 22 19 -11 -12 -13 13 -15 16 -17 -18 18 -20 21 -22 -23 26 -25 29 -27 -28 28 -30 -31
leaf_value=-0.00033413730561733247 0.00015589151921786924 -0.00033413730561733247 -0.00033413730561733247 0.00017473355315880896 -0.00033413730561733247 0.00031788031095250825 -0.00033413730561733247 0.00018790946356592254 -0.00060637299497814283 0.00024275365828802339 7.2932528361613642e-05 0.00018501766696854313 0.00033418135799807722 0.00020831281681013992 0.00021305296078808099 -0.00063674524147063491 0.00021298134872598293 0.00024229982731351586 0.00059882227660102002 0.00038507192523921935 0.00012320606198811316 7.0134284505444123e-05 0.00010110531508668809 9.5438850081453109e-05 0.00015628764446711486 0.00018588585688303675 9.8447357559212573e-05 0.00021158815468489022 0.0001488763280533211 -0.00011176964451026704
leaf_weight=84576 10187 36927 4064 11649 224 48 142 1361 23 52260 534 20789 679 484 25700 25 25574 25725 34 49 38 1104 695 359 10324 10258 683 675 1381 21
leaf_count=84576 10187 36927 4064 11649 224 48 142 1361 23 52260 534 20789 679 484 25700 25 25574 25725 34 49 38 1104 695 359 10324 10258 683 675 1381 21
internal_value=4.23469e-12 0.000116769 0.000197956 0.000208713 0.000222908 0.000223754 0.000169367 0.000228569 0.000170712 0.000231283 0.000170271 0.000173026 0.000223624 0.000281799 0.000222747 -9.04625e-06 0.000222966 0.000227929 0.00024277 7.16903e-05 -0.000151881 8.35185e-05 0.000154676 0.000165023 0.000165835 0.000170941 0.000141505 0.000152195 0.000169465 0.000155743
internal_weight=326592 242016 205089 201025 147731 147507 53294 135324 53152 130529 12183 51938 78269 1163 77106 73 77033 51459 25759 1214 61 1153 4795 31149 30790 20445 3434 2751 2056 10345
internal_count=326592 242016 205089 201025 147731 147507 53294 135324 53152 130529 12183 51938 78269 1163 77106 73 77033 51459 25759 1214 61 1153 4795 31149 30790 20445 3434 2751 2056 10345
is_linear=0
shrinkage=0.05


Tree=88
num_leaves=31
num_cat=2
split_feature=33 12 11 26 24 17 24 17 11 3 13 14 15 15 27 24 0 26 24 25 26 15 15 17 13 6 25 14 15 15
split_gain=8.26121 0.0396842 0.0137126 0.00979857 0.00439764 0.00413966 0.0019174 0.00179933 0.00144232 0.00161613 0.00141724 0.00671835 0.00137791 0.00410139 0.00155807 0.00115893 0.00291222 0.00167993 0.000760266 0.000769652 0.000634836 0.000634354 0.000949589 0.000602741 0.000577441 0.00173865 0.000696621 0.000618823 0.000572725 0.00166
threshold=1.0000000180025095e-35 0.48890000000000006 8.5000000000000018 7.5000000000000009 3.5000000000000004 1.0000000180025095e-35 3.5000000000000004 1.0000000180025095e-35 44.500000000000007 1.5000000000000002 1.5000000000000002 5.5000000000000009 4.5000000000000009 1.5000000000000002 34.000000000000007 4.5000000000000009 0 7.5000000000000009 3.5000000000000004 4.5000000000000009 7.5000000000000009 1.5000000000000002 4.5000000000000009 1.0000000180025095e-35 1.5000000000000002 1 4.5000000000000009 2.5000000000000004 4.5000000000000009 1.5000000000000002
decision_type=2 2 2 2 2 2 2 2 2 2 2 2 2 2 2 2 1 2 2 2 2 2 2 2 2 1 2 2 2 2
left_child=1 4 6 5 7 8 21 20 10 -10 11 -4 13 -12 -15 16 -6 -17 23 -20 28 -3 -23 -5 25 -7 -26 -28 29 -1
right_child=-2 2 3 18 15 24 -8 -9 9 -11 12 -13 -14 14 -16 17 -18 -19 19 -21 -22 22 -24 -25 26 -27 27 -29 -30 -31
leaf_value=0.00014809694638168779 -0.00031743044964969161 0.00014202353662940402 -0.00073891486337577758 0.00014933264808626536 0.00016357738790889818 -0.00024913711046489577 4.2131221919260536e-05 0.00017576678975331182 0.00031747229013932165 0.00019789717678742654 0.00020240030722970737 0.00030644646133570113 0.00020233228044652164 0.00023018483401423702 0.00056888115359470253 0.00036581832997510406 -0.00053196822258609318 6.6627571451247783e-05 -0.00011883640118564169 0.00013559301705605011 9.0666906600091659e-05 0.0001800164512574337 0.00014348381381764123 0.00021273485942592107 0.00023057638438622849 0.00032618357157655829 0.0005888610258698464 0.0002746683634108021 0.00014795632612213597 0.00017659156373978901
leaf_weight=10187 125933 2389 22 895 34 24 326 20789 679 484 25700 51 25574 25725 34 49 27 1104 30 3225 359 7094 2374 645 52140 29 25 42 10345 10258
leaf_count=10187 125933 2389 22 895 34 24 326 20789 679 484 25700 51 25574 25725 34 49 27 1104 30 3225 359 7094 2374 645 52140 29 25 42 10345 10258
internal_value=-1.31221e-12 0.000199218 0.000212566 0.00021714 0.000162176 0.000219719 0.000161758 0.000164375 0.000212443 0.000267709 0.000211609 -8.59394e-06 0.000211818 0.000216532 0.000230632 6.81058e-05 -0.000144287 7.93425e-05 0.000146942 0.000133248 0.000156772 0.000165047 0.000170856 0.000175887 0.000230616 6.5661e-05 0.000230783 0.000391904 0.000157543 0.000162394
internal_weight=326592 200659 147507 135324 53152 130529 12183 51938 78269 1163 77106 73 77033 51459 25759 1214 61 1153 4795 3255 31149 11857 9468 1540 52260 53 52207 67 30790 20445
internal_count=326592 200659 147507 135324 53152 130529 12183 51938 78269 1163 77106 73 77033 51459 25759 1214 61 1153 4795 3255 31149 11857 9468 1540 52260 53 52207 67 30790 20445
cat_boundaries=0 1 2
cat_threshold=1 2
is_linear=0
shrinkage=0.05


Tree=89
num_leaves=31
num_cat=1
split_feature=33 12 12 26 24 17 26 17 15 15 24 4 26 15 15 15 15 15 26 13 6 24 15 15 24 14 24 24 13 13
split_gain=7.45574 0.035815 0.0123756 0.0088432 0.00396887 0.00373605 0.00177808 0.0016239 0.00127549 0.00378828 0.00104594 0.00283577 0.00151614 0.000733858 0.00114803 0.000586794 0.000873765 0.00127504 0.000572939 0.00052114 0.00156914 0.000525074 0.000516885 0.00149815 0.00051367 0.00114843 0.000512199 0.000762162 0.00155688 0.000497189
threshold=1.0000000180025095e-35 0.48890000000000006 0.90555000000000019 7.5000000000000009 3.5000000000000004 1.0000000180025095e-35 8.5000000000000018 1.0000000180025095e-35 4.5000000000000009 1.5000000000000002 4.5000000000000009 42.500000000000007 7.5000000000000009 1.5000000000000002 4.5000000000000009 4.5000000000000009 1.5000000000000002 2.5000000000000004 7.5000000000000009 1.5000000000000002 0 1.5000000000000002 4.5000000000000009 1.5000000000000002 1.5000000000000002 2.5000000000000004 1.5000000000000002 4.5000000000000009 2.5000000000000004 1.5000000000000002
decision_type=2 2 2 2 2 2 2 2 2 2 2 2 2 2 2 2 2 2 2 2 1 2 2 2 2 2 2 2 2 2
left_child=1 4 3 5 7 8 -4 18 9 29 11 -6 -12 -5 -15 16 -8 -18 22 20 -7 -21 23 -1 -11 -26 -10 28 -28 -3
right_child=-2 2 6 13 10 19 15 -9 26 24 12 -13 -14 14 -16 -17 17 -19 -20 21 -22 -23 -24 -25 25 -27 27 -29 -30 -31
leaf_value=0.00014069209447741446 -0.00030155892018228774 -4.4749812646345657e-05 0.0001577597136132722 9.9719021949010411e-05 -0.00047243991791601149 -0.00023668025193425516 -2.8240785143550185e-05 0.00016697844577511796 0.00019315160260721556 0.00021939662043087284 0.00034752741479196074 0.00020947340075508694 6.3296191622833024e-05 0.00016494242818900737 0.00010204828547576345 -3.7285261032593557e-05 0.00027638978857014862 6.2129430035583492e-05 8.6133559956766593e-05 0.0002190324277760183 0.00030987440319410692 0.00033794454228813932 0.00014055850493499748 0.00016776198546518731 0.00061862036729088202 0.0002012141618049807 -0.00033000626717694104 0.00028586652344809131 0.00021757332665907193 0.00019304515683189351
leaf_weight=10187 125933 22 11649 930 31 24 112 20789 25905 26105 49 30 1104 2897 968 112 105 205 359 52114 29 93 10345 10258 26 45 25 26 27 26088
leaf_count=10187 125933 22 11649 930 31 24 112 20789 25905 26105 49 30 1104 2897 968 112 105 205 359 52114 29 93 10345 10258 26 45 25 26 27 26088
internal_value=1.33919e-12 0.000189257 0.000201938 0.000206283 0.000154067 0.000208733 0.00015367 0.000156156 0.000201821 0.00020632 6.47005e-05 -0.000137073 7.53754e-05 0.000139595 0.00014919 6.44542e-05 9.14561e-05 0.000134701 0.000148934 0.000219085 6.2378e-05 0.000219244 0.000149666 0.000154274 0.000219762 0.000354067 0.000192766 6.48314e-05 -4.56861e-05 0.000192845
internal_weight=326592 200659 147507 135324 53152 130529 12183 51938 78269 52286 1214 61 1153 4795 3865 534 422 310 31149 52260 53 52207 30790 20445 26176 71 25983 78 52 26110
internal_count=326592 200659 147507 135324 53152 130529 12183 51938 78269 52286 1214 61 1153 4795 3865 534 422 310 31149 52260 53 52207 30790 20445 26176 71 25983 78 52 26110
cat_boundaries=0 1
cat_threshold=2
is_linear=0
shrinkage=0.05


Tree=90
num_leaves=31
num_cat=1
split_feature=33 11 11 24 26 15 15 4 8 13 14 24 26 24 15 15 25 24 4 26 25 6 26 15 15 25 3 15 15 25
split_gain=6.72881 0.0276365 0.0109152 0.00826063 0.00333783 0.00311541 0.00505718 0.00206106 0.00372501 0.00178977 0.010463 0.00161057 0.00143689 0.00204039 0.00106872 0.00169682 0.000934647 0.000739527 0.00405973 0.00118006 0.000702293 0.00106538 0.00101246 0.000699437 0.00129092 0.000656785 0.000633378 0.000574537 0.00079657 0.000568612
threshold=1.0000000180025095e-35 41.000000000000007 8.5000000000000018 3.5000000000000004 7.5000000000000009 4.5000000000000009 1.5000000000000002 44.000000000000007 95.000000000000014 1.5000000000000002 6.5000000000000009 3.5000000000000004 5.5000000000000009 1.5000000000000002 4.5000000000000009 1.5000000000000002 3.5000000000000004 4.5000000000000009 41.000000000000007 7.5000000000000009 3.5000000000000004 0 10.500000000000002 1.5000000000000002 2.5000000000000004 3.5000000000000004 1.5000000000000002 1.5000000000000002 4.5000000000000009 4.5000000000000009
decision_type=2 2 2 2 2 2 2 2 2 2 2 2 2 2 2 2 2 2 2 2 2 1 2 2 2 2 2 2 2 2
left_child=1 2 11 5 7 6 29 9 -9 10 -3 -1 14 -14 15 -11 -5 18 -18 -19 -7 -22 -23 -6 -25 -16 -10 -28 -29 -4
right_child=-2 4 3 16 23 20 -8 8 26 12 -12 -13 13 -15 25 -17 17 19 -20 -21 21 22 -24 24 -26 -27 27 28 -30 -31
leaf_value=0.00014900090899752378 -0.00028648097068071369 -0.0010453988864485707 0.0001825570075258413 -0.0002216691739158705 1.9028188029751303e-05 0.00018238578600266678 0.00020771491944172199 0.00026169497695538218 0.0001492852772698852 0.00013404976032101946 0.00025713476171749161 3.6348399777248203e-05 0.00019696960167493672 0.00064053628773503343 0.000134394783928425 0.00015843264783451901 -0.00061405036725442521 0.00027654871570005542 0.00011206059585769161 0.00012048738247299795 0.00025748382322490217 -0.00033522850531153385 0.0001244413132435116 0.00018213400563717576 7.1776824930913454e-05 -0.00012749415570093942 0.00012312506538578253 0.0002341715583948767 0.0001291442833934369 3.0955587722165813e-05
leaf_weight=11857 125933 21 25807 20 346 25719 77753 1131 3385 9496 58 326 100 35 9620 28700 22 126 154 3134 32 25 23 348 1111 24 247 738 239 62
leaf_count=11857 125933 21 25807 20 346 25719 77753 1131 3385 9496 58 326 100 35 9620 28700 22 126 154 3134 32 25 23 348 1111 24 247 738 239 62
internal_value=4.55328e-12 0.000179795 0.000191283 0.000195436 0.000149822 0.000197473 0.000201344 0.000152066 0.000180384 0.000148684 -8.91084e-05 0.000145986 0.000149075 0.000311968 0.000148616 0.000152371 0.000119146 0.000121129 2.12967e-05 0.000126519 0.000181926 3.40115e-05 -0.00011497 8.29421e-05 9.80992e-05 0.000133743 0.000160431 0.000191255 0.000208479 0.000182194
internal_weight=326592 200659 145060 132877 55599 129421 103622 53794 5740 48054 79 12183 47975 135 47840 38196 3456 3436 176 3260 25799 80 48 1805 1459 9644 4609 1224 977 25869
internal_count=326592 200659 145060 132877 55599 129421 103622 53794 5740 48054 79 12183 47975 135 47840 38196 3456 3436 176 3260 25799 80 48 1805 1459 9644 4609 1224 977 25869
cat_boundaries=0 1
cat_threshold=1
is_linear=0
shrinkage=0.05


Tree=91
num_leaves=31
num_cat=1
split_feature=33 12 11 26 24 17 26 17 11 3 13 14 15 15 27 24 0 26 15 15 15 15 15 25 26 15 15 15 15 15
split_gain=6.07275 0.0291933 0.010082 0.00728903 0.00332496 0.00302693 0.00149378 0.00134363 0.0012305 0.00133292 0.00113162 0.00552888 0.00101164 0.00301535 0.0012976 0.000852666 0.00229724 0.00123205 0.000640309 0.0010151 0.000529743 0.000786043 0.00115418 0.000525222 0.000642116 0.000485282 0.000587432 0.000901188 0.000476317 0.000634145
threshold=1.0000000180025095e-35 0.48890000000000006 8.5000000000000018 7.5000000000000009 3.5000000000000004 1.0000000180025095e-35 8.5000000000000018 1.0000000180025095e-35 44.500000000000007 1.5000000000000002 1.5000000000000002 5.5000000000000009 4.5000000000000009 1.5000000000000002 34.000000000000007 4.5000000000000009 0 7.5000000000000009 1.5000000000000002 4.5000000000000009 4.5000000000000009 1.5000000000000002 2.5000000000000004 3.5000000000000004 5.5000000000000009 4.5000000000000009 1.5000000000000002 2.5000000000000004 1.5000000000000002 4.5000000000000009
decision_type=2 2 2 2 2 2 2 2 2 2 2 2 2 2 2 2 1 2 2 2 2 2 2 2 2 2 2 2 2 2
left_child=1 4 6 5 7 8 23 -1 10 -10 11 -4 13 -12 -15 16 -6 -17 -5 -20 21 -8 -23 24 28 26 -19 -28 -3 -30
right_child=-2 2 3 18 15 -7 20 -9 9 -11 12 -13 -14 14 -16 17 -18 25 19 -21 -22 22 -24 -25 -26 -27 27 -29 29 -31
leaf_value=0.00013437601195235077 -0.00027215692680329087 0.00012241372111766863 -0.00067788267889144749 8.8382368009260186e-05 0.00014849043363938109 0.00019771745855076372 -3.0959565239235029e-05 0.00015078997265285802 0.00027841747692472057 0.0001698239929666204 0.00017351625007097085 0.00027043452605093811 0.0001734663167612769 0.00019731512044007059 0.00050640758366652717 0.00031220837264875313 -0.00046926534700172923 1.346686341242085e-06 0.00014940507991755724 9.0264311217674544e-05 -3.9752981280928782e-05 0.00025839254127017091 5.4540343468344386e-05 -3.620643912610121e-05 0.00041929856053597877 -8.2816977267392415e-06 0.00018081555478100745 5.5861127030411342e-05 0.00015521718916804134 0.00012496209830897934
leaf_weight=31149 125933 2340 22 930 34 52260 112 20789 679 484 25700 51 25574 25725 34 49 27 215 2897 968 112 105 205 41 21 232 214 443 6939 2308
leaf_count=31149 125933 2340 22 930 34 52260 112 20789 679 484 25700 51 25574 25725 34 49 27 215 2897 968 112 105 205 41 21 232 214 443 6939 2308
internal_value=1.2272e-12 0.000170805 0.000182253 0.000186175 0.000139034 0.000188399 0.000138687 0.000140946 0.000182178 0.000233225 0.000181408 -1.53597e-05 0.000181594 0.000185634 0.000197723 5.72372e-05 -0.000124942 6.68755e-05 0.00012563 0.000134593 5.69142e-05 8.25699e-05 0.000123587 0.000142436 0.000143067 5.59866e-05 7.30855e-05 9.65617e-05 0.000142566 0.000147666
internal_weight=326592 200659 147507 135324 53152 130529 12183 51938 78269 1163 77106 73 77033 51459 25759 1214 61 1153 4795 3865 534 422 310 11649 11608 1104 872 657 11587 9247
internal_count=326592 200659 147507 135324 53152 130529 12183 51938 78269 1163 77106 73 77033 51459 25759 1214 61 1153 4795 3865 534 422 310 11649 11608 1104 872 657 11587 9247
cat_boundaries=0 1
cat_threshold=1
is_linear=0
shrinkage=0.05


Tree=92
num_leaves=31
num_cat=0
split_feature=33 12 11 26 24 17 26 17 11 4 13 14 15 15 25 24 4 26 25 11 4 15 15 15 25 26 26 13 7 25
split_gain=5.48066 0.026347 0.00909898 0.00657835 0.00300078 0.00273181 0.00134814 0.00121262 0.00111053 0.00120296 0.00102129 0.00498982 0.000913007 0.00272135 0.00118736 0.000769531 0.00226245 0.00111192 0.000581143 0.000600431 0.000495582 0.000478093 0.000709404 0.00104164 0.000474013 0.000579509 0.00047299 0.00043828 0.00131557 0.000589171
threshold=1.0000000180025095e-35 0.48890000000000006 8.5000000000000018 7.5000000000000009 3.5000000000000004 1.0000000180025095e-35 8.5000000000000018 1.0000000180025095e-35 44.500000000000007 59.500000000000007 1.5000000000000002 5.5000000000000009 4.5000000000000009 1.5000000000000002 3.5000000000000004 4.5000000000000009 42.500000000000007 7.5000000000000009 3.5000000000000004 41.000000000000007 41.000000000000007 4.5000000000000009 1.5000000000000002 2.5000000000000004 3.5000000000000004 5.5000000000000009 7.5000000000000009 1.5000000000000002 11.000000000000002 4.5000000000000009
decision_type=2 2 2 2 2 2 2 2 2 2 2 2 2 2 2 2 2 2 2 2 2 2 2 2 2 2 2 2 2 2
left_child=1 4 6 5 7 8 24 26 10 -10 11 -4 13 -12 -15 16 -6 -17 -5 -20 -16 22 -8 -24 25 -3 -1 28 -7 -29
right_child=-2 2 3 18 15 27 21 -9 9 -11 12 -13 -14 14 20 17 -18 -19 19 -21 -22 -23 23 -25 -26 -27 -28 29 -30 -31
leaf_value=0.00012832250891930294 -0.00025854909326881174 0.00013543773974338037 -0.0006439885717223992 0.00014699848836617087 -0.00041824872905929245 -0.00022970974484148125 -2.9411587417728571e-05 0.00014325047406959178 0.00026449660258984881 0.00016133278381745217 0.00016484043313324422 0.00025691280424521831 0.00016479299389047681 0.0001873828907455683 0.00060575343263537989 0.00029659795287369315 0.00019084318317860987 5.318725770782782e-05 0.00010560246830687168 0.00026517331380697824 0.00027752304803984966 -3.7765332997098871e-05 0.00024547291609148186 5.1813326430580517e-05 -3.4396116701295465e-05 0.00039833361682082929 7.0597217355019483e-05 0.00018778708516702265 0.00027074044056493664 0.00033615231844110057
leaf_weight=30790 125933 11587 22 1361 31 24 112 20789 679 484 25700 51 25574 25713 23 49 30 1104 3374 60 23 112 105 205 41 21 359 52140 29 67
leaf_count=30790 125933 11587 22 1361 31 24 112 20789 679 484 25700 51 25574 25713 23 49 30 1104 3374 60 23 112 105 205 41 21 359 52140 29 67
internal_value=-3.59897e-12 0.000162265 0.00017314 0.000176866 0.000132082 0.000178979 0.000131753 0.000133899 0.000173069 0.000221563 0.000172337 -1.45917e-05 0.000172514 0.000176352 0.000187837 5.43753e-05 -0.000118695 6.35317e-05 0.000119349 0.000108391 0.000441638 5.40685e-05 7.84414e-05 0.000117408 0.000135314 0.000135913 0.000127657 0.000187832 4.41215e-05 0.000187977
internal_weight=326592 200659 147507 135324 53152 130529 12183 51938 78269 1163 77106 73 77033 51459 25759 1214 61 1153 4795 3434 46 534 422 310 11649 11608 31149 52260 53 52207
internal_count=326592 200659 147507 135324 53152 130529 12183 51938 78269 1163 77106 73 77033 51459 25759 1214 61 1153 4795 3434 46 534 422 310 11649 11608 31149 52260 53 52207
is_linear=0
shrinkage=0.05


Tree=93
num_leaves=31
num_cat=0
split_feature=33 12 11 26 26 17 13 14 26 24 24 17 11 3 13 14 16 18 18 25 24 26 24 16 25 18 24 25 11 13
split_gain=4.94629 0.0237781 0.00821183 0.00593696 0.00271495 0.00246546 0.00156698 0.00867016 0.00126543 0.00178027 0.00122064 0.00105282 0.00100225 0.00108567 0.000921711 0.00450331 0.000823989 0.000575163 0.000548046 0.000517587 0.000443602 0.00058057 0.000427874 0.000424966 0.0005481 0.000414272 0.000397892 0.000611106 0.000420056 0.000395547
threshold=1.0000000180025095e-35 0.48890000000000006 8.5000000000000018 7.5000000000000009 7.5000000000000009 1.0000000180025095e-35 1.5000000000000002 6.5000000000000009 5.5000000000000009 1.5000000000000002 3.5000000000000004 1.0000000180025095e-35 44.500000000000007 1.5000000000000002 1.5000000000000002 5.5000000000000009 1.0000000180025095e-35 1.0000000180025095e-35 1.0000000180025095e-35 4.5000000000000009 1.5000000000000002 8.5000000000000018 3.5000000000000004 1.0000000180025095e-35 3.5000000000000004 1.0000000180025095e-35 3.5000000000000004 4.5000000000000009 41.000000000000007 1.5000000000000002
decision_type=2 2 2 2 2 2 2 2 2 2 2 2 2 2 2 2 2 2 2 2 2 2 2 2 2 2 2 2 2 2
left_child=1 4 10 5 6 12 7 -1 11 -10 20 23 14 -14 15 -4 -16 -6 26 -18 21 -3 -21 24 -8 -12 -5 -28 -29 -7
right_child=-2 2 3 18 17 29 8 -9 9 -11 25 -13 13 -15 16 -17 19 -19 -20 22 -22 -23 -24 -25 -26 -27 27 28 -30 -31
leaf_value=-0.00096548332699707574 -0.00024562163744121793 0.00012884447783334657 -0.00061178913720968096 0.00014570809062009808 7.8604037721908545e-05 4.1915411305315091e-05 0.0001139133460592746 0.00022021268551129498 0.00017334368545562028 0.00058767294128691519 5.8654183194730718e-05 0.00013625386951248141 0.0002512717754641803 0.00015326614868307626 0.00015655334753866289 0.00024406716510580451 0.00016735732339773598 7.7789051979230104e-06 7.977091261952508e-05 0.00045166425567505692 0.00033818593178875744 4.5543105504844459e-05 0.00019195659119369729 0.00012580714792417055 -0.0001253078953595832 -8.0071666675126738e-05 -0.00014562489333279108 0.00011063725107192779 0.00026821967493201239 0.00017857861763841566
leaf_weight=21 125933 11619 22 1202 1349 53 10299 58 100 35 258 20504 679 484 25574 51 51395 364 968 29 25 213 35 20398 24 68 23 2559 43 52207
leaf_count=21 125933 11619 22 1202 1349 53 10299 58 100 35 258 20504 679 484 25574 51 51395 364 968 29 25 213 35 20398 24 68 23 2559 43 52207
internal_value=-1.78178e-12 0.000154151 0.000164483 0.000168023 0.000125478 0.00017003 0.00012754 -9.49723e-05 0.000127883 0.000280762 0.000125165 0.00012748 0.000164415 0.000210485 0.00016372 -1.38621e-05 0.000163889 6.35542e-05 0.000113381 0.000167534 0.000127789 0.000127345 0.000309637 0.000121624 0.000113357 2.97175e-05 0.000121883 0.000110973 0.000113241 0.00017844
internal_weight=326592 200659 147507 135324 53152 130529 51439 79 51360 135 12183 51225 78269 1163 77106 73 77033 1713 4795 51459 11857 11832 64 30721 10323 326 3827 2625 2602 52260
internal_count=326592 200659 147507 135324 53152 130529 51439 79 51360 135 12183 51225 78269 1163 77106 73 77033 1713 4795 51459 11857 11832 64 30721 10323 326 3827 2625 2602 52260
is_linear=0
shrinkage=0.05


Tree=94
num_leaves=31
num_cat=2
split_feature=33 12 11 24 24 17 24 15 15 15 15 25 15 15 11 24 0 6 26 25 27 15 15 25 15 26 13 15 15 15
split_gain=4.46403 0.0214598 0.00741117 0.00537079 0.00249284 0.00236922 0.00110163 0.00105009 0.00167532 0.000886168 0.00245282 0.000816161 0.000693096 0.00127611 0.00063613 0.000648001 0.00131583 0.00153019 0.000818905 0.000601902 0.000513297 0.000510034 0.00075836 0.00050335 0.000487076 0.000482156 0.000766186 0.000412455 0.000450883 0.000742903
threshold=1.0000000180025095e-35 0.48890000000000006 8.5000000000000018 3.5000000000000004 3.5000000000000004 1.0000000180025095e-35 3.5000000000000004 1.5000000000000002 4.5000000000000009 1.5000000000000002 4.5000000000000009 3.5000000000000004 1.5000000000000002 2.5000000000000004 41.000000000000007 4.5000000000000009 0 1 7.5000000000000009 3.5000000000000004 34.000000000000007 1.5000000000000002 4.5000000000000009 4.5000000000000009 4.5000000000000009 7.5000000000000009 1.5000000000000002 4.5000000000000009 1.5000000000000002 2.5000000000000004
decision_type=2 2 2 2 2 2 2 2 2 2 2 2 2 2 2 2 1 1 2 2 2 2 2 2 2 2 2 2 2 2
left_child=1 4 6 5 7 9 21 -1 -9 23 20 -5 -6 -14 15 16 -13 -18 -17 -10 -11 -3 -23 -4 25 26 -15 28 -20 -30
right_child=-2 2 3 11 12 -7 -8 8 19 10 -12 14 13 24 -16 18 17 -19 27 -21 -22 22 -24 -25 -26 -27 -28 -29 29 -31
leaf_value=0.00010656532294623266 -0.0002333405427634716 0.00010075551908538383 0.00014862083201637739 -0.00021987132146023214 -2.9555569865420475e-05 0.00016944967956381333 2.8231626350084101e-05 0.00013021129990670765 0.0001078503872837708 0.0001700191567352743 0.00014869672323386752 8.6722419057546775e-05 0.00016665388573989027 -3.1443726038560273e-06 0.00026323416727097804 0.00022767761293503031 4.5336362440139059e-05 -0.00052641994870183148 6.9810352055355907e-05 -8.4101547211658486e-05 0.00035894841065682061 0.00013479506868040503 0.00010214750469755813 7.1214681531908741e-06 -2.2263405480771328e-05 4.7893915703036811e-05 0.00042000384140840688 6.0962298970169778e-05 0.00016335417195178641 9.6784079652492623e-05
leaf_weight=10300 125933 2389 26283 20 231 52793 326 31161 10436 26366 26268 129 241 20 59 126 25 22 625 41 36 7094 2374 63 252 447 23 615 626 1268
leaf_count=10300 125933 2389 26283 20 231 52793 326 31161 10436 26366 26268 129 241 20 59 126 25 22 625 41 36 7094 2374 63 252 447 23 615 626 1268
internal_value=1.68072e-12 0.000146444 0.000156259 0.000159622 0.000119204 0.000161249 0.000118907 0.00012086 0.000124396 0.000155769 0.000159514 9.86246e-05 4.83786e-05 6.66928e-05 0.000100447 9.76519e-05 4.20092e-06 -0.000222294 0.000102697 0.000107099 0.000170277 0.0001214 0.000126609 0.000148282 3.42256e-05 6.32771e-05 0.000223191 9.76724e-05 0.000106635 0.000118787
internal_weight=326592 200659 147507 135324 53152 131809 12183 51938 41638 79016 52670 3515 1214 983 3495 3436 176 47 3260 10477 26402 11857 9468 26346 742 490 43 3134 2519 1894
internal_count=326592 200659 147507 135324 53152 131809 12183 51938 41638 79016 52670 3515 1214 983 3495 3436 176 47 3260 10477 26402 11857 9468 26346 742 490 43 3134 2519 1894
cat_boundaries=0 1 2
cat_threshold=1 4
is_linear=0
shrinkage=0.05


Tree=95
num_leaves=31
num_cat=1
split_feature=33 12 11 26 24 17 26 11 3 18 13 14 24 13 26 16 25 25 18 18 25 26 24 16 18 27 13 6 25 14
split_gain=4.02878 0.0193674 0.00668858 0.00493875 0.00224979 0.00200354 0.00101986 0.000903378 0.000980881 0.000897145 0.000791911 0.00383576 0.0006705 0.00181926 0.000883174 0.000669689 0.000543217 0.000463585 0.000457344 0.000400458 0.000392492 0.000522527 0.000387503 0.00036518 0.000356574 0.000382627 0.000333838 0.00110864 0.000540531 0.000518922
threshold=1.0000000180025095e-35 0.48890000000000006 8.5000000000000018 7.5000000000000009 3.5000000000000004 1.0000000180025095e-35 8.5000000000000018 44.500000000000007 1.5000000000000002 1.0000000180025095e-35 1.5000000000000002 5.5000000000000009 4.5000000000000009 1.5000000000000002 7.5000000000000009 1.0000000180025095e-35 3.5000000000000004 4.5000000000000009 1.0000000180025095e-35 1.0000000180025095e-35 3.5000000000000004 5.5000000000000009 3.5000000000000004 1.0000000180025095e-35 1.0000000180025095e-35 18.500000000000004 1.5000000000000002 0 4.5000000000000009 2.5000000000000004
decision_type=2 2 2 2 2 2 2 2 2 2 2 2 2 2 2 2 2 2 2 2 2 2 2 2 2 2 2 1 2 2
left_child=1 4 6 5 9 7 20 10 -9 23 11 -4 13 -6 -14 -12 -11 -17 -5 -8 21 -3 -19 -1 25 -16 27 -7 -28 -30
right_child=-2 2 3 18 12 26 19 8 -10 16 15 -13 14 -15 24 17 -18 22 -20 -21 -22 -23 -24 -25 -26 -27 28 -29 29 -31
leaf_value=0.00012279943422215057 -0.00022167351562529802 0.00011615274125733279 -0.00056868787346915769 0.00010957021205018023 -0.00046657007592527765 -0.00021574496446798245 6.7700590928053701e-05 0.00023091661521619045 0.00013776069851197719 0.00010245786699709177 0.00014129309826356354 0.00022119175432724696 0.00026222021912630859 9.684309663594162e-05 -5.3942229110629448e-05 0.00015102517260694268 -7.9896468626585137e-05 0.00042083920621923331 7.1100510037715804e-05 -3.8653380982265976e-05 -3.8369702425126621e-05 0.00036578903396037362 0.0001736868718372924 0.00011341441593414163 -9.8027506753388829e-06 6.9576696812820551e-05 0.00016099758017484899 0.00024366245508707806 0.00048346588574349882 0.00019574991504972181
leaf_weight=20789 125933 11587 22 3827 23 24 422 679 484 10436 25574 51 49 38 68 51395 41 29 968 112 41 21 35 20672 232 804 52140 29 25 42
leaf_count=20789 125933 11587 22 3827 23 24 422 679 484 10436 25574 51 49 38 68 51395 41 29 968 112 41 21 35 20672 232 804 52140 29 25 42
internal_value=1.64839e-12 0.000139122 0.000148446 0.000151641 0.000113244 0.000153472 0.000112962 0.00014841 0.000192148 0.000114817 0.00014775 -1.68542e-05 4.59597e-05 -0.000115591 5.45066e-05 0.000147906 0.000101744 0.000151193 0.000101804 4.53941e-05 0.000116059 0.000116604 0.000285678 0.00011812 4.52875e-05 5.99445e-05 0.000161053 3.56289e-05 0.00016118 0.000303107
internal_weight=326592 200659 147507 135324 53152 130529 12183 78269 1163 51938 77106 73 1214 61 1153 77033 10477 51459 4795 534 11649 11608 64 41461 1104 872 52260 53 52207 67
internal_count=326592 200659 147507 135324 53152 130529 12183 78269 1163 51938 77106 73 1214 61 1153 77033 10477 51459 4795 534 11649 11608 64 41461 1104 872 52260 53 52207 67
cat_boundaries=0 1
cat_threshold=2
is_linear=0
shrinkage=0.05


Tree=96
num_leaves=31
num_cat=0
split_feature=33 12 12 24 26 15 15 13 14 26 24 26 15 15 24 4 26 15 15 15 15 27 15 15 15 15 15 15 24 13
split_gain=3.63598 0.0174791 0.00603645 0.00447361 0.00204997 0.00197434 0.00289555 0.00134319 0.00745477 0.00112764 0.00157867 0.000920426 0.000860945 0.00129578 0.000562072 0.00232467 0.00080843 0.00048876 0.000969798 0.000398846 0.000613004 0.000371351 0.000367707 0.00140878 0.000330709 0.000484921 0.000608067 0.000317164 0.000301767 0.000291583
threshold=1.0000000180025095e-35 0.48890000000000006 0.90555000000000019 3.5000000000000004 7.5000000000000009 1.5000000000000002 4.5000000000000009 1.5000000000000002 6.5000000000000009 5.5000000000000009 1.5000000000000002 8.5000000000000018 1.5000000000000002 4.5000000000000009 4.5000000000000009 41.000000000000007 7.5000000000000009 1.5000000000000002 2.5000000000000004 1.5000000000000002 4.5000000000000009 34.000000000000007 1.5000000000000002 2.5000000000000004 4.5000000000000009 1.5000000000000002 2.5000000000000004 4.5000000000000009 1.5000000000000002 1.5000000000000002
decision_type=2 2 2 2 2 2 2 2 2 2 2 2 2 2 2 2 2 2 2 2 2 2 2 2 2 2 2 2 2 2
left_child=1 4 3 5 7 21 -7 8 -1 12 -11 19 -9 -14 15 -5 -16 -6 -19 -4 -21 -3 -13 -24 25 -18 -27 -20 -15 -8
right_child=-2 2 11 14 17 6 29 9 -10 10 -12 22 13 28 16 -17 24 18 27 20 -22 -23 23 -25 -26 26 -28 -29 -30 -31
leaf_value=-0.00090383221395313746 -0.00021058984566479921 0.00013356401439760195 9.1837224444199061e-05 -0.00047888383692638447 -9.0228870276680973e-07 0.00015337341667005916 -1.6621745453448968e-05 9.6280900110049572e-05 0.00019562194516013201 0.00015285364689771085 0.00054301937376814225 -3.7412988837916477e-05 0.00011768240043342946 9.7620854164990153e-05 0.00021532992420431513 6.867596592848401e-05 5.8345174977727319e-05 0.00014161180440251802 6.3325570075869344e-05 0.0001223233717317921 9.2700079491645773e-05 -1.8474848520082351e-07 0.00022323318690593754 1.1921822224623944e-05 5.5444710132109833e-05 0.00014839489489531845 8.8827861480150422e-05 5.6268812216500756e-06 -7.9882180337638911e-05 0.00013440058147598402
leaf_weight=21 125933 26294 2347 22 330 79195 32 10163 58 100 35 112 30739 10299 130 163 641 330 689 6972 2330 52 105 317 623 640 1296 364 24 26236
leaf_count=21 125933 26294 2347 22 330 79195 32 10163 58 100 35 112 30739 10299 130 163 641 330 689 6972 2330 52 105 317 623 640 1296 364 24 26236
internal_value=4.74442e-13 0.000132166 0.000141024 0.000144059 0.000107582 0.000145543 0.000148602 0.000109374 -9.6638e-05 0.000109691 0.000254008 0.000107313 0.00010931 0.000112535 8.83888e-05 3.56075e-06 9.31015e-05 5.37733e-05 6.68195e-05 0.000110256 0.000114903 0.0001333 4.31244e-05 6.44993e-05 8.81359e-05 9.60392e-05 0.000108519 4.33803e-05 9.72082e-05 0.000134217
internal_weight=326592 200659 147507 135324 53152 131809 105463 51439 79 51360 135 12183 51225 41062 3515 185 3330 1713 1383 11649 9302 26346 534 422 3200 2577 1936 1053 10323 26268
internal_count=326592 200659 147507 135324 53152 131809 105463 51439 79 51360 135 12183 51225 41062 3515 185 3330 1713 1383 11649 9302 26346 534 422 3200 2577 1936 1053 10323 26268
is_linear=0
shrinkage=0.05


Tree=97
num_leaves=31
num_cat=0
split_feature=33 12 12 26 26 15 15 13 14 26 25 26 15 15 15 15 26 15 15 25 15 15 15 15 15 25 25 13 14 25
split_gain=3.28147 0.0157749 0.00544789 0.00409543 0.0018501 0.00172864 0.00251157 0.00121223 0.00672793 0.0010177 0.00142475 0.000830684 0.000777003 0.00116944 0.000503978 0.000665554 0.000450845 0.000441106 0.000875243 0.000420674 0.000359959 0.000553237 0.000347427 0.000577223 0.000842539 0.000304799 0.000296671 0.000291057 0.00355206 0.000859803
threshold=1.0000000180025095e-35 0.48890000000000006 0.90555000000000019 7.5000000000000009 7.5000000000000009 1.5000000000000002 4.5000000000000009 1.5000000000000002 6.5000000000000009 5.5000000000000009 3.5000000000000004 8.5000000000000018 1.5000000000000002 4.5000000000000009 1.5000000000000002 4.5000000000000009 6.5000000000000009 1.5000000000000002 2.5000000000000004 3.5000000000000004 1.5000000000000002 4.5000000000000009 4.5000000000000009 1.5000000000000002 2.5000000000000004 4.5000000000000009 1.0000000180025095e-35 1.5000000000000002 5.5000000000000009 3.5000000000000004
decision_type=2 2 2 2 2 2 2 2 2 2 2 2 2 2 2 2 2 2 2 2 2 2 2 2 2 2 2 2 2 2
left_child=1 4 3 5 7 -3 16 8 -1 12 -11 20 -9 -14 -5 -16 27 -6 25 -15 -4 -22 23 -13 -25 -19 -23 28 -7 -29
right_child=-2 2 11 14 17 6 -8 9 -10 10 -12 22 13 19 15 -17 -18 18 -20 -21 21 26 -24 24 -26 -27 -28 29 -30 -31
leaf_value=-0.00085864058984000055 -0.00020006035920232536 0.00012701624218841402 8.7245361991369533e-05 5.8427383048711492e-05 -8.5717473032700855e-07 -0.00047252530576256306 0.00012792726503814278 9.1466853384291071e-05 0.00018584084356352206 0.000145210963441059 0.00051586840501321215 -3.5542340083338789e-05 0.0001117982811065233 9.2835012221858469e-05 0.00011141815195887274 6.35304138980674e-05 0.00032527602743357423 6.1655324767343706e-05 4.1211327199276336e-05 -0.00011674155078556699 0.00011620720742678839 9.0032759305922318e-05 -3.7316804192804356e-05 0.00021207153209529462 3.7901164621693971e-05 0.00016621638499402807 -7.3706824748244677e-05 0.00014569790401469101 0.00026744124458425426 0.00029700744706404178
leaf_weight=21 125933 26110 2347 930 330 23 25983 10163 58 100 35 112 30739 10299 2897 968 35 100 1053 24 6972 2302 112 105 205 230 28 78229 55 94
leaf_count=21 125933 26110 2347 930 330 23 25983 10163 58 100 35 112 30739 10299 2897 968 35 100 1053 24 6972 2302 112 105 205 230 28 78229 55 94
internal_value=-2.79909e-12 0.000125557 0.000133973 0.000136856 0.000102203 0.000138523 0.0001414 0.000103905 -9.18061e-05 0.000104206 0.000241307 0.000101948 0.000103845 0.000106908 9.14731e-05 9.94245e-05 0.000145863 5.10846e-05 6.34785e-05 9.23478e-05 0.000104743 0.000109158 4.09682e-05 6.17453e-05 9.68944e-05 0.000134531 8.80651e-05 0.000145783 4.9246e-05 0.000145879
internal_weight=326592 200659 147507 135324 53152 130529 104419 51439 79 51360 135 12183 51225 41062 4795 3865 78436 1713 1383 10323 11649 9302 534 422 310 330 2330 78401 78 78323
internal_count=326592 200659 147507 135324 53152 130529 104419 51439 79 51360 135 12183 51225 41062 4795 3865 78436 1713 1383 10323 11649 9302 534 422 310 330 2330 78401 78 78323
is_linear=0
shrinkage=0.05


Tree=98
num_leaves=31
num_cat=0
split_feature=33 12 11 24 24 15 15 24 15 15 25 11 15 15 24 4 26 24 25 25 26 15 26 25 26 26 15 15 15 15
split_gain=2.96153 0.0142369 0.00491672 0.00375046 0.00173599 0.00160887 0.00235836 0.000787659 0.000767021 0.00113714 0.000740273 0.000567364 0.000533561 0.000983142 0.000527503 0.0018883 0.000513382 0.000453595 0.00044009 0.000413457 0.00040061 0.000389225 0.000403234 0.000344936 0.000338829 0.000315954 0.000307912 0.000328406 0.000303683 0.000444202
threshold=1.0000000180025095e-35 0.48890000000000006 8.5000000000000018 3.5000000000000004 3.5000000000000004 1.5000000000000002 4.5000000000000009 3.5000000000000004 1.5000000000000002 4.5000000000000009 3.5000000000000004 41.000000000000007 1.5000000000000002 2.5000000000000004 4.5000000000000009 41.000000000000007 7.5000000000000009 1.5000000000000002 3.5000000000000004 4.5000000000000009 8.5000000000000018 4.5000000000000009 7.5000000000000009 4.5000000000000009 9.5000000000000018 5.5000000000000009 4.5000000000000009 1.5000000000000002 1.5000000000000002 4.5000000000000009
decision_type=2 2 2 2 2 2 2 2 2 2 2 2 2 2 2 2 2 2 2 2 2 2 2 2 2 2 2 2 2 2
left_child=1 4 7 5 8 19 -7 17 23 -10 -5 14 24 -14 15 -12 -16 20 -11 -4 25 22 -15 -1 -6 28 27 -9 -3 -30
right_child=-2 2 3 10 12 6 -8 26 9 18 11 -13 13 21 16 -17 -18 -19 -20 -21 -22 -23 -24 -25 -26 -27 -28 -29 29 -31
leaf_value=8.676008400462833e-05 -0.00019005733774974943 8.3279382162846819e-05 0.00012062680200398474 -0.00022428672993555663 -0.00021249552424389709 0.0001384395529347199 0.00012115083751312727 -4.7322720763207018e-05 0.00010628743727139111 8.7888368282007439e-05 -0.00043948894599452618 0.00023451327613625931 0.0001417967750733386 0.0001977710608327978 0.00018164553718330961 5.5722401053312101e-05 7.8710231753722926e-05 0.00031171147880377251 -7.6246217177845777e-05 -7.6164891998771409e-06 3.0557894636548951e-05 -2.4937258277777656e-05 3.7461738535765583e-05 -8.0277134416504746e-05 -1.0253894004108588e-05 0.00027731415163725616 -7.4474327608614287e-05 7.9546778610204048e-05 0.00010976829828084051 8.4475263260248609e-05
leaf_weight=10269 125933 2340 26283 20 23 79195 26268 70 31161 10436 22 59 241 43 126 154 3134 25 41 63 213 252 447 31 208 25 68 188 6939 2315
leaf_count=10269 125933 2340 26283 20 23 79195 26268 70 31161 10436 22 59 241 43 126 154 3134 25 41 63 213 252 447 31 208 25 68 188 6939 2315
internal_value=-6.2409e-13 0.000119279 0.000127274 0.000130013 9.70927e-05 0.000131372 0.000134133 9.68504e-05 9.84742e-05 0.000101496 7.90408e-05 8.07765e-05 3.79886e-05 5.40574e-05 7.81367e-05 -6.17902e-06 8.26887e-05 9.89585e-05 8.72461e-05 0.00012032 9.85089e-05 2.55598e-05 5.15297e-05 8.62574e-05 -3.03905e-05 9.97546e-05 2.01778e-05 4.51248e-05 9.93718e-05 0.000103441
internal_weight=326592 200659 147507 135324 53152 131809 105463 12183 51938 41638 3515 3495 1214 983 3436 176 3260 11857 10477 26346 11832 742 490 10300 231 11619 326 258 11594 9254
internal_count=326592 200659 147507 135324 53152 131809 105463 12183 51938 41638 3515 3495 1214 983 3436 176 3260 11857 10477 26346 11832 742 490 10300 231 11619 326 258 11594 9254
is_linear=0
shrinkage=0.05


Tree=99
num_leaves=31
num_cat=1
split_feature=33 12 11 26 24 15 15 24 15 15 24 4 26 15 15 24 26 25 24 14 14 26 26 25 24 6 15 15 26 15
split_gain=2.67278 0.0128488 0.00443734 0.00340007 0.00156673 0.00140851 0.00204434 0.000710862 0.000692237 0.00102627 0.000509834 0.00139438 0.000620586 0.000439757 0.000596356 0.000409369 0.000398645 0.000397181 0.000371756 0.000479705 0.000826824 0.00036155 0.000317651 0.000311305 0.000294672 0.000453368 0.000294471 0.000668278 0.000285148 0.000277891
threshold=1.0000000180025095e-35 0.48890000000000006 8.5000000000000018 7.5000000000000009 3.5000000000000004 1.5000000000000002 4.5000000000000009 3.5000000000000004 1.5000000000000002 4.5000000000000009 4.5000000000000009 42.500000000000007 7.5000000000000009 1.5000000000000002 4.5000000000000009 1.5000000000000002 6.5000000000000009 3.5000000000000004 1.5000000000000002 2.5000000000000004 6.5000000000000009 8.5000000000000018 5.5000000000000009 4.5000000000000009 1.5000000000000002 0 2.5000000000000004 1.5000000000000002 5.5000000000000009 4.5000000000000009
decision_type=2 2 2 2 2 2 2 2 2 2 2 2 2 2 2 2 2 2 2 2 2 2 2 2 2 1 2 2 2 2
left_child=1 4 7 5 8 24 16 15 23 -10 11 -6 -12 -5 -15 21 -7 -11 22 -20 -21 28 -8 -1 -4 -26 27 -23 -3 -9
right_child=-2 2 3 13 10 6 18 29 9 17 12 -13 -14 14 -16 -17 -18 -19 19 20 -22 26 -24 -25 25 -27 -28 -29 -30 -31
leaf_value=8.2422076673071041e-05 -0.00018055447144433857 9.4403175745307681e-05 0.00011489742362200669 5.1293000513161987e-05 -0.00033994904463930482 0.00013158004948027915 0.00011549915685486186 4.2868579763561754e-05 0.00010097306614528601 8.3493948144162963e-05 0.00021765969984105087 0.00013822215919693311 3.5814039986103194e-05 0.00010094210102542651 5.561211912945435e-05 0.00029612591311160944 0.00030036199704876968 -7.2433906710258025e-05 0.000198226609348279 -0.00033016149449395017 7.2842117931161613e-05 -3.9144614683685912e-05 0.00021720509945910858 -7.6263276447031294e-05 0.00015392043300110987 -0.00012428426052792929 -1.8410170843369913e-05 0.00024291370064020157 0.00026344844140112404 -7.0750613539370105e-05
leaf_weight=10269 125933 11594 26051 930 31 78401 25828 258 31161 10436 49 30 1104 2897 968 25 35 41 23 20 35 42 77 31 27 32 129 42 25 68
leaf_count=10269 125933 11594 26051 930 31 78401 25828 258 31161 10436 49 30 1104 2897 968 25 35 41 23 20 35 42 77 31 27 32 129 42 25 68
internal_value=-1.29867e-12 0.000113315 0.00012091 0.000123512 9.2238e-05 0.000125031 0.000127629 9.20079e-05 9.35504e-05 9.64214e-05 3.60892e-05 -0.000104783 4.35421e-05 8.21615e-05 8.95891e-05 9.40106e-05 0.000131655 8.28838e-05 0.000115473 6.48021e-06 -7.37047e-05 9.35835e-05 0.000115801 8.19445e-05 0.000114645 3.02975e-06 2.903e-05 0.000101885 9.47669e-05 1.91689e-05
internal_weight=326592 200659 147507 135324 53152 130529 104419 12183 51938 41638 1214 61 1153 4795 3865 11857 78436 10477 25983 78 55 11832 25905 10300 26110 59 213 84 11619 326
internal_count=326592 200659 147507 135324 53152 130529 104419 12183 51938 41638 1214 61 1153 4795 3865 11857 78436 10477 25983 78 55 11832 25905 10300 26110 59 213 84 11619 326
cat_boundaries=0 1
cat_threshold=4
is_linear=0
shrinkage=0.05


Tree=100
num_leaves=31
num_cat=0
split_feature=33 11 11 25 17 26 4 8 13 14 26 25 7 26 13 26 25 15 15 15 15 15 15 15 3 15 17 15 15 14
split_gain=2.41218 0.00966406 0.00388848 0.00323737 0.00132 0.00126755 0.00090279 0.00190897 0.00106276 0.00581896 0.000920538 0.00129071 0.000648588 0.0024811 0.00323221 0.00152184 0.000609852 0.000510684 0.00122167 0.000466395 0.000701522 0.000456518 0.000434603 0.000623921 0.000498676 0.000432978 0.000425904 0.000409408 0.000697315 0.00039325
threshold=1.0000000180025095e-35 41.000000000000007 8.5000000000000018 3.5000000000000004 1.0000000180025095e-35 7.5000000000000009 44.000000000000007 95.000000000000014 1.5000000000000002 6.5000000000000009 5.5000000000000009 3.5000000000000004 11.000000000000002 9.5000000000000018 1.5000000000000002 7.5000000000000009 2.5000000000000004 1.5000000000000002 4.5000000000000009 1.5000000000000002 4.5000000000000009 4.5000000000000009 1.5000000000000002 4.5000000000000009 1.5000000000000002 1.5000000000000002 1.0000000180025095e-35 1.5000000000000002 2.5000000000000004 2.5000000000000004
decision_type=2 2 2 2 2 2 2 2 2 2 2 2 2 2 2 2 2 2 2 2 2 2 2 2 2 2 2 2 2 2
left_child=1 2 16 4 17 6 8 26 9 -3 19 -12 13 14 -5 29 -1 -4 -19 -10 -21 25 -9 24 -24 -18 -8 -7 -29 -14
right_child=-2 5 3 12 -6 27 7 22 10 -11 11 -13 15 -15 -16 -17 21 18 -20 20 -22 -23 23 -25 -26 -27 -28 28 -30 -31
leaf_value=8.9359558767089357e-05 -0.00017152674263343215 -0.00080732301853242384 0.0001083680163809429 -0.0005886281452452143 0.0001244233257151075 -1.8744739111495406e-07 0.0001932925582398415 6.4895670427696236e-05 7.9083363318753258e-05 0.0001640423149340144 0.00012828777817776427 0.00048107857815921312 0.00027554841721250844 6.8068645408414808e-05 0.00012764627871157636 6.785947770272639e-05 -4.9141754176186985e-05 0.00012465112755315801 0.00010926409107548563 9.5380988453704708e-05 7.9793730568621088e-05 -7.6441320904460999e-05 0.00010246856681305538 6.7667613354560258e-05 0.00015043422584813139 9.312636683534948e-05 0.00013065233386731583 0.00012207018439296698 4.0961822145959049e-05 0.00014755927604491296
leaf_weight=11823 125933 21 25816 36 51763 346 679 914 9496 58 100 35 94 296 28 3078 73 25881 25719 28700 9644 87 2039 918 738 200 452 348 1111 166
leaf_count=11823 125933 21 25816 36 51763 346 679 914 9496 58 100 35 94 296 28 3078 73 25881 25719 28700 9644 87 2039 918 738 200 452 348 1111 166
internal_value=7.48087e-13 0.00010765 0.000114443 0.000116922 0.000118242 8.99257e-05 9.13086e-05 0.00011005 8.907e-05 -9.41687e-05 8.93717e-05 0.000219752 7.07949e-05 7.03278e-06 -0.000275258 7.76716e-05 8.74075e-05 0.000114109 0.000116982 8.90038e-05 9.14606e-05 2.32987e-05 9.57664e-05 0.000103403 0.000115216 5.5084e-05 0.000168259 4.87114e-05 6.03078e-05 0.000193832
internal_weight=326592 200659 145060 132877 129179 55599 53794 5740 48054 79 47975 135 3698 360 64 3338 12183 77416 51600 47840 38344 360 4609 3695 2777 273 1131 1805 1459 260
internal_count=326592 200659 145060 132877 129179 55599 53794 5740 48054 79 47975 135 3698 360 64 3338 12183 77416 51600 47840 38344 360 4609 3695 2777 273 1131 1805 1459 260
is_linear=0
shrinkage=0.05


Tree=101
num_leaves=31
num_cat=1
split_feature=33 11 24 11 17 24 25 15 15 3 3 15 15 15 15 25 15 15 15 24 14 15 24 25 25 6 15 15 25 14
split_gain=2.17699 0.00872182 0.00358069 0.00327457 0.0012209 0.00106106 0.000640741 0.000571713 0.000849151 0.000676162 0.000528465 0.000479826 0.00120302 0.000475819 0.000769913 0.000457643 0.000432053 0.000607265 0.000796892 0.000428527 0.000419753 0.000410762 0.000381333 0.00035212 0.000345195 0.000797238 0.000320005 0.000467945 0.000287368 0.000545988
threshold=1.0000000180025095e-35 41.000000000000007 3.5000000000000004 8.5000000000000018 1.0000000180025095e-35 3.5000000000000004 3.5000000000000004 1.5000000000000002 4.5000000000000009 1.5000000000000002 1.5000000000000002 1.5000000000000002 4.5000000000000009 4.5000000000000009 1.5000000000000002 2.5000000000000004 4.5000000000000009 1.5000000000000002 2.5000000000000004 4.5000000000000009 2.5000000000000004 2.5000000000000004 1.5000000000000002 4.5000000000000009 3.5000000000000004 0 1.5000000000000002 4.5000000000000009 2.5000000000000004 3.5000000000000004
decision_type=2 2 2 2 2 2 2 2 2 2 2 2 2 2 2 2 2 2 2 2 2 2 2 2 2 1 2 2 2 2
left_child=1 2 3 22 11 7 -4 -3 9 28 13 23 15 14 -7 -13 17 19 -19 -8 -17 -16 26 -5 -14 -26 -1 -28 -9 -30
right_child=-2 5 6 4 -6 10 16 8 -10 -11 -12 12 24 -15 21 20 -18 18 -20 -21 -22 -23 -24 -25 25 -27 27 -29 29 -31
leaf_value=6.8079506574721864e-05 -0.0001629504025913775 7.6175904451425533e-05 -0.00022154890582896773 0.00010306699429657992 0.00011825147301688271 -2.8369409537071023e-05 -0.0001570756290236424 9.169688473858846e-05 7.6988737081938415e-05 0.00014000961814308538 0.00022396297717932614 0.00011843523718739482 0.00010380088441222399 -2.6035886102704355e-05 0.00012879108357599674 0.0003883745850180276 2.796660349992414e-05 0.00012531481463956689 6.2539827284870036e-05 3.8991798177988893e-05 9.6912676512840264e-05 4.9572069422823344e-05 0.00027992851351154967 -1.6232986930727721e-05 0.00019309193971821516 -0.00012909903929833415 9.5008816142261245e-05 6.9325002396852415e-05 0.0002234007068656628 -6.4844153239391748e-05
leaf_weight=2385 125933 10777 20 25807 51836 235 29 31741 10946 750 38 25866 25719 256 243 30 740 757 1522 714 21 501 25 62 32 48 7081 2366 92 20
leaf_count=2385 125933 10777 20 25807 51836 235 29 31741 10946 750 38 25866 25719 256 243 30 740 757 1522 714 21 501 25 62 32 48 7081 2366 92 20
internal_value=1.41743e-12 0.000102267 0.000108721 0.000110006 0.00011231 8.54294e-05 6.07081e-05 8.64868e-05 8.90384e-05 9.30839e-05 4.03067e-05 0.000108341 0.000111122 3.46557e-05 5.05261e-05 0.00011873 6.22087e-05 7.05936e-05 8.33914e-05 3.13391e-05 0.000268361 7.5446e-05 8.48569e-05 0.000102781 0.000103478 -2.22648e-07 8.44447e-05 8.85763e-05 9.1979e-05 0.000171928
internal_weight=326592 200659 145060 141278 129421 55599 3782 54326 43549 32603 1273 77585 51716 1235 979 25917 3762 3022 2279 743 51 744 11857 25869 25799 80 11832 9447 31853 112
internal_count=326592 200659 145060 141278 129421 55599 3782 54326 43549 32603 1273 77585 51716 1235 979 25917 3762 3022 2279 743 51 744 11857 25869 25799 80 11832 9447 31853 112
cat_boundaries=0 1
cat_threshold=1
is_linear=0
shrinkage=0.05


Tree=102
num_leaves=31
num_cat=1
split_feature=33 12 11 26 26 15 15 24 15 15 15 15 15 15 15 24 26 26 24 24 13 26 25 15 15 26 11 4 24 6
split_gain=1.96474 0.00952294 0.00328456 0.00254868 0.00119598 0.00103031 0.00149838 0.000566694 0.000550551 0.000791454 0.000476225 0.000672223 0.000354272 0.000353658 0.000474812 0.000344153 0.00032602 0.000320921 0.00031642 0.000431023 0.00100091 0.000285925 0.000272573 0.000266609 0.000597075 0.000261742 0.000259376 0.000933366 0.000269584 0.000418709
threshold=1.0000000180025095e-35 0.48890000000000006 8.5000000000000018 7.5000000000000009 3.0000000000000004 1.5000000000000002 4.5000000000000009 3.5000000000000004 4.5000000000000009 1.5000000000000002 1.5000000000000002 4.5000000000000009 2.5000000000000004 1.5000000000000002 4.5000000000000009 1.5000000000000002 8.5000000000000018 6.5000000000000009 1.5000000000000002 4.5000000000000009 2.5000000000000004 5.5000000000000009 3.5000000000000004 2.5000000000000004 1.5000000000000002 5.5000000000000009 44.500000000000007 59.500000000000007 1.5000000000000002 0
decision_type=2 2 2 2 2 2 2 2 2 2 2 2 2 2 2 2 2 2 2 2 2 2 2 2 2 2 2 2 2 1
left_child=1 4 7 5 10 26 17 15 9 -6 -1 -12 22 -5 -15 16 25 -7 21 20 -20 -8 -11 24 -18 -3 28 -28 -4 -30
right_child=-2 2 3 13 8 6 18 -9 -10 12 11 -13 -14 14 -16 -17 23 -19 19 -21 -22 -23 -24 -25 -26 -27 27 -29 29 -31
leaf_value=7.0777290100145664e-05 -0.00015480289002880456 8.0997759167402821e-05 9.7993143358323851e-05 4.2447459782906859e-05 -1.0071040727340444e-05 0.00011284726710207936 9.907701685432764e-05 1.3791192353323127e-05 -1.1028673778837846e-05 5.2302099825922121e-05 8.6572008055149305e-05 7.1822665475520275e-05 5.5213573585662678e-05 8.6920815929270574e-05 4.6473126858773486e-05 0.00026593209197744728 -4.5059337086665137e-05 0.00026428436078796433 -0.00031257452940917577 0.00016472827813301523 0.00012647906615812746 0.00019557031760500236 0.00014331397226312225 -2.6217214085485213e-05 0.00022154960315674544 0.00024295652378350497 0.00020466055721044541 4.7688334187538443e-05 0.00013402499543089006 -0.00013530041849721343
leaf_weight=10167 125933 11594 25663 930 364 78401 25828 326 410 121 30733 10319 781 2897 968 25 42 35 25 26 27 77 257 129 42 25 226 163 27 31
leaf_count=10167 125933 11594 25663 930 364 78401 25828 326 410 121 30733 10319 781 2897 968 25 42 35 25 26 27 77 257 129 42 25 226 163 27 31
internal_value=-3.12168e-13 9.71538e-05 0.000103692 0.000105931 7.90082e-05 0.000107246 0.000109468 7.8826e-05 4.04006e-05 5.42457e-05 8.04652e-05 8.28646e-05 7.44453e-05 7.01297e-05 7.67906e-05 8.06141e-05 8.02225e-05 0.000112915 9.90611e-05 -1.4935e-06 -8.46044e-05 9.93638e-05 0.000114181 1.89229e-05 8.82451e-05 8.13462e-05 9.83627e-05 0.000138886 9.77498e-05 -9.92479e-06
internal_weight=326592 200659 147507 135324 53152 130529 104419 12183 1933 1523 51219 41052 1159 4795 3865 11857 11832 78436 25983 78 52 25905 378 213 84 11619 26110 389 25721 58
internal_count=326592 200659 147507 135324 53152 130529 104419 12183 1933 1523 51219 41052 1159 4795 3865 11857 11832 78436 25983 78 52 25905 378 213 84 11619 26110 389 25721 58
cat_boundaries=0 1
cat_threshold=4
is_linear=0
shrinkage=0.05


Tree=103
num_leaves=31
num_cat=0
split_feature=33 12 11 24 24 15 15 25 24 11 15 15 24 17 26 24 4 26 25 25 14 26 25 24 25 26 27 15 15 25
split_gain=1.77318 0.00859446 0.00296432 0.00230104 0.0011142 0.000962791 0.0014106 0.000600489 0.000511441 0.000490807 0.000462742 0.00068748 0.000426759 0.00119041 0.000492889 0.000411146 0.0014518 0.000342057 0.000339066 0.000313242 0.000686425 0.00246378 0.000318633 0.000310598 0.000304179 0.000294233 0.000271073 0.00026688 0.000540309 0.00026433
threshold=1.0000000180025095e-35 0.48890000000000006 8.5000000000000018 3.5000000000000004 3.5000000000000004 1.5000000000000002 4.5000000000000009 3.5000000000000004 3.5000000000000004 41.000000000000007 1.5000000000000002 4.5000000000000009 4.5000000000000009 1.0000000180025095e-35 7.5000000000000009 4.5000000000000009 41.000000000000007 7.5000000000000009 3.5000000000000004 2.5000000000000004 2.5000000000000004 7.5000000000000009 4.5000000000000009 1.5000000000000002 4.5000000000000009 8.5000000000000018 18.500000000000004 2.5000000000000004 1.5000000000000002 4.5000000000000009
decision_type=2 2 2 2 2 2 2 2 2 2 2 2 2 2 2 2 2 2 2 2 2 2 2 2 2 2 2 2 2 2
left_child=1 4 8 5 10 24 19 -5 23 15 29 -12 13 -6 -14 16 -9 -17 -13 -7 21 -21 -22 25 -4 -3 -16 28 -28 -1
right_child=-2 2 3 7 12 6 -8 9 -10 -11 11 18 14 -15 26 17 -18 -19 -20 20 22 -23 -24 -25 -26 -27 27 -29 -30 -31
leaf_value=6.7115575247465531e-05 -0.0001470627379603684 7.7278924923796855e-05 9.3412439945668294e-05 -0.00021248374017886819 -0.00030463625232435087 0.00010700362612683214 9.3794528435867686e-05 -0.00039456249638037256 1.3101633530655774e-05 0.00020526089006048329 8.2237209723245584e-05 6.7995581946786918e-05 0.00018969897153473707 0.00013861297879235021 -6.0410170776720652e-05 0.00014460990611936839 3.9656113930705745e-05 6.0587892086401434e-05 -7.607380918293862e-05 0.00067840418241058411 0.00015259909776824655 0.00012513260476276793 -3.2183166246774586e-05 0.00025263549224473534 -1.6585425201189956e-05 1.7976724590363962e-05 8.3102172418281897e-06 1.4481493457764382e-05 0.00012571289487971869 -7.9107716972489042e-05
leaf_weight=10269 125933 11619 26283 20 33 78986 26268 22 326 59 31161 10436 49 28 81 126 154 3134 41 26 51 89 43 25 63 213 196 631 196 31
leaf_count=10269 125933 11619 26283 20 33 78986 26268 22 326 59 31161 10436 49 28 81 126 154 3134 41 26 51 89 43 25 63 213 196 631 196 31
internal_value=2.31762e-12 9.22961e-05 9.85077e-05 0.000100634 7.50578e-05 0.000101699 0.000103835 6.07086e-05 7.48847e-05 6.22719e-05 7.61645e-05 7.85119e-05 2.77072e-05 -0.000101178 3.45259e-05 5.98166e-05 -1.46212e-05 6.38354e-05 6.74318e-05 0.000107165 0.000168297 0.00025022 6.8071e-05 7.65833e-05 9.31494e-05 7.62114e-05 2.76387e-05 3.46103e-05 6.70116e-05 6.66755e-05
internal_weight=326592 200659 147507 135324 53152 131809 105463 3515 12183 3495 51938 41638 1214 61 1153 3436 176 3260 10477 79195 209 115 94 11857 26346 11832 1104 1023 392 10300
internal_count=326592 200659 147507 135324 53152 131809 105463 3515 12183 3495 51938 41638 1214 61 1153 3436 176 3260 10477 79195 209 115 94 11857 26346 11832 1104 1023 392 10300
is_linear=0
shrinkage=0.05


Tree=104
num_leaves=31
num_cat=2
split_feature=33 12 11 26 24 15 15 24 15 15 24 0 26 15 15 25 15 15 24 24 6 26 26 25 26 25 14 25 11 3
split_gain=1.60029 0.00775649 0.0026753 0.00211442 0.00100557 0.000839229 0.00121927 0.000461575 0.000417625 0.000620451 0.00038515 0.00113118 0.000444832 0.000309375 0.00042681 0.000306007 0.000305442 0.000452431 0.000285897 0.000376282 0.000680642 0.000261299 0.000258047 0.000243044 0.00031242 0.000241859 0.000483355 0.000238557 0.0002338 0.000842751
threshold=1.0000000180025095e-35 0.48890000000000006 8.5000000000000018 7.5000000000000009 3.5000000000000004 1.5000000000000002 4.5000000000000009 3.5000000000000004 1.5000000000000002 4.5000000000000009 4.5000000000000009 0 7.5000000000000009 1.5000000000000002 4.5000000000000009 3.5000000000000004 1.5000000000000002 4.5000000000000009 1.5000000000000002 4.5000000000000009 1 6.5000000000000009 5.5000000000000009 1.0000000180025095e-35 5.5000000000000009 2.5000000000000004 3.5000000000000004 4.5000000000000009 44.500000000000007 1.5000000000000002
decision_type=2 2 2 2 2 2 2 2 2 2 2 1 2 2 2 2 2 2 2 2 1 2 2 2 2 2 2 2 2 2
left_child=1 4 7 5 8 28 21 16 27 25 11 -6 -12 -5 -15 -11 -3 23 22 20 -20 -7 -8 -18 -25 -10 -27 -1 -4 -30
right_child=-2 2 3 13 10 6 18 -9 9 15 12 -13 -14 14 -16 -17 17 -19 19 -21 -22 -23 -24 24 -26 26 -28 -29 29 -31
leaf_value=6.3759793440328234e-05 -0.00013970960862934591 5.6778175372637383e-05 8.8201221552198088e-05 3.7102601922778119e-05 9.5754091436152952e-05 0.00010185416729328818 8.9433439344579186e-05 1.2446550427053263e-05 7.7863168033252578e-05 6.4595802637802685e-05 0.00018021402059702622 -0.00033773631417985872 2.625676943303599e-05 7.882823730755395e-05 4.0479563103040843e-05 -7.2270118320508431e-05 8.2360461588630712e-05 5.7891377647232386e-05 8.3659081636661928e-05 0.00014914473688874681 -0.00027920712151778088 0.00023850170920403408 0.00018110208291947455 8.3380051924345592e-05 0.00034623541628661772 0.00020154311654752949 -7.0202899514697499e-05 -7.5152332917036076e-05 0.00018975690472871067 4.0598985727625026e-05
leaf_weight=10269 125933 2389 25721 930 34 78401 25828 326 31051 10436 49 27 1104 2897 968 41 7048 2374 28 26 24 35 77 26 20 90 20 31 226 163
leaf_count=10269 125933 2389 25721 930 34 78401 25828 326 31051 10436 49 27 1104 2897 968 41 7048 2374 28 26 24 35 77 26 20 90 20 31 226 163
internal_value=-2.14432e-12 8.76813e-05 9.35824e-05 9.56028e-05 7.13049e-05 9.68007e-05 9.88055e-05 7.11404e-05 7.23563e-05 7.45863e-05 2.63218e-05 -9.61187e-05 3.27996e-05 6.29938e-05 6.92237e-05 6.40602e-05 7.27542e-05 7.67853e-05 8.94181e-05 -6.16351e-06 -8.38176e-05 0.000101915 8.97059e-05 8.31081e-05 0.000197665 7.81254e-05 0.000152135 6.33417e-05 8.87831e-05 0.000127256
internal_weight=326592 200659 147507 135324 53152 130529 104419 12183 51938 41638 1214 61 1153 4795 3865 10477 11857 9468 25983 78 52 78436 25905 7094 46 31161 110 10300 26110 389
internal_count=326592 200659 147507 135324 53152 130529 104419 12183 51938 41638 1214 61 1153 4795 3865 10477 11857 9468 25983 78 52 78436 25905 7094 46 31161 110 10300 26110 389
cat_boundaries=0 1 2
cat_threshold=1 1
is_linear=0
shrinkage=0.05


Tree=105
num_leaves=31
num_cat=0
split_feature=33 12 11 24 26 13 14 26 24 15 15 25 11 26 24 4 15 15 26 25 14 26 25 25 26 25 25 11 3 25
split_gain=1.44426 0.00700024 0.00241446 0.00191556 0.000916615 0.000915249 0.00488214 0.000861383 0.00115989 0.000783826 0.00114926 0.000542388 0.000442361 0.000430597 0.000367252 0.00132477 0.000342632 0.000516123 0.000289821 0.00028788 0.000618429 0.00219833 0.000285844 0.000274068 0.000371384 0.000264564 0.000250581 0.000248311 0.000799191 0.000261388
threshold=1.0000000180025095e-35 0.48890000000000006 8.5000000000000018 3.5000000000000004 7.5000000000000009 1.5000000000000002 6.5000000000000009 5.5000000000000009 1.5000000000000002 1.5000000000000002 4.5000000000000009 3.5000000000000004 41.000000000000007 8.5000000000000018 4.5000000000000009 41.000000000000007 1.5000000000000002 4.5000000000000009 6.5000000000000009 2.5000000000000004 2.5000000000000004 7.5000000000000009 4.5000000000000009 3.5000000000000004 5.5000000000000009 4.5000000000000009 3.5000000000000004 44.500000000000007 1.5000000000000002 3.5000000000000004
decision_type=2 2 2 2 2 2 2 2 2 2 2 2 2 2 2 2 2 2 2 2 2 2 2 2 2 2 2 2 2 2
left_child=1 4 13 9 5 6 -1 16 -9 25 19 -5 14 23 15 -13 -7 -18 -16 -11 21 -21 -22 24 -3 -4 -19 29 -29 -12
right_child=-2 2 3 11 -6 7 -8 8 -10 10 27 12 -14 -15 18 -17 17 26 -20 20 22 -23 -24 -25 -26 -27 -28 28 -30 -31
leaf_value=-0.00075434791145934956 -0.00013272411888465285 6.9671054652019094e-05 8.4325023108946224e-05 -0.00020524537860183045 3.175879798809159e-05 6.0647384990016772e-05 0.00013539585563884085 0.00010862749797524885 0.00044306205751906555 9.6572191232296908e-05 8.4347001303200993e-05 -0.00037974090823395689 0.00019162855371517148 2.3679618024108549e-05 0.00014958217703591448 3.5045070729789918e-05 7.4149919639753372e-05 6.1604292866013316e-05 5.4937518587859063e-05 0.00063755178215125444 0.00014026020379627452 0.00011493455832361393 -3.4756391027639078e-05 -5.944917850173647e-05 0.00028012877585188977 -1.8260157011109329e-05 -0.00010014553142051835 0.00018397575716069174 3.7236724370487564e-05 -5.6132878819847034e-06
leaf_weight=21 125933 11587 26283 20 1713 10163 58 100 35 78986 25802 22 59 534 83 154 30739 10299 3177 26 51 89 43 41 21 63 24 229 156 81
leaf_count=21 125933 11587 26283 20 1713 10163 58 100 35 78986 25802 22 59 534 83 154 30739 10299 3177 26 51 89 43 41 21 63 24 229 156 81
internal_value=2.26781e-12 8.32973e-05 8.89032e-05 9.08226e-05 6.77396e-05 6.89379e-05 -0.000101118 6.91994e-05 0.000195333 9.17941e-05 9.37212e-05 5.43942e-05 5.588e-05 6.75834e-05 5.3549e-05 -1.68032e-05 6.8867e-05 7.09014e-05 5.73472e-05 9.67273e-05 0.000155331 0.000233091 6.01994e-05 6.9596e-05 7.00518e-05 8.40797e-05 6.12282e-05 8.46584e-05 0.000124518 8.40655e-05
internal_weight=326592 200659 147507 135324 53152 51439 79 51360 135 131809 105463 3515 3495 12183 3436 176 51225 41062 3260 79195 209 115 94 11649 11608 26346 10323 26268 385 25883
internal_count=326592 200659 147507 135324 53152 51439 79 51360 135 131809 105463 3515 3495 12183 3436 176 51225 41062 3260 79195 209 115 94 11649 11608 26346 10323 26268 385 25883
is_linear=0
shrinkage=0.05


Tree=106
num_leaves=31
num_cat=1
split_feature=33 12 11 26 24 15 15 26 15 15 15 15 15 26 13 26 15 15 24 25 27 14 24 14 0 7 24 13 25 26
split_gain=1.30345 0.00631771 0.00217905 0.00175094 0.000834719 0.000683336 0.000993677 0.000388614 0.000363818 0.000574786 0.000342487 0.000508122 0.000331237 0.000317689 0.000442719 0.000296579 0.000271794 0.000399384 0.000382339 0.000257514 0.000256158 0.00105031 0.00131126 0.000657394 0.00182495 0.000300697 0.000251003 0.000390533 0.000247347 0.000335174
threshold=1.0000000180025095e-35 0.48890000000000006 8.5000000000000018 7.5000000000000009 3.5000000000000004 1.5000000000000002 4.5000000000000009 8.5000000000000018 4.5000000000000009 1.5000000000000002 1.5000000000000002 4.5000000000000009 2.5000000000000004 7.5000000000000009 1.5000000000000002 9.5000000000000018 1.5000000000000002 2.5000000000000004 3.5000000000000004 3.5000000000000004 26.500000000000004 2.5000000000000004 4.5000000000000009 5.5000000000000009 0 13.000000000000002 1.5000000000000002 1.5000000000000002 3.5000000000000004 5.5000000000000009
decision_type=2 2 2 2 2 2 2 2 2 2 2 2 2 2 2 2 2 2 2 2 2 2 2 2 1 2 2 2 2 2
left_child=1 4 7 5 10 -4 20 28 9 15 -1 -12 -11 14 -14 -6 -5 -18 -19 -13 -7 22 -22 24 -23 -25 -8 -28 29 -3
right_child=-2 2 3 16 8 6 26 -9 -10 12 11 19 13 -15 -16 -17 17 18 -20 -21 21 23 -24 25 -26 -27 27 -29 -30 -31
leaf_value=5.7147122906914857e-05 -0.00012608792167156935 6.6187501166692153e-05 8.0136886273909534e-05 3.2339669356901215e-05 -0.00020174781839950415 9.1825700153231368e-05 8.097574040649614e-05 2.2495637919443351e-05 -3.0111101411406823e-05 0.00010709631796810328 7.0532762892883342e-05 5.8295665258947224e-05 -6.7424812004901473e-06 2.3012959192714279e-05 0.00031491200257416656 -1.2535120785846981e-05 9.0959411427476595e-05 7.881246799623564e-05 4.056907539220097e-05 -6.7258244536521781e-05 0.00056676511765168657 0.00014489642597491974 8.7060407505694983e-05 0.00023230699691108411 -0.00040058094461488982 7.7824621084367955e-05 -0.00018186202404372719 6.3496325747109953e-05 -5.6476721102826119e-05 0.00026612234623393137
leaf_weight=10300 125933 11587 26110 930 23 78184 25905 534 252 241 31161 10436 20 447 23 208 932 983 1950 41 29 46 28 63 23 63 23 55 41 21
leaf_count=10300 125933 11587 26110 930 23 78184 25905 534 252 241 31161 10436 20 447 23 208 932 983 1950 41 29 46 28 63 23 63 23 55 41 21
internal_value=-1.361e-12 7.91324e-05 8.44581e-05 8.62815e-05 6.43527e-05 8.73716e-05 8.91806e-05 6.42042e-05 2.33687e-05 3.7378e-05 6.53106e-05 6.733e-05 5.91041e-05 3.54998e-05 0.000165305 -3.13745e-05 5.66074e-05 6.24467e-05 5.33864e-05 5.78043e-05 9.19879e-05 0.000142318 0.000331121 8.71291e-05 -3.69294e-05 0.000155066 8.07061e-05 -8.85293e-06 6.61162e-05 6.65492e-05
internal_weight=326592 200659 147507 135324 53152 130529 104419 12183 1214 962 51938 41638 731 490 43 231 4795 3865 2933 10477 78436 252 57 195 69 126 25983 78 11649 11608
internal_count=326592 200659 147507 135324 53152 130529 104419 12183 1214 962 51938 41638 731 490 43 231 4795 3865 2933 10477 78436 252 57 195 69 126 25983 78 11649 11608
cat_boundaries=0 1
cat_threshold=1
is_linear=0
shrinkage=0.05


Tree=107
num_leaves=31
num_cat=0
split_feature=33 12 11 26 26 15 15 15 15 26 13 15 15 15 25 15 15 15 15 26 11 3 24 13 15 15 25 26 4 11
split_gain=1.17636 0.00570174 0.00196659 0.00158023 0.000758503 0.000616711 0.000896794 0.00042751 0.00060371 0.000350724 0.000306046 0.000282085 0.000393441 0.000274749 0.000250678 0.000245294 0.000367071 0.000237817 0.000364967 0.000240325 0.00023374 0.000665897 0.000262104 0.000435247 0.000231083 0.000978987 0.000227717 0.00021435 0.000224231 0.000210739
threshold=1.0000000180025095e-35 0.48890000000000006 8.5000000000000018 7.5000000000000009 3.0000000000000004 1.5000000000000002 4.5000000000000009 4.5000000000000009 1.5000000000000002 8.5000000000000018 2.5000000000000004 1.5000000000000002 4.5000000000000009 2.5000000000000004 3.5000000000000004 1.5000000000000002 4.5000000000000009 1.5000000000000002 4.5000000000000009 5.5000000000000009 44.500000000000007 1.5000000000000002 1.5000000000000002 1.5000000000000002 1.5000000000000002 2.5000000000000004 1.0000000180025095e-35 6.5000000000000009 37.000000000000007 44.500000000000007
decision_type=2 2 2 2 2 2 2 2 2 2 2 2 2 2 2 2 2 2 2 2 2 2 2 2 2 2 2 2 2 2
left_child=1 4 9 5 10 29 -7 8 27 17 -1 -12 -13 14 -10 -5 -17 -3 19 -19 22 -22 -8 -24 -11 -26 -20 -6 -29 -4
right_child=-2 2 3 15 7 6 20 -9 13 24 11 12 -14 -15 -16 16 -18 18 26 -21 21 -23 23 -25 25 -27 -28 28 -30 -31
leaf_value=0.0002487437026998536 -0.0001197835197672248 4.8587788936047541e-05 7.5577619210742521e-05 3.0722686049518412e-05 -0.00014399141053155322 8.7388526836519706e-05 7.6368305714359533e-05 -1.4930486002235629e-05 3.5882466049356896e-05 -4.2474752808630002e-05 5.4757660283358586e-05 6.6899362231522512e-05 5.5613264207474506e-05 4.329487966315728e-05 0.00012316255687993267 6.8231412822800268e-05 3.2667658291952535e-05 7.156746229927704e-05 5.0990766296741744e-05 0.00022687024576589464 0.00017058584244093961 3.6160089616598084e-05 -0.0002040871657134796 5.9750255227468353e-05 0.00017063921117889031 -5.5139040066170205e-06 -9.2463787586893894e-05 -0.00015295813114473436 8.8122590900988707e-06 0.00011265658575067043
leaf_weight=22 125933 2347 25721 930 29 78436 25526 410 121 112 10163 30719 10315 781 257 2897 968 6947 2302 25 225 156 22 54 105 317 28 23 312 389
leaf_count=22 125933 2347 25721 930 29 78436 25526 410 121 112 10163 30719 10315 781 257 2897 968 6947 2302 25 225 156 22 54 105 317 28 23 312 389
internal_value=1.34915e-12 7.51758e-05 8.02352e-05 8.19674e-05 6.1135e-05 8.3003e-05 8.47216e-05 3.0389e-05 4.25893e-05 6.0994e-05 6.22954e-05 6.22153e-05 6.40623e-05 6.02311e-05 9.52237e-05 5.3777e-05 5.93244e-05 6.28104e-05 6.63989e-05 7.21243e-05 7.66708e-05 0.000115545 7.60923e-05 -1.66237e-05 2.13709e-05 3.83157e-05 4.92668e-05 -1.35834e-05 -2.29436e-06 7.613e-05
internal_weight=326592 200659 147507 135324 53152 130529 104419 1933 1523 12183 51219 51197 41034 1159 378 4795 3865 11649 9302 6972 25983 381 25602 76 534 422 2330 364 335 26110
internal_count=326592 200659 147507 135324 53152 130529 104419 1933 1523 12183 51219 51197 41034 1159 378 4795 3865 11649 9302 6972 25983 381 25602 76 534 422 2330 364 335 26110
is_linear=0
shrinkage=0.05


Tree=108
num_leaves=31
num_cat=1
split_feature=11 22 23 12 21 11 21 26 24 19 18 24 17 26 24 24 19 18 27 27 14 24 24 26 0 25 14 19 18 25
split_gain=0.591167 0.411027 0.0544595 0.005255 0.00323026 0.00177485 0.00167341 0.00142615 0.00070554 0.000556582 0.000809357 0.000331071 0.000986868 0.000356967 0.000323617 0.000284123 0.0002788 0.000413974 0.000235311 0.00023431 0.00076567 0.000601399 0.00184023 0.000379096 0.00181785 0.000233137 0.000409965 0.000232619 0.000340018 0.000224259
threshold=-1.0000000180025095e-35 1.0000000180025095e-35 1.0000000180025095e-35 0.48890000000000006 1.0000000180025095e-35 8.5000000000000018 1.0000000180025095e-35 7.5000000000000009 3.5000000000000004 1.0000000180025095e-35 1.0000000180025095e-35 4.5000000000000009 1.0000000180025095e-35 7.5000000000000009 3.5000000000000004 1.5000000000000002 1.0000000180025095e-35 1.0000000180025095e-35 18.500000000000004 7.5000000000000009 2.5000000000000004 4.5000000000000009 1.5000000000000002 5.5000000000000009 0 2.5000000000000004 3.5000000000000004 1.0000000180025095e-35 1.0000000180025095e-35 3.5000000000000004
decision_type=2 2 2 2 2 2 2 2 2 2 2 2 2 2 2 2 2 2 2 2 2 2 2 2 1 2 2 2 2 2
left_child=-1 2 3 6 5 14 8 9 16 10 19 12 -10 -13 15 27 17 25 -15 -7 21 22 -21 -22 -25 -2 -27 28 -5 -19
right_child=1 -3 -4 4 -6 7 -8 -9 11 -11 -12 13 -14 18 -16 -17 -18 29 -20 20 23 -23 -24 24 -26 26 -28 -29 -30 -31
leaf_value=-0.0001137943472713232 6.341441847363026e-05 -0.0001137943472713232 -0.0001137943472713232 6.7945563253065256e-05 -0.0001137943472713232 8.2628920031046433e-05 -0.0001137943472713232 5.1088166348242848e-05 -0.00027837022736837918 7.2323537405195233e-05 7.2837235770395172e-05 0.00015845994206088387 0.00012520875856612942 -6.1492051445608841e-05 8.7984301491949051e-06 0.00022767721791751684 5.159353087028914e-05 5.2641470693332041e-05 2.7038998007633814e-05 8.7491398211568598e-05 0.00010018324813283703 7.8337964350794212e-05 0.00073096028994768859 0.00015052515812510371 -0.00038492132342703964 0.00018183761489732814 -6.8429278908297423e-05 4.498683204274016e-05 4.6052159920375362e-05 -6.4525269213268861e-05
leaf_weight=84576 31051 36927 4064 7081 224 76869 142 4795 33 26110 25983 49 28 81 326 25 10300 10436 1023 25 1420 28 20 51 23 90 20 2385 2366 41
leaf_count=84576 31051 36927 4064 7081 224 76869 142 4795 33 26110 25983 49 28 81 326 25 10300 10436 1023 25 1420 28 20 51 23 90 20 2385 2366 41
internal_value=-5.38425e-14 3.97671e-05 6.74164e-05 7.10798e-05 7.59353e-05 7.62234e-05 5.76203e-05 7.78691e-05 5.80783e-05 7.88529e-05 8.04855e-05 2.03988e-05 -9.31209e-05 2.64047e-05 5.79443e-05 5.92956e-05 5.8959e-05 6.0781e-05 2.05435e-05 8.30191e-05 0.000102159 0.000260273 0.000373478 9.44336e-05 -1.58974e-05 6.36718e-05 0.000136335 5.89398e-05 6.24624e-05 5.2183e-05
internal_weight=326592 242016 205089 201025 147731 147507 53294 135324 53152 130529 104419 1214 61 1153 12183 11857 51938 41638 1104 78436 1567 73 45 1494 74 31161 110 11832 9447 10477
internal_count=326592 242016 205089 201025 147731 147507 53294 135324 53152 130529 104419 1214 61 1153 12183 11857 51938 41638 1104 78436 1567 73 45 1494 74 31161 110 11832 9447 10477
cat_boundaries=0 1
cat_threshold=1
is_linear=0
shrinkage=0.05


Tree=109
num_leaves=31
num_cat=0
split_feature=33 12 12 24 26 13 14 26 24 15 15 24 4 26 26 24 7 26 15 15 15 15 15 15 15 26 7 27 14 14
split_gain=0.958153 0.0046441 0.0016018 0.00131051 0.000644955 0.000808208 0.00423691 0.000807756 0.00102476 0.000518276 0.000767553 0.000337107 0.0010013 0.000367239 0.000300519 0.000244892 0.000769615 0.00238096 0.000225163 0.00034211 0.000217841 0.000358603 0.000606864 0.000193113 0.000297217 0.000220726 0.000192863 0.000188004 0.000252267 0.000435412
threshold=1.0000000180025095e-35 0.48890000000000006 0.90555000000000019 3.5000000000000004 7.5000000000000009 1.5000000000000002 6.5000000000000009 5.5000000000000009 1.5000000000000002 1.5000000000000002 4.5000000000000009 4.5000000000000009 41.000000000000007 6.5000000000000009 8.5000000000000018 1.5000000000000002 11.000000000000002 7.5000000000000009 1.5000000000000002 4.5000000000000009 4.5000000000000009 1.5000000000000002 2.5000000000000004 1.5000000000000002 4.5000000000000009 5.5000000000000009 11.000000000000002 18.500000000000004 2.5000000000000004 4.5000000000000009
decision_type=2 2 2 2 2 2 2 2 2 2 2 2 2 2 2 2 2 2 2 2 2 2 2 2 2 2 2 2 2 2
left_child=1 4 3 9 5 6 -1 18 -9 -3 15 12 -5 -13 23 -11 -17 -18 -7 -20 21 -16 -23 -4 25 -25 -8 28 -6 -30
right_child=-2 2 14 11 27 7 26 8 -10 10 -12 13 -14 -15 20 16 17 -19 19 -21 -22 22 -24 24 -26 -27 -28 -29 29 -31
leaf_value=-0.00071215846331878791 -0.00010810462990775705 6.8506180459302447e-05 4.3912143699226023e-05 -0.00033847751804966144 3.842224072627687e-05 4.9440099450391296e-05 0.00023334119363095274 9.7071013471577321e-05 0.00041142086831054523 7.8661151252501163e-05 6.8939729993588254e-05 0.00014887051382530268 2.0885379566093966e-05 4.4774698481979465e-05 -4.1860324641415254e-05 -0.00012081573815801396 0.00060297600079879719 9.3446779929332773e-05 6.0397322547282602e-05 4.9877102526214586e-05 -4.3619928718336661e-05 0.00016027592532780199 1.2458759493467103e-05 6.4595218299788471e-05 4.4501797061777264e-05 0.00021343069477006791 4.5432746669070589e-05 2.975931596442698e-05 -0.00025081430430873297 7.617627218282089e-06
leaf_weight=21 125933 26346 2347 22 64 10163 22 100 35 78990 26268 87 163 3243 112 26 27 152 30739 10323 112 105 205 6947 2330 25 36 1582 28 39
leaf_count=21 125933 26346 2347 22 64 10163 22 100 35 78990 26268 87 163 3243 112 26 27 152 30739 10323 112 105 205 6947 2330 25 36 1582 28 39
internal_value=1.40428e-13 6.78461e-05 7.24122e-05 7.39756e-05 5.51744e-05 5.61795e-05 -0.000103623 5.64253e-05 0.000178569 7.47791e-05 7.63462e-05 4.38446e-05 -2.18497e-05 4.74943e-05 5.50471e-05 7.88028e-05 0.000133381 0.000170303 5.61034e-05 5.77525e-05 1.83693e-05 3.48215e-05 6.25259e-05 5.67285e-05 5.99622e-05 6.51289e-05 0.000116708 2.49927e-05 -3.25702e-05 -0.000100384
internal_weight=326592 200659 147507 135324 53152 51439 79 51360 135 131809 105463 3515 185 3330 12183 79195 205 179 51225 41062 534 422 310 11649 9302 6972 58 1713 131 67
internal_count=326592 200659 147507 135324 53152 51439 79 51360 135 131809 105463 3515 185 3330 12183 79195 205 179 51225 41062 534 422 310 11649 9302 6972 58 1713 131 67
is_linear=0
shrinkage=0.05


Tree=110
num_leaves=31
num_cat=1
split_feature=33 11 24 11 26 17 4 10 13 14 26 24 25 17 15 15 15 24 15 15 26 24 3 15 15 15 25 26 15 15
split_gain=0.864733 0.00330832 0.00156949 0.00128249 0.000508301 0.000474802 0.000473312 0.00122374 0.000729179 0.00382382 0.000729331 0.000924843 0.000472013 0.0003393 0.000290723 0.000382101 0.000650864 0.000321122 0.000284979 0.000400613 0.000281422 0.000265253 0.000253345 0.000225151 0.000219739 0.000376054 0.000232729 0.000194781 0.000214547 0.00044349
threshold=1.0000000180025095e-35 41.000000000000007 3.5000000000000004 8.5000000000000018 7.5000000000000009 1.0000000180025095e-35 44.000000000000007 0 1.5000000000000002 6.5000000000000009 5.5000000000000009 1.5000000000000002 3.5000000000000004 1.0000000180025095e-35 4.5000000000000009 1.5000000000000002 2.5000000000000004 4.5000000000000009 1.5000000000000002 4.5000000000000009 7.5000000000000009 1.5000000000000002 1.5000000000000002 2.5000000000000004 1.5000000000000002 2.5000000000000004 4.5000000000000009 8.5000000000000018 2.5000000000000004 1.5000000000000002
decision_type=2 2 2 2 2 2 2 1 2 2 2 2 2 2 2 2 2 2 2 2 2 2 2 2 2 2 2 2 2 2
left_child=1 2 3 21 6 20 8 13 9 -3 -10 -12 -4 -8 15 17 -17 -14 -9 22 -5 27 -20 -24 -6 26 -26 -1 29 -29
right_child=-2 4 12 5 24 -7 7 18 10 -11 11 -13 14 -15 -16 16 -18 -19 19 -21 -22 -23 23 -25 25 -27 -28 28 -30 -31
leaf_value=5.4065387003577518e-05 -0.00010269939666613938 -0.00067655052878849568 -0.00020561801153235138 6.8567223871586453e-05 -7.8394108497819204e-06 7.4426488014800766e-05 0.00013747859795252754 3.2095156658539673e-05 5.3260929319467044e-05 0.00011087294782367375 9.2217462486587467e-05 0.0003908498229325882 -0.000149433102041226 8.1568610374362465e-05 9.8406595861888496e-06 9.2847092698274066e-05 3.6114581981109355e-05 2.0294127969856506e-05 6.3656983101080932e-05 3.4642196257222311e-05 4.0017669063468467e-05 0.0002162347186822444 0.00013666491750853076 7.8197817902593902e-05 2.1289366536662667e-05 2.2273309155389638e-05 0.000109449644987458 -4.6885465798411699e-05 -3.4678252285270585e-05 0.00018288932208503997
leaf_weight=11619 125933 21 20 76712 346 51836 679 914 47840 58 100 35 29 452 740 757 1522 714 2039 918 873 25 248 490 109 1111 239 42 129 42
leaf_count=11619 125933 21 20 76712 346 51836 679 914 47840 58 100 35 29 452 740 757 1522 714 2039 918 873 25 248 490 109 1111 239 42 129 42
internal_value=7.45283e-13 6.44538e-05 6.84285e-05 6.92795e-05 5.40837e-05 7.07214e-05 5.49594e-05 6.85296e-05 5.33385e-05 -9.84422e-05 5.35884e-05 0.000169641 3.66414e-05 0.000115134 3.79293e-05 4.48074e-05 5.4959e-05 1.36695e-05 5.70933e-05 6.32768e-05 6.8246e-05 5.35405e-05 7.27427e-05 9.78453e-05 2.79846e-05 3.64802e-05 8.18362e-05 5.31968e-05 5.81534e-06 6.80019e-05
internal_weight=326592 200659 145060 141278 55599 129421 53794 5740 48054 79 47975 135 3782 1131 3762 3022 2279 743 4609 3695 77585 11857 2777 738 1805 1459 348 11832 213 84
internal_count=326592 200659 145060 141278 55599 129421 53794 5740 48054 79 47975 135 3782 1131 3762 3022 2279 743 4609 3695 77585 11857 2777 738 1805 1459 348 11832 213 84
cat_boundaries=0 1
cat_threshold=2
is_linear=0
shrinkage=0.05


Tree=111
num_leaves=31
num_cat=2
split_feature=33 12 26 11 24 19 18 19 16 18 19 26 6 13 11 24 26 16 26 11 19 18 25 14 25 26 27 6 25 13
split_gain=0.780422 0.00378266 0.00132078 0.00115388 0.000553428 0.000433085 0.000628949 0.000315597 0.00064408 0.000301648 0.000429806 0.00028497 0.000702017 0.000410516 0.000271544 0.000293526 0.000262636 0.000260773 0.000243604 0.000243296 0.000224151 0.000332296 0.000225622 0.000323185 0.000217753 0.000271402 0.000217584 0.000770133 0.000895199 0.000400424
threshold=1.0000000180025095e-35 0.48890000000000006 7.5000000000000009 8.5000000000000018 3.5000000000000004 1.0000000180025095e-35 1.0000000180025095e-35 1.0000000180025095e-35 1.0000000180025095e-35 1.0000000180025095e-35 1.0000000180025095e-35 7.5000000000000009 0 1.5000000000000002 6.5000000000000009 3.5000000000000004 7.5000000000000009 1.0000000180025095e-35 9.5000000000000018 41.000000000000007 1.0000000180025095e-35 1.0000000180025095e-35 2.5000000000000004 3.5000000000000004 3.5000000000000004 5.5000000000000009 26.500000000000004 1 4.5000000000000009 1.5000000000000002
decision_type=2 2 2 2 2 2 2 2 2 2 2 2 1 2 2 2 2 2 2 2 2 2 2 2 2 2 2 1 2 2
left_child=1 4 3 24 20 6 26 8 14 10 11 12 -6 -14 -4 -16 -11 -13 -12 -17 21 22 -1 -24 25 -3 -5 28 -28 -29
right_child=-2 2 7 5 9 -7 -8 -9 -10 16 18 17 13 -15 15 19 -18 -19 -20 -21 -22 -23 23 -25 -26 -27 27 29 -30 -31
leaf_value=5.4545329786296965e-05 -9.7564427414909011e-05 5.1270825444970096e-05 -1.083139299862202e-05 7.1137781657545216e-05 -7.9268320342120927e-05 6.1854106495337906e-05 6.2311655369320872e-05 1.6233062993293994e-05 8.1222173667901487e-05 -0.00020612364052794872 -0.00018468231921914318 1.6171127888900114e-05 0.00011260230119502091 0.00041471281491050672 6.2485270934848811e-05 2.6918471933705726e-05 -1.7285986124424483e-05 8.3079072781536666e-05 -1.319881382467149e-05 0.00016383446804177243 4.3970591840458566e-05 4.4505291784587785e-05 0.00016668155837881691 -5.5524251074530184e-05 -6.3835460374631539e-05 0.00023118287402515612 0.00010995764730198841 -5.3121768949746062e-05 0.00043230386251317605 0.00011113015852882122
leaf_weight=31051 125933 11587 283 78184 23 26110 25983 1042 1037 20 23 447 23 22 1000 1934 232 216 208 33 10300 10477 90 20 41 21 56 58 35 103
leaf_count=31051 125933 11587 283 78184 23 26110 25983 1042 1037 20 23 447 23 22 1000 1934 232 216 208 33 10300 10477 90 20 41 21 56 58 35 103
internal_value=2.62692e-13 6.12311e-05 6.53521e-05 6.6268e-05 4.97948e-05 6.76137e-05 6.90538e-05 4.09137e-05 4.69126e-05 1.64235e-05 2.91797e-05 4.79671e-05 0.000145447 0.000260301 3.59652e-05 4.04288e-05 -3.22731e-05 3.79692e-05 -3.02729e-05 2.92155e-05 5.05749e-05 5.22086e-05 5.47986e-05 0.000126281 5.119e-05 5.15963e-05 7.12873e-05 0.000117673 0.000233937 5.19587e-05
internal_weight=326592 200659 147507 142178 53152 130529 104419 5329 4287 1214 962 731 68 45 3250 2967 252 663 231 1967 51938 41638 31161 110 11649 11608 78436 252 91 161
internal_count=326592 200659 147507 142178 53152 130529 104419 5329 4287 1214 962 731 68 45 3250 2967 252 663 231 1967 51938 41638 31161 110 11649 11608 78436 252 91 161
cat_boundaries=0 1 2
cat_threshold=2 1
is_linear=0
shrinkage=0.05


Tree=112
num_leaves=31
num_cat=0
split_feature=33 12 26 11 26 11 13 14 19 18 25 3 18 19 27 17 19 16 1 11 16 25 19 16 25 26 11 26 4 19
split_gain=0.704331 0.00341386 0.00119232 0.00103665 0.000501822 0.000433206 0.000449528 0.00359989 0.000405786 0.000608318 0.000398857 0.000364896 0.000347676 0.000454983 0.000344423 0.000308905 0.000285972 0.000609128 0.000271533 0.00023228 0.000214959 0.000211784 0.000196897 0.000273704 0.000196522 0.00024494 0.00018886 0.000178665 0.000183263 0.000178515
threshold=1.0000000180025095e-35 0.48890000000000006 8.5000000000000018 8.5000000000000018 3.0000000000000004 44.500000000000007 1.5000000000000002 5.5000000000000009 1.0000000180025095e-35 1.0000000180025095e-35 2.5000000000000004 1.5000000000000002 1.0000000180025095e-35 1.0000000180025095e-35 29.500000000000004 1.0000000180025095e-35 1.0000000180025095e-35 1.0000000180025095e-35 30.000000000000004 6.5000000000000009 1.0000000180025095e-35 3.5000000000000004 1.0000000180025095e-35 1.0000000180025095e-35 3.5000000000000004 5.5000000000000009 8.5000000000000018 6.5000000000000009 37.000000000000007 1.0000000180025095e-35
decision_type=2 2 2 2 2 2 2 2 2 2 2 2 2 2 2 2 2 2 2 2 2 2 2 2 2 2 2 2 2 2
left_child=1 4 3 24 14 6 7 -5 9 10 -8 15 13 20 29 -7 17 19 -12 -4 -6 -22 23 -13 25 -3 -19 -15 -29 -1
right_child=-2 2 16 5 12 11 8 -9 -10 -11 18 22 -14 27 -16 -17 -18 26 -20 -21 21 -23 -24 -25 -26 -27 -28 28 -30 -31
leaf_value=4.9593150122235597e-05 -9.2686206335201868e-05 4.8707284249229975e-05 -1.0289822897607256e-05 -0.00043693115983746552 3.3633875857803745e-05 0.0001272645708933637 6.7340286525775439e-05 0.00014640373812089194 5.8323111321027683e-05 5.8666055305865543e-05 4.0349016400376482e-05 5.5426239318763721e-05 -1.8572749741440753e-05 -0.00013452503641521365 0.00018212152578295598 7.3933295943708353e-05 1.3635572925779102e-05 0.0001416403067386931 0.00015812868379101139 3.7288793106315024e-05 2.5022581574691785e-05 0.00010524629633366368 1.2916597188450397e-05 0.00012999694963747806 -6.0643691132299423e-05 0.00021962372674828488 7.0647349441732132e-05 -0.00014136609951611204 4.8815158700166746e-06 4.2189633259143622e-05
leaf_weight=41012 125933 11587 283 38 781 680 77128 87 25772 25658 65 484 410 29 48 452 969 105 198 2742 121 257 163 165 41 21 869 23 312 10159
leaf_count=41012 125933 11587 283 38 781 680 77128 87 25772 25658 65 484 410 29 48 452 969 105 198 2742 121 257 163 165 41 21 869 23 312 10159
internal_value=2.50099e-13 5.81696e-05 6.20845e-05 6.29237e-05 4.73051e-05 6.41958e-05 6.38426e-05 -3.09301e-05 6.39345e-05 6.53379e-05 6.75499e-05 8.76229e-05 2.22968e-05 3.32991e-05 4.82489e-05 0.00010597 3.80055e-05 4.39106e-05 0.00012902 3.28376e-05 4.86144e-05 7.95662e-05 6.20458e-05 7.43849e-05 4.86305e-05 4.90165e-05 7.83006e-05 -1.5466e-05 -5.15937e-06 4.81233e-05
internal_weight=326592 200659 147507 142539 53152 130890 128946 125 128821 103049 77391 1944 1933 1523 51219 1132 4968 3999 263 3025 1159 378 812 649 11649 11608 974 364 335 51171
internal_count=326592 200659 147507 142539 53152 130890 128946 125 128821 103049 77391 1944 1933 1523 51219 1132 4968 3999 263 3025 1159 378 812 649 11649 11608 974 364 335 51171
is_linear=0
shrinkage=0.05


Tree=113
num_leaves=31
num_cat=3
split_feature=33 12 26 12 26 13 14 15 15 15 15 15 27 14 0 26 0 6 15 15 25 26 26 25 4 4 14 25 26 12
split_gain=0.635659 0.003081 0.00108396 0.000940279 0.000457758 0.000559765 0.00297466 0.000351937 0.000512076 0.000273138 0.00043196 0.000285196 0.000200559 0.000572635 0.000413546 0.000267803 0.00131152 0.000194894 0.000194357 0.00030836 0.000401472 0.000883854 0.0010181 0.000216389 0.00019676 0.000185501 0.000182857 0.000177361 0.000221059 0.000175913
threshold=1.0000000180025095e-35 0.48890000000000006 7.5000000000000009 0.90555000000000019 14.000000000000002 1.5000000000000002 5.5000000000000009 1.5000000000000002 4.5000000000000009 4.5000000000000009 1.5000000000000002 2.5000000000000004 7.5000000000000009 2.5000000000000004 0 5.5000000000000009 1 2 4.5000000000000009 1.5000000000000002 2.5000000000000004 7.5000000000000009 5.5000000000000009 3.5000000000000004 41.000000000000007 37.000000000000007 1.5000000000000002 3.5000000000000004 5.5000000000000009 0.90555000000000019
decision_type=2 2 2 2 2 2 2 2 2 2 2 2 2 2 1 2 1 1 2 2 2 2 2 2 2 2 2 2 2 2
left_child=1 4 3 7 5 6 -1 -3 12 10 -4 29 -9 14 -14 -15 -17 -8 19 -7 -21 22 -22 -20 -25 26 -6 28 -5 -12
right_child=-2 2 9 27 25 18 17 8 -10 -11 11 -13 13 15 -16 16 -18 -19 23 20 21 -23 -24 24 -26 -27 -28 -29 -30 -31
leaf_value=-0.00055816750785500819 -8.8051892817020416e-05 5.5832744747795237e-05 1.457978836275714e-05 4.6271919880235235e-05 3.3608315777655666e-05 3.9888158998765002e-05 0.00020448455417698078 6.3977300698589144e-05 5.6239418486761142e-05 1.4388184437713656e-05 6.6292124139599054e-05 4.1327746448545369e-05 0.0003942496750665748 8.0197718429779241e-05 0.00013807011104654521 0.00012399107560186702 -0.00033081302206720348 2.884939230430713e-05 4.0440206831504071e-05 4.9354109240347144e-05 0.00012716286782441395 6.3814949813434225e-05 0.00057435927912592884 5.8910015400554714e-06 -0.00016360439356345605 1.9157923061279559e-05 -0.00012006382474245752 -5.7611501457669389e-05 0.0002086425446794324 0.00013455829339190607
leaf_weight=24 125933 26110 1042 11587 32 10286 22 76869 25983 1080 932 2170 23 1420 50 51 23 56 10385 30893 35 203 20 67 23 1057 49 41 21 105
leaf_count=24 125933 26110 1042 11587 32 10286 22 76869 25983 1080 932 2170 23 1420 50 51 23 56 10385 30893 35 203 20 67 23 1057 49 41 21 105
internal_value=1.83594e-12 5.52611e-05 5.89802e-05 5.981e-05 4.49398e-05 4.56262e-05 -7.13901e-05 6.10248e-05 6.2323e-05 3.6841e-05 4.25479e-05 5.16352e-05 6.43383e-05 8.20465e-05 0.000218784 7.53652e-05 -1.7367e-05 7.83875e-05 4.58561e-05 4.73943e-05 4.98728e-05 0.000111986 0.00028978 3.97712e-05 -3.74245e-05 1.35697e-05 -5.93538e-05 4.6199e-05 4.65657e-05 7.32043e-05
internal_weight=326592 200659 147507 142178 53152 52014 102 130529 104419 5329 4249 3207 78436 1567 73 1494 74 78 51912 41437 31151 258 55 10475 90 1138 81 11649 11608 1037
internal_count=326592 200659 147507 142178 53152 52014 102 130529 104419 5329 4249 3207 78436 1567 73 1494 74 78 51912 41437 31151 258 55 10475 90 1138 81 11649 11608 1037
cat_boundaries=0 1 2 3
cat_threshold=1 1 2
is_linear=0
shrinkage=0.05


Tree=114
num_leaves=31
num_cat=2
split_feature=33 12 24 11 25 24 11 11 4 15 15 25 24 17 17 24 4 24 24 7 26 26 15 6 25 25 15 15 25 6
split_gain=0.573682 0.00278061 0.000985806 0.000890066 0.000436391 0.000429248 0.000386263 0.0003357 0.000407467 0.000341317 0.000515097 0.000307746 0.000590762 0.000436127 0.000291085 0.000260188 0.000680944 0.000254455 0.00021013 0.000607326 0.00194804 0.000206777 0.000205026 0.00019373 0.000191223 0.000187763 0.000186496 0.000267914 0.000182884 0.000625524
threshold=1.0000000180025095e-35 0.48890000000000006 3.5000000000000004 8.5000000000000018 3.5000000000000004 3.5000000000000004 41.000000000000007 44.500000000000007 59.500000000000007 1.5000000000000002 4.5000000000000009 4.5000000000000009 4.5000000000000009 1.0000000180025095e-35 1.0000000180025095e-35 4.5000000000000009 41.000000000000007 1.5000000000000002 1.5000000000000002 11.000000000000002 7.5000000000000009 7.5000000000000009 4.5000000000000009 0 4.5000000000000009 4.5000000000000009 1.5000000000000002 4.5000000000000009 3.5000000000000004 1
decision_type=2 2 2 2 2 2 2 2 2 2 2 2 2 2 2 2 2 2 2 2 2 2 2 1 2 2 2 2 2 1
left_child=1 5 3 17 -4 -1 15 9 14 24 18 -7 13 -13 -9 16 -6 26 -11 -20 -21 -14 23 -18 -5 -22 -3 -28 -12 -30
right_child=-2 2 4 7 6 11 -8 8 -10 10 28 12 21 -15 -16 -17 22 -19 19 20 25 -23 -24 -25 -26 -27 27 -29 29 -31
leaf_value=4.3379804773020704e-05 -8.3649298176169395e-05 3.0747881320020112e-05 -0.00020191552379401402 5.2649947883213472e-05 -0.00028752874244343155 -0.00015361395155735039 0.00015919434974143694 0.00011819878716270852 5.154561436608096e-05 6.0746175089896924e-05 5.2973753315916634e-05 -0.00028189587257137258 0.00012504647513233809 1.1949252549801832e-05 6.6820714184913141e-05 3.3393398592359907e-05 -2.7502739551262212e-05 0.00020292623783461753 -0.00011375796446093145 0.00053590304936127116 0.00014665168710052969 2.0044507878505632e-05 -9.2679216813849058e-05 9.0432825604996956e-05 -3.526518758979863e-05 3.076537211190268e-05 5.1262506923257255e-05 3.18285967420652e-05 0.00014966395001465572 -0.00013456057582813202
leaf_weight=51938 125933 2385 20 25891 22 27 59 688 825 77798 25802 28 49 23 460 3560 65 25 26 27 56 1087 40 75 62 93 7081 2366 32 49
leaf_count=51938 125933 2385 20 25891 22 27 59 688 825 77798 25802 28 49 23 460 3560 65 25 26 27 56 1087 40 75 62 93 7081 2366 32 49
internal_value=1.37663e-12 5.24981e-05 5.60312e-05 5.66996e-05 3.10327e-05 4.26928e-05 3.2252e-05 5.78799e-05 7.83494e-05 5.75689e-05 5.88503e-05 1.3303e-05 1.70998e-05 -0.000149377 9.76118e-05 3.02612e-05 -2.49407e-05 4.35779e-05 6.08784e-05 0.000111809 0.000145131 2.45736e-05 7.15342e-06 3.5677e-05 5.24399e-05 7.432e-05 4.32412e-05 4.63953e-05 5.27383e-05 -2.22743e-05
internal_weight=326592 200659 147507 143666 3841 53152 3821 131809 1973 129836 103883 1214 1187 51 1148 3762 202 11857 78000 202 176 1136 180 140 25953 149 11832 9447 25883 81
internal_count=326592 200659 147507 143666 3841 53152 3821 131809 1973 129836 103883 1214 1187 51 1148 3762 202 11857 78000 202 176 1136 180 140 25953 149 11832 9447 25883 81
cat_boundaries=0 1 2
cat_threshold=4 1
is_linear=0
shrinkage=0.05


Tree=115
num_leaves=31
num_cat=0
split_feature=11 22 23 12 21 24 21 11 25 24 11 11 3 15 15 25 24 17 17 24 4 24 15 24 7 24 25 25 15 15
split_gain=0.288297 0.200447 0.0265585 0.00256274 0.00157532 0.00088969 0.000816081 0.000803285 0.000393843 0.000387396 0.000348602 0.000302969 0.000367739 0.000308038 0.000464875 0.000277741 0.000533162 0.000393604 0.000262704 0.00023482 0.000614552 0.000229646 0.00020599 0.000189643 0.000548112 0.000363509 0.000726185 0.00020544 0.000185036 0.000175414
threshold=-1.0000000180025095e-35 1.0000000180025095e-35 1.0000000180025095e-35 0.48890000000000006 1.0000000180025095e-35 3.5000000000000004 1.0000000180025095e-35 8.5000000000000018 3.5000000000000004 3.5000000000000004 41.000000000000007 44.500000000000007 1.5000000000000002 1.5000000000000002 4.5000000000000009 4.5000000000000009 4.5000000000000009 1.0000000180025095e-35 1.0000000180025095e-35 4.5000000000000009 41.000000000000007 1.5000000000000002 4.5000000000000009 1.5000000000000002 11.000000000000002 2.5000000000000004 4.5000000000000009 4.5000000000000009 4.5000000000000009 1.5000000000000002
decision_type=2 2 2 2 2 2 2 2 2 2 2 2 2 2 2 2 2 2 2 2 2 2 2 2 2 2 2 2 2 2
left_child=-1 2 3 6 5 7 9 21 -7 -2 19 13 18 -9 23 -11 17 -17 -13 20 -10 -5 -18 -15 -25 26 -26 -27 -22 -14
right_child=1 -3 -4 4 -6 8 -8 11 10 15 -12 12 29 14 -16 16 22 -19 -20 -21 28 -23 -24 24 25 27 -28 -29 -30 -31
leaf_value=-7.9466833267360928e-05 4.1210814065944002e-05 -7.9466833267360928e-05 -7.9466833267360928e-05 4.1079147969062998e-05 -7.9466833267360928e-05 -0.0001918197434861213 -7.9466833267360928e-05 4.9817931062913983e-05 -0.00027315229579637001 -0.00014593326400413558 0.00015123463590960889 0.00011228884693484235 3.0311672863794538e-06 5.7708866910419519e-05 5.0101353896699489e-05 -0.00026780108455568555 3.4393386279045657e-05 1.1351790643580581e-05 6.3479675989820754e-05 3.1723728086464607e-05 3.3893175246443471e-05 0.0001927799270488322 -1.7685503454869144e-05 -0.00010807006071375397 5.7942472530753711e-05 0.00019400230594328606 0.00040603065863251689 4.5125565191570092e-05 -8.8045256234181579e-05 6.0539757212496235e-05
leaf_weight=84576 51938 36927 4064 11832 224 20 142 25953 22 27 59 688 166 77798 25883 28 895 23 460 3560 140 25 241 26 29 32 31 84 40 659
leaf_count=84576 51938 36927 4064 11832 224 20 142 25953 22 27 59 688 166 77798 25883 28 895 23 460 3560 140 25 241 26 29 32 31 84 40 659
internal_value=1.63643e-12 2.77708e-05 4.70794e-05 4.96377e-05 5.30285e-05 5.32297e-05 4.02384e-05 5.38646e-05 2.94811e-05 4.05582e-05 3.06394e-05 5.49859e-05 7.4432e-05 5.46904e-05 5.59077e-05 1.26378e-05 1.62448e-05 -0.000141909 9.27312e-05 2.87481e-05 -2.36936e-05 4.1399e-05 2.3345e-05 5.78345e-05 0.000106218 0.000137874 0.000237788 8.6195e-05 6.79575e-06 4.89683e-05
internal_weight=326592 242016 205089 201025 147731 147507 53294 143666 3841 53152 3821 131809 1973 129836 103883 1214 1187 51 1148 3762 202 11857 1136 78000 202 176 60 116 180 825
internal_count=326592 242016 205089 201025 147731 147507 53294 143666 3841 53152 3821 131809 1973 129836 103883 1214 1187 51 1148 3762 202 11857 1136 78000 202 176 60 116 180 825
is_linear=0
shrinkage=0.05


Tree=116
num_leaves=31
num_cat=0
split_feature=33 12 26 11 26 13 14 26 24 11 13 14 25 24 4 15 15 15 15 15 17 4 11 24 27 11 15 15 11 25
split_gain=0.467267 0.00226482 0.000847938 0.000686115 0.000367603 0.000563011 0.00294124 0.00064349 0.000746862 0.000321038 0.000306069 0.00285379 0.000300366 0.00098519 0.000263885 0.000252288 0.000369689 0.000239802 0.000375779 0.000261908 0.000229865 0.000210084 0.000158788 0.000158609 0.000237563 0.000213479 0.000158601 0.000246317 0.00015776 0.000157572
threshold=1.0000000180025095e-35 0.48890000000000006 7.5000000000000009 8.5000000000000018 7.5000000000000009 1.5000000000000002 6.5000000000000009 5.5000000000000009 1.5000000000000002 44.500000000000007 1.5000000000000002 5.5000000000000009 4.5000000000000009 3.5000000000000004 59.500000000000007 1.5000000000000002 4.5000000000000009 4.5000000000000009 1.5000000000000002 2.5000000000000004 1.0000000180025095e-35 42.500000000000007 8.5000000000000018 3.5000000000000004 12.500000000000002 41.000000000000007 1.5000000000000002 2.5000000000000004 8.5000000000000018 3.5000000000000004
decision_type=2 2 2 2 2 2 2 2 2 2 2 2 2 2 2 2 2 2 2 2 2 2 2 2 2 2 2 2 2 2
left_child=1 4 3 29 5 6 -1 -7 -9 10 11 -5 15 21 20 -12 -17 18 28 22 -11 -14 -20 24 -21 -25 -16 -28 -4 -3
right_child=-2 2 17 9 -6 7 -8 8 -10 14 12 -13 13 -15 26 16 -18 -19 19 23 -22 -23 -24 25 -26 -27 27 -29 -30 -31
leaf_value=-0.00060110900639778102 -7.549349684268237e-05 4.0020871380695288e-05 -4.5813401759785071e-05 -0.00038765432316148165 1.57443384036369e-05 3.920694474266545e-05 8.9488678174253945e-05 7.8937693324405706e-05 0.00034730098808982544 0.00010651622878988337 4.759066335029819e-05 0.00013172511187323164 0.00021771594183519485 4.0106440527301471e-05 6.671808401131261e-06 5.4859842637336098e-05 4.7918360639583827e-05 9.9489498336845801e-06 0.00012377111601554567 -1.2375244683505077e-05 6.0497625577428374e-05 0.0004253713624729287 5.8912714288953209e-05 2.2660785561662937e-05 6.5801616471618764e-05 0.00017305185198589852 0.00011459601817257477 4.3854442138724176e-05 1.6999841324137887e-05 -5.8172679812897271e-05
leaf_weight=21 125933 11608 112 38 1713 51225 58 100 35 679 25674 87 29 118 163 77084 25535 1080 105 115 452 21 932 1404 627 24 165 484 930 41
leaf_count=21 125933 11608 112 38 1713 51225 58 100 35 679 25674 87 29 118 163 77084 25535 1080 105 115 452 21 932 1404 627 24 165 484 930 41
internal_value=-5.56461e-13 4.73795e-05 5.05682e-05 5.13021e-05 3.85303e-05 3.92891e-05 -9.40879e-05 3.94943e-05 0.000148513 5.23397e-05 5.20349e-05 -2.61662e-05 5.2111e-05 0.000118923 7.2512e-05 5.20235e-05 5.31326e-05 3.0987e-05 3.63344e-05 4.48101e-05 8.81251e-05 0.000304931 6.54799e-05 3.49325e-05 5.36853e-05 2.51884e-05 5.07653e-05 6.18396e-05 1.02483e-05 3.96753e-05
internal_weight=326592 200659 147507 142178 53152 51439 79 51360 135 130529 128586 125 128461 168 1943 128293 102619 5329 4249 3207 1131 50 1037 2170 742 1428 812 649 1042 11649
internal_count=326592 200659 147507 142178 53152 51439 79 51360 135 130529 128586 125 128461 168 1943 128293 102619 5329 4249 3207 1131 50 1037 2170 742 1428 812 649 1042 11649
is_linear=0
shrinkage=0.05


Tree=117
num_leaves=31
num_cat=1
split_feature=33 12 26 11 26 13 14 11 13 14 25 13 15 3 15 15 15 15 15 4 17 6 15 15 25 26 14 27 15 15
split_gain=0.421709 0.002044 0.000765264 0.000619219 0.000334211 0.000438258 0.00231344 0.000289737 0.000276227 0.00257555 0.00027108 0.000360228 0.00032468 0.000238156 0.00022769 0.000333644 0.000216422 0.000339141 0.000236372 0.000213431 0.000207453 0.000175974 0.000173857 0.000278904 0.000385513 0.000786712 0.000852263 0.000170935 0.000157548 0.000239041
threshold=1.0000000180025095e-35 0.48890000000000006 7.5000000000000009 8.5000000000000018 14.000000000000002 1.5000000000000002 5.5000000000000009 44.500000000000007 1.5000000000000002 5.5000000000000009 4.5000000000000009 2.5000000000000004 3.5000000000000004 1.5000000000000002 1.5000000000000002 4.5000000000000009 4.5000000000000009 1.5000000000000002 2.5000000000000004 42.500000000000007 1.0000000180025095e-35 0 4.5000000000000009 1.5000000000000002 2.5000000000000004 7.5000000000000009 6.5000000000000009 34.000000000000007 1.5000000000000002 4.5000000000000009
decision_type=2 2 2 2 2 2 2 2 2 2 2 2 2 2 2 2 2 2 2 2 2 1 2 2 2 2 2 2 2 2
left_child=1 4 3 28 5 6 -1 8 9 -5 14 19 -13 20 -10 -16 17 -4 -19 -12 -9 -8 23 -7 -25 26 -26 -24 -3 -30
right_child=-2 2 16 7 -6 22 21 13 10 -11 11 12 -14 -15 15 -17 -18 18 -20 -21 -22 -23 27 24 25 -27 -28 -29 29 -31
leaf_value=-0.00049562954445718792 -7.1718817343935379e-05 2.6115367735313862e-05 9.7359057568285612e-06 -0.00036827160848157577 9.7991497543552996e-06 3.1709865612859912e-05 0.00018555635840378026 0.00010119041802419216 4.5211128720657015e-05 0.00012513885442461904 0.00010946056961342145 8.7373007210606547e-05 0.0003483607984470347 4.8227004562957818e-05 5.2116850046461186e-05 4.5522443043250275e-05 9.4515023997869486e-06 6.2205870251171071e-05 3.3185841934507743e-05 -3.724487955748503e-05 5.7472742241972123e-05 1.8663883622593858e-05 3.1980929990819429e-05 4.069736075440971e-05 0.00047024533204320412 5.6624923165476997e-05 7.6534673072663803e-05 -8.7540852885770924e-05 4.5245883030452508e-05 2.674732547500191e-05
leaf_weight=24 125933 2347 1042 38 1138 10286 22 679 25674 87 85 22 26 812 77084 25535 1080 1037 2170 35 452 56 10445 30893 27 203 28 30 6972 2330
leaf_count=24 125933 2347 1042 38 1138 10286 22 679 25674 87 85 22 26 812 77084 25535 1080 1037 2170 35 452 56 10445 30893 27 203 28 30 6972 2330
internal_value=1.01482e-12 4.50105e-05 4.80398e-05 4.8737e-05 3.66038e-05 3.71902e-05 -6.63499e-05 4.97227e-05 4.94332e-05 -2.48579e-05 4.95055e-05 0.000112977 0.000228741 6.88864e-05 4.94223e-05 5.04759e-05 2.94376e-05 3.45177e-05 4.25696e-05 6.66715e-05 8.37188e-05 6.57361e-05 3.73937e-05 3.88485e-05 4.12057e-05 0.000102072 0.000269811 3.16386e-05 3.76915e-05 4.06123e-05
internal_weight=326592 200659 147507 142178 53152 52014 102 130529 128586 125 128461 168 48 1943 128293 102619 5329 4249 3207 120 1131 78 51912 41437 31151 258 55 10475 11649 9302
internal_count=326592 200659 147507 142178 53152 52014 102 130529 128586 125 128461 168 48 1943 128293 102619 5329 4249 3207 120 1131 78 51912 41437 31151 258 55 10475 11649 9302
cat_boundaries=0 1
cat_threshold=2
is_linear=0
shrinkage=0.05


Tree=118
num_leaves=31
num_cat=0
split_feature=33 12 26 11 26 13 14 26 24 11 13 14 15 15 24 24 3 15 15 11 24 15 15 11 25 15 15 15 15 26
split_gain=0.380592 0.00184471 0.000691149 0.000556229 0.000304435 0.000465431 0.00242591 0.00054714 0.000613397 0.000262137 0.000249098 0.00232443 0.000220243 0.000330618 0.000329965 0.00119331 0.000214641 0.000185353 0.000411424 0.000204517 0.000183895 0.000168519 0.000232437 0.000163109 0.00015511 0.000143138 0.000222301 0.000142187 0.000215735 0.000189781
threshold=1.0000000180025095e-35 0.48890000000000006 8.5000000000000018 8.5000000000000018 7.5000000000000009 1.5000000000000002 6.5000000000000009 5.5000000000000009 1.5000000000000002 44.500000000000007 1.5000000000000002 5.5000000000000009 1.5000000000000002 4.5000000000000009 1.5000000000000002 2.5000000000000004 1.5000000000000002 1.5000000000000002 2.5000000000000004 6.5000000000000009 3.5000000000000004 1.5000000000000002 4.5000000000000009 41.000000000000007 4.5000000000000009 1.5000000000000002 2.5000000000000004 1.5000000000000002 4.5000000000000009 3.0000000000000004
decision_type=2 2 2 2 2 2 2 2 2 2 2 2 2 2 2 2 2 2 2 2 2 2 2 2 2 2 2 2 2 2
left_child=1 4 3 27 5 6 -1 -7 -9 10 11 -5 -12 14 -14 -16 21 -4 -19 -20 -21 -11 -23 -22 -17 -18 -27 -3 29 -29
right_child=-2 2 17 9 -6 7 -8 8 -10 16 12 -13 13 -15 15 24 25 18 19 20 23 22 -24 -25 -26 26 -28 28 -30 -31
leaf_value=-0.00054627207684374999 -6.8132876185700305e-05 2.4809598314909572e-05 7.6854122927995917e-06 -0.0003498580179630632 1.4037594646030802e-05 3.5385731618158045e-05 8.0915848154510417e-05 7.3123858863255009e-05 0.00031632961056727384 0.00011802315945318584 4.2868203810327959e-05 0.0001188819099287235 4.9486300029007017e-05 4.3117511752481199e-05 0.00037813343390423275 0.00014724271826534755 3.926867941084484e-06 6.0322451822003601e-05 -1.7509238681774704e-05 4.6771485214883738e-05 1.6660504369629266e-05 5.5265806920086861e-05 0.00011389328037492104 0.00012879372242781702 3.920748223786377e-05 0.00010645486188657357 3.9250368246398434e-05 4.2414701569870108e-05 2.5409960880967519e-05 0.00016260499621487478
leaf_weight=21 125933 2347 969 38 1713 51225 58 100 35 227 25772 87 77155 25658 35 42 163 974 283 831 1878 680 225 33 159 165 484 6939 2330 33
leaf_count=21 125933 2347 969 38 1713 51225 58 100 35 227 25772 87 77155 25658 35 42 163 974 283 831 1878 680 225 33 159 165 484 6939 2330 33
internal_value=9.60441e-13 4.276e-05 4.56378e-05 4.62767e-05 3.47736e-05 3.54641e-05 -8.5805e-05 3.56507e-05 0.000136177 4.72085e-05 4.69338e-05 -2.3615e-05 4.70022e-05 4.80362e-05 4.96669e-05 0.000108699 6.54323e-05 2.73051e-05 3.20592e-05 2.29589e-05 2.71356e-05 7.95035e-05 6.98417e-05 1.85969e-05 6.1782e-05 4.58157e-05 5.63363e-05 3.58069e-05 3.85817e-05 4.29836e-05
internal_weight=326592 200659 147507 142539 53152 51439 79 51360 135 130890 128946 125 128821 103049 77391 236 1944 4968 3999 3025 2742 1132 905 1911 201 812 649 11649 9302 6972
internal_count=326592 200659 147507 142539 53152 51439 79 51360 135 130890 128946 125 128821 103049 77391 236 1944 4968 3999 3025 2742 1132 905 1911 201 812 649 11649 9302 6972
is_linear=0
shrinkage=0.05


Tree=119
num_leaves=31
num_cat=1
split_feature=33 12 26 11 26 13 14 11 13 14 25 24 3 15 15 15 15 15 17 4 15 15 25 26 14 24 6 25 25 26
split_gain=0.343484 0.00166485 0.000626452 0.000504518 0.000277564 0.000356905 0.00188182 0.000235996 0.000225 0.0020978 0.000229448 0.00079303 0.000194018 0.000190647 0.000280936 0.000187454 0.00018508 0.000270889 0.000169493 0.000167025 0.000157001 0.000251681 0.000344952 0.000667369 0.000726966 0.000208833 0.000156433 0.000150484 0.000150069 0.000188791
threshold=1.0000000180025095e-35 0.48890000000000006 7.5000000000000009 8.5000000000000018 14.000000000000002 1.5000000000000002 5.5000000000000009 44.500000000000007 1.5000000000000002 5.5000000000000009 4.5000000000000009 3.5000000000000004 1.5000000000000002 4.5000000000000009 1.5000000000000002 2.5000000000000004 1.5000000000000002 4.5000000000000009 1.0000000180025095e-35 42.500000000000007 4.5000000000000009 1.5000000000000002 2.5000000000000004 7.5000000000000009 6.5000000000000009 3.5000000000000004 0 4.5000000000000009 3.5000000000000004 5.5000000000000009
decision_type=2 2 2 2 2 2 2 2 2 2 2 2 2 2 2 2 2 2 2 2 2 2 2 2 2 2 1 2 2 2
left_child=1 4 3 28 5 6 -1 8 9 -5 16 19 18 14 -4 -16 -10 -18 -9 -12 21 -7 -23 24 -24 -22 -8 -25 29 -3
right_child=-2 2 13 7 -6 20 26 12 10 -11 11 -13 -14 -15 15 -17 17 -19 -20 -21 25 22 23 27 -26 -27 -28 -29 -30 -31
leaf_value=-0.00044703638777718883 -6.4726232085376975e-05 3.4082397858216102e-05 8.737992615589097e-06 -0.00033236512290865281 8.607312536629422e-06 2.835414941320789e-05 0.00017223275023173882 9.1351826715698706e-05 4.0807162920520774e-05 0.00011293781483371947 0.00019219421002821164 3.2361274679715284e-05 4.3524870596435545e-05 7.7669453382137963e-06 5.6108384898094407e-05 3.026511031402893e-05 4.7032400483318904e-05 4.1090444840984294e-05 5.1835813406088383e-05 0.00037734996738089693 2.8841842711989489e-05 3.6893807592057329e-05 0.00043455845529765443 0.00014906961844056188 7.0938653204523556e-05 -6.1059136776468501e-05 1.4879152758697143e-05 3.3782648071426265e-05 -6.1473434098155763e-05 0.00018413505999238366
leaf_weight=24 125933 11587 1042 38 1138 10286 22 679 25674 87 29 118 812 1080 1037 2170 77084 25535 452 21 10410 30893 27 34 28 65 56 169 41 21
leaf_count=24 125933 11587 1042 38 1138 10286 22 679 25674 87 29 118 812 1080 1037 2170 77084 25535 452 21 10410 30893 27 34 28 65 56 169 41 21
internal_value=1.34964e-12 4.0622e-05 4.33559e-05 4.39867e-05 3.30349e-05 3.35694e-05 -5.98678e-05 4.48765e-05 4.46152e-05 -2.24343e-05 4.46804e-05 0.000103075 6.21718e-05 2.65252e-05 3.12932e-05 3.86217e-05 4.46039e-05 4.55538e-05 7.55594e-05 0.00026996 3.37529e-05 3.51355e-05 3.73746e-05 9.49496e-05 0.000249443 2.8284e-05 5.92609e-05 5.30918e-05 3.40166e-05 3.43539e-05
internal_weight=326592 200659 147507 142178 53152 52014 102 130529 128586 125 128461 168 1943 5329 4249 3207 128293 102619 1131 50 51912 41437 31151 258 55 10475 78 203 11649 11608
internal_count=326592 200659 147507 142178 53152 52014 102 130529 128586 125 128461 168 1943 5329 4249 3207 128293 102619 1131 50 51912 41437 31151 258 55 10475 78 203 11649 11608
cat_boundaries=0 1
cat_threshold=2
is_linear=0
shrinkage=0.05


Tree=120
num_leaves=31
num_cat=1
split_feature=33 12 26 11 26 13 14 11 13 14 25 13 15 3 15 15 15 15 15 17 11 11 11 15 15 25 26 26 25 6
split_gain=0.309995 0.00150253 0.000565373 0.000455327 0.000250501 0.000322107 0.00169834 0.000212986 0.000203063 0.00189326 0.000207077 0.000272591 0.000268784 0.000175101 0.000172059 0.000253545 0.000169177 0.000167034 0.000244477 0.000152967 0.000145493 0.000143157 0.000141701 0.000141694 0.000227142 0.000311319 0.0006023 0.000666674 0.000148547 0.000141181
threshold=1.0000000180025095e-35 0.48890000000000006 7.5000000000000009 8.5000000000000018 14.000000000000002 1.5000000000000002 5.5000000000000009 44.500000000000007 1.5000000000000002 5.5000000000000009 4.5000000000000009 2.5000000000000004 3.5000000000000004 1.5000000000000002 4.5000000000000009 1.5000000000000002 2.5000000000000004 1.5000000000000002 4.5000000000000009 1.0000000180025095e-35 8.5000000000000018 8.5000000000000018 8.5000000000000018 4.5000000000000009 1.5000000000000002 2.5000000000000004 7.5000000000000009 5.5000000000000009 3.5000000000000004 0
decision_type=2 2 2 2 2 2 2 2 2 2 2 2 2 2 2 2 2 2 2 2 2 2 2 2 2 2 2 2 2 1
left_child=1 4 3 -3 5 6 -1 8 9 -5 17 -12 -13 19 15 22 21 -10 -19 -9 -16 -17 -4 24 -7 -26 27 -27 -25 -8
right_child=-2 2 14 7 -6 23 29 13 10 -11 11 12 -14 -15 20 16 -18 18 -20 -21 -22 -23 -24 28 25 26 -28 -29 -30 -31
leaf_value=-0.00042468457710735197 -6.1489921063184741e-05 3.2315753741187125e-05 -4.4830696346512668e-05 -0.0003157468738208991 8.1769466324739947e-06 2.6936443496267025e-05 0.00016362111306410622 8.6784235696241117e-05 3.8766804332326005e-05 0.00010729092429191325 5.7640247421962459e-05 6.9998666466827597e-05 0.00030746078006744099 4.1348626237450295e-05 -4.6573436910486119e-05 0.00010865072326158129 2.8751854860262192e-05 4.4680779085056118e-05 3.9035921472558259e-05 4.9244024171658786e-05 1.3620982173701922e-05 4.7067433275093648e-05 1.4699760190573003e-05 2.7424083787876824e-05 3.5049117307603866e-05 0.00010537969987905983 5.0437206878512359e-05 0.00046725515043362972 -3.7090066697500237e-05 1.4135193409206944e-05
leaf_weight=24 125933 11649 112 38 1138 10286 22 679 25674 87 120 22 26 812 112 105 2170 77084 25535 452 968 932 930 10385 30893 35 203 20 90 56
leaf_count=24 125933 11649 112 38 1138 10286 22 679 25674 87 120 22 26 812 112 105 2170 77084 25535 452 968 932 930 10385 30893 35 203 20 90 56
internal_value=6.80879e-13 3.85909e-05 4.11881e-05 4.17874e-05 3.13832e-05 3.18909e-05 -5.68745e-05 4.26327e-05 4.23844e-05 -2.13126e-05 4.24464e-05 9.79213e-05 0.000198624 5.90632e-05 2.5199e-05 2.97285e-05 3.66906e-05 4.23737e-05 4.32762e-05 7.17814e-05 7.3786e-06 5.3303e-05 8.30109e-06 3.20653e-05 3.33787e-05 3.55059e-05 9.02021e-05 0.000236971 2.68698e-05 5.62979e-05
internal_weight=326592 200659 147507 142178 53152 52014 102 130529 128586 125 128461 168 48 1943 5329 4249 3207 128293 102619 1131 1080 1037 1042 51912 41437 31151 258 55 10475 78
internal_count=326592 200659 147507 142178 53152 52014 102 130529 128586 125 128461 168 48 1943 5329 4249 3207 128293 102619 1131 1080 1037 1042 51912 41437 31151 258 55 10475 78
cat_boundaries=0 1
cat_threshold=2
is_linear=0
shrinkage=0.05


Tree=121
num_leaves=31
num_cat=0
split_feature=33 12 26 11 26 13 14 26 25 11 13 14 15 15 25 1 3 15 15 15 15 11 25 26 15 15 25 4 15 15
split_gain=0.27977 0.00135603 0.000511978 0.000409072 0.000228815 0.000353452 0.00183159 0.000436408 0.000452871 0.000192673 0.000183124 0.00170867 0.000162651 0.000245687 0.000258443 0.000166285 0.000157808 0.000139786 0.000190926 0.000137151 0.000306033 0.000175866 0.000135437 0.000170383 0.000131568 0.000266191 0.000187911 0.000138417 0.000129182 0.000200627
threshold=1.0000000180025095e-35 0.48890000000000006 8.5000000000000018 8.5000000000000018 7.5000000000000009 1.5000000000000002 6.5000000000000009 5.5000000000000009 3.5000000000000004 44.500000000000007 1.5000000000000002 5.5000000000000009 1.5000000000000002 4.5000000000000009 2.5000000000000004 30.000000000000004 1.5000000000000002 1.5000000000000002 4.5000000000000009 1.5000000000000002 2.5000000000000004 8.5000000000000018 3.5000000000000004 5.5000000000000009 1.5000000000000002 2.5000000000000004 4.5000000000000009 37.000000000000007 1.5000000000000002 2.5000000000000004
decision_type=2 2 2 2 2 2 2 2 2 2 2 2 2 2 2 2 2 2 2 2 2 2 2 2 2 2 2 2 2 2
left_child=1 4 3 22 5 6 -1 -7 -9 10 11 -5 -12 14 -14 -16 17 -11 -19 -4 -21 -22 23 -3 27 26 -26 -6 -18 -30
right_child=-2 2 19 9 24 7 -8 8 -10 16 12 -13 13 -15 15 -17 28 18 -20 20 21 -23 -24 -25 25 -27 -28 -29 29 -31
leaf_value=-0.00047537242478158859 -5.8415427338331939e-05 3.0762490387826735e-05 6.4732894693280001e-06 -0.00029995951523520301 -0.00013483810762409122 3.033861572946376e-05 6.9599968967316996e-05 6.6176670923596246e-05 0.00027514973788389139 0.00010324927487427017 3.6748210551189298e-05 0.00010192637725605432 4.2426382417272379e-05 3.694929890985342e-05 2.2686208952878728e-05 0.00011485513930139602 -5.1315031992842911e-07 4.6156699741807056e-05 9.929180714405245e-05 5.1815596559621375e-05 -1.5645553744706999e-05 2.3715811870132319e-05 -6.0015545431070217e-05 0.00017331251708258477 5.694631981896237e-07 6.3256856086064897e-06 8.2668633347012749e-05 -7.6671753476198651e-06 9.6888444245313168e-05 3.3044174480050407e-05
leaf_weight=21 125933 11587 969 38 23 51225 58 100 35 227 25772 87 77128 25658 65 198 163 680 225 974 317 2708 41 21 100 1053 230 307 165 484
leaf_count=21 125933 11587 969 38 23 51225 58 100 35 227 25772 87 77128 25658 65 198 163 680 225 974 317 2708 41 21 100 1053 230 307 165 484
internal_value=-2.08038e-13 3.66614e-05 3.91287e-05 3.96786e-05 2.9814e-05 3.04127e-05 -7.52661e-05 3.05752e-05 0.000120355 4.04777e-05 4.02422e-05 -2.02469e-05 4.03009e-05 4.11894e-05 4.25951e-05 9.20757e-05 5.61014e-05 6.81668e-05 5.93671e-05 2.33502e-05 2.74397e-05 1.9591e-05 3.07e-05 3.10204e-05 1.18369e-05 1.86057e-05 5.77901e-05 -1.65306e-05 3.92812e-05 4.92758e-05
internal_weight=326592 200659 147507 142539 53152 51439 79 51360 135 130890 128946 125 128821 103049 77391 263 1944 1132 905 4968 3999 3025 11649 11608 1713 1383 330 330 812 649
internal_count=326592 200659 147507 142539 53152 51439 79 51360 135 130890 128946 125 128821 103049 77391 263 1944 1132 905 4968 3999 3025 11649 11608 1713 1383 330 330 812 649
is_linear=0
shrinkage=0.05


Tree=122
num_leaves=31
num_cat=0
split_feature=33 12 24 11 25 11 24 24 25 24 17 16 19 18 19 16 24 19 18 25 24 7 26 25 19 18 24 19 18 25
split_gain=0.252493 0.00122382 0.000469171 0.000393576 0.000361424 0.000279845 0.000227402 0.000210908 0.000355437 0.000256234 0.000314359 0.000172319 0.000314926 0.000164845 0.000151252 0.000315787 0.000195052 0.000144252 0.00021846 0.000168438 0.000162803 0.000365002 0.00128319 0.000141027 0.000135268 0.000191177 0.00013514 0.000123248 0.000199634 0.000198177
threshold=1.0000000180025095e-35 0.48890000000000006 3.5000000000000004 8.5000000000000018 3.5000000000000004 41.000000000000007 1.5000000000000002 3.5000000000000004 4.5000000000000009 4.5000000000000009 1.0000000180025095e-35 1.0000000180025095e-35 1.0000000180025095e-35 1.0000000180025095e-35 1.0000000180025095e-35 1.0000000180025095e-35 4.5000000000000009 1.0000000180025095e-35 1.0000000180025095e-35 4.5000000000000009 1.5000000000000002 11.000000000000002 7.5000000000000009 4.5000000000000009 1.0000000180025095e-35 1.0000000180025095e-35 4.5000000000000009 1.0000000180025095e-35 1.0000000180025095e-35 4.5000000000000009
decision_type=2 2 2 2 2 2 2 2 2 2 2 2 2 2 2 2 2 2 2 2 2 2 2 2 2 2 2 2 2 2
left_child=1 7 3 6 -4 13 24 27 -9 10 -10 -11 -13 14 15 -6 -16 18 20 -19 -5 -22 -23 -24 25 -3 -15 28 -1 -29
right_child=-2 2 4 17 5 -7 -8 8 9 11 -12 12 -14 26 16 -17 -18 19 -20 -21 21 22 23 -25 -26 -27 -28 29 -30 -31
leaf_value=3.2023744731917189e-05 -5.5494654225185515e-05 3.5387197982944294e-05 -0.00019207066652597861 4.0440095210519569e-05 1.7781660655335398e-05 0.0001290858464741732 0.00017954738251864911 -0.00017166260060750779 -0.00021034486271673814 1.2699832711810996e-06 3.9129122856336288e-05 8.3514924891377719e-05 -1.1831171786772475e-06 -9.1194699471088832e-05 -0.00012218606937275235 5.7298639444014563e-05 1.0092966579727787e-05 3.5304569723261148e-05 3.5293672301871274e-05 -4.6549407985395872e-05 -9.0001635432529912e-05 0.00042811892452408317 0.00011711913440584404 1.7276987954062406e-05 1.7949511341343536e-05 1.8970701311094392e-05 3.2982756670857534e-06 2.4288745432947599e-05 2.4045480675319159e-05 -0.00010232187135355367
leaf_weight=31161 125933 7081 20 78990 1522 59 25 27 28 697 23 220 219 40 29 757 714 26283 26268 63 26 27 56 96 2385 2366 700 10269 10477 31
leaf_count=31161 125933 7081 20 78990 1522 59 25 27 28 697 23 220 219 40 29 757 714 26283 26268 63 26 27 56 96 2385 2366 700 10269 10477 31
internal_value=8.39014e-13 3.48283e-05 3.71723e-05 3.76333e-05 1.99264e-05 2.10361e-05 2.89078e-05 2.83233e-05 7.72223e-06 1.18026e-05 -9.7837e-05 1.67248e-05 4.12624e-05 1.93415e-05 2.45208e-05 3.09077e-05 4.92999e-06 3.84183e-05 3.9245e-05 3.51088e-05 4.05556e-05 8.50558e-05 0.000110483 5.40609e-05 2.85895e-05 3.12757e-05 -1.80945e-06 2.88048e-05 3.00162e-05 2.39077e-05
internal_weight=326592 200659 147507 143666 3841 3821 11857 53152 1214 1187 51 1136 439 3762 3022 2279 743 131809 105463 26346 79195 205 179 152 11832 9447 740 51938 41638 10300
internal_count=326592 200659 147507 143666 3841 3821 11857 53152 1214 1187 51 1136 439 3762 3022 2279 743 131809 105463 26346 79195 205 179 152 11832 9447 740 51938 41638 10300
is_linear=0
shrinkage=0.05


Tree=123
num_leaves=31
num_cat=2
split_feature=33 12 26 11 26 13 14 11 13 14 27 26 24 14 4 15 15 4 14 15 15 11 6 11 25 26 15 11 24 6
split_gain=0.227875 0.0011045 0.000430616 0.000332963 0.00019511 0.000253112 0.00135408 0.000173049 0.00015831 0.00152692 0.000168719 0.000155056 0.000253963 0.000347221 0.000143073 0.000141161 0.000191475 0.000135226 0.000144789 0.0001286 0.000174072 0.000128171 0.00012449 0.000123095 0.00012061 0.000153638 0.000119371 0.000129381 0.000130866 0.00011936
threshold=1.0000000180025095e-35 0.48890000000000006 7.5000000000000009 8.5000000000000018 14.000000000000002 1.5000000000000002 5.5000000000000009 44.500000000000007 1.5000000000000002 5.5000000000000009 7.5000000000000009 5.5000000000000009 3.5000000000000004 3.5000000000000004 59.500000000000007 4.5000000000000009 1.5000000000000002 37.000000000000007 1.5000000000000002 1.5000000000000002 4.5000000000000009 8.5000000000000018 0 6.5000000000000009 3.5000000000000004 5.5000000000000009 2.5000000000000004 8.5000000000000018 2.5000000000000004 1
decision_type=2 2 2 2 2 2 2 2 2 2 2 2 2 2 2 2 2 2 2 2 2 2 1 2 2 2 2 2 2 1
left_child=1 4 3 24 5 6 -1 8 9 -5 -10 -12 13 -13 19 16 21 18 -6 -9 -21 -4 -8 -17 25 -3 27 -18 -29 -11
right_child=-2 2 15 7 17 -7 22 14 10 29 11 12 -14 -15 -16 23 26 -19 -20 20 -22 -23 -24 -25 -26 -27 -28 28 -30 -31
leaf_value=-0.00037975482409819962 -5.271992413327098e-05 2.779458250892014e-05 -4.3690222914197616e-05 -0.00028432423505843249 2.6886016985372408e-05 2.7509835130949831e-05 0.00015050171800381083 9.660478681325913e-05 3.6144048802875422e-05 3.3553537100598943e-05 4.627651084704094e-05 0.00028971747597097421 3.9194377071301766e-05 6.7491419702911607e-05 3.5356952344829616e-05 -4.7625137143768373e-05 9.8084279092117436e-05 1.1197966516939838e-05 -0.00010985751235851667 4.1826861732475025e-05 9.256253588116831e-05 1.2926974104825654e-05 1.013012808601031e-05 1.061050950339654e-05 -5.7868849168100015e-05 0.00016315843732584093 2.4843905535557758e-05 8.2514015454903053e-06 5.0758587543758408e-05 0.00015087806235027055
leaf_weight=24 125933 11587 112 38 32 51912 22 226 126129 41 2177 32 84 39 812 100 105 1057 49 680 225 930 56 980 41 21 2170 246 686 46
leaf_count=24 125933 11587 112 38 32 51912 22 226 126129 41 2177 32 84 39 812 100 105 1057 49 680 225 930 56 980 41 21 2170 246 686 46
internal_value=-3.52862e-13 3.30869e-05 3.53136e-05 3.58367e-05 2.69071e-05 2.73552e-05 -5.13313e-05 3.65595e-05 3.63357e-05 -1.99059e-05 3.63904e-05 4.97167e-05 9.80352e-05 0.00016765 5.13697e-05 2.13595e-05 2.54623e-05 6.4267e-06 -5.58354e-05 6.28661e-05 5.44407e-05 6.84144e-06 4.97221e-05 5.21832e-06 2.77371e-05 2.80395e-05 3.15124e-05 4.54668e-05 3.95389e-05 9.55872e-05
internal_weight=326592 200659 147507 142178 53152 52014 102 130529 128586 125 128461 2332 155 71 1943 5329 4249 1138 81 1131 905 1042 78 1080 11649 11608 3207 1037 932 87
internal_count=326592 200659 147507 142178 53152 52014 102 130529 128586 125 128461 2332 155 71 1943 5329 4249 1138 81 1131 905 1042 78 1080 11649 11608 3207 1037 932 87
cat_boundaries=0 1 2
cat_threshold=2 4
is_linear=0
shrinkage=0.05


Tree=124
num_leaves=31
num_cat=0
split_feature=33 12 24 25 11 11 24 26 13 26 26 24 15 15 15 25 24 7 26 25 24 15 15 24 15 15 15 15 25 4
split_gain=0.205657 0.000996808 0.000392497 0.00032742 0.000321662 0.000252036 0.000209432 0.000176355 0.00028457 0.00148569 0.000402386 0.000423657 0.000138276 0.000131386 0.000198158 0.000155865 0.000146444 0.00031097 0.00111276 0.000127647 0.000123575 0.000122316 0.000265009 0.000168266 0.000120906 0.00017026 0.000109094 0.000216908 0.000157294 0.000113927
threshold=1.0000000180025095e-35 0.48890000000000006 3.5000000000000004 3.5000000000000004 8.5000000000000018 41.000000000000007 1.5000000000000002 7.5000000000000009 1.5000000000000002 5.5000000000000009 5.5000000000000009 1.5000000000000002 4.5000000000000009 1.5000000000000002 4.5000000000000009 4.5000000000000009 1.5000000000000002 11.000000000000002 7.5000000000000009 4.5000000000000009 4.5000000000000009 1.5000000000000002 2.5000000000000004 4.5000000000000009 1.5000000000000002 4.5000000000000009 1.5000000000000002 2.5000000000000004 4.5000000000000009 37.000000000000007
decision_type=2 2 2 2 2 2 2 2 2 2 2 2 2 2 2 2 2 2 2 2 2 2 2 2 2 2 2 2 2 2
left_child=1 7 4 -4 6 12 24 8 9 -1 -10 -12 21 15 16 -6 -15 -18 -19 -20 -14 23 -23 -5 -3 -26 29 28 -28 -9
right_child=-2 2 3 5 13 -7 -8 26 10 -11 11 -13 20 14 -16 -17 17 18 19 -21 -22 22 -24 -25 25 -27 27 -29 -30 -31
leaf_value=6.17353635005139e-05 -5.0083926180377605e-05 1.5716735894481341e-05 -0.0001840040512615815 -0.00011371756373936762 3.1709180076354358e-05 0.00012137095164704941 0.00017064664606004953 -0.00012338431457148703 2.6006017566095857e-05 -0.00042908714840450557 6.0040678596124051e-05 0.00026216100793265341 -8.762418855440046e-05 3.6606961722741545e-05 3.1705049792885434e-05 -4.7030637616112404e-05 -8.2659996097880566e-05 0.00039818153654104451 0.00010984236921233656 1.4854582040394841e-05 2.7348099603321836e-06 5.1885513077296878e-05 1.5684783699753304e-05 9.1436312205212956e-06 3.2195672743521446e-05 1.6703288943258991e-05 -1.0373534751124681e-06 4.8579902137024375e-06 7.4076332966797052e-05 -8.0107209125599318e-06
leaf_weight=58 125933 2385 20 29 26283 59 25 23 51225 21 100 35 40 78990 26268 63 26 27 56 96 700 757 1522 714 7081 2366 100 1053 230 307
leaf_count=58 125933 2385 20 29 26283 59 25 23 51225 21 100 35 40 78990 26268 63 26 27 56 96 700 757 1522 714 7081 2366 100 1053 230 307
internal_value=1.67383e-13 3.14325e-05 3.3548e-05 1.77742e-05 3.39697e-05 1.88303e-05 2.60815e-05 2.55618e-05 2.60874e-05 -6.87364e-05 2.62332e-05 0.000112442 1.72221e-05 3.46793e-05 3.54683e-05 3.15209e-05 3.67165e-05 7.89217e-05 0.000102392 4.98501e-05 -2.14946e-06 2.19657e-05 2.77093e-05 4.34824e-06 2.5776e-05 2.83156e-05 9.77942e-06 1.59431e-05 5.13146e-05 -1.60519e-05
internal_weight=326592 200659 147507 3841 143666 3821 11857 53152 51439 79 51360 135 3762 131809 105463 26346 79195 205 179 152 740 3022 2279 743 11832 9447 1713 1383 330 330
internal_count=326592 200659 147507 3841 143666 3821 11857 53152 51439 79 51360 135 3762 131809 105463 26346 79195 205 179 152 740 3022 2279 743 11832 9447 1713 1383 330 330
is_linear=0
shrinkage=0.05


Tree=125
num_leaves=31
num_cat=0
split_feature=33 12 26 11 26 13 14 11 13 14 27 26 24 14 4 15 15 15 15 4 14 11 15 15 25 26 14 24 25 15
split_gain=0.185605 0.000899619 0.000360543 0.000269448 0.000162558 0.000205493 0.00109857 0.000155805 0.000136822 0.00136483 0.000151568 0.00013764 0.000211302 0.000293588 0.000129508 0.000119006 0.000157865 0.00011713 0.000158702 0.000116792 0.000130475 0.000116478 0.000115189 0.000183941 0.000269101 0.000504831 0.000540786 0.000164531 0.000142259 0.000114592
threshold=1.0000000180025095e-35 0.48890000000000006 7.5000000000000009 8.5000000000000018 14.000000000000002 1.5000000000000002 5.5000000000000009 44.500000000000007 1.5000000000000002 5.5000000000000009 7.5000000000000009 5.5000000000000009 3.5000000000000004 3.5000000000000004 59.500000000000007 4.5000000000000009 1.5000000000000002 1.5000000000000002 4.5000000000000009 37.000000000000007 1.5000000000000002 8.5000000000000018 4.5000000000000009 1.5000000000000002 2.5000000000000004 7.5000000000000009 6.5000000000000009 3.5000000000000004 4.5000000000000009 1.5000000000000002
decision_type=2 2 2 2 2 2 2 2 2 2 2 2 2 2 2 2 2 2 2 2 2 2 2 2 2 2 2 2 2 2
left_child=1 4 3 -3 5 6 -1 8 9 -5 -10 -12 13 -13 17 16 21 -9 -19 20 -6 -4 23 -7 -25 26 -26 -24 -27 -16
right_child=-2 2 15 7 19 22 -8 14 10 -11 11 12 -14 -15 29 -17 -18 18 -20 -21 -22 -23 27 24 25 28 -28 -29 -30 -31
leaf_value=-0.00034202487944033546 -4.7579730744473639e-05 2.5062954143459891e-05 -4.2209990530344455e-05 -0.00026948799246670924 2.6252923908032245e-05 2.0218876067420433e-05 4.4814444173915457e-05 9.0189086040481936e-05 3.2604388325011119e-05 8.9692351337717648e-05 4.2227481429605329e-05 0.00026673690699681175 3.7321118551993835e-05 6.2393287393765955e-05 -5.6622989752124199e-06 4.2816936253850011e-06 2.8362790958798414e-05 3.7905170089181736e-05 8.6349153425544509e-05 1.002382574050044e-05 -0.00010355577862207368 1.1762766928888342e-05 2.0642719046970047e-05 2.750577640442053e-05 0.00037281315790433267 0.00013569549457101589 5.9193485971523589e-05 -5.9154723371298486e-05 2.3603416130867355e-05 4.1230840561632312e-05
leaf_weight=24 125933 11649 112 38 32 10286 78 226 126129 87 2177 32 84 39 163 1080 3207 680 225 1057 49 930 10410 30893 27 34 28 65 169 649
leaf_count=24 125933 11649 112 38 32 10286 78 226 126129 87 2177 32 84 39 163 1080 3207 680 225 1057 49 930 10410 30893 27 34 28 65 169 649
internal_value=-6.33832e-14 2.98609e-05 3.18706e-05 3.23491e-05 2.42837e-05 2.46927e-05 -4.62066e-05 3.29994e-05 3.2787e-05 -1.94985e-05 3.28379e-05 4.54687e-05 9.09929e-05 0.000154492 4.70523e-05 1.91022e-05 2.28692e-05 5.79901e-05 4.99493e-05 5.58967e-06 -5.22733e-05 5.96147e-06 2.4832e-05 2.60162e-05 2.79305e-05 7.87829e-05 0.000213152 2.01476e-05 4.23775e-05 3.18176e-05
internal_weight=326592 200659 147507 142178 53152 52014 102 130529 128586 125 128461 2332 155 71 1943 5329 4249 1131 905 1138 81 1042 51912 41437 31151 258 55 10475 203 812
internal_count=326592 200659 147507 142178 53152 52014 102 130529 128586 125 128461 2332 155 71 1943 5329 4249 1131 905 1138 81 1042 51912 41437 31151 258 55 10475 203 812
is_linear=0
shrinkage=0.05


Tree=126
num_leaves=31
num_cat=3
split_feature=33 12 24 25 11 11 24 26 13 14 15 15 25 24 0 4 26 26 15 24 6 26 15 15 11 11 25 6 26 4
split_gain=0.167509 0.000811907 0.000326275 0.000296147 0.000262195 0.000226868 0.000191022 0.000146708 0.000185457 0.000991457 0.000118566 0.000179106 0.000144218 0.000131364 0.00023855 0.000225503 0.000239949 0.00016845 0.000116887 0.0001145 0.000110796 0.000108585 0.000132735 0.000223876 0.000108266 0.000273256 0.000121885 0.000390338 0.00056329 0.000105405
threshold=1.0000000180025095e-35 0.48890000000000006 3.5000000000000004 3.5000000000000004 8.5000000000000018 41.000000000000007 1.5000000000000002 14.000000000000002 1.5000000000000002 5.5000000000000009 1.5000000000000002 4.5000000000000009 4.5000000000000009 1.5000000000000002 0 39.000000000000007 11.500000000000002 17.000000000000004 4.5000000000000009 4.5000000000000009 1 8.5000000000000018 2.5000000000000004 1.5000000000000002 45.500000000000007 44.500000000000007 3.5000000000000004 2 10.500000000000002 37.000000000000007
decision_type=2 2 2 2 2 2 2 2 2 2 2 2 2 2 1 2 2 2 2 2 1 2 2 2 2 2 2 1 2 2
left_child=1 7 4 -4 6 18 21 8 9 -1 12 13 -6 -12 -15 17 -17 -16 -5 -20 -11 -3 23 -23 25 26 -13 -28 -29 -9
right_child=-2 2 3 5 10 -7 -8 29 -10 20 11 24 -14 14 15 16 -18 -19 19 -21 -22 22 -24 -25 -26 -27 27 28 -30 -31
leaf_value=-0.0003249236366779466 -4.5200742897577589e-05 2.3896542608376287e-05 -0.00017600479273824021 1.9735297136550936e-05 2.8482960597534855e-05 0.00011418608586516991 0.00016160449618473651 -4.9659660389470105e-05 2.3590403356528472e-05 0.00013764914130495694 3.3134668350268824e-05 2.8433203202725974e-05 -4.7257735473572721e-05 0.00019007404462172419 -0.00015713746295659804 0.00017930368170969554 3.3221472284126594e-05 4.3357951058582825e-05 -8.4713035864751883e-05 2.2650945738860175e-06 5.2226652964496427e-06 -4.4842691221717927e-05 -4.3979604300310076e-05 0.00011841153166079451 -1.3055963237116559e-05 8.3100205332073326e-05 0.00010282494490638784 -0.00028779910434968773 5.1324983955206943e-05 9.5226344815690801e-06
leaf_weight=24 125933 11619 20 3022 26283 59 25 81 51912 22 78990 25802 63 36 20 42 85 22 40 700 56 42 129 42 156 229 32 25 24 1057
leaf_count=24 125933 11619 20 3022 26283 59 25 81 51912 22 78990 25802 63 36 20 42 85 22 40 700 56 42 129 42 156 229 32 25 24 1057
internal_value=5.64388e-13 2.83679e-05 3.0277e-05 1.58953e-05 3.06615e-05 1.68998e-05 2.35397e-05 2.30695e-05 2.34581e-05 -4.38962e-05 3.13022e-05 3.20517e-05 2.83018e-05 3.32384e-05 7.32116e-05 4.83178e-05 8.15321e-05 -5.21161e-05 1.5374e-05 -2.43643e-06 4.25737e-05 2.3248e-05 -1.2129e-05 3.67844e-05 2.8474e-05 2.87221e-05 2.8241e-05 -3.29973e-05 -0.000121698 5.31019e-06
internal_weight=326592 200659 147507 3841 143666 3821 11857 53152 52014 102 131809 105463 26346 79195 205 169 127 42 3762 740 78 11832 213 84 26268 26112 25883 81 49 1138
internal_count=326592 200659 147507 3841 143666 3821 11857 53152 52014 102 131809 105463 26346 79195 205 169 127 42 3762 740 78 11832 213 84 26268 26112 25883 81 49 1138
cat_boundaries=0 1 2 3
cat_threshold=1 2 1
is_linear=0
shrinkage=0.05


Tree=127
num_leaves=31
num_cat=1
split_feature=33 12 26 11 18 25 26 19 25 24 14 11 13 14 27 3 19 18 27 26 14 4 14 16 6 18 19 25 26 18
split_gain=0.151177 0.000732746 0.000300559 0.000219993 0.000140492 0.000343058 0.000303414 0.000228523 0.000281605 0.000195653 0.000330925 0.000137068 0.000114293 0.00120153 0.000140026 0.000108573 0.000110484 0.0001281 0.000107357 0.000278666 0.000346934 0.000716554 0.000150458 0.000133496 0.000106465 0.00010641 0.000173159 0.000106294 0.000138539 9.75092e-05
threshold=1.0000000180025095e-35 0.48890000000000006 7.5000000000000009 8.5000000000000018 1.0000000180025095e-35 3.5000000000000004 6.5000000000000009 1.0000000180025095e-35 2.5000000000000004 4.5000000000000009 3.5000000000000004 44.500000000000007 1.5000000000000002 5.5000000000000009 1.0000000180025095e-35 1.5000000000000002 1.0000000180025095e-35 1.0000000180025095e-35 22.500000000000004 7.5000000000000009 3.5000000000000004 39.000000000000007 6.5000000000000009 1.0000000180025095e-35 0 1.0000000180025095e-35 1.0000000180025095e-35 3.5000000000000004 5.5000000000000009 1.0000000180025095e-35
decision_type=2 2 2 2 2 2 2 2 2 2 2 2 2 2 2 2 2 2 2 2 2 2 2 2 1 2 2 2 2 2
left_child=1 4 3 27 7 -6 -7 18 -9 10 -10 12 13 -5 -14 16 17 -13 -1 20 21 -20 -22 -21 -15 26 -17 28 -3 -4
right_child=-2 2 29 11 5 6 -8 8 9 -11 -12 15 14 24 -16 25 -18 -19 19 23 22 -23 -24 -25 -26 -27 -28 -29 -30 -31
leaf_value=2.4849834485380785e-05 -4.2940705316141252e-05 2.2667786719212516e-05 2.0515107401390071e-05 -0.00025275738137823188 1.8302540619076058e-05 -0.00016835971331793671 -1.6912941196185821e-05 1.8156453282442275e-05 -1.5890890138287998e-05 -1.3499444467665205e-05 -0.00028026500658597799 3.4353178514934641e-05 2.9357821313427252e-05 2.5664756596997015e-05 3.9465617221104734e-05 5.2617083593606051e-05 8.4255484398454439e-05 7.787668495438993e-05 4.156727518420667e-05 1.4310737864636595e-05 -5.9119196521351114e-05 0.00041821609028493579 8.7371454350292118e-05 6.1982075697523462e-05 0.00013647066348905515 -8.0975359045017584e-06 -6.8296212613714034e-06 -5.7748477428969822e-05 0.00015120800761949448 3.6899027448574394e-06
leaf_weight=31084 125933 11587 4249 38 10436 38 255 10258 29 224 20 680 124938 41 3523 493 226 225 28 450 24 23 65 218 46 156 163 41 21 1080
leaf_count=31084 125933 11587 4249 38 10436 38 255 10258 29 224 20 680 124938 41 3523 493 226 225 28 450 24 23 65 218 46 156 163 41 21 1080
internal_value=6.87319e-13 2.69495e-05 2.87632e-05 2.92001e-05 2.1916e-05 1.68044e-05 -3.65545e-05 2.32088e-05 1.68226e-05 -3.32967e-05 -0.000123799 2.97877e-05 2.95885e-05 -1.8199e-05 2.9635e-05 4.29686e-05 5.29833e-05 4.51739e-05 2.53176e-05 4.33107e-05 0.000107451 0.000211429 4.78684e-05 2.98682e-05 8.42518e-05 2.90194e-05 3.7846e-05 2.26165e-05 2.29003e-05 1.71052e-05
internal_weight=326592 200659 147507 142178 53152 10729 293 42423 10531 273 49 130529 128586 125 128461 1943 1131 905 31892 808 140 51 89 668 87 812 656 11649 11608 5329
internal_count=326592 200659 147507 142178 53152 10729 293 42423 10531 273 49 130529 128586 125 128461 1943 1131 905 31892 808 140 51 89 668 87 812 656 11649 11608 5329
cat_boundaries=0 1
cat_threshold=4
is_linear=0
shrinkage=0.05


Tree=128
num_leaves=31
num_cat=0
split_feature=33 12 26 11 15 25 26 15 25 24 14 11 15 15 25 4 25 27 27 26 15 15 26 25 3 27 15 15 15 15
split_gain=0.136437 0.000661303 0.000271775 0.000197584 0.000126794 0.00030961 0.000273831 0.000206242 0.000254149 0.000176577 0.00029866 0.000123827 0.000112204 0.000167868 0.000187635 0.000482327 0.000142171 0.0001245 0.000119331 0.000181437 0.000104611 0.000156993 0.0001679 0.000135855 9.77438e-05 0.000106288 0.000124787 0.000152785 9.84924e-05 0.000115611
threshold=1.0000000180025095e-35 0.48890000000000006 8.5000000000000018 8.5000000000000018 4.5000000000000009 3.5000000000000004 6.5000000000000009 1.5000000000000002 2.5000000000000004 4.5000000000000009 3.5000000000000004 44.500000000000007 1.5000000000000002 4.5000000000000009 3.5000000000000004 39.000000000000007 4.5000000000000009 7.5000000000000009 34.000000000000007 6.5000000000000009 1.5000000000000002 4.5000000000000009 3.0000000000000004 1.0000000180025095e-35 1.5000000000000002 7.5000000000000009 4.5000000000000009 1.5000000000000002 1.5000000000000002 4.5000000000000009
decision_type=2 2 2 2 2 2 2 2 2 2 2 2 2 2 2 2 2 2 2 2 2 2 2 2 2 2 2 2 2 2
left_child=1 4 3 20 7 -6 -7 8 -1 10 -10 12 18 17 -15 -16 -17 -14 -5 -20 -3 22 -22 -23 28 26 27 -26 -13 -30
right_child=-2 2 -4 11 5 6 -8 -9 9 -11 -12 24 13 14 15 16 -18 -19 19 -21 21 23 -24 -25 25 -27 -28 -29 29 -31
leaf_value=1.7248630609063847e-05 -4.0793672087602321e-05 1.2052729136444839e-05 1.5829078063135793e-05 2.5294020492151005e-05 1.7387414265211691e-05 -0.00015994172488143179 -1.6067294341779666e-05 2.4051672624522026e-05 -1.50963445274352e-05 -1.2824472188250574e-05 -0.00026625175843946635 7.974997147177203e-05 2.968781750347983e-05 2.5608432962161328e-05 -0.0002618635901671951 -9.2222489649429929e-05 4.7785899082417461e-05 4.3234192186510528e-05 -0.00014743963559158148 4.1212536612315141e-05 2.7085698697677611e-05 1.3960936184191501e-05 0.00014013534228345662 -9.6842616871331962e-05 -8.9429311628919102e-06 0.00012510941424908299 -1.697299594525248e-05 4.789280106186175e-05 3.2635519917889992e-05 7.3982854244402711e-05
leaf_weight=10258 125933 2347 4968 25742 10436 38 255 31892 29 224 20 227 75732 25575 20 25 66 1735 25 26 6939 2302 33 28 157 27 149 479 680 225
leaf_count=10258 125933 2347 4968 25742 10436 38 255 31892 29 224 20 227 75732 25575 20 25 66 1735 25 26 6939 2302 33 28 157 27 149 479 680 225
internal_value=-3.66171e-13 2.5602e-05 2.7325e-05 2.77257e-05 2.08202e-05 1.59642e-05 -3.47268e-05 2.20483e-05 1.59815e-05 -3.16319e-05 -0.000117609 2.82811e-05 2.80922e-05 2.88298e-05 2.53269e-05 -3.95402e-05 9.32206e-06 2.99912e-05 2.51426e-05 -5.1264e-05 2.14857e-05 2.38657e-05 2.76208e-05 1.26294e-05 4.08061e-05 2.75685e-05 2.42135e-05 3.38626e-05 5.03017e-05 4.29152e-05
internal_weight=326592 200659 147507 142539 53152 10729 293 42423 10531 273 49 130890 128946 103153 25686 111 91 77467 25793 51 11649 9302 6972 2330 1944 812 785 636 1132 905
internal_count=326592 200659 147507 142539 53152 10729 293 42423 10531 273 49 130890 128946 103153 25686 111 91 77467 25793 51 11649 9302 6972 2330 1944 812 785 636 1132 905
is_linear=0
shrinkage=0.05


Tree=129
num_leaves=31
num_cat=1
split_feature=33 12 24 25 11 11 24 18 25 26 19 25 24 14 16 19 24 19 18 19 18 25 24 7 26 25 27 26 14 6
split_gain=0.123134 0.000596826 0.000248882 0.000268012 0.000201539 0.000194197 0.000175029 0.000114431 0.000279423 0.000247133 0.000186134 0.000229369 0.000159361 0.000269541 0.000108199 0.000287598 0.000134847 9.74091e-05 0.000137193 9.74026e-05 0.000145175 0.000125458 0.000124745 0.00022994 0.000944992 0.000108835 9.689e-05 0.000251496 0.000313108 0.00064669
threshold=1.0000000180025095e-35 0.48890000000000006 3.5000000000000004 3.5000000000000004 41.000000000000007 8.5000000000000018 1.5000000000000002 1.0000000180025095e-35 3.5000000000000004 6.5000000000000009 1.0000000180025095e-35 2.5000000000000004 4.5000000000000009 3.5000000000000004 1.0000000180025095e-35 1.0000000180025095e-35 4.5000000000000009 1.0000000180025095e-35 1.0000000180025095e-35 1.0000000180025095e-35 1.0000000180025095e-35 4.5000000000000009 1.5000000000000002 11.000000000000002 7.5000000000000009 4.5000000000000009 22.500000000000004 7.5000000000000009 3.5000000000000004 0
decision_type=2 2 2 2 2 2 2 2 2 2 2 2 2 2 2 2 2 2 2 2 2 2 2 2 2 2 2 2 2 1
left_child=1 7 5 -4 14 6 17 10 -9 -10 26 -12 13 -13 -5 -16 -17 18 -3 20 22 -21 -7 -24 -25 -26 -1 28 29 -28
right_child=-2 2 3 4 -6 19 -8 8 9 -11 11 12 -14 -15 15 16 -18 -19 -20 21 -22 -23 23 24 25 -27 27 -29 -30 -31
leaf_value=2.2404759025169334e-05 -3.8753988337703053e-05 2.5648683665952645e-05 -0.00016915907413931564 6.0104104982639802e-06 0.00010604830565124897 2.8492586241673473e-05 0.00015232448000460864 1.6518043561143333e-05 -0.00015194463883649168 -1.5263929524414433e-05 1.6386198741489396e-05 -1.4341528455180857e-05 -1.2183248710633572e-05 -0.0002529391695861705 4.5018630668821117e-05 -0.00010446366524837655 5.5223864790411536e-06 1.0857143413055341e-05 1.1741825353993073e-05 2.4295453719993095e-05 2.4304211458149737e-05 -4.6347494141974458e-05 -7.1397449993617978e-05 0.00036031074683975293 9.4704983023673008e-05 6.9953735570985985e-06 3.8286327617242938e-05 2.7172158807369707e-05 4.427235614733373e-05 0.00039610269317484419
leaf_weight=31084 125933 7081 20 2262 59 78990 25 10436 38 255 10258 29 224 20 757 29 714 2385 2366 26283 26268 63 26 27 56 96 28 668 89 23
leaf_count=31084 125933 7081 20 2262 59 78990 25 10436 38 255 10258 29 224 20 757 29 714 2385 2366 26283 26268 63 26 27 56 96 28 668 89 23
internal_value=-3.03502e-13 2.43219e-05 2.59588e-05 1.3398e-05 1.43536e-05 2.62946e-05 2.01655e-05 1.97792e-05 1.5166e-05 -3.29904e-05 2.09459e-05 1.51824e-05 -3.00503e-05 -0.000111728 1.29155e-05 2.33284e-05 1.22953e-06 1.98862e-05 2.21657e-05 2.68459e-05 2.75253e-05 2.41265e-05 2.85937e-05 6.75468e-05 8.77286e-05 3.93094e-05 2.28491e-05 3.99426e-05 0.000100876 0.000199654
internal_weight=326592 200659 147507 3841 3821 143666 11857 53152 10729 293 42423 10531 273 49 3762 1500 743 11832 9447 131809 105463 26346 79195 205 179 152 31892 808 140 51
internal_count=326592 200659 147507 3841 3821 143666 11857 53152 10729 293 42423 10531 273 49 3762 1500 743 11832 9447 131809 105463 26346 79195 205 179 152 31892 808 140 51
cat_boundaries=0 1
cat_threshold=2
is_linear=0
shrinkage=0.05


Tree=130
num_leaves=31
num_cat=2
split_feature=33 12 26 11 11 24 15 15 26 26 14 15 26 27 11 15 15 24 13 26 27 14 24 14 6 0 27 11 11 3
split_gain=0.111129 0.000538635 0.000227618 0.000160514 0.000111385 0.00010517 0.000140491 0.00019162 0.000226481 0.000184481 0.000167744 0.000135533 0.000122548 9.74977e-05 9.60937e-05 9.17422e-05 0.000130831 0.000163678 0.000233855 0.000216221 0.000131315 0.00026237 0.000446394 0.00019297 0.000146229 0.000143485 0.000110676 9.6827e-05 9.62114e-05 8.87472e-05
threshold=1.0000000180025095e-35 0.48890000000000006 7.5000000000000009 8.5000000000000018 44.500000000000007 3.5000000000000004 4.5000000000000009 1.5000000000000002 7.5000000000000009 7.5000000000000009 6.5000000000000009 2.5000000000000004 9.5000000000000018 20.500000000000004 6.5000000000000009 1.5000000000000002 4.5000000000000009 1.5000000000000002 1.5000000000000002 5.5000000000000009 26.500000000000004 3.5000000000000004 3.5000000000000004 5.5000000000000009 0 1 34.000000000000007 41.000000000000007 41.000000000000007 1.5000000000000002
decision_type=2 2 2 2 2 2 2 2 2 2 2 2 2 2 2 2 2 2 2 2 2 2 2 2 1 1 2 2 2 2
left_child=1 5 3 -3 15 -1 7 12 10 -8 -9 13 -7 -10 -4 26 20 19 -19 28 -17 22 -22 25 -25 -23 27 -5 -18 -6
right_child=-2 2 14 4 29 6 9 8 11 -11 -12 -13 -14 -15 -16 16 17 18 -20 -21 21 23 -24 24 -26 -27 -28 -29 -30 -31
leaf_value=1.9130294780467541e-05 -3.6816287320107222e-05 1.9417423272864733e-05 -6.8491104050475767e-06 2.2999524760210076e-05 4.6479353007212424e-05 -0.00013626644339756637 -0.00017469562240876257 0.00021538665634579957 -5.3263591447224226e-05 -1.6429689961130172e-05 5.2515564210236414e-05 8.6489184981254213e-07 -1.4638394328979024e-05 6.0124391352590656e-05 1.6625678326386855e-05 2.6940277316019611e-05 2.3076078889271645e-05 -0.00018774523235730488 5.6481538338091394e-06 0.00010736194825241048 0.0002944009751884331 3.0374082747254182e-05 4.9567444455953176e-05 6.5328148175178779e-06 0.00011514100395467468 -0.0001482354541582501 -5.9391518276775393e-05 -3.0770481680519878e-05 -3.0844380110586397e-05 2.4813563103289828e-05
leaf_weight=51938 125933 11649 479 25596 1131 23 20 25 21 232 43 447 208 195 4850 77013 25367 22 54 76 29 22 52 63 61 23 41 84 83 812
leaf_count=51938 125933 11649 479 25596 1131 23 20 25 21 232 43 447 208 195 4850 77013 25367 22 54 76 29 22 52 63 61 23 41 84 83 812
internal_value=6.43409e-13 2.31058e-05 2.46608e-05 2.50411e-05 2.5543e-05 1.87903e-05 4.24271e-06 1.29483e-05 2.54927e-05 -2.89905e-05 0.000112395 1.65797e-05 -2.67485e-05 4.91006e-05 1.45156e-05 2.53634e-05 2.60313e-05 2.29336e-05 -5.03341e-05 2.31517e-05 2.70577e-05 6.32365e-05 0.000137224 2.7775e-05 5.9961e-05 -6.09152e-05 2.26926e-05 2.28236e-05 2.29002e-05 3.7425e-05
internal_weight=326592 200659 147507 142178 130529 53152 1214 962 731 252 68 663 231 216 5329 128586 102865 25602 76 25526 77263 250 81 169 124 45 25721 25680 25450 1943
internal_count=326592 200659 147507 142178 130529 53152 1214 962 731 252 68 663 231 216 5329 128586 102865 25602 76 25526 77263 250 81 169 124 45 25721 25680 25450 1943
cat_boundaries=0 1 2
cat_threshold=4 1
is_linear=0
shrinkage=0.05


Tree=131
num_leaves=31
num_cat=1
split_feature=33 11 25 24 24 24 11 13 15 15 24 6 24 15 24 24 26 11 15 24 26 15 4 25 24 14 15 4 4 27
split_gain=0.100294 0.000365757 0.00026088 0.000274466 0.000210007 0.000198641 0.000147096 0.000129995 0.000129016 0.000170506 0.000236296 0.000531631 0.00016919 0.000161946 0.000160021 0.0002577 0.000133766 0.000128655 0.000115645 0.000208757 0.00021806 0.000184855 0.000184998 0.00018295 0.000157618 0.000244627 0.00013975 0.000115286 0.000112161 0.000107085
threshold=1.0000000180025095e-35 41.000000000000007 3.5000000000000004 3.5000000000000004 2.5000000000000004 1.0000000180025095e-35 8.5000000000000018 1.5000000000000002 4.5000000000000009 1.5000000000000002 2.5000000000000004 0 4.5000000000000009 2.5000000000000004 1.5000000000000002 2.5000000000000004 6.5000000000000009 8.5000000000000018 4.5000000000000009 1.5000000000000002 6.5000000000000009 1.5000000000000002 59.500000000000007 2.5000000000000004 4.5000000000000009 3.5000000000000004 2.5000000000000004 59.500000000000007 59.500000000000007 22.500000000000004
decision_type=2 2 2 2 2 2 2 2 2 2 2 1 2 2 2 2 2 2 2 2 2 2 2 2 2 2 2 2 2 2
left_child=1 2 3 4 6 -4 -1 -8 9 12 11 -11 16 -12 -10 -16 -7 -17 21 27 -21 23 29 28 25 -25 -24 -20 -3 -23
right_child=-2 18 5 -5 -6 8 7 -9 14 10 13 -13 -14 -15 15 17 -18 -19 19 20 -22 22 26 24 -26 -27 -28 -29 -30 -31
leaf_value=1.8282893689915384e-05 -3.4975472954101863e-05 1.5872794764274517e-05 -0.0001219469022804073 -0.00016158020764123649 0.00012224205075418232 -0.00017795808602213151 0.00011312607487680663 2.4080789211556892e-05 0.00013352939480682836 0.00032564373803324999 3.9419244227667451e-05 -3.8921544328331949e-05 4.6077076345396814e-06 1.1628186305839006e-05 -0.00015596785784070783 -6.7219379747107832e-05 -3.4760674393447979e-05 2.591029471811921e-06 1.5893153097446923e-05 -0.00013528223005778272 -1.030889655905651e-05 2.0467993008253921e-05 7.554065624180322e-05 -1.3493236619979144e-05 -8.1423702764329799e-06 -0.00023599686821745267 3.0542901888402129e-05 -1.92205120541962e-05 -1.8080938297130327e-05 3.873580730787039e-05
leaf_weight=11826 125933 10485 28 20 54 21 41 129064 20 20 783 20 714 1586 29 73 73 688 10656 40 274 31774 260 30 235 21 513 239 249 823
leaf_count=11826 125933 10485 28 20 54 21 41 129064 20 20 783 20 714 1586 29 73 73 688 10656 40 274 31774 260 30 235 21 513 239 249 823
internal_value=4.58226e-13 2.19505e-05 2.32721e-05 2.36317e-05 2.36579e-05 1.07684e-05 2.36202e-05 2.41091e-05 1.16912e-05 1.61819e-05 2.28485e-05 0.000143361 -3.69399e-06 2.08137e-05 -6.14428e-06 -9.68032e-06 -6.67516e-05 -4.10563e-06 1.85024e-05 1.39645e-05 -2.62291e-05 1.96483e-05 2.15025e-05 1.40336e-05 -2.54342e-05 -0.000105112 4.5678e-05 1.51229e-05 1.50852e-05 2.09292e-05
internal_weight=326592 200659 145060 141005 140985 4055 140931 129105 4027 3217 2409 40 808 2369 810 790 94 761 55599 11209 314 44390 33370 11020 286 51 773 10895 10734 32597
internal_count=326592 200659 145060 141005 140985 4055 140931 129105 4027 3217 2409 40 808 2369 810 790 94 761 55599 11209 314 44390 33370 11020 286 51 773 10895 10734 32597
cat_boundaries=0 1
cat_threshold=1
is_linear=0
shrinkage=0.05


Tree=132
num_leaves=31
num_cat=1
split_feature=33 12 26 11 11 26 13 14 26 24 25 26 27 14 14 11 15 15 24 13 26 27 14 6 26 15 4 27 3 13
split_gain=0.0905151 0.000445635 0.000190642 0.000130858 0.000104753 9.43139e-05 0.000191692 0.0010805 0.000307491 0.000286198 9.19122e-05 0.00011775 8.36046e-05 0.000247599 0.00028437 8.28581e-05 8.18654e-05 0.000116687 0.000135444 0.000209037 0.000194398 0.000116847 0.000170083 0.000185251 0.000146203 0.000155117 0.000134917 8.92156e-05 8.06605e-05 9.52671e-05
threshold=1.0000000180025095e-35 0.48890000000000006 7.5000000000000009 8.5000000000000018 44.500000000000007 7.5000000000000009 1.5000000000000002 6.5000000000000009 5.5000000000000009 1.5000000000000002 3.5000000000000004 5.5000000000000009 18.500000000000004 2.5000000000000004 4.5000000000000009 6.5000000000000009 1.5000000000000002 4.5000000000000009 1.5000000000000002 1.5000000000000002 5.5000000000000009 18.500000000000004 3.5000000000000004 0 5.5000000000000009 3.5000000000000004 39.000000000000007 34.000000000000007 1.5000000000000002 4.5000000000000009
decision_type=2 2 2 2 2 2 2 2 2 2 2 2 2 2 2 2 2 2 2 2 2 2 2 1 2 2 2 2 2 2
left_child=1 5 3 10 16 6 7 -1 -8 -10 11 -3 13 -7 -15 -4 27 21 20 -20 -19 -18 23 -23 26 -26 -24 -5 -6 -30
right_child=-2 2 15 4 28 12 8 -9 9 -11 -12 -13 -14 14 -16 -17 17 18 19 -21 -22 22 24 -25 25 -27 -28 -29 29 -31
leaf_value=-0.00036782157895643092 -3.3226699451915918e-05 1.7587339025157939e-05 -6.8561687606429614e-06 2.048914110523484e-05 4.322340401716261e-05 3.7332555109514942e-05 1.7233097048775414e-05 5.0752453961618376e-05 4.9723363321390942e-05 0.00021584873071073425 -5.7192925341063882e-05 0.00013609184506571009 8.5646728953506962e-06 -0.0002217538908423324 -1.2902045954177037e-05 1.4942092299411483e-05 2.426691651949461e-05 2.0559833489115075e-05 -0.00017596499687484043 6.878572725520792e-06 0.00010064579983009026 0.00019032801627307327 0.00015074115497275042 5.5292406816281276e-05 2.4892750765762426e-05 -0.00015742395567940547 3.5122085167576605e-05 -5.3325903221465104e-05 0.00011491393751283694 1.9392079140199053e-05
leaf_weight=21 125933 11587 479 25680 1131 64 51225 58 100 35 41 21 1582 28 39 4850 76217 25450 22 54 76 37 26 81 28 20 854 41 27 785
leaf_count=21 125933 11587 479 25680 1131 64 51225 58 100 35 41 21 1582 28 39 4850 76217 25450 22 54 76 37 26 81 28 20 854 41 27 785
internal_value=5.02605e-13 2.0853e-05 2.22674e-05 2.26154e-05 2.30686e-05 1.69276e-05 1.7312e-05 -6.05141e-05 1.74317e-05 9.27929e-05 1.75378e-05 1.78017e-05 5.38605e-06 -3.3e-05 -0.000100183 1.29827e-05 2.28945e-05 2.35253e-05 2.05998e-05 -4.60498e-05 2.07983e-05 2.44947e-05 4.10926e-05 9.76341e-05 3.39031e-05 -5.10725e-05 3.85381e-05 2.03715e-05 3.45914e-05 2.25683e-05
internal_weight=326592 200659 147507 142178 130529 53152 51439 79 51360 135 11649 11608 1713 131 67 5329 128586 102865 25602 76 25526 77263 1046 118 928 48 880 25721 1943 812
internal_count=326592 200659 147507 142178 130529 53152 51439 79 51360 135 11649 11608 1713 131 67 5329 128586 102865 25602 76 25526 77263 1046 118 928 48 880 25721 1943 812
cat_boundaries=0 1
cat_threshold=1
is_linear=0
shrinkage=0.05


Tree=133
num_leaves=31
num_cat=0
split_feature=33 12 24 25 11 11 24 15 25 24 15 25 24 14 15 15 24 24 15 15 11 27 27 15 25 25 11 3 15 15
split_gain=0.0816898 0.000402186 0.000170219 0.000219089 0.000178069 0.000129039 0.000165179 9.32076e-05 0.000215451 0.000241406 0.000151725 0.000166405 0.000131508 0.000206489 8.99421e-05 0.00023008 0.000106816 8.95145e-05 8.80006e-05 0.000131206 8.49624e-05 7.98876e-05 7.75725e-05 0.000185034 0.000152456 0.000133555 7.30094e-05 0.000108684 9.25558e-05 0.000114918
threshold=1.0000000180025095e-35 0.48890000000000006 3.5000000000000004 3.5000000000000004 41.000000000000007 8.5000000000000018 1.5000000000000002 4.5000000000000009 4.5000000000000009 4.5000000000000009 1.5000000000000002 2.5000000000000004 4.5000000000000009 3.5000000000000004 2.5000000000000004 1.5000000000000002 4.5000000000000009 4.5000000000000009 1.5000000000000002 2.5000000000000004 8.5000000000000018 7.5000000000000009 22.500000000000004 2.5000000000000004 4.5000000000000009 2.5000000000000004 44.500000000000007 1.5000000000000002 1.5000000000000002 4.5000000000000009
decision_type=2 2 2 2 2 2 2 2 2 2 2 2 2 2 2 2 2 2 2 2 2 2 2 2 2 2 2 2 2 2
left_child=1 7 5 -4 14 6 18 10 -9 -10 11 -1 13 -13 15 16 -5 -16 -3 -20 -18 -21 -12 -24 25 -25 -7 28 -28 -30
right_child=-2 2 3 4 -6 26 -8 8 9 -11 22 12 -14 -15 17 -17 20 -19 19 21 -22 -23 23 24 -26 -27 27 -29 29 -31
leaf_value=1.2955971380350838e-05 -3.1565365497954188e-05 7.5823550805790192e-06 -0.00015428990736836569 -9.406199671251796e-05 9.7820681336180951e-05 2.1736145507559035e-05 0.0001448221066966653 1.3051862823705289e-05 -0.00017412587813952189 -1.6465966921618194e-05 1.8454923643235399e-05 -1.5555939572895397e-05 -1.0365901070079938e-05 -0.00022439044114435093 -3.6297455053500017e-05 3.9172696659468791e-05 -4.9770966262570512e-05 6.4389139803134892e-06 2.8562300130390459e-05 1.6054198726019313e-05 9.3774410086741339e-06 -1.0269154773048896e-05 6.8494302514877879e-05 3.7313065543056056e-05 3.774491777768525e-06 0.00016139301020804602 6.9972254245619946e-05 1.7584069022577201e-05 2.416704401657836e-05 6.5029283790283852e-05
leaf_weight=10258 125933 2385 20 29 59 129836 25 10461 27 241 31084 29 224 20 130 757 67 2132 2353 6793 647 301 264 86 429 29 227 825 692 229
leaf_count=10258 125933 2385 20 29 59 129836 25 10461 27 241 31084 29 224 20 130 757 67 2132 2353 6793 647 301 264 86 429 29 227 825 692 229
internal_value=4.50014e-14 1.98103e-05 2.1154e-05 1.07663e-05 1.16302e-05 2.14318e-05 1.64356e-05 1.60813e-05 1.19178e-05 -3.23496e-05 1.71342e-05 1.19306e-05 -2.65967e-05 -0.000100795 1.02785e-05 1.97723e-05 6.39527e-09 3.9828e-06 1.61643e-05 1.83309e-05 3.8271e-06 1.49373e-05 1.88525e-05 3.41474e-05 1.7479e-05 6.86028e-05 2.18812e-05 3.14272e-05 4.13754e-05 3.43271e-05
internal_weight=326592 200659 147507 3841 3821 143666 11857 53152 10729 268 42423 10531 273 49 3762 1500 743 2262 11832 9447 714 7094 31892 808 544 115 131809 1973 1148 921
internal_count=326592 200659 147507 3841 3821 143666 11857 53152 10729 268 42423 10531 273 49 3762 1500 743 2262 11832 9447 714 7094 31892 808 544 115 131809 1973 1148 921
is_linear=0
shrinkage=0.05


Tree=134
num_leaves=31
num_cat=1
split_feature=33 12 26 15 15 25 8 24 25 13 25 4 7 0 3 8 3 8 11 25 15 25 26 15 25 24 11 15 15 11
split_gain=0.0737251 0.000362972 0.000160408 0.000110999 0.000166599 0.000148073 0.000393913 0.000306341 0.000142293 0.000369952 0.000193376 0.000132689 0.000131081 0.000156812 0.000103652 0.00020165 9.36101e-05 0.000153966 0.000122404 8.61913e-05 8.41198e-05 0.000194445 0.000379 0.000136932 0.000150181 0.000118686 8.24286e-05 7.41242e-05 0.000108413 9.07364e-05
threshold=1.0000000180025095e-35 0.48890000000000006 7.5000000000000009 1.5000000000000002 4.5000000000000009 3.5000000000000004 85.000000000000014 3.5000000000000004 3.5000000000000004 2.5000000000000004 4.5000000000000009 42.500000000000007 11.000000000000002 0 1.5000000000000002 85.000000000000014 1.5000000000000002 85.000000000000014 41.000000000000007 4.5000000000000009 4.5000000000000009 4.5000000000000009 7.5000000000000009 1.5000000000000002 2.5000000000000004 4.5000000000000009 41.000000000000007 4.5000000000000009 1.5000000000000002 8.5000000000000018
decision_type=2 2 2 2 2 2 2 2 2 2 2 2 2 1 2 2 2 2 2 2 2 2 2 2 2 2 2 2 2 2
left_child=1 20 3 14 8 16 7 -7 -5 12 -11 -9 13 -10 15 19 17 -6 -18 -3 23 -22 -23 24 -1 -26 -16 28 -4 -29
right_child=-2 2 27 4 5 6 -8 11 9 10 -12 -13 -14 -15 26 -17 18 -19 -20 -21 21 22 -24 -25 25 -27 -28 29 -30 -31
leaf_value=1.2308172534331955e-05 -2.9987096786499025e-05 1.8729369727559468e-05 5.4124409691488175e-07 2.2113754937318873e-05 1.8972457105050982e-05 -0.00021167288959986764 0.00015661421519325814 5.8642714137541981e-05 5.4064788273535675e-05 7.9642593239744513e-05 0.00027646018380227572 -0.00010544710147025233 5.3194257360119685e-05 -0.00013736767767746327 1.2687676780265138e-05 6.6063046688213944e-05 1.3622723346816458e-05 6.053723964012331e-05 -2.3304907582759698e-05 -5.4730565170757477e-05 1.2399269370221056e-05 -0.00022956051345152611 -1.295073472325695e-05 1.790987483372001e-05 -9.5754785983519133e-05 -9.8476062126857363e-06 -1.6895852389609678e-05 -4.2723574720834485e-05 1.9105191635481248e-05 4.8127980049639894e-06
leaf_weight=10258 125933 22904 1042 85193 22774 32 20 28 20 24 26 22 122 23 5040 226 4977 225 235 40 10461 22 246 31892 49 224 247 112 3207 968
leaf_count=10258 125933 22904 1042 85193 22774 32 20 28 20 24 26 22 122 23 5040 226 4977 225 235 40 10461 22 246 31892 49 224 247 112 3207 968
internal_value=5.52172e-14 1.88198e-05 2.00963e-05 2.04156e-05 2.11144e-05 1.77906e-05 -4.2344e-05 -9.08704e-05 2.22163e-05 6.28415e-05 0.000181988 -1.35568e-05 2.67366e-05 -4.83293e-05 1.76228e-05 1.90642e-05 1.8008e-05 1.93791e-05 1.19577e-05 1.86013e-05 1.52772e-05 1.13219e-05 -3.07321e-05 1.62775e-05 1.13341e-05 -2.52668e-05 1.13056e-05 1.15797e-05 1.45527e-05 -1.169e-07
internal_weight=326592 200659 147507 142178 113721 28313 102 82 85408 215 50 50 165 43 28457 23170 28211 22999 5212 22944 53152 10729 268 42423 10531 273 5287 5329 4249 1080
internal_count=326592 200659 147507 142178 113721 28313 102 82 85408 215 50 50 165 43 28457 23170 28211 22999 5212 22944 53152 10729 268 42423 10531 273 5287 5329 4249 1080
cat_boundaries=0 1
cat_threshold=1
is_linear=0
shrinkage=0.05


Tree=135
num_leaves=31
num_cat=0
split_feature=33 12 26 11 27 15 27 26 15 25 24 14 25 26 4 27 26 14 4 14 15 11 15 15 15 14 11 13 14 7
split_gain=0.0665369 0.000327583 0.000144768 0.000101466 9.07933e-05 7.59181e-05 0.00017641 0.000281877 0.000123581 0.000135538 0.000107114 0.000186356 7.55884e-05 0.000106137 7.08159e-05 7.00092e-05 0.000205394 0.000255074 0.000531556 0.000117252 9.51073e-05 6.75999e-05 6.65734e-05 0.00010424 0.000181655 9.35014e-05 6.63516e-05 8.94974e-05 0.000902164 7.72985e-05
threshold=1.0000000180025095e-35 0.48890000000000006 7.5000000000000009 8.5000000000000018 1.0000000180025095e-35 4.5000000000000009 34.000000000000007 9.5000000000000018 1.5000000000000002 2.5000000000000004 4.5000000000000009 3.5000000000000004 3.5000000000000004 5.5000000000000009 37.000000000000007 22.500000000000004 7.5000000000000009 3.5000000000000004 39.000000000000007 6.5000000000000009 2.5000000000000004 6.5000000000000009 4.5000000000000009 1.5000000000000002 2.5000000000000004 2.5000000000000004 45.500000000000007 1.5000000000000002 5.5000000000000009 13.000000000000002
decision_type=2 2 2 2 2 2 2 2 2 2 2 2 2 2 2 2 2 2 2 2 2 2 2 2 2 2 2 2 2 2
left_child=1 5 3 12 -5 8 -7 -8 9 -1 11 -11 13 -3 -12 -10 17 18 -17 -19 -18 22 23 -4 -25 -26 27 28 -6 -30
right_child=-2 2 21 4 26 6 7 -9 15 10 14 -13 -14 -15 -16 16 20 19 -20 -21 -22 -23 -24 24 25 -27 -28 -29 29 -31
leaf_value=1.1692764476243716e-05 -2.8487743111327291e-05 1.495942856320211e-05 -4.1143430666124916e-05 1.9568356019728265e-05 -0.00021789674417385343 1.1623540672181216e-05 -0.00018644323657402613 -1.2245378367156099e-05 1.6636683640068181e-05 -9.9904025334800634e-06 -9.2463760317870131e-05 -0.00020838317708694377 -5.2846807322078724e-05 0.00012746843560654229 1.5470628088802931e-07 2.9466139468630511e-05 4.7109844071610084e-05 -5.8925328145657357e-05 0.00035387039913431463 7.0393614139622798e-05 6.8723700917669499e-06 1.2770460162333695e-05 -4.3207474722294137e-05 7.4058321570191768e-05 5.8947993276983887e-05 -2.9162718275733043e-05 0.00010560248640600819 2.8396067171780501e-05 0.00011862052709582949 2.4204795737182951e-05
leaf_weight=10258 125933 11587 100 126822 38 10536 27 166 31084 29 23 20 41 21 201 28 218 24 23 65 450 4850 100 96 38 145 27 3555 46 41
leaf_count=10258 125933 11587 100 126822 38 10536 27 166 31084 29 23 20 41 21 201 28 218 24 23 65 450 4850 100 96 38 145 27 3555 46 41
internal_value=-2.68015e-13 1.78788e-05 1.90915e-05 1.93948e-05 1.97938e-05 1.45133e-05 1.07558e-05 -3.6615e-05 1.54636e-05 1.07674e-05 -2.40035e-05 -9.0967e-05 1.49236e-05 1.5163e-05 -9.35523e-06 1.70144e-05 3.15445e-05 8.66103e-05 0.000175766 3.55211e-05 2.00038e-05 1.10007e-05 -6.91871e-06 2.65616e-06 1.83549e-05 -1.08665e-05 2.75069e-05 2.69339e-05 -1.46491e-05 7.41258e-05
internal_weight=326592 200659 147507 142178 130529 53152 10729 193 42423 10531 273 49 11649 11608 224 31892 808 140 51 89 668 5329 479 379 279 183 3707 3680 125 87
internal_count=326592 200659 147507 142178 130529 53152 10729 193 42423 10531 273 49 11649 11608 224 31892 808 140 51 89 668 5329 479 379 279 183 3707 3680 125 87
is_linear=0
shrinkage=0.05


Tree=136
num_leaves=31
num_cat=2
split_feature=33 12 24 11 15 15 24 4 14 26 27 11 11 24 27 0 26 27 6 14 27 27 14 14 15 27 11 11 11 11
split_gain=0.0600495 0.000295643 0.000132115 0.000160234 0.000105331 0.000157298 0.000232598 0.000293406 0.000240647 0.00034612 0.000137296 0.000103952 9.66276e-05 7.12669e-05 6.99572e-05 7.25325e-05 6.96937e-05 7.54022e-05 0.000860111 0.000327747 0.000202258 7.43187e-05 0.000229223 0.000253508 6.57473e-05 0.000102739 6.30624e-05 0.000154639 6.69634e-05 6.16115e-05
threshold=1.0000000180025095e-35 0.48890000000000006 3.5000000000000004 41.000000000000007 1.5000000000000002 4.5000000000000009 1.5000000000000002 76.000000000000014 3.5000000000000004 7.5000000000000009 26.500000000000004 8.5000000000000018 8.5000000000000018 4.5000000000000009 34.000000000000007 0 7.5000000000000009 34.000000000000007 1 6.5000000000000009 26.500000000000004 18.500000000000004 2.5000000000000004 4.5000000000000009 4.5000000000000009 34.000000000000007 45.500000000000007 44.500000000000007 41.000000000000007 45.500000000000007
decision_type=2 2 2 2 2 2 2 2 2 2 2 2 2 2 2 1 2 2 1 2 2 2 2 2 2 2 2 2 2 2
left_child=1 16 4 13 11 6 -6 8 9 -8 -11 -3 -7 24 29 -16 17 20 -19 -20 -1 22 -18 -24 25 -4 27 28 -14 -13
right_child=-2 2 3 -5 5 12 7 -9 -10 10 -12 14 26 -15 15 -17 21 18 19 -21 -22 -23 23 -25 -26 -27 -28 -29 -30 -31
leaf_value=1.4058611585162877e-05 -2.7063355082646014e-05 5.6871563796800529e-06 4.6569965446718116e-05 9.074911616507808e-05 1.9993635305008074e-05 6.1876168067971817e-06 0.00022180574402833977 0.00023287619219627232 -6.3812761643045662e-05 0.00011149670713483682 7.1409322117688139e-07 1.6886525566736514e-05 1.6693563854134588e-05 9.3530009717724368e-06 -0.00011031520903502084 9.2117765158642829e-06 3.5346972049410395e-05 -0.0002236207383936523 0.00021910489979200064 -4.1548522252317834e-06 8.0732077351473112e-05 6.8631380224283298e-06 -0.0002117516787360988 -1.4558536165564781e-05 -7.8470736034432783e-05 -3.6066961615475843e-05 -1.4974614588516908e-05 5.7817507900224447e-05 -2.8021602962066288e-05 -1.3763153009208372e-05
leaf_weight=51215 125933 2389 58 59 86071 2374 33 25 37 43 80 26129 25799 3577 22 30 64 37 25 48 114 1582 28 39 40 107 156 229 84 165
leaf_count=51215 125933 2389 58 59 86071 2374 33 25 37 43 80 26129 25799 3577 22 30 64 37 25 48 114 1582 28 39 40 107 156 229 84 165
internal_value=8.37309e-14 1.69849e-05 1.8137e-05 8.98541e-06 1.83816e-05 1.90586e-05 2.01243e-05 7.1706e-05 5.0829e-05 7.80197e-05 3.9443e-05 1.5674e-05 1.5848e-05 7.70988e-06 1.65796e-05 -4.13573e-05 1.37877e-05 1.41181e-05 -2.72343e-05 7.2304e-05 1.42067e-05 3.86624e-06 -3.23254e-05 -9.69676e-05 -2.09607e-05 -7.01883e-06 1.6721e-05 1.69104e-05 1.65484e-05 1.66942e-05
internal_weight=326592 200659 147507 3841 143666 114931 86289 218 193 156 123 28735 28642 3782 26346 52 53152 51439 110 73 51329 1713 131 67 205 165 26268 26112 25883 26294
internal_count=326592 200659 147507 3841 143666 114931 86289 218 193 156 123 28735 28642 3782 26346 52 53152 51439 110 73 51329 1713 131 67 205 165 26268 26112 25883 26294
cat_boundaries=0 1 2
cat_threshold=1 2
is_linear=0
shrinkage=0.05


Tree=137
num_leaves=31
num_cat=1
split_feature=33 12 26 15 15 25 13 25 25 8 12 14 15 6 26 3 8 3 8 12 12 25 15 25 26 19 25 26 4 15
split_gain=0.0541947 0.000266818 0.000122131 9.06005e-05 0.000135312 0.000131828 0.000308635 0.000167139 0.000122728 0.000349373 0.000155962 0.000188258 0.000110197 0.000124409 8.75699e-05 8.38713e-05 0.00018196 7.51264e-05 0.000125821 0.000100596 7.16396e-05 7.14858e-05 6.86781e-05 0.000158116 0.000173536 0.000111892 0.000120118 8.79117e-05 7.76268e-05 6.38547e-05
threshold=1.0000000180025095e-35 0.48890000000000006 7.5000000000000009 1.5000000000000002 4.5000000000000009 3.5000000000000004 2.5000000000000004 4.5000000000000009 3.5000000000000004 85.000000000000014 0.54020000000000012 4.5000000000000009 3.5000000000000004 0 5.5000000000000009 1.5000000000000002 85.000000000000014 1.5000000000000002 85.000000000000014 0.67085000000000006 0.67085000000000006 4.5000000000000009 4.5000000000000009 3.5000000000000004 6.5000000000000009 1.0000000180025095e-35 2.5000000000000004 7.5000000000000009 37.000000000000007 4.5000000000000009
decision_type=2 2 2 2 2 2 2 2 2 2 2 2 2 1 2 2 2 2 2 2 2 2 2 2 2 2 2 2 2 2
left_child=1 22 3 15 5 -5 12 -8 14 10 -10 -12 -7 -14 17 16 21 18 -6 -19 -17 -3 25 -24 -25 -1 -27 -28 -29 -4
right_child=-2 2 29 4 8 6 7 -9 9 -11 11 -13 13 -15 -16 20 -18 19 -20 -21 -22 -23 23 24 -26 26 27 28 -30 -31
leaf_value=1.5477722729603619e-05 -2.5710187037475408e-05 1.5959007004297367e-05 1.2558106571280452e-05 1.903437007008502e-05 1.6056543098604883e-05 5.5743358904503527e-05 7.1912161850680914e-05 0.0002548911693828324 1.3114574122246941e-05 0.00014777054970181781 -0.00021806222056814783 -3.2282850668707398e-05 -0.00012717920250170643 2.4463127451063456e-05 6.8247691692354596e-05 -1.6988139987926975e-05 6.0927386903533701e-05 -2.2199494848424135e-05 5.3631278505134918e-05 1.1280237450284001e-05 1.0591438122641454e-05 -5.0941387380589736e-05 1.0541460976760818e-05 -0.00012638125182619613 -1.1846484687214566e-05 1.0404645883464197e-05 -0.0001214882200916431 -0.00010257379149349975 -6.2142977479328792e-06 -1.0574129012226237e-06
leaf_weight=31892 125933 22904 4249 85193 22715 106 24 26 27 20 30 25 21 38 78 247 226 235 225 4958 5040 40 10436 38 255 10258 21 23 229 1080
leaf_count=31892 125933 22904 4249 85193 22715 106 24 26 27 20 30 25 21 38 78 247 226 235 225 4958 5040 40 10436 38 255 10258 21 23 229 1080
internal_value=1.3772e-13 1.61356e-05 1.72301e-05 1.75086e-05 1.814e-05 1.91331e-05 5.82358e-05 0.000167061 1.51445e-05 -3.96023e-05 -8.5303e-05 -0.000133617 2.52584e-05 -2.95113e-05 1.53424e-05 1.49855e-05 1.62821e-05 1.51957e-05 1.64251e-05 9.76517e-06 9.30297e-06 1.58424e-05 1.30983e-05 9.52441e-06 -2.67008e-05 1.40021e-05 9.5335e-06 -2.31997e-05 -1.5009e-05 9.79872e-06
internal_weight=326592 200659 147507 142178 113721 85408 215 50 28313 102 82 55 165 59 28211 28457 23170 28133 22940 5193 5287 22944 53152 10729 293 42423 10531 273 252 5329
internal_count=326592 200659 147507 142178 113721 85408 215 50 28313 102 82 55 165 59 28211 28457 23170 28133 22940 5193 5287 22944 53152 10729 293 42423 10531 273 252 5329
cat_boundaries=0 1
cat_threshold=2
is_linear=0
shrinkage=0.05


Tree=138
num_leaves=31
num_cat=1
split_feature=33 12 24 25 11 11 15 15 24 11 24 15 24 26 15 25 24 14 27 26 6 14 14 15 26 11 3 15 15 13
split_gain=0.0489107 0.000240803 0.000110952 0.000198819 0.000140494 8.76377e-05 8.0203e-05 0.000187584 8.87762e-05 7.04026e-05 6.83881e-05 6.1982e-05 0.000147979 0.000200364 0.000100983 0.000108406 9.55852e-05 0.000161312 6.56126e-05 0.000182675 0.000210599 0.000472312 0.000134159 8.58344e-05 6.0032e-05 5.99748e-05 6.64159e-05 7.04379e-05 7.6625e-05 6.09673e-05
threshold=1.0000000180025095e-35 0.48890000000000006 3.5000000000000004 3.5000000000000004 41.000000000000007 6.5000000000000009 2.5000000000000004 1.5000000000000002 4.5000000000000009 8.5000000000000018 4.5000000000000009 4.5000000000000009 1.5000000000000002 6.5000000000000009 1.5000000000000002 2.5000000000000004 4.5000000000000009 3.5000000000000004 22.500000000000004 7.5000000000000009 0 3.5000000000000004 4.5000000000000009 2.5000000000000004 34.000000000000007 44.500000000000007 1.5000000000000002 1.5000000000000002 4.5000000000000009 4.5000000000000009
decision_type=2 2 2 2 2 2 2 2 2 2 2 2 2 2 2 2 2 2 2 2 1 2 2 2 2 2 2 2 2 2
left_child=1 11 5 -4 6 -3 7 8 -5 -10 -8 14 -13 -14 15 -1 17 -17 24 20 22 -22 -20 -21 -16 29 27 -27 -29 -7
right_child=-2 2 3 4 -6 25 10 -9 9 -11 -12 12 13 -15 18 16 -18 -19 19 23 21 -23 -24 -25 -26 26 -28 28 -30 -31
leaf_value=9.8844134703491543e-06 -2.4424676666967571e-05 1.2223410321546866e-05 -0.00014925351642887109 -8.7035847687290922e-05 8.5363586876448645e-05 2.2443128380395275e-05 -3.3548285001905666e-05 3.4086798569399747e-05 -4.6584721256756407e-05 7.2576319181804601e-06 3.8060736587760836e-06 1.0045822988151463e-05 -0.00013283492949803507 -1.000813269487681e-05 1.4425501100074937e-05 -9.9576891255404416e-06 -8.2022190550138221e-06 -0.00019453888467978685 -5.6474347343282719e-05 4.3637310451114505e-05 0.00032745585979326912 5.1887506409305697e-05 8.3332703876737001e-05 5.4117085031369545e-06 -4.0961247622344304e-05 5.8318240853182416e-05 1.4772964740228473e-05 1.892605633693586e-05 5.2292830504956927e-05 1.6605090721058132e-05
leaf_weight=10258 125933 10627 20 29 59 4636 130 757 67 647 2132 10428 38 263 31035 29 224 20 32 218 23 48 37 450 49 227 825 692 229 126430
leaf_count=10258 125933 10627 20 29 59 4636 130 757 67 647 2132 10428 38 263 31035 29 224 20 32 218 23 48 37 450 49 227 825 692 229 126430
internal_value=5.53843e-13 1.53289e-05 1.63686e-05 7.98199e-06 8.805e-06 1.65928e-05 7.60432e-06 1.65695e-05 -1.27797e-06 2.2052e-06 1.65927e-06 1.24434e-05 9.04818e-06 -2.55145e-05 1.3302e-05 9.05683e-06 -2.20397e-05 -8.5297e-05 1.47038e-05 2.87703e-05 8.07015e-05 0.000141156 1.84947e-05 1.78865e-05 1.43382e-05 1.69418e-05 2.55944e-05 3.33712e-05 2.72225e-05 1.68116e-05
internal_weight=326592 200659 147507 3841 3821 143666 3762 1500 743 714 2262 53152 10729 301 42423 10531 273 49 31892 808 140 71 69 668 31084 133039 1973 1148 921 131066
internal_count=326592 200659 147507 3841 3821 143666 3762 1500 743 714 2262 53152 10729 301 42423 10531 273 49 31892 808 140 71 69 668 31084 133039 1973 1148 921 131066
cat_boundaries=0 1
cat_threshold=2
is_linear=0
shrinkage=0.05


Tree=139
num_leaves=31
num_cat=1
split_feature=33 15 15 25 25 26 24 7 13 11 4 25 25 24 26 24 27 26 27 6 24 24 25 13 15 26 26 25 15 24
split_gain=0.0441419 0.000157256 0.000252825 0.000283134 0.000192967 0.000272522 0.000201473 0.000183735 0.000996581 0.000169166 0.000111434 9.28373e-05 8.85904e-05 0.000252396 8.67501e-05 0.000133655 7.58274e-05 0.00016328 0.000128432 0.000272058 0.000221027 0.000495337 0.000219886 0.000219834 0.000254637 0.000110749 9.15613e-05 0.00042367 8.90645e-05 0.000166056
threshold=1.0000000180025095e-35 1.5000000000000002 4.5000000000000009 3.5000000000000004 2.5000000000000004 6.5000000000000009 4.5000000000000009 11.000000000000002 1.5000000000000002 8.5000000000000018 37.000000000000007 3.5000000000000004 4.5000000000000009 1.5000000000000002 7.5000000000000009 4.5000000000000009 18.500000000000004 7.5000000000000009 26.500000000000004 0 1.5000000000000002 3.5000000000000004 1.5000000000000002 1.5000000000000002 3.5000000000000004 6.5000000000000009 34.000000000000007 4.5000000000000009 2.5000000000000004 3.5000000000000004
decision_type=2 2 2 2 2 2 2 2 2 2 2 2 2 2 2 2 2 2 2 1 2 2 2 2 2 2 2 2 2 2
left_child=1 4 16 -4 -1 6 -6 8 -5 -9 -7 -12 -11 -14 -13 -16 26 18 -18 20 -20 -22 -21 24 -24 -25 -3 -28 -19 -30
right_child=-2 2 3 7 5 10 -8 9 -10 12 11 14 13 -15 15 -17 17 28 19 22 21 -23 23 25 -26 -27 27 -29 29 -31
leaf_value=1.2344770313209801e-05 -2.3203443561214954e-05 1.6177856509316987e-05 1.2543572444542032e-05 -0.00039323584722296802 -0.00020446109294425697 -8.5971085312709107e-05 -1.6194349774633774e-05 -7.2896587696638616e-05 -1.0577503184194619e-05 -6.3931364798918363e-05 0.00010419076341869576 9.8499586844506373e-05 0.00016794095730722841 9.2221693278139231e-08 -6.4109991903130913e-05 1.5234576283068812e-06 2.7390312818255817e-05 2.7943721496114765e-05 2.0698920083564839e-05 0.00017127475165762008 0.00036672402003949341 9.7313034960902061e-05 2.8045569716424153e-05 2.1479383221736586e-05 -0.00016622342910493665 0.00011315127892885357 -0.00021927486953285079 3.0417073408338744e-05 3.1557693144162025e-05 3.2139057550457686e-06
leaf_weight=38920 125933 115200 38976 20 30 39 27 85 114 50 21 21 23 854 85 887 1103 1191 42 25 22 76 37 123 31 45 23 65 725 1799
leaf_count=38920 125933 115200 38976 20 30 39 27 85 114 50 21 21 23 854 85 887 1103 1191 42 25 22 76 37 123 31 45 23 65 725 1799
internal_value=5.02287e-14 1.45624e-05 1.52612e-05 1.18233e-05 1.17585e-05 -8.79775e-06 -0.000115282 -1.26718e-05 -6.76907e-05 -5.38674e-06 -3.03363e-06 1.56267e-07 8.03486e-07 4.49418e-06 -2.04386e-06 -4.21609e-06 1.64058e-05 2.23007e-05 3.62001e-05 6.04326e-05 0.000116665 0.000157793 3.02697e-05 1.53328e-05 -6.05182e-05 4.60344e-05 1.61389e-05 -3.48433e-05 1.66735e-05 1.13554e-05
internal_weight=326592 200659 160629 40122 40030 1110 57 1146 134 1012 1053 1014 927 877 993 972 120507 5219 1504 401 140 98 261 236 68 168 115288 88 3715 2524
internal_count=326592 200659 160629 40122 40030 1110 57 1146 134 1012 1053 1014 927 877 993 972 120507 5219 1504 401 140 98 261 236 68 168 115288 88 3715 2524
cat_boundaries=0 1
cat_threshold=1
is_linear=0
shrinkage=0.05


Tree=140
num_leaves=31
num_cat=0
split_feature=33 12 11 15 15 26 26 26 24 11 13 25 24 24 13 7 26 13 26 24 26 24 26 25 3 15 15 15 15 15
split_gain=0.0398381 0.000217755 9.83524e-05 8.26253e-05 0.00013609 0.000150573 0.000120306 0.000108469 9.33039e-05 7.86536e-05 0.000128707 7.16827e-05 0.000179601 0.000176976 0.000102247 8.23869e-05 0.000370968 0.000557051 0.000178448 0.000389399 0.000241602 9.63631e-05 9.16039e-05 6.2546e-05 6.17895e-05 7.7831e-05 9.8682e-05 8.57145e-05 6.69992e-05 7.09771e-05
threshold=1.0000000180025095e-35 0.48890000000000006 8.5000000000000018 1.5000000000000002 2.5000000000000004 3.0000000000000004 8.5000000000000018 5.5000000000000009 4.5000000000000009 44.500000000000007 3.5000000000000004 3.5000000000000004 3.5000000000000004 2.5000000000000004 1.5000000000000002 11.000000000000002 9.5000000000000018 1.5000000000000002 7.5000000000000009 3.5000000000000004 5.5000000000000009 2.5000000000000004 4.5000000000000009 3.5000000000000004 1.5000000000000002 4.5000000000000009 1.5000000000000002 2.5000000000000004 1.5000000000000002 4.5000000000000009
decision_type=2 2 2 2 2 2 2 2 2 2 2 2 2 2 2 2 2 2 2 2 2 2 2 2 2 2 2 2 2 2
left_child=1 -1 3 7 5 -5 23 -3 -7 11 -11 12 13 14 -4 16 17 -13 19 20 -17 -20 -21 -6 28 26 -26 -28 -12 -30
right_child=-2 2 9 4 6 8 -8 -9 -10 10 24 15 -14 -15 -16 18 -18 -19 21 22 -22 -23 -24 -25 25 -27 27 -29 29 -31
leaf_value=1.1090371951766124e-05 -2.2043271746952088e-05 4.6999402787376195e-06 9.4190553967032095e-05 2.0092217395524973e-05 1.0872976167820825e-05 0.00012748651568918437 -2.0941373309041948e-05 -4.4235083746074256e-05 3.6794407060369855e-05 0.0001026464097286897 5.4785088325198329e-05 -0.00025376610719831663 -0.00013456379965646193 0.00010577969391036918 1.5218679246399633e-05 4.3168736738152802e-05 9.0830762842784132e-06 4.359016334741942e-05 -5.3896606329674667e-05 -5.5900135479792624e-05 0.00025036861668066947 8.5809190597363512e-06 3.3063075778285087e-05 -5.9190519823459912e-05 -1.3608335447674054e-05 -1.9292951877175186e-05 5.996498961577512e-05 1.6244647102556319e-05 1.6456141172017418e-05 4.8634100306101081e-05
leaf_weight=53152 125933 2340 41 2307 6954 53 317 119 61 52 227 36 20 54 129476 24 296 28 63 35 34 3030 167 32 165 156 169 333 690 228
leaf_count=53152 125933 2340 41 2307 6954 53 317 119 61 52 227 36 20 54 129476 24 296 28 63 35 34 3030 167 32 165 156 169 333 690 228
internal_value=-1.1152e-13 1.38343e-05 1.4823e-05 1.05201e-05 1.25907e-05 2.28641e-05 9.18501e-06 2.3318e-06 7.89583e-05 1.52104e-05 2.50028e-05 1.5062e-05 1.52583e-05 1.52814e-05 1.52437e-05 8.21219e-06 -1.4518e-05 -0.000123673 1.06526e-05 5.0437e-05 0.000164631 7.30834e-06 1.76487e-05 1.0552e-05 2.29512e-05 1.25012e-05 1.99373e-05 3.09632e-05 3.04625e-05 2.44481e-05
internal_weight=326592 200659 147507 12183 9724 2421 7303 2459 114 135324 2020 133304 129591 129571 129517 3713 360 64 3353 260 58 3093 202 6986 1968 823 667 502 1145 918
internal_count=326592 200659 147507 12183 9724 2421 7303 2459 114 135324 2020 133304 129591 129571 129517 3713 360 64 3353 260 58 3093 202 6986 1968 823 667 502 1145 918
is_linear=0
shrinkage=0.05


Tree=141
num_leaves=31
num_cat=2
split_feature=33 12 19 18 25 11 7 0 25 24 25 24 6 3 8 11 11 24 3 8 11 16 3 11 18 25 26 19 25 24
split_gain=0.0359539 0.000196524 9.17965e-05 0.000143197 0.000137543 0.000134171 0.00011878 0.000178998 9.60632e-05 0.000153039 9.28127e-05 0.000159438 8.63374e-05 7.51573e-05 0.00013768 7.25871e-05 6.85049e-05 0.000185044 6.43373e-05 9.90593e-05 9.0227e-05 6.24762e-05 9.20173e-05 5.74669e-05 5.16041e-05 0.000129838 0.000275166 8.32695e-05 8.99955e-05 8.18078e-05
threshold=1.0000000180025095e-35 0.48890000000000006 1.0000000180025095e-35 1.0000000180025095e-35 3.5000000000000004 8.5000000000000018 11.000000000000002 0 4.5000000000000009 4.5000000000000009 4.5000000000000009 2.5000000000000004 1 1.5000000000000002 85.000000000000014 41.000000000000007 41.000000000000007 2.5000000000000004 1.5000000000000002 85.000000000000014 41.000000000000007 1.0000000180025095e-35 1.5000000000000002 8.5000000000000018 1.0000000180025095e-35 4.5000000000000009 7.5000000000000009 1.0000000180025095e-35 2.5000000000000004 4.5000000000000009
decision_type=2 2 2 2 2 2 2 1 2 2 2 2 1 2 2 2 2 2 2 2 2 2 2 2 2 2 2 2 2 2
left_child=1 24 3 16 18 -6 7 -7 13 12 -8 -12 -10 14 -4 -15 -3 21 19 -5 -20 -18 -23 -11 27 -26 -27 -1 -29 -30
right_child=-2 2 8 4 5 6 10 -9 9 23 11 -13 -14 15 -16 -17 17 -19 20 -21 -22 22 -24 -25 25 26 -28 28 29 -31
leaf_value=1.2592274321892293e-05 -2.0941108232364058e-05 1.5527557321787586e-05 1.2915085567764009e-05 1.3082290126688036e-05 -6.7323670359021283e-05 -3.297694363861107e-06 -7.681398066889609e-05 -0.00016422200717864112 -2.1356864821831956e-05 -4.2067014190034749e-05 0.00010994895309940567 3.1141843549674001e-06 -0.00012231530312419638 8.0194899820878512e-06 5.2045835674399851e-05 -1.9623706056843944e-05 1.5997433445720806e-05 0.00013245973097582466 8.715357745660678e-06 4.6202396588980042e-05 -2.2847960135243236e-05 1.5298253279540622e-05 5.889674541947668e-05 6.5398376180439588e-06 8.3182934454580664e-06 -0.00019634316664781759 -1.1775528900386227e-05 8.2184357641311712e-06 -7.9389832505828009e-05 -8.0673381583145393e-06
leaf_weight=31892 125933 87137 23081 23004 86 48 33 27 45 67 37 622 40 5132 227 249 953 40 5071 228 237 232 253 658 10461 22 246 10258 49 224
leaf_count=31892 125933 87137 23081 23004 86 48 33 27 45 67 37 622 40 5132 227 249 953 40 5071 228 237 232 253 658 10461 22 246 10258 49 224
internal_value=1.66091e-13 1.31426e-05 1.40819e-05 1.47055e-05 1.16813e-05 -8.10299e-06 -1.46286e-06 -6.12304e-05 1.15871e-05 -5.39376e-06 5.01484e-06 9.11249e-06 -6.88667e-05 1.20665e-05 1.32962e-05 6.74033e-06 1.57086e-05 2.6383e-05 1.22726e-05 1.34073e-05 7.30607e-06 2.34323e-05 3.80414e-05 2.04789e-06 1.05359e-05 7.43791e-06 -2.69266e-05 1.13193e-05 7.46439e-06 -2.08688e-05
internal_weight=326592 200659 147507 118008 29393 853 767 75 29499 810 692 659 85 28689 23308 5381 88615 1478 28540 23232 5308 1438 485 725 53152 10729 268 42423 10531 273
internal_count=326592 200659 147507 118008 29393 853 767 75 29499 810 692 659 85 28689 23308 5381 88615 1478 28540 23232 5308 1438 485 725 53152 10729 268 42423 10531 273
cat_boundaries=0 1 2
cat_threshold=1 4
is_linear=0
shrinkage=0.05


Tree=142
num_leaves=31
num_cat=1
split_feature=33 12 11 15 25 15 26 11 13 15 26 24 26 26 3 15 15 15 15 15 26 14 14 15 27 6 15 13 26 27
split_gain=0.0324484 0.000177363 8.38722e-05 6.96185e-05 0.000154436 0.000116384 9.12746e-05 6.47745e-05 0.000107522 6.07647e-05 0.000135892 8.42068e-05 5.98904e-05 5.78292e-05 4.97759e-05 6.26216e-05 7.88419e-05 6.95737e-05 5.45906e-05 5.7837e-05 4.69571e-05 6.66314e-05 0.000315189 4.5945e-05 0.000117901 0.000211324 7.15736e-05 8.99567e-05 0.00010332 7.10732e-05
threshold=1.0000000180025095e-35 0.48890000000000006 8.5000000000000018 4.5000000000000009 3.5000000000000004 1.5000000000000002 5.5000000000000009 44.500000000000007 3.5000000000000004 2.5000000000000004 3.0000000000000004 4.5000000000000009 14.000000000000002 22.500000000000004 1.5000000000000002 4.5000000000000009 1.5000000000000002 2.5000000000000004 1.5000000000000002 4.5000000000000009 34.000000000000007 2.5000000000000004 3.5000000000000004 4.5000000000000009 34.000000000000007 0 1.5000000000000002 1.5000000000000002 26.500000000000004 26.500000000000004
decision_type=2 2 2 2 2 2 2 2 2 2 2 2 2 2 2 2 2 2 2 2 2 2 2 2 2 1 2 2 2 2
left_child=1 20 3 5 -5 6 -3 12 13 10 -7 -12 -4 -9 18 16 -16 -18 -10 -20 23 -22 -23 26 -25 -26 27 28 -1 -28
right_child=-2 2 7 4 -6 9 -8 8 14 -11 11 -13 -14 -15 15 -17 17 -19 19 -21 21 22 -24 24 25 -27 29 -29 -30 -31
leaf_value=-0.00014026994425132049 -1.9894052820745858e-05 4.0639685679567411e-06 1.3779325810632266e-05 4.2576159629741021e-06 -6.3957486299630038e-05 1.8311228810421603e-05 -4.0825333252075684e-05 0.00015054150264101434 4.9443540111028216e-05 1.1249229339867405e-05 0.00012033581074748963 3.4178308016605308e-05 7.3074098169272636e-06 4.477197484058187e-05 -1.194673304615373e-05 -1.7151312260046744e-05 5.4021905700382703e-05 1.4632542221002874e-05 1.484521695048265e-05 4.389227450653715e-05 2.4198214568968981e-05 -0.00016005968392770835 2.4723860249274557e-06 7.7947133543865664e-06 -0.00018893937187385747 -1.3283235910253214e-05 1.1740801949161721e-05 7.6226254108786189e-06 -1.991359521135954e-06 3.0309244673927973e-05
leaf_weight=22 125933 2340 129628 2356 86 2307 119 24 227 4861 53 61 3676 28 165 156 169 333 690 228 100 36 174 10523 20 119 31186 10413 35 524
leaf_count=22 125933 2340 129628 2356 86 2307 119 24 227 4861 53 61 3676 28 165 156 169 333 690 228 100 36 174 10523 20 119 31186 10413 35 524
internal_value=1.27333e-13 1.24854e-05 1.33778e-05 9.40419e-06 1.85528e-06 1.12966e-05 1.89161e-06 1.37355e-05 2.2622e-05 1.44726e-05 2.09445e-05 7.4234e-05 1.36009e-05 9.35887e-05 2.07469e-05 1.13676e-05 1.80377e-05 2.78931e-05 2.74885e-05 2.20595e-05 1.00091e-05 -9.39397e-06 -2.53903e-05 1.01229e-05 7.19042e-06 -3.85575e-05 1.08641e-05 7.27973e-06 -5.5362e-05 1.20476e-05
internal_weight=326592 200659 147507 12183 2442 9741 2459 135324 2020 7282 2421 114 133304 52 1968 823 667 502 1145 918 53152 310 210 52842 10662 139 42180 10470 57 31710
internal_count=326592 200659 147507 12183 2442 9741 2459 135324 2020 7282 2421 114 133304 52 1968 823 667 502 1145 918 53152 310 210 52842 10662 139 42180 10470 57 31710
cat_boundaries=0 1
cat_threshold=2
is_linear=0
shrinkage=0.05


Tree=143
num_leaves=31
num_cat=1
split_feature=33 12 15 15 24 13 11 26 7 24 11 3 8 11 11 24 15 3 24 26 13 14 26 24 27 14 24 6 15 15
split_gain=0.0292847 0.00016007 8.0793e-05 0.000125701 9.80773e-05 0.000179993 7.88355e-05 8.23753e-05 7.72491e-05 0.00027161 6.26073e-05 5.88951e-05 8.16959e-05 7.07637e-05 5.7738e-05 0.000158953 5.2734e-05 7.79264e-05 4.59301e-05 4.51709e-05 0.000130071 0.000806931 0.000235758 0.000198716 5.48322e-05 0.000161815 0.000280322 4.89705e-05 3.7534e-05 7.48291e-05
threshold=1.0000000180025095e-35 0.48890000000000006 1.5000000000000002 4.5000000000000009 1.5000000000000002 1.5000000000000002 8.5000000000000018 5.5000000000000009 11.000000000000002 4.5000000000000009 8.5000000000000018 1.5000000000000002 85.000000000000014 41.000000000000007 41.000000000000007 2.5000000000000004 2.5000000000000004 1.5000000000000002 1.0000000180025095e-35 7.5000000000000009 1.5000000000000002 6.5000000000000009 5.5000000000000009 1.5000000000000002 21.500000000000004 2.5000000000000004 4.5000000000000009 0 2.5000000000000004 1.5000000000000002
decision_type=2 2 2 2 2 2 2 2 2 2 2 2 2 2 2 2 2 2 2 2 2 2 2 2 2 2 2 1 2 2
left_child=1 19 6 14 5 -5 7 -3 9 -6 -10 12 -7 -13 -4 16 17 -16 -8 20 21 -1 -22 -24 25 -21 -27 -23 29 -26
right_child=-2 2 3 4 8 11 18 -9 10 -11 -12 13 -14 -15 15 -17 -18 -19 -20 24 22 27 23 -25 28 26 -28 -29 -30 -31
leaf_value=-0.00031990351133225932 -1.8899350834544748e-05 3.8607702723140367e-06 1.4067564696124572e-05 0.00013545763975908529 -0.00019821066007105639 1.1619862625244068e-05 1.1506321275711467e-05 -3.8784066486141076e-05 -4.4795096141266796e-05 4.8412714461627384e-06 3.337487523101162e-06 7.3291936955885538e-06 4.1697662233848844e-05 -2.0566596039384995e-05 1.3791080835227181e-05 0.00012234769663336921 1.4468076532478918e-05 5.3912747122235546e-05 -6.9986954774095131e-07 2.8246668687720654e-05 9.6993036167769664e-06 0.00010059223356868395 3.9972800674149773e-05 0.0001783992674401296 -1.8024417963365873e-06 -1.9035500131495713e-05 -0.00017941399334132815 5.9055576760632302e-06 -3.0395847600752251e-07 3.6431882036263158e-05
leaf_weight=21 125933 2340 87137 29 23 22986 26246 119 75 58 681 5075 228 238 232 40 953 253 794 141 51225 22 100 35 260 225 31 36 804 252
leaf_count=21 125933 2340 87137 29 23 22986 26246 119 75 58 681 5075 228 238 232 40 953 253 794 141 51225 22 100 35 260 225 31 36 804 252
internal_value=-1.37974e-13 1.18612e-05 1.27089e-05 1.32939e-05 1.04605e-05 1.0955e-05 1.03684e-05 1.79703e-06 -6.40962e-06 -5.28154e-05 -1.43757e-06 1.08284e-05 1.19153e-05 6.07958e-06 1.42338e-05 2.40335e-05 2.12987e-05 3.47205e-05 1.11479e-05 9.50861e-06 9.7746e-06 -5.43335e-05 9.87321e-06 7.58611e-05 1.52118e-06 -1.47658e-05 -3.84563e-05 4.18212e-05 6.43451e-06 1.7016e-05
internal_weight=326592 200659 147507 118008 29393 28556 29499 2459 837 81 756 28527 23214 5313 88615 1478 1438 485 27040 53152 51439 79 51360 135 1713 397 256 58 1316 512
internal_count=326592 200659 147507 118008 29393 28556 29499 2459 837 81 756 28527 23214 5313 88615 1478 1438 485 27040 53152 51439 79 51360 135 1713 397 256 58 1316 512
cat_boundaries=0 1
cat_threshold=2
is_linear=0
shrinkage=0.05


Tree=144
num_leaves=31
num_cat=1
split_feature=33 12 15 15 24 13 11 26 7 24 11 11 11 24 15 3 15 24 26 15 24 24 27 26 14 6 15 26 24 13
split_gain=0.0264294 0.000144463 7.29157e-05 0.000113445 8.85148e-05 0.000162444 7.11491e-05 7.43437e-05 6.97173e-05 0.000245128 5.65031e-05 5.5405e-05 5.21085e-05 0.000143455 4.75925e-05 7.03286e-05 4.20276e-05 0.000105032 0.000165602 6.75986e-05 7.2993e-05 0.000122952 5.23182e-05 9.29626e-05 0.000241124 0.000366872 7.31332e-05 5.29699e-05 5.28063e-05 4.31216e-05
threshold=1.0000000180025095e-35 0.48890000000000006 1.5000000000000002 4.5000000000000009 1.5000000000000002 1.5000000000000002 8.5000000000000018 5.5000000000000009 11.000000000000002 4.5000000000000009 8.5000000000000018 8.5000000000000018 41.000000000000007 2.5000000000000004 2.5000000000000004 1.5000000000000002 4.5000000000000009 1.5000000000000002 6.5000000000000009 1.5000000000000002 2.5000000000000004 4.5000000000000009 20.500000000000004 7.5000000000000009 3.5000000000000004 0 2.5000000000000004 5.5000000000000009 2.5000000000000004 2.5000000000000004
decision_type=2 2 2 2 2 2 2 2 2 2 2 2 2 2 2 2 2 2 2 2 2 2 2 2 2 1 2 2 2 2
left_child=1 16 6 12 5 -5 7 -3 9 -6 -10 -7 -4 14 15 -14 19 -18 -19 20 -1 -22 29 24 25 -24 28 -26 -25 -21
right_child=-2 2 3 4 8 11 -8 -9 10 -11 -12 -13 13 -15 -16 -17 17 18 -20 22 21 -23 23 26 27 -27 -28 -29 -30 -31
leaf_value=6.9226647113545564e-06 -1.7954382929019631e-05 3.6677318346333686e-06 1.3364186255085251e-05 0.00012868475269301442 -0.00018830011262173724 2.9530564468241812e-06 1.0590505105109125e-05 -3.6844863062783175e-05 -4.2555341994557241e-05 4.5992077879230333e-06 3.1706130311558085e-06 1.0949047016227953e-05 1.3101526690598834e-05 0.00011623031336057467 1.3744672924362746e-05 5.1217109599970234e-05 7.0779182327319158e-06 -0.00012044857959201756 -8.783758230043263e-06 -3.6383959867430812e-05 -0.00011348582520440687 -7.242367455465424e-06 2.1747530341339631e-05 -7.5571944821164047e-06 3.1880711528091606e-05 0.00029125402620791091 2.2105273458757142e-06 -4.557404172373936e-05 4.4686079484315341e-05 1.0558595719569578e-05
leaf_weight=10276 125933 2340 87137 29 23 2362 27040 119 75 58 681 26165 232 40 953 253 10428 38 263 49 31 224 28 62 275 23 586 24 220 30625
leaf_count=10276 125933 2340 87137 29 23 2362 27040 119 75 58 681 26165 232 40 953 253 10428 38 263 49 31 224 28 62 275 23 586 24 220 30625
internal_value=-1.67162e-14 1.12681e-05 1.20734e-05 1.26293e-05 9.93747e-06 1.04072e-05 9.85e-06 1.70718e-06 -6.08914e-06 -5.01747e-05 -1.36569e-06 1.0287e-05 1.35221e-05 2.28318e-05 2.02338e-05 3.29845e-05 9.03318e-06 6.23743e-06 -2.2881e-05 9.74024e-06 6.26692e-06 -2.01582e-05 1.08872e-05 2.105e-05 4.28034e-05 0.00014329 1.22785e-05 2.56636e-05 3.32e-05 1.04836e-05
internal_weight=326592 200659 147507 118008 29393 28556 29499 2459 837 81 756 28527 88615 1478 1438 485 53152 10729 301 42423 10531 255 31892 1218 350 51 868 299 282 30674
internal_count=326592 200659 147507 118008 29393 28556 29499 2459 837 81 756 28527 88615 1478 1438 485 53152 10729 301 42423 10531 255 31892 1218 350 51 868 299 282 30674
cat_boundaries=0 1
cat_threshold=2
is_linear=0
shrinkage=0.05


Tree=145
num_leaves=31
num_cat=1
split_feature=11 22 23 26 26 14 27 14 0 15 3 27 25 4 25 21 13 11 15 15 15 25 11 24 24 11 25 25 15 27
split_gain=0.0132818 0.00923457 0.00122355 0.000149347 0.000191357 0.000176871 0.000146722 0.0011348 0.00164296 0.000330399 0.000287393 0.000243848 0.000168139 0.000119979 0.000154807 0.000520568 9.7396e-05 9.29247e-05 7.54959e-05 6.58602e-05 9.29535e-05 0.000100081 0.000120376 8.6125e-05 0.000223632 0.000116832 6.06511e-05 5.25241e-05 0.000117202 6.70035e-05
threshold=-1.0000000180025095e-35 1.0000000180025095e-35 1.0000000180025095e-35 7.5000000000000009 6.5000000000000009 1.5000000000000002 34.000000000000007 4.5000000000000009 0 1.5000000000000002 1.5000000000000002 26.500000000000004 4.5000000000000009 37.000000000000007 3.5000000000000004 1.0000000180025095e-35 2.5000000000000004 41.000000000000007 4.5000000000000009 1.5000000000000002 2.5000000000000004 1.5000000000000002 8.5000000000000018 3.5000000000000004 2.5000000000000004 6.5000000000000009 4.5000000000000009 3.5000000000000004 4.5000000000000009 1.0000000180025095e-35
decision_type=2 2 2 2 2 2 2 2 1 2 2 2 2 2 2 2 2 2 2 2 2 2 2 2 2 2 2 2 2 2
left_child=-1 2 3 4 6 -6 11 8 -8 -9 -11 17 16 14 15 -5 -13 27 19 -15 21 22 -21 24 25 -22 -23 29 -29 -2
right_child=1 -3 -4 13 5 -7 7 9 -10 10 -12 12 -14 18 -16 -17 -18 -19 -20 20 23 26 -24 -25 -26 -27 -28 28 -30 -31
leaf_value=-1.7056663637049496e-05 1.1396172512339914e-05 -1.7056663637049496e-05 -1.7056663637049496e-05 -0.00023272746715092044 4.3321307228844877e-05 0.00021347427363729195 4.8513013862248048e-05 -0.00013274338879537854 -0.00059237692621536562 1.3709128791348084e-05 0.0001780215632489642 0.00011728863886673936 0.00018560616742394379 -1.7344489766790071e-06 8.8429168268654351e-06 -1.7056663637049496e-05 3.3066256407835697e-05 9.1020075443946611e-06 -5.005642453699599e-06 7.6559380977414557e-05 -4.9754535034597401e-05 0.00010159706921669945 -9.4755272854984348e-06 -4.9942123920752974e-07 7.9706695138643627e-05 1.4474839104519796e-05 2.8172058462142314e-05 2.8134582044003766e-05 -0.00012010614251873147 1.8434222443156173e-05
leaf_weight=84576 135869 36927 4064 34 56 21 20 33 20 188 31 40 23 1366 185 158 242 53565 1450 46 78 29 350 1873 127 767 932 30 24 3468
leaf_count=84576 135869 36927 4064 34 56 21 20 33 20 188 31 40 23 1366 185 158 242 53565 1450 46 78 29 350 1873 127 767 932 30 24 3468
internal_value=1.04249e-14 5.9607e-06 1.01051e-05 1.06542e-05 1.09205e-05 8.97267e-05 1.08892e-05 -2.45268e-05 -0.000271932 1.47439e-05 3.6968e-05 1.09427e-05 5.56148e-05 3.68052e-06 -2.37977e-05 -5.52484e-05 4.50127e-05 1.0872e-05 5.15663e-06 7.80305e-06 1.09035e-05 2.16713e-05 5.18427e-07 5.76755e-06 1.78437e-05 8.54597e-06 3.03878e-05 1.15522e-05 -3.77502e-05 1.15713e-05
internal_weight=326592 242016 205089 201025 193630 77 193553 292 40 252 219 193261 305 7395 377 192 282 192956 7018 5568 4202 1357 396 2845 972 845 961 139391 54 139337
internal_count=326592 242016 205089 201025 193630 77 193553 292 40 252 219 193261 305 7395 377 192 282 192956 7018 5568 4202 1357 396 2845 972 845 961 139391 54 139337
cat_boundaries=0 1
cat_threshold=1
is_linear=0
shrinkage=0.05


Tree=146
num_leaves=31
num_cat=1
split_feature=33 12 15 15 25 25 24 24 25 24 6 11 3 8 11 11 24 3 8 11 15 3 27 15 27 24 15 25 24 14
split_gain=0.0215306 0.000120136 6.48558e-05 0.000100402 9.36281e-05 0.000101288 0.000141008 0.000182013 6.73324e-05 0.000143643 7.32827e-05 6.19927e-05 5.41373e-05 0.00011336 6.38229e-05 4.81634e-05 0.000127543 4.41618e-05 7.37385e-05 7.03574e-05 4.30426e-05 6.34665e-05 3.85269e-05 3.75197e-05 9.36087e-05 0.0001943 6.02855e-05 6.21508e-05 6.76489e-05 0.000126153
threshold=1.0000000180025095e-35 0.48890000000000006 1.5000000000000002 4.5000000000000009 3.5000000000000004 4.5000000000000009 1.5000000000000002 2.5000000000000004 4.5000000000000009 4.5000000000000009 0 8.5000000000000018 1.5000000000000002 85.000000000000014 41.000000000000007 41.000000000000007 2.5000000000000004 1.5000000000000002 85.000000000000014 41.000000000000007 2.5000000000000004 1.5000000000000002 21.500000000000004 4.5000000000000009 34.000000000000007 4.5000000000000009 1.5000000000000002 2.5000000000000004 4.5000000000000009 3.5000000000000004
decision_type=2 2 2 2 2 2 2 2 2 2 1 2 2 2 2 2 2 2 2 2 2 2 2 2 2 2 2 2 2 2
left_child=1 23 8 15 17 -6 -7 -8 12 10 -10 -9 13 22 -14 -4 20 18 -5 -19 21 -17 -3 26 -25 -26 27 -1 29 -29
right_child=-2 2 3 4 5 6 7 11 9 -11 -12 -13 14 -15 -16 16 -18 19 -20 -21 -22 -23 -24 24 25 -27 -28 28 -30 -31
leaf_value=6.1468907903460682e-06 -1.6205216167058952e-05 9.7903395363075165e-06 1.2117064841118969e-05 1.0044175425774831e-05 -7.6473830460599862e-05 0.00012473070417486486 -0.00012947880948496309 -4.7360595058040312e-05 -2.3131495890993395e-05 1.8008511264003479e-06 -0.00011614455317612739 2.6933331085201379e-06 5.888174406185753e-06 4.5413809501779336e-05 -2.0032531420403837e-05 1.2007364521509615e-05 0.00010928571617114358 6.5142034842679535e-06 3.861950729818394e-05 -2.1357879597440222e-05 1.2598392362269043e-05 4.8215741831763415e-05 4.5684841616700097e-05 6.1227990460555114e-06 -0.00016214323873668947 -1.0110761919220739e-05 9.8834261429409573e-06 -4.6168004387411586e-06 -6.3841892694784158e-06 -0.00016784759115580529
leaf_weight=10258 125933 23006 87137 23004 50 21 29 68 45 725 40 685 5132 227 249 232 40 5071 228 237 953 253 75 10536 24 169 31892 29 224 20
leaf_count=10258 125933 23006 87137 23004 50 21 29 68 45 725 40 685 5132 227 249 232 40 5071 228 237 953 253 75 10536 24 169 31892 29 224 20
internal_value=2.88088e-13 1.01703e-05 1.09047e-05 1.14289e-05 8.89662e-06 -7.42652e-06 -3.12718e-06 -6.56071e-06 8.80778e-06 -5.40874e-06 -6.69023e-05 -1.82681e-06 9.20917e-06 1.02528e-05 4.68872e-06 1.22689e-05 2.12192e-05 9.38448e-06 1.03246e-05 5.26973e-06 1.87695e-05 3.08954e-05 9.90698e-06 8.13226e-06 5.49069e-06 -2.90164e-05 8.80032e-06 5.52026e-06 -1.80253e-05 -7.12416e-05
internal_weight=326592 200659 147507 118008 29393 853 803 782 29499 810 85 753 28689 23308 5381 88615 1478 28540 23232 5308 1438 485 23081 53152 10729 193 42423 10531 273 49
internal_count=326592 200659 147507 118008 29393 853 803 782 29499 810 85 753 28689 23308 5381 88615 1478 28540 23232 5308 1438 485 23081 53152 10729 193 42423 10531 273 49
cat_boundaries=0 1
cat_threshold=4
is_linear=0
shrinkage=0.05


Tree=147
num_leaves=31
num_cat=0
split_feature=33 12 11 15 25 15 26 15 26 24 11 13 26 26 27 3 15 15 15 15 15 26 24 26 26 25 7 13 24 13
split_gain=0.0194314 0.000108422 6.0883e-05 4.95049e-05 0.000110874 7.93797e-05 6.33673e-05 5.33075e-05 0.000114165 7.28653e-05 4.79809e-05 7.46034e-05 5.11231e-05 4.22719e-05 4.43297e-05 4.10774e-05 4.65242e-05 4.30011e-05 4.21105e-05 5.74606e-05 4.54236e-05 4.06762e-05 9.34725e-05 7.08264e-05 3.8637e-05 3.63768e-05 0.00024305 0.00054553 0.000261592 0.00016561
threshold=1.0000000180025095e-35 0.48890000000000006 8.5000000000000018 4.5000000000000009 3.5000000000000004 1.5000000000000002 5.5000000000000009 2.5000000000000004 3.0000000000000004 4.5000000000000009 44.500000000000007 3.5000000000000004 22.500000000000004 14.000000000000002 1.0000000180025095e-35 1.5000000000000002 1.5000000000000002 4.5000000000000009 4.5000000000000009 1.5000000000000002 2.5000000000000004 8.5000000000000018 1.5000000000000002 3.0000000000000004 11.500000000000002 3.5000000000000004 11.000000000000002 1.5000000000000002 2.5000000000000004 2.5000000000000004
decision_type=2 2 2 2 2 2 2 2 2 2 2 2 2 2 2 2 2 2 2 2 2 2 2 2 2 2 2 2 2 2
left_child=1 -1 3 5 -5 6 -3 8 -7 -10 13 12 -12 14 -4 16 -13 -18 19 -17 -21 23 -23 -9 -6 -16 27 -27 29 -28
right_child=-2 2 10 4 24 7 -8 21 9 -11 11 15 -14 -15 25 18 17 -19 -20 20 -22 22 -24 -25 -26 26 28 -29 -30 -31
leaf_value=7.7256452895003683e-06 -1.5394955340802826e-05 2.6126084318233414e-06 1.0519191184221963e-05 2.6438284288481809e-06 -0.00011062145210377388 1.4840943171022244e-05 -3.4789869016644881e-05 8.6894761551302639e-06 0.00010898332962687215 2.8837694343729101e-05 0.0001309746624277371 4.3143119905574771e-05 3.1526739949835511e-05 5.2610768336955687e-06 1.7491623072197883e-05 -1.1897860738716907e-05 1.1642477116581269e-05 3.6688532099217632e-05 -1.5156349129542017e-05 4.3225911450952907e-05 1.1398803973053064e-05 -5.3339289111453431e-05 1.5078028069687774e-05 9.4805523743464936e-05 -3.4905617062505041e-05 -0.00022268826170248861 0.00021184841170907021 2.4292863877312584e-05 5.3672755746448292e-06 5.3535796754624484e-05
leaf_weight=53152 125933 2340 124938 2356 23 2307 119 4632 53 61 24 227 28 3676 3874 165 690 228 156 169 333 86 119 24 63 36 24 59 644 53
leaf_count=53152 125933 2340 124938 2356 23 2307 119 4632 53 61 24 227 28 3676 3874 165 690 228 156 169 333 86 119 24 63 36 24 59 644 53
internal_value=3.08625e-13 9.66183e-06 1.03595e-05 6.97401e-06 6.08318e-07 8.56985e-06 8.02566e-07 1.11927e-05 1.72546e-05 6.60984e-05 1.06643e-05 1.83126e-05 7.74258e-05 1.05484e-05 1.06983e-05 1.67506e-05 2.28749e-05 1.78631e-05 8.23019e-06 1.36999e-05 2.21135e-05 8.17365e-06 -1.36239e-05 9.13337e-06 -5.51552e-05 1.54706e-05 5.87596e-06 -6.93e-05 1.57813e-05 0.00010288
internal_weight=326592 200659 147507 12183 2442 9741 2459 7282 2421 114 135324 2020 52 133304 129628 1968 1145 918 823 667 502 4861 205 4656 86 4690 816 95 721 77
internal_count=326592 200659 147507 12183 2442 9741 2459 7282 2421 114 135324 2020 52 133304 129628 1968 1145 918 823 667 502 4861 205 4656 86 4690 816 95 721 77
is_linear=0
shrinkage=0.05


Tree=148
num_leaves=31
num_cat=1
split_feature=33 12 15 15 25 25 24 24 25 24 6 11 3 8 11 11 24 26 3 11 8 15 25 26 15 24 24 4 15 25
split_gain=0.0175368 9.78512e-05 5.71605e-05 8.83971e-05 8.04479e-05 9.04955e-05 0.00012053 0.000159215 5.80337e-05 0.000131768 6.11286e-05 5.04021e-05 4.4396e-05 9.26966e-05 5.50819e-05 4.06413e-05 0.000109538 4.08128e-05 3.61182e-05 6.04158e-05 6.03336e-05 3.38616e-05 8.55295e-05 0.00022256 5.44076e-05 5.65743e-05 0.000105336 4.1879e-05 3.6695e-05 0.000201674
threshold=1.0000000180025095e-35 0.48890000000000006 1.5000000000000002 4.5000000000000009 3.5000000000000004 4.5000000000000009 1.5000000000000002 2.5000000000000004 4.5000000000000009 4.5000000000000009 0 8.5000000000000018 1.5000000000000002 85.000000000000014 41.000000000000007 41.000000000000007 2.5000000000000004 8.5000000000000018 1.5000000000000002 41.000000000000007 85.000000000000014 4.5000000000000009 4.5000000000000009 7.5000000000000009 1.5000000000000002 2.5000000000000004 4.5000000000000009 37.000000000000007 2.5000000000000004 3.5000000000000004
decision_type=2 2 2 2 2 2 2 2 2 2 1 2 2 2 2 2 2 2 2 2 2 2 2 2 2 2 2 2 2 2
left_child=1 21 8 15 18 -6 -7 -8 12 10 -10 -9 13 -3 -14 -4 17 -17 20 -20 -5 24 -23 -24 25 -1 -27 -28 29 -26
right_child=-2 2 3 4 5 6 7 11 9 -11 -12 -13 14 -15 -16 16 -18 -19 19 -21 -22 22 23 -25 28 26 27 -29 -30 -31
leaf_value=5.4352711755644945e-06 -1.4625208500474471e-05 8.8779046446509546e-06 1.0982318106348189e-05 9.0063002205820438e-06 -7.2438327290001321e-05 0.00011510043820765401 -0.00012124654143102315 -4.2913243968916291e-05 -2.4245800794031112e-05 1.5796523993826824e-06 -0.0001091961991005519 2.2195392568099882e-06 5.2662389830157829e-06 4.0985964377624058e-05 -1.8814130625795072e-05 1.8170736305273365e-05 0.00010095738645759412 -4.7582559318470885e-05 5.8417592158728612e-06 -1.9986173425376702e-05 3.4854106087821716e-05 5.544420984237124e-06 -0.00017542525416832757 -9.4353016491338605e-06 1.0312237803580495e-05 -0.00010478992830793423 -7.0362630472316039e-05 8.6197932482470032e-07 7.8051957615171471e-06 5.4897834236796301e-05
leaf_weight=10276 125933 23081 87137 23004 50 21 29 68 45 725 40 685 5132 227 249 1414 40 24 5071 237 228 10461 22 246 10353 31 23 201 21279 260
leaf_count=10276 125933 23081 87137 23004 50 21 29 68 45 725 40 685 5132 227 249 1414 40 24 5071 237 228 10461 22 246 10353 31 23 201 21279 260
internal_value=-1.62551e-13 9.17874e-06 9.84153e-06 1.03336e-05 7.95754e-06 -7.17312e-06 -3.10929e-06 -6.28372e-06 7.8729e-06 -5.32551e-06 -6.42225e-05 -1.8562e-06 8.24554e-06 9.19061e-06 4.15195e-06 1.11218e-05 1.93435e-05 1.70733e-05 8.40976e-06 4.68855e-06 9.25997e-06 7.33936e-06 4.82988e-06 -2.30613e-05 7.97403e-06 4.85797e-06 -1.84062e-05 -6.45126e-06 9.00297e-06 1.14045e-05
internal_weight=326592 200659 147507 118008 29393 853 803 782 29499 810 85 753 28689 23308 5381 88615 1478 1438 28540 5308 23232 53152 10729 268 42423 10531 255 224 31892 10613
internal_count=326592 200659 147507 118008 29393 853 803 782 29499 810 85 753 28689 23308 5381 88615 1478 1438 28540 5308 23232 53152 10729 268 42423 10531 255 224 31892 10613
cat_boundaries=0 1
cat_threshold=4
is_linear=0
shrinkage=0.05


Tree=149
num_leaves=31
num_cat=2
split_feature=33 12 11 18 25 19 16 13 25 11 27 24 25 16 19 24 24 6 27 17 25 4 19 27 24 24 27 24 6 4
split_gain=0.015827 8.83107e-05 5.25296e-05 4.16032e-05 9.16214e-05 6.73656e-05 4.811e-05 6.94906e-05 4.08041e-05 3.92909e-05 6.30111e-05 3.38738e-05 0.000127854 5.42683e-05 7.15459e-05 6.79676e-05 5.58995e-05 4.49733e-05 3.71394e-05 5.70212e-05 4.84051e-05 0.00030897 9.5049e-05 9.92044e-05 8.64183e-05 8.4833e-05 3.43381e-05 9.82736e-05 9.6449e-05 9.14224e-05
threshold=1.0000000180025095e-35 0.48890000000000006 8.5000000000000018 1.0000000180025095e-35 3.5000000000000004 1.0000000180025095e-35 1.0000000180025095e-35 4.5000000000000009 4.5000000000000009 44.500000000000007 34.000000000000007 3.5000000000000004 3.5000000000000004 1.0000000180025095e-35 1.0000000180025095e-35 4.5000000000000009 4.5000000000000009 0 18.500000000000004 1.0000000180025095e-35 3.5000000000000004 39.000000000000007 1.0000000180025095e-35 34.000000000000007 2.5000000000000004 2.5000000000000004 31.500000000000004 1.5000000000000002 1 44.000000000000007
decision_type=2 2 2 2 2 2 2 2 2 2 2 2 2 2 2 2 2 1 2 2 2 2 2 2 2 2 2 2 1 2
left_child=1 -1 3 5 -5 6 -3 -8 -7 11 -11 18 -13 16 -15 -16 17 -14 -4 20 24 -22 23 -23 -20 -25 27 -21 -29 -28
right_child=-2 2 9 4 -6 8 7 -9 -10 10 -12 12 13 14 15 -17 -18 -19 19 26 21 22 -24 25 -26 -27 29 28 -30 -31
leaf_value=6.9723947043699838e-06 -1.389394856580787e-05 7.2158478887381237e-06 9.5373967635746862e-06 2.2195491410904982e-06 -5.0322177717029017e-05 1.6309502498310448e-06 4.8803573401528414e-05 1.3665637812586006e-05 -3.6573026571002428e-05 1.5161276037709335e-05 7.2561399547896367e-05 -0.00012140327467932366 1.2927669574440057e-05 2.4401432332311958e-05 -7.7732664515049412e-05 4.7097717637930494e-06 2.248210383828474e-06 -5.5428380721139834e-05 1.0540596183614975e-05 2.2771496253988771e-05 -0.00016770876365106754 -3.6063871410643232e-05 -4.287526776897721e-05 0.0001175304767415117 9.5024970059673638e-05 4.450572790422788e-06 -3.0437087504348406e-05 4.1059617797145623e-05 0.00016566633469968414 8.5478070964613428e-05
leaf_weight=53152 125933 4861 127250 2356 86 2387 150 2271 72 1971 49 20 35 693 26 650 1967 77 1283 930 28 29 50 43 31 27 75 44 24 22
leaf_count=53152 125933 4861 127250 2356 86 2387 150 2271 72 1971 49 20 35 693 26 650 1967 77 1283 930 28 29 50 43 31 27 75 44 24 22
internal_value=-3.47977e-13 8.7198e-06 9.34945e-06 6.20478e-06 3.69185e-07 7.66772e-06 1.0084e-05 1.58427e-05 5.1233e-07 9.63256e-06 1.65537e-05 9.52769e-06 4.65085e-06 5.38202e-06 1.31121e-05 1.53891e-06 2.91829e-07 -3.40671e-05 9.65795e-06 1.559e-05 9.22728e-06 -1.53191e-05 1.33179e-05 4.16982e-05 1.25338e-05 7.39139e-05 2.42537e-05 2.70141e-05 8.50385e-05 -4.14705e-06
internal_weight=326592 200659 147507 12183 2442 9741 7282 2421 2459 135324 2020 133304 3468 3448 1369 676 2079 112 129836 2586 1491 177 149 99 1314 70 1095 998 68 97
internal_count=326592 200659 147507 12183 2442 9741 7282 2421 2459 135324 2020 133304 3468 3448 1369 676 2079 112 129836 2586 1491 177 149 99 1314 70 1095 998 68 97
cat_boundaries=0 1 2
cat_threshold=2 4
is_linear=0
shrinkage=0.05


Tree=150
num_leaves=31
num_cat=1
split_feature=33 12 15 15 25 25 24 24 25 24 6 27 11 3 8 11 27 11 24 15 3 3 11 8 24 25 24 25 15 15
split_gain=0.0142838 7.97004e-05 4.93729e-05 7.69136e-05 6.71638e-05 7.78193e-05 0.00010081 0.000142653 4.67773e-05 0.000106766 5.28407e-05 4.12826e-05 4.00652e-05 3.67568e-05 8.27207e-05 5.09626e-05 3.54124e-05 3.40813e-05 9.35843e-05 3.64743e-05 5.41865e-05 3.13097e-05 4.93888e-05 4.73968e-05 3.08027e-05 0.000256786 7.5896e-05 0.000108549 7.00801e-05 0.000117877
threshold=1.0000000180025095e-35 0.48890000000000006 1.5000000000000002 4.5000000000000009 3.5000000000000004 4.5000000000000009 1.5000000000000002 2.5000000000000004 4.5000000000000009 4.5000000000000009 0 21.500000000000004 8.5000000000000018 1.5000000000000002 85.000000000000014 41.000000000000007 1.0000000180025095e-35 41.000000000000007 2.5000000000000004 2.5000000000000004 1.5000000000000002 1.5000000000000002 41.000000000000007 85.000000000000014 3.5000000000000004 4.5000000000000009 2.5000000000000004 4.5000000000000009 2.5000000000000004 1.5000000000000002
decision_type=2 2 2 2 2 2 2 2 2 2 1 2 2 2 2 2 2 2 2 2 2 2 2 2 2 2 2 2 2 2
left_child=1 24 8 17 16 -6 -7 -8 11 10 -10 13 -9 14 -3 -15 21 -4 19 20 -19 23 -23 -5 26 -26 -1 -28 29 -27
right_child=-2 2 3 4 5 6 7 12 9 -11 -12 -13 -14 15 -16 -17 -18 18 -20 -21 -22 22 -24 -25 25 28 27 -29 -30 -31
leaf_value=6.7173684815552527e-06 -1.3199250321018254e-05 7.8469459900924235e-06 9.9467962837636065e-06 7.7644400342488311e-06 -6.7223977850517264e-05 0.00010517455659629334 -0.00011465603788408394 -3.8251472987587265e-05 -2.064470854950034e-05 1.4185007474789644e-06 -9.9626624905795334e-05 4.1580524769167165e-05 1.9879176567757273e-06 4.627168968062647e-06 3.8178603045359294e-05 -1.8536627431606772e-05 1.6451468472730507e-05 9.2149558472085822e-06 9.3040404317434883e-05 9.8243490619653822e-06 4.2671586676517302e-05 4.718723850868142e-06 -1.9041615492292156e-05 3.1087148818187417e-05 -0.00015372096397051657 -8.3207360649895346e-06 0.00010581045340934888 7.2874771501739048e-06 -7.4277833312827659e-06 4.2365608234645042e-05
leaf_weight=51822 125933 23006 87137 22153 50 21 29 68 45 725 40 88 685 5119 227 249 1072 232 40 953 253 4866 229 220 27 225 47 69 728 234
leaf_count=51822 125933 23006 87137 22153 50 21 29 68 45 725 40 88 685 5119 227 249 1072 232 40 953 253 4866 229 220 27 225 47 69 728 234
internal_value=-4.56874e-14 8.28381e-06 8.88198e-06 9.33934e-06 7.12294e-06 -6.70215e-06 -2.93367e-06 -5.83683e-06 7.05236e-06 -4.79712e-06 -5.78127e-05 7.38692e-06 -1.64592e-06 7.28171e-06 8.1433e-06 3.55269e-06 7.53614e-06 1.00745e-05 1.76035e-05 1.55051e-05 2.66676e-05 7.1882e-06 3.65079e-06 7.99378e-06 6.62378e-06 -1.24918e-06 6.8078e-06 4.72063e-05 2.21901e-06 1.75194e-05
internal_weight=326592 200659 147507 118008 29393 853 803 782 29499 810 85 28689 753 28601 23233 5368 28540 88615 1478 1438 485 27468 5095 22373 53152 1214 51938 116 1187 459
internal_count=326592 200659 147507 118008 29393 853 803 782 29499 810 85 28689 753 28601 23233 5368 28540 88615 1478 1438 485 27468 5095 22373 53152 1214 51938 116 1187 459
cat_boundaries=0 1
cat_threshold=4
is_linear=0
shrinkage=0.05


Tree=151
num_leaves=31
num_cat=2
split_feature=33 26 26 24 27 6 24 27 8 11 25 13 4 25 17 0 15 27 15 4 11 15 15 24 11 24 24 11 11 25
split_gain=0.0128912 7.75302e-05 0.000167782 0.000145345 0.000104386 0.000775624 0.00167595 0.000232519 0.000213481 0.000298828 0.000163597 8.47109e-05 7.77523e-05 0.000573614 7.43171e-05 6.65006e-05 5.79392e-05 5.64742e-05 5.26798e-05 5.17522e-05 4.96719e-05 3.8293e-05 7.02104e-05 7.21771e-05 0.000187252 6.52124e-05 0.000189056 9.39786e-05 4.13263e-05 3.85193e-05
threshold=1.0000000180025095e-35 7.5000000000000009 6.5000000000000009 4.5000000000000009 34.000000000000007 0 3.5000000000000004 26.500000000000004 85.000000000000014 56.000000000000007 4.5000000000000009 2.5000000000000004 37.000000000000007 4.5000000000000009 1.0000000180025095e-35 1 1.5000000000000002 4.0000000000000009 4.5000000000000009 42.500000000000007 41.000000000000007 1.5000000000000002 2.5000000000000004 2.5000000000000004 8.5000000000000018 3.5000000000000004 2.5000000000000004 6.5000000000000009 44.500000000000007 4.5000000000000009
decision_type=2 2 2 2 2 1 2 2 2 2 2 2 2 2 2 1 2 2 2 2 2 2 2 2 2 2 2 2 2 2
left_child=1 2 4 -4 7 6 -6 17 16 -10 11 -9 13 -3 15 -8 -7 20 21 -18 -1 -14 23 24 -23 26 27 -24 -29 -28
right_child=-2 12 3 -5 5 8 14 10 9 -11 -12 -13 18 -15 -16 -17 19 -19 -20 -21 -22 22 25 -25 -26 -27 29 28 -30 -31
leaf_value=8.3753560759186965e-06 -1.2539287496388115e-05 -0.00021525045124101729 0.00019402763462581096 3.9782417297828948e-05 -0.00054449085029773415 -6.7288630574087924e-05 -1.1645168997347355e-05 0.00010864208251405217 0.00025728656162201611 2.1008724809234993e-05 0.00017991866815187361 3.0095632440155116e-05 -1.4860332326903982e-06 9.1866649462255227e-06 1.9554167514847045e-05 -0.00013761916912203147 4.2954389730742127e-05 1.355655291931084e-05 -4.974870777095285e-06 -2.7635242220185318e-05 6.5628650894059458e-06 9.6152452963658359e-05 -4.6656802610064356e-05 2.5129022206692275e-05 -1.3617035163924154e-05 -1.8958600665040406e-06 0.00011094134562171813 1.7236065195749114e-05 -1.0476635859164559e-05 5.2047491740373767e-05
leaf_weight=136139 125933 34 21 56 20 24 20 40 23 32 23 242 1333 175 37 22 74 4473 1410 40 52331 44 78 945 332 1797 41 593 174 86
leaf_count=136139 125933 34 21 56 20 24 20 40 23 32 23 242 1333 175 37 22 74 4473 1410 40 52331 44 78 945 332 1797 41 593 174 86
internal_value=1.64982e-13 7.86962e-06 8.05706e-06 8.18493e-05 8.0277e-06 -2.18448e-05 -0.000135625 8.07284e-06 3.6519e-05 0.000119816 5.16949e-05 4.1237e-05 2.71615e-06 -2.73246e-05 -3.21142e-05 -7.76316e-05 3.32093e-06 8.00388e-06 3.635e-06 1.81861e-05 7.8721e-06 5.8736e-06 8.27223e-06 1.77568e-05 -7.7167e-07 3.74743e-06 1.41806e-05 5.63174e-06 1.09492e-05 7.10605e-05
internal_weight=326592 200659 193617 77 193540 292 99 193248 193 55 305 282 7042 209 79 42 138 192943 6833 114 188470 5423 4090 1321 376 2769 972 845 767 127
internal_count=326592 200659 193617 77 193540 292 99 193248 193 55 305 282 7042 209 79 42 138 192943 6833 114 188470 5423 4090 1321 376 2769 972 845 767 127
cat_boundaries=0 1 2
cat_threshold=2 1
is_linear=0
shrinkage=0.05


Tree=152
num_leaves=31
num_cat=3
split_feature=33 15 15 25 26 6 13 25 26 14 4 25 15 25 26 11 26 6 27 26 26 14 3 11 25 27 27 6 25 25
split_gain=0.0116343 7.09409e-05 0.00011523 0.000112987 0.000106813 0.000398802 0.000148626 7.25522e-05 0.000182447 0.000137433 6.86163e-05 7.83993e-05 5.53639e-05 0.000164218 0.000222641 0.000100075 7.26778e-05 4.56846e-05 4.45875e-05 4.37349e-05 4.34614e-05 4.25154e-05 4.19444e-05 7.58908e-05 3.97993e-05 3.86084e-05 0.000130252 0.000153188 0.000123069 7.09639e-05
threshold=1.0000000180025095e-35 1.5000000000000002 4.5000000000000009 3.5000000000000004 6.5000000000000009 0 1.5000000000000002 2.5000000000000004 6.5000000000000009 5.5000000000000009 37.000000000000007 3.5000000000000004 2.5000000000000004 3.5000000000000004 7.5000000000000009 45.500000000000007 20.500000000000004 1 21.500000000000004 7.5000000000000009 7.5000000000000009 2.5000000000000004 1.5000000000000002 41.000000000000007 4.5000000000000009 34.000000000000007 26.500000000000004 2 3.5000000000000004 1.5000000000000002
decision_type=2 2 2 2 2 1 2 2 2 2 2 2 2 2 2 2 2 1 2 2 2 2 2 2 2 2 2 1 2 2
left_child=1 7 12 -4 5 -5 -7 18 9 -9 -10 -12 13 16 15 -15 22 -8 19 -1 -13 -19 -3 -24 -6 26 -14 -28 29 -29
right_child=-2 2 3 4 24 6 17 8 10 -11 11 20 25 14 -16 -17 -18 21 -20 -21 -22 -23 23 -25 -26 -27 27 28 -30 -31
leaf_value=5.9870492981754954e-06 -1.191232332172471e-05 9.1672761372012148e-06 6.0795388232225612e-06 -0.00021594503687710726 -6.0122499041514653e-05 8.5492219659499832e-05 -9.8429169828215485e-05 -0.00015799492234156573 -6.7376673690980687e-05 2.5697290370969672e-07 9.5810877004017442e-05 6.9351639138490322e-05 8.0158337575430175e-06 7.3017199983951297e-05 2.2115999895772555e-05 0.00019136019805243807 -3.0695614304624689e-05 3.2559032779713363e-05 3.5073540425574579e-05 -1.5335315916026281e-05 -3.3515968805382246e-06 -6.3578793576554113e-05 1.261213150391487e-05 4.0723342792464088e-05 -2.5826288445956976e-06 5.170002900193892e-07 4.7736593179277444e-06 0.00010497600952577261 0.00017147397666121835 7.6260079041299512e-06
leaf_weight=38547 125933 33630 38976 29 31 31 26 34 39 23 21 21 78446 80 967 23 111 23 131 242 972 23 5079 252 983 1705 107 36 32 39
leaf_count=38547 125933 33630 38976 29 31 31 26 34 39 23 21 21 78446 80 967 23 111 23 131 242 972 23 5079 252 983 1705 107 36 32 39
internal_value=1.05629e-13 7.47614e-06 7.94546e-06 5.62457e-06 -9.84929e-06 -5.21573e-05 -6.04227e-06 5.59289e-06 -7.01166e-06 -9.41389e-05 -2.29537e-06 2.07752e-07 8.71819e-06 1.02346e-05 2.95597e-05 9.94433e-05 9.70535e-06 -4.5453e-05 5.95237e-06 5.85402e-06 -1.81407e-06 -1.55099e-05 9.82046e-06 1.3941e-05 -4.34174e-06 7.96076e-06 8.1221e-06 4.70771e-05 8.93805e-05 5.4354e-05
internal_weight=326592 200659 160629 40122 1146 132 103 40030 1110 57 1053 1014 120507 40142 1070 103 39072 72 38920 38789 993 46 38961 5331 1014 80365 78660 214 107 75
internal_count=326592 200659 160629 40122 1146 132 103 40030 1110 57 1053 1014 120507 40142 1070 103 39072 72 38920 38789 993 46 38961 5331 1014 80365 78660 214 107 75
cat_boundaries=0 1 2 3
cat_threshold=2 4 4
is_linear=0
shrinkage=0.05


Tree=153
num_leaves=31
num_cat=0
split_feature=33 12 11 15 25 15 26 15 26 26 26 26 25 26 11 25 26 13 15 26 26 25 15 13 26 27 26 14 4 15
split_gain=0.0104999 6.59811e-05 4.5823e-05 3.32052e-05 7.15577e-05 5.41308e-05 4.80953e-05 3.92054e-05 8.62527e-05 4.11575e-05 3.47976e-05 3.2101e-05 7.78406e-05 6.46375e-05 3.18198e-05 5.13424e-05 4.04407e-05 3.21323e-05 2.78147e-05 6.76603e-05 5.79081e-05 0.00034052 4.48259e-05 4.68892e-05 9.12633e-05 3.66563e-05 7.76094e-05 0.000194768 0.000304232 4.33099e-05
threshold=1.0000000180025095e-35 0.48890000000000006 8.5000000000000018 4.5000000000000009 3.5000000000000004 1.5000000000000002 5.5000000000000009 2.5000000000000004 3.0000000000000004 14.000000000000002 11.500000000000002 8.5000000000000018 1.5000000000000002 3.0000000000000004 44.500000000000007 3.5000000000000004 22.500000000000004 4.5000000000000009 4.5000000000000009 3.0000000000000004 6.5000000000000009 3.5000000000000004 1.5000000000000002 1.5000000000000002 26.500000000000004 20.500000000000004 7.5000000000000009 3.5000000000000004 39.000000000000007 2.5000000000000004
decision_type=2 2 2 2 2 2 2 2 2 2 2 2 2 2 2 2 2 2 2 2 2 2 2 2 2 2 2 2 2 2
left_child=1 18 3 5 -5 6 -3 8 -7 -10 -6 13 -13 -9 -4 17 -17 -16 22 -20 21 -21 23 24 -1 -24 27 28 -27 -28
right_child=-2 2 14 4 10 7 -8 11 9 -11 -12 12 -14 -15 15 16 -18 -19 19 20 -22 -23 25 -25 -26 26 29 -29 -30 -31
leaf_value=-0.00012168936264060904 -1.1316707609719806e-05 1.1792821713458744e-06 7.8166283093288893e-06 1.1313287165003498e-06 -9.7940739436561e-05 1.1283058710888798e-05 -3.1405816886998605e-05 6.0218191281942124e-06 9.2363385888545412e-05 3.1126472480108904e-05 -2.6085308872141122e-05 -5.0378846045693055e-05 1.2159992985137555e-05 8.8289452105527746e-05 -3.3984978689558274e-05 0.00010714038924981231 2.054182760470472e-05 1.3691331755651591e-05 4.108969582688963e-06 7.2516279206389476e-05 -1.0170214051945066e-05 -0.00020896807545796038 6.7632974132438582e-06 3.6193950247907804e-06 -2.0485626219641954e-07 1.5114953365420142e-05 2.3693424028361406e-05 2.0079505504272493e-05 0.00026053772611624523 -1.5448327520111533e-07
leaf_weight=22 125933 2340 133304 2356 23 2307 119 4632 46 68 63 85 120 24 36 26 28 1930 10319 21 367 22 30674 10457 52 28 282 299 23 586
leaf_count=22 125933 2340 133304 2356 23 2307 119 4632 46 68 63 85 120 24 36 26 28 1930 10319 21 367 22 30674 10457 52 28 282 299 23 586
internal_value=-8.39691e-14 7.10233e-06 7.64659e-06 4.70951e-06 -5.03932e-07 6.01648e-06 -3.9763e-07 8.18241e-06 1.3381e-05 5.58361e-05 -4.53025e-05 5.5933e-06 -1.37707e-05 6.44588e-06 7.91101e-06 1.41394e-05 6.22374e-05 1.28183e-05 5.59192e-06 3.31751e-06 -1.66023e-05 -7.1499e-05 6.16713e-06 3.33873e-06 -3.63219e-05 7.10108e-06 1.56079e-05 3.54839e-05 0.000125796 7.59334e-06
internal_weight=326592 200659 147507 12183 2442 9741 2459 7282 2421 114 86 4861 205 4656 135324 2020 54 1966 53152 10729 410 43 42423 10531 74 31892 1218 350 51 868
internal_count=326592 200659 147507 12183 2442 9741 2459 7282 2421 114 86 4861 205 4656 135324 2020 54 1966 53152 10729 410 43 42423 10531 74 31892 1218 350 51 868
is_linear=0
shrinkage=0.05


Tree=154
num_leaves=31
num_cat=2
split_feature=33 26 26 14 4 14 12 13 14 25 24 13 15 15 25 8 6 11 15 13 14 4 25 13 0 11 15 15 24 11
split_gain=0.00947619 6.27533e-05 0.000136241 0.000127924 6.69341e-05 0.000512111 5.74183e-05 0.000119301 0.000548743 0.000159287 5.92909e-05 4.37542e-05 4.23175e-05 4.17714e-05 8.8972e-05 4.28145e-05 0.000148938 4.06883e-05 4.0571e-05 3.69485e-05 0.000451712 6.05277e-05 3.67426e-05 0.000184426 3.03787e-05 3.02924e-05 2.96073e-05 5.34684e-05 6.08437e-05 0.000155578
threshold=1.0000000180025095e-35 7.5000000000000009 6.5000000000000009 1.5000000000000002 37.000000000000007 2.5000000000000004 0.48890000000000006 2.5000000000000004 6.5000000000000009 3.5000000000000004 3.5000000000000004 4.5000000000000009 4.5000000000000009 1.5000000000000002 4.5000000000000009 85.000000000000014 0 7.5000000000000009 3.5000000000000004 1.5000000000000002 5.5000000000000009 39.000000000000007 4.5000000000000009 2.5000000000000004 1 8.5000000000000018 1.5000000000000002 2.5000000000000004 2.5000000000000004 8.5000000000000018
decision_type=2 2 2 2 2 2 2 2 2 2 2 2 2 2 2 2 1 2 2 2 2 2 2 2 1 2 2 2 2 2
left_child=1 2 6 -4 5 -3 7 8 -1 -9 -10 13 26 14 -8 19 -17 -18 -12 20 -15 -22 -21 24 -24 -13 -6 28 29 -28
right_child=-2 4 3 -5 12 -7 11 9 10 -11 18 25 -14 15 -16 16 17 -19 -20 22 21 -23 23 -25 -26 -27 27 -29 -30 -31
leaf_value=-0.00027642390840420768 -1.0750871666107296e-05 8.736591481595367e-06 3.3945936567241527e-05 0.0001786522947007879 -1.5016495330479371e-06 -0.00020332737185526641 5.4361771842045932e-06 5.4898135312948687e-06 7.947957272501134e-05 0.00010530577600320612 1.9437660871012165e-05 4.7862760604675743e-06 -4.7534148503886089e-06 -0.00016737783508313656 -7.8779331549109577e-05 0.00014013667573478948 8.2903483358677481e-05 1.6414380812502682e-05 -6.0810962882637144e-05 1.3149582980647319e-05 9.9658367689698933e-05 1.1553435698178046e-05 3.1374021578026388e-05 0.00017111013161907483 -3.9973569088033403e-05 7.4821826863112391e-06 8.6691167829981589e-05 3.1302124073283328e-06 2.2124417318125434e-05 -1.3364660916634185e-05
leaf_weight=21 125933 175 56 21 1333 34 632 51274 22 40 36 11352 1410 34 33 29 25 289 28 2655 35 44 37 22 25 126907 44 2769 945 332
leaf_count=21 125933 175 56 21 1333 34 632 51274 22 40 36 11352 1410 34 33 29 25 289 28 2655 35 44 37 22 25 126907 44 2769 945 332
internal_value=1.27988e-13 6.74722e-06 6.91585e-06 7.34113e-05 2.1108e-06 -2.57619e-05 6.88939e-06 5.45765e-06 -4.72832e-05 5.56762e-06 8.66976e-06 7.40742e-06 2.96333e-06 1.2658e-05 1.25706e-06 1.5031e-05 3.1721e-05 2.17081e-05 -1.56711e-05 1.30237e-05 -1.49952e-05 5.05873e-05 1.41797e-05 4.67372e-05 2.60483e-06 7.26083e-06 4.96972e-06 7.07885e-06 1.53557e-05 -1.656e-06
internal_weight=326592 200659 193617 77 7042 209 193540 51421 107 51314 86 142119 6833 3860 665 3195 343 314 64 2852 113 79 2739 84 62 138259 5423 4090 1321 376
internal_count=326592 200659 193617 77 7042 209 193540 51421 107 51314 86 142119 6833 3860 665 3195 343 314 64 2852 113 79 2739 84 62 138259 5423 4090 1321 376
cat_boundaries=0 1 2
cat_threshold=1 1
is_linear=0
shrinkage=0.05


Tree=155
num_leaves=31
num_cat=4
split_feature=33 15 15 25 26 6 13 25 26 0 4 25 17 25 26 11 26 27 26 3 11 25 6 26 27 27 6 25 27 7
split_gain=0.00855226 5.96504e-05 9.75473e-05 9.06953e-05 9.40481e-05 0.000347164 0.000140477 5.81399e-05 0.000151035 6.37141e-05 5.71821e-05 7.07799e-05 4.75422e-05 0.000131019 0.000193524 8.1681e-05 5.94143e-05 4.148e-05 3.66317e-05 3.56993e-05 6.8427e-05 3.51371e-05 3.45807e-05 3.26229e-05 3.2544e-05 0.00010885 0.000128159 9.99247e-05 6.64765e-05 3.99836e-05
threshold=1.0000000180025095e-35 1.5000000000000002 4.5000000000000009 3.5000000000000004 6.5000000000000009 0 1.5000000000000002 2.5000000000000004 6.5000000000000009 1 37.000000000000007 3.5000000000000004 1.0000000180025095e-35 3.5000000000000004 7.5000000000000009 45.500000000000007 20.500000000000004 21.500000000000004 7.5000000000000009 1.5000000000000002 41.000000000000007 4.5000000000000009 2 7.5000000000000009 34.000000000000007 26.500000000000004 3 3.5000000000000004 29.500000000000004 11.000000000000002
decision_type=2 2 2 2 2 1 2 2 2 1 2 2 2 2 2 2 2 2 2 2 2 2 1 2 2 2 1 2 2 2
left_child=1 7 12 -4 5 -5 -7 17 9 -9 -10 -12 13 16 15 -15 19 18 -1 -3 -21 -6 -8 -13 25 -14 -27 28 -28 -26
right_child=-2 2 3 4 21 6 22 8 10 -11 11 23 24 14 -16 -17 -18 -19 -20 20 -22 -23 -24 -25 29 26 27 -29 -30 -31
leaf_value=5.031645945607367e-06 -1.0213328283145993e-05 7.985141450474503e-06 5.1124335408574206e-06 -0.00020167463286458679 -5.6402785365559884e-05 8.31572896605658e-05 -9.0238025250773016e-05 -3.9148679718437052e-05 -6.1721092452689141e-05 -0.00014568073290865868 9.0814509894698866e-05 5.9711428531002077e-05 6.9002778827361443e-06 6.7497488957997119e-05 1.9278026194597721e-05 0.00017441288016372078 -2.8045211742586992e-05 3.3092796012579474e-05 -1.4482521168968915e-05 1.1127340746171351e-05 3.78204293185032e-05 -2.3379908837888456e-06 -1.8096096059509919e-05 -3.2773871225799667e-06 -2.6747741408637588e-05 3.9150223800848304e-06 1.5450782519815685e-05 0.00015527443611063063 0.00011436302134265693 2.2057164870126044e-06
leaf_weight=38547 125933 33630 38976 29 31 31 26 32 39 25 21 21 78446 80 967 23 111 131 242 5079 252 983 46 972 129 107 49 32 26 1576
leaf_count=38547 125933 33630 38976 29 31 31 26 32 39 25 21 21 78446 80 967 23 111 131 242 5079 252 983 46 972 129 107 49 32 26 1576
internal_value=-2.77967e-14 6.40985e-06 6.84021e-06 4.7048e-06 -9.15884e-06 -4.88583e-05 -5.83236e-06 4.68296e-06 -6.60043e-06 -8.58733e-05 -2.30931e-06 -2.42363e-08 7.55118e-06 8.95638e-06 2.62179e-05 9.13718e-05 8.48367e-06 5.00476e-06 4.9099e-06 8.58774e-06 1.23891e-05 -3.99086e-06 -4.41473e-05 -1.9453e-06 6.84929e-06 6.99742e-06 4.26085e-05 8.1302e-05 4.97404e-05 1.5103e-08
internal_weight=326592 200659 160629 40122 1146 132 103 40030 1110 57 1053 1014 120507 40142 1070 103 39072 38920 38789 38961 5331 1014 72 993 80365 78660 214 107 75 1705
internal_count=326592 200659 160629 40122 1146 132 103 40030 1110 57 1053 1014 120507 40142 1070 103 39072 38920 38789 38961 5331 1014 72 993 80365 78660 214 107 75 1705
cat_boundaries=0 1 2 3 4
cat_threshold=2 1 4 4
is_linear=0
shrinkage=0.05


Tree=156
num_leaves=31
num_cat=1
split_feature=11 22 23 26 26 14 27 14 0 3 27 15 25 13 27 12 4 25 25 21 12 27 25 15 15 15 15 3 8 11
split_gain=0.00429661 0.00298735 0.000395813 7.03217e-05 0.000115996 0.000111968 7.47061e-05 0.000804147 0.00115997 0.000209296 0.00016902 0.000161041 0.000121618 6.65167e-05 6.32286e-05 4.92742e-05 4.35526e-05 3.98512e-05 0.000209584 0.00015273 0.000125265 3.49265e-05 3.21157e-05 6.32819e-05 3.06131e-05 2.78939e-05 3.33075e-05 2.71353e-05 6.8737e-05 4.32802e-05
threshold=-1.0000000180025095e-35 1.0000000180025095e-35 1.0000000180025095e-35 7.5000000000000009 6.5000000000000009 1.5000000000000002 34.000000000000007 4.5000000000000009 0 1.5000000000000002 26.500000000000004 1.5000000000000002 4.5000000000000009 2.5000000000000004 18.500000000000004 0.48890000000000006 39.000000000000007 4.5000000000000009 2.5000000000000004 1.0000000180025095e-35 0.58570000000000011 1.0000000180025095e-35 3.5000000000000004 4.5000000000000009 4.5000000000000009 4.5000000000000009 1.5000000000000002 1.5000000000000002 85.000000000000014 41.000000000000007
decision_type=2 2 2 2 2 2 2 2 1 2 2 2 2 2 2 2 2 2 2 2 2 2 2 2 2 2 2 2 2 2
left_child=-1 2 3 4 6 -6 10 8 -8 11 15 -9 13 -12 17 -2 -13 18 -5 20 -20 25 -23 -24 -16 26 27 28 -17 -29
right_child=1 -3 -4 14 5 -7 7 9 -10 -11 12 16 -14 -15 24 21 -18 -19 19 -21 -22 22 23 -25 -26 -27 -28 29 -30 -31
leaf_value=-9.701275848783554e-06 4.8682571199191345e-06 -9.701275848783554e-06 -9.701275848783554e-06 -6.8845482099345702e-06 3.0676649086152403e-05 0.00016605814910560315 4.1936730376619386e-05 -0.00011646743971920973 -0.00049657347728498285 0.00012562058819488205 9.4160558710427728e-05 4.4032816587038244e-05 0.00015400316750974923 2.4558475288433916e-05 4.9342077931911676e-06 5.8798525046514038e-06 -6.0525427034008317e-06 1.3119524368149439e-05 -0.00023908694195349449 -1.0119010872703287e-05 -6.8361554821465346e-05 1.2156146632618044e-05 2.172225940739736e-05 -8.3295343882547554e-05 -3.6572460933908525e-06 5.1249423179572564e-06 7.4071368255557754e-06 3.1498663202157807e-06 3.3902074210345749e-05 -1.855095974879757e-05
leaf_weight=84576 51215 36927 4064 826 56 21 20 28 20 36 40 68 23 242 5031 22383 120 158 22 31 21 3528 32 26 1306 27462 82921 4927 221 241
leaf_count=84576 51215 36927 4064 826 56 21 20 28 20 36 40 68 23 242 5031 22383 120 158 22 31 21 3528 32 26 1306 27462 82921 4927 221 241
internal_value=-1.17429e-13 3.39025e-06 5.74743e-06 6.05974e-06 6.2425e-06 6.75989e-05 6.21809e-06 -1.90533e-05 -0.000227318 1.40047e-05 6.25627e-06 -4.59797e-06 4.3448e-05 3.44311e-05 1.27447e-06 6.19749e-06 1.20634e-05 -1.00406e-05 -1.41065e-05 -9.47188e-05 -0.000155709 6.67777e-06 1.15494e-05 -2.53546e-05 3.16358e-06 6.55132e-06 6.9052e-06 5.40651e-06 6.15383e-06 2.13789e-06
internal_weight=326592 242016 205089 201025 193630 77 193553 292 40 252 193261 216 305 282 7395 192956 188 1058 900 74 43 141741 3586 58 6337 138155 110693 27772 22604 5168
internal_count=326592 242016 205089 201025 193630 77 193553 292 40 252 193261 216 305 282 7395 192956 188 1058 900 74 43 141741 3586 58 6337 138155 110693 27772 22604 5168
cat_boundaries=0 1
cat_threshold=1
is_linear=0
shrinkage=0.05


Tree=157
num_leaves=31
num_cat=0
split_feature=33 15 15 25 24 24 24 27 4 8 25 13 25 26 24 26 26 4 25 25 24 24 27 3 11 24 12 25 27 26
split_gain=0.00696738 5.13347e-05 8.43291e-05 0.000117043 0.000239189 8.37329e-05 0.000148855 0.000230838 0.00166678 0.000254875 0.000181863 0.000137313 5.15317e-05 0.000129858 0.000147774 5.07149e-05 5.02717e-05 4.73721e-05 6.4043e-05 4.38488e-05 4.34794e-05 4.25231e-05 3.63545e-05 3.51731e-05 3.43382e-05 4.38327e-05 3.41878e-05 6.44915e-05 3.67877e-05 3.54667e-05
threshold=1.0000000180025095e-35 1.5000000000000002 2.5000000000000004 3.5000000000000004 2.5000000000000004 3.5000000000000004 2.5000000000000004 34.000000000000007 39.000000000000007 85.000000000000014 4.5000000000000009 1.5000000000000002 2.5000000000000004 6.5000000000000009 4.5000000000000009 6.5000000000000009 20.500000000000004 37.000000000000007 3.5000000000000004 4.5000000000000009 4.5000000000000009 1.5000000000000002 21.500000000000004 1.5000000000000002 41.000000000000007 3.5000000000000004 0.48890000000000006 3.5000000000000004 18.500000000000004 8.5000000000000018
decision_type=2 2 2 2 2 2 2 2 2 2 2 2 2 2 2 2 2 2 2 2 2 2 2 2 2 2 2 2 2 2
left_child=1 12 3 16 -5 6 7 10 -9 -10 11 -4 22 14 -14 -6 21 -15 -19 -8 -20 -3 -1 -21 25 -17 -13 28 29 -28
right_child=-2 2 5 4 15 -7 19 8 9 -11 -12 26 13 17 -16 24 -18 18 20 23 -22 -23 -24 -25 -26 -27 27 -29 -30 -31
leaf_value=4.3976661164965474e-06 -9.2185263923899536e-06 7.7668840410841859e-06 0.00010072228933016672 0.00018398339389418455 6.1475565992926331e-05 -2.6596487013637692e-06 8.4060095209029644e-05 -0.000471744789974764 -2.2153277859615629e-05 0.00020538031127216529 0.00014630300543301376 4.2421288838735733e-06 -0.00015632011900985768 -5.6536312629946347e-05 4.9168341017017761e-06 -5.1146848664547391e-05 -2.587824157737552e-05 8.6027073917821755e-05 -3.400630249819459e-05 2.0664245172296294e-05 1.2345765930328006e-06 6.0684751157455854e-05 3.0781978496127293e-05 8.8991874350619551e-05 3.4365826488653185e-05 1.4955035366343551e-05 6.1263009250304881e-06 -6.8375060399030824e-05 1.3820926092267095e-05 -9.7556436972685364e-06
leaf_weight=38789 125933 38923 38 23 72 3047 63 20 32 20 23 31169 30 39 27 26 111 21 97 104 896 38 131 23 241 708 84011 29 1555 353
leaf_count=38789 125933 38923 38 23 72 3047 63 20 32 20 23 31169 30 39 27 26 111 21 97 104 896 38 131 23 241 708 84011 29 1555 353
internal_value=-3.74012e-14 5.78552e-06 6.18475e-06 8.16956e-06 2.44845e-05 5.52349e-06 5.7358e-06 5.66414e-06 -8.3836e-05 6.53596e-05 5.71914e-06 5.69154e-06 4.18351e-06 -6.4393e-06 -7.99447e-05 2.09807e-05 7.72277e-06 -2.46038e-06 -3.80535e-07 4.99562e-05 -2.20789e-06 7.8185e-06 4.48647e-06 3.30385e-05 1.79903e-05 1.26136e-05 5.6607e-06 6.17515e-06 6.20031e-06 6.05985e-06
internal_weight=326592 200659 160629 40142 1070 120487 117440 117250 72 52 117178 117155 40030 1110 57 1047 39072 1053 1014 190 993 38961 38920 127 975 734 117117 85948 85919 84364
internal_count=326592 200659 160629 40142 1070 120487 117440 117250 72 52 117178 117155 40030 1110 57 1047 39072 1053 1014 190 993 38961 38920 127 975 734 117117 85948 85919 84364
is_linear=0
shrinkage=0.05


Tree=158
num_leaves=31
num_cat=3
split_feature=33 15 15 25 24 6 13 25 26 24 24 4 25 24 27 26 14 6 14 14 15 4 13 24 6 4 12 27 26 14
split_gain=0.00628806 4.78251e-05 7.76386e-05 7.10246e-05 8.54457e-05 0.000247839 0.000139155 4.65074e-05 0.000117197 0.000133366 4.31607e-05 4.27534e-05 5.81026e-05 4.35806e-05 3.90354e-05 9.26707e-05 0.000136681 0.000227253 0.000120664 6.95856e-05 9.0925e-05 8.6689e-05 4.44841e-05 3.96728e-05 3.76915e-05 3.72649e-05 3.30903e-05 3.281e-05 3.26849e-05 0.000193841
threshold=1.0000000180025095e-35 4.5000000000000009 1.5000000000000002 3.5000000000000004 4.5000000000000009 0 1.5000000000000002 2.5000000000000004 6.5000000000000009 4.5000000000000009 3.5000000000000004 37.000000000000007 4.5000000000000009 4.5000000000000009 18.500000000000004 7.5000000000000009 3.5000000000000004 1 2.5000000000000004 4.5000000000000009 3.5000000000000004 39.000000000000007 2.5000000000000004 3.5000000000000004 2 41.000000000000007 0.71250000000000013 21.500000000000004 34.000000000000007 2.5000000000000004
decision_type=2 2 2 2 2 1 2 2 2 2 2 2 2 2 2 2 2 1 2 2 2 2 2 2 1 2 2 2 2 2
left_child=1 2 7 -3 5 -5 -7 27 9 -9 24 -10 -13 25 28 16 17 18 -16 20 -18 23 -19 -21 26 -14 -8 -1 -4 -30
right_child=-2 3 14 4 -6 6 10 8 11 -11 -12 12 13 -15 15 -17 19 22 -20 21 -22 -23 -24 -25 -26 -27 -28 -29 29 -31
leaf_value=4.1777828948332755e-06 -8.7576002981761928e-06 4.3129067176067656e-06 6.3476784252041419e-06 -0.00016565805999562146 -2.1148756889153065e-06 9.0208947821574171e-05 -1.3068463217555168e-05 -0.00014850411456185006 -5.3709497539481765e-05 4.6709926445382063e-06 -7.7687490993412218e-05 7.6509173959493643e-05 1.9648527086246758e-06 1.1728477880572947e-06 0.00024771856144070622 6.5061243502520311e-06 1.687629824335177e-05 6.7988172199370133e-05 8.9167933911085139e-05 0.00012024323572404684 -9.4997373616934061e-05 1.485913716095484e-05 6.8727958436780185e-06 4.5087820676676299e-05 2.2046280691238982e-05 -6.1708424430064593e-05 -9.1650645481422549e-05 2.9242879411638656e-05 2.0006595911511866e-05 -0.00014888704450720033
leaf_weight=38789 125933 38976 115200 32 950 27 37 30 39 27 40 24 40 896 20 3715 42 45 30 25 32 1163 88 59 39 54 21 131 65 23
leaf_count=38789 125933 38976 115200 32 950 27 37 30 39 27 40 24 40 896 20 3715 42 45 30 25 32 1163 88 59 39 54 21 131 65 23
internal_value=-9.24859e-14 5.49624e-06 5.88214e-06 3.95218e-06 -8.31626e-06 -3.8374e-05 -1.35381e-05 3.97433e-06 -6.11734e-06 -7.59475e-05 -3.39846e-05 -2.33736e-06 -3.61508e-07 -2.22504e-06 6.51588e-06 1.07454e-05 2.12168e-05 6.17141e-05 0.000152588 1.56066e-05 -3.15015e-05 1.84021e-05 2.75509e-05 6.74555e-05 -1.59628e-05 -3.46134e-05 -4.15206e-05 4.26215e-06 6.32441e-06 -2.41361e-05
internal_weight=326592 200659 160537 40122 1146 196 164 40030 1110 57 137 1053 1014 990 120507 5219 1504 183 50 1321 74 1247 133 84 97 94 58 38920 115288 88
internal_count=326592 200659 160537 40122 1146 196 164 40030 1110 57 137 1053 1014 990 120507 5219 1504 183 50 1321 74 1247 133 84 97 94 58 38920 115288 88
cat_boundaries=0 1 2 3
cat_threshold=2 1 4
is_linear=0
shrinkage=0.05


Tree=159
num_leaves=31
num_cat=2
split_feature=33 12 11 11 25 26 3 15 15 15 15 15 15 25 15 26 15 26 24 26 26 24 26 0 14 10 26 27 14 24
split_gain=0.00567497 4.59259e-05 3.79974e-05 2.68864e-05 4.53206e-05 3.41632e-05 2.83016e-05 3.18345e-05 3.41816e-05 3.0169e-05 3.3175e-05 2.89055e-05 2.63044e-05 5.57714e-05 4.07167e-05 3.9451e-05 3.13878e-05 6.79977e-05 5.46328e-05 2.70754e-05 2.63895e-05 6.98869e-05 5.22002e-05 2.35375e-05 2.35142e-05 2.25532e-05 2.1683e-05 3.34208e-05 0.000119557 0.000148498
threshold=1.0000000180025095e-35 0.48890000000000006 8.5000000000000018 44.500000000000007 3.5000000000000004 22.500000000000004 1.5000000000000002 1.5000000000000002 4.5000000000000009 4.5000000000000009 1.5000000000000002 2.5000000000000004 4.5000000000000009 3.5000000000000004 1.5000000000000002 5.5000000000000009 2.5000000000000004 3.0000000000000004 4.5000000000000009 11.500000000000002 8.5000000000000018 1.5000000000000002 3.0000000000000004 0 2.5000000000000004 1 7.5000000000000009 21.500000000000004 2.5000000000000004 4.5000000000000009
decision_type=2 2 2 2 2 2 2 2 2 2 2 2 2 2 2 2 2 2 2 2 2 2 2 1 2 1 2 2 2 2
left_child=1 26 12 -4 6 -6 7 -5 -9 10 -8 -12 14 -14 15 -3 17 -16 25 -15 22 -22 -18 -23 -25 -19 -1 28 -28 -30
right_child=-2 2 3 4 5 -7 9 8 -10 -11 11 -13 13 19 16 -17 20 18 -20 -21 21 23 -24 24 -26 -27 27 -29 29 -31
leaf_value=4.1455903405555476e-06 -8.3197200723522608e-06 2.9511331005669802e-08 5.8295309275764295e-06 3.2246019768155296e-05 9.8101929828632047e-05 1.8507919328060649e-05 -1.1528912467783261e-05 5.7883040162910163e-06 2.8118642653122122e-05 -1.6631435432060102e-05 3.1155923515945373e-05 5.7668827910650163e-06 -1.9558669463686876e-07 -8.7620520776988053e-05 8.8314578383946282e-06 -2.9482354086915719e-05 4.1179970048923746e-06 0.00012137715384596959 1.6125881964279735e-05 -2.4237511862006541e-05 -4.8172202463489197e-05 -8.9400658025900182e-06 7.8048309539250726e-05 7.5335412243889141e-05 7.7456738396112112e-06 5.5852043040995972e-05 2.2683765450408908e-05 2.2632140677038718e-06 -2.0516457783135897e-05 -0.00013724525349736666
leaf_weight=51439 125933 2340 133304 227 26 28 165 690 228 154 169 333 2356 23 2307 119 4632 24 61 63 86 66 24 22 31 29 141 1316 225 31
leaf_count=51439 125933 2340 133304 227 26 28 165 690 228 154 169 333 2356 23 2307 119 4632 24 61 63 86 66 24 22 31 29 141 1316 225 31
internal_value=1.21595e-14 5.22143e-06 5.6755e-06 5.91629e-06 1.16415e-05 5.6831e-05 1.04003e-05 1.54802e-05 1.13344e-05 3.31573e-06 7.92122e-06 1.43142e-05 3.00095e-06 -1.63925e-06 4.16422e-06 -1.39868e-06 6.0427e-06 1.06942e-05 4.83898e-05 -4.11888e-05 3.72606e-06 -1.3831e-05 4.49908e-06 1.0987e-05 3.58018e-05 8.55238e-05 3.9613e-06 -1.57268e-06 -1.42881e-05 -3.46516e-05
internal_weight=326592 200659 147507 135324 2020 54 1966 1145 918 821 667 502 12183 2442 9741 2459 7282 2421 114 86 4861 205 4656 119 53 53 53152 1713 397 256
internal_count=326592 200659 147507 135324 2020 54 1966 1145 918 821 667 502 12183 2442 9741 2459 7282 2421 114 86 4861 205 4656 119 53 53 53152 1713 397 256
cat_boundaries=0 1 2
cat_threshold=1 2
is_linear=0
shrinkage=0.05


Tree=160
num_leaves=31
num_cat=3
split_feature=33 15 15 25 24 6 13 25 24 7 25 24 15 25 24 24 27 14 24 25 6 13 4 11 27 0 11 11 24 12
split_gain=0.00512166 4.23586e-05 6.88927e-05 6.2636e-05 7.57217e-05 0.000225158 0.000125704 4.09332e-05 7.68028e-05 0.000181539 9.64841e-05 3.8555e-05 3.61963e-05 0.000101541 0.000199434 4.14323e-05 8.98341e-05 7.98572e-05 9.43414e-05 7.09577e-05 9.76103e-05 8.95808e-05 6.93777e-05 6.52965e-05 9.82529e-05 5.0583e-05 4.31215e-05 3.85466e-05 4.23961e-05 3.83669e-05
threshold=1.0000000180025095e-35 4.5000000000000009 1.5000000000000002 3.5000000000000004 4.5000000000000009 0 1.5000000000000002 2.5000000000000004 4.5000000000000009 11.000000000000002 4.5000000000000009 3.5000000000000004 2.5000000000000004 3.5000000000000004 2.5000000000000004 4.5000000000000009 18.500000000000004 3.5000000000000004 1.5000000000000002 4.5000000000000009 1 1.5000000000000002 41.000000000000007 17.500000000000004 34.000000000000007 2 41.000000000000007 41.000000000000007 3.5000000000000004 0.53125000000000011
decision_type=2 2 2 2 2 1 2 2 2 2 2 2 2 2 2 2 2 2 2 2 1 2 2 2 2 1 2 2 2 2
left_child=1 2 7 -3 5 -5 -7 -1 9 -9 -11 -8 13 -4 -15 16 -14 18 -18 21 -21 -19 -22 -20 25 26 -25 28 -16 -24
right_child=-2 3 12 4 -6 6 11 8 -10 10 -12 -13 15 14 27 -17 17 19 23 20 22 -23 29 24 -26 -27 -28 -29 -30 -31
leaf_value=3.7964092108929234e-06 -7.903733931030044e-06 3.8459731253419971e-06 6.730470180664483e-06 -0.00015762979855935555 -2.1760946938827963e-06 8.5967996764574551e-05 -1.5037629137370141e-05 -0.00017163389139485927 -6.4261095901263682e-07 6.232990301214159e-05 -3.9563133578640987e-05 -7.3376040527364244e-05 5.2329286388923715e-06 0.00016798471181612949 -4.9206287523982328e-05 -1.9428108480903774e-06 1.1282997234151151e-05 0.00010007700751884842 0.00014531725127675426 6.6316282280477821e-05 -0.00011806821979777083 1.2605693328530613e-05 3.0494337419361769e-05 7.8281636721537018e-05 8.7768658616098675e-06 5.0277578153175765e-05 0.00017639045559224629 3.5665534372156162e-05 1.5728802436942271e-05 -4.8889572992468156e-05
leaf_weight=38920 125933 38976 39072 32 950 27 97 22 955 30 103 40 76728 23 26 1923 176 30 21 23 26 1203 23 24 74 48 21 264 757 45
leaf_count=38920 125933 38976 39072 32 950 27 97 22 955 30 103 40 76728 23 26 1923 176 30 21 23 26 1203 23 24 74 48 21 264 757 45
internal_value=2.77647e-14 4.96036e-06 5.32353e-06 3.50722e-06 -8.01396e-06 -3.63097e-05 -1.26375e-05 3.52639e-06 -5.94121e-06 -3.85874e-05 -1.65797e-05 -3.20707e-05 5.92051e-06 7.14662e-06 2.23427e-05 5.30807e-06 5.48583e-06 1.68069e-05 3.75913e-05 1.12028e-05 -2.60099e-05 1.47339e-05 -4.86004e-05 6.22204e-05 5.17711e-05 8.59815e-05 0.000124066 1.91433e-05 1.35726e-05 -2.20391e-05
internal_weight=326592 200659 160537 40122 1146 196 164 40030 1110 155 133 137 120507 40142 1070 80365 78442 1714 364 1350 117 1233 94 188 167 93 45 1047 783 68
internal_count=326592 200659 160537 40122 1146 196 164 40030 1110 155 133 137 120507 40142 1070 80365 78442 1714 364 1350 117 1233 94 188 167 93 45 1047 783 68
cat_boundaries=0 1 2 3
cat_threshold=2 1 1
is_linear=0
shrinkage=0.05


Tree=161
num_leaves=31
num_cat=2
split_feature=33 12 11 11 13 3 15 15 15 15 15 24 24 4 15 27 24 15 13 6 4 27 24 24 25 13 15 6 24 27
split_gain=0.0046223 4.17712e-05 3.43587e-05 2.42332e-05 4.11822e-05 2.75834e-05 2.58265e-05 2.90655e-05 2.47425e-05 2.75967e-05 2.3797e-05 2.37583e-05 9.92404e-05 6.79487e-05 1.87921e-05 4.75447e-05 0.000128977 3.05031e-05 3.28592e-05 5.01387e-05 2.73483e-05 3.01227e-05 3.29665e-05 0.000113192 9.53142e-05 6.46639e-05 5.25923e-05 2.69232e-05 4.34129e-05 3.22476e-05
threshold=1.0000000180025095e-35 0.48890000000000006 8.5000000000000018 44.500000000000007 1.5000000000000002 1.5000000000000002 4.5000000000000009 1.5000000000000002 1.5000000000000002 4.5000000000000009 2.5000000000000004 4.5000000000000009 1.5000000000000002 76.000000000000014 4.5000000000000009 34.000000000000007 4.5000000000000009 1.5000000000000002 1.5000000000000002 0 44.000000000000007 20.500000000000004 4.5000000000000009 2.5000000000000004 4.5000000000000009 1.5000000000000002 2.5000000000000004 1 1.5000000000000002 29.500000000000004
decision_type=2 2 2 2 2 2 2 2 2 2 2 2 2 2 2 2 2 2 2 1 2 2 2 2 2 2 2 1 2 2
left_child=1 14 11 -4 -5 8 7 -7 -6 -10 -9 12 -3 -14 17 -16 -17 18 19 -1 21 -19 23 27 -25 -26 -24 -23 29 -29
right_child=-2 2 3 4 5 6 -8 10 9 -11 -12 -13 13 -15 15 16 -18 20 -20 -21 -22 22 26 24 25 -27 -28 28 -30 -31
leaf_value=-9.9178185846540148e-05 -7.5085475685088558e-06 2.652957119561232e-06 5.2919886110422506e-06 7.1026145009714788e-05 2.9615826079743388e-05 -1.089176084532077e-05 -1.526843664862192e-05 2.8461504416019818e-05 6.3532505580655877e-06 2.6215799162999976e-05 5.4931540868363221e-06 -1.1294319407170406e-05 1.8138105170456347e-05 0.00013376485597594486 2.0915760043354363e-06 -0.00013141518099170452 -7.5481357841653273e-06 4.0424580522105662e-06 1.88513480444303e-06 -6.5036513121783543e-06 1.0215933093243105e-05 3.7190414539695784e-05 2.5488713763675203e-05 0.00015760027631388411 0.00010946569615043699 1.301613055259447e-05 -6.9595206708216116e-06 5.423212763685496e-06 -6.4899473987419955e-05 6.9174223573922761e-05
leaf_weight=20 125933 11832 133304 28 230 166 157 170 701 233 335 300 27 24 10536 24 169 28605 10457 54 2138 78 186 23 25 57 380 358 21 21
leaf_count=20 125933 11832 133304 28 230 166 157 170 701 233 335 300 27 24 10536 24 169 28605 10457 54 2138 78 186 23 25 57 380 358 21 21
internal_value=-7.77079e-14 4.71234e-06 5.14539e-06 5.37435e-06 1.08098e-05 9.96337e-06 2.9873e-06 7.25876e-06 1.49257e-05 1.13083e-05 1.32251e-05 2.60212e-06 2.95295e-06 7.25507e-05 3.51056e-06 1.64109e-06 -2.29513e-05 3.98336e-06 1.65018e-06 -3.15508e-05 4.75379e-06 4.36131e-06 1.22992e-05 2.06441e-05 6.76511e-05 4.24215e-05 3.70368e-06 1.03183e-05 5.0782e-06 8.95559e-06
internal_weight=326592 200659 147507 135324 2020 1992 828 671 1164 934 505 12183 11883 51 53152 10729 193 42423 10531 74 31892 29754 1149 583 105 82 566 478 400 379
internal_count=326592 200659 147507 135324 2020 1992 828 671 1164 934 505 12183 11883 51 53152 10729 193 42423 10531 74 31892 29754 1149 583 105 82 566 478 400 379
cat_boundaries=0 1 2
cat_threshold=2 1
is_linear=0
shrinkage=0.05


Tree=162
num_leaves=31
num_cat=1
split_feature=33 26 26 14 27 14 0 3 27 15 4 14 27 12 1 27 17 24 14 15 11 8 24 24 11 27 24 15 15 4
split_gain=0.00417163 4.06338e-05 9.48565e-05 9.46552e-05 5.09418e-05 0.000622668 0.000880803 0.00016878 0.0001266 0.000123986 4.39251e-05 0.000368843 4.10608e-05 3.43208e-05 3.30948e-05 3.11714e-05 6.10748e-05 4.755e-05 3.3478e-05 2.57814e-05 2.18812e-05 2.11167e-05 1.80524e-05 0.00011214 0.000166255 0.000110049 8.0889e-05 4.33528e-05 4.93627e-05 3.03433e-05
threshold=1.0000000180025095e-35 7.5000000000000009 6.5000000000000009 1.5000000000000002 34.000000000000007 4.5000000000000009 0 1.5000000000000002 26.500000000000004 1.5000000000000002 37.000000000000007 2.5000000000000004 4.0000000000000009 0.48890000000000006 30.000000000000004 31.500000000000004 1.0000000180025095e-35 1.5000000000000002 3.5000000000000004 4.5000000000000009 8.5000000000000018 75.000000000000014 1.5000000000000002 3.5000000000000004 15.500000000000002 26.500000000000004 2.5000000000000004 2.5000000000000004 1.5000000000000002 39.000000000000007
decision_type=2 2 2 2 2 2 1 2 2 2 2 2 2 2 2 2 2 2 2 2 2 2 2 2 2 2 2 2 2 2
left_child=1 2 4 21 8 6 -6 9 12 -7 11 -3 13 -1 -11 16 -10 18 -18 22 -15 -4 -12 24 -24 26 -26 28 -25 -27
right_child=-2 10 3 -5 5 7 -8 -9 15 14 19 -13 -14 20 -16 -17 17 -19 -20 -21 -22 -23 23 27 25 29 -28 -29 -30 -31
leaf_value=3.3364657537433908e-06 -7.1331197978136032e-06 7.4443130602698414e-06 -9.3043914603185854e-06 0.00015062457269301551 3.5085820381937087e-05 -0.00010205275580769272 -0.0004341696307528764 0.00011304335382899606 2.3692086519336694e-05 -3.1654146764717681e-05 -1.643490283675213e-06 -0.00017252782024169231 9.305679223331833e-06 2.7578455419203047e-06 2.1110089725476695e-05 1.0668094208918468e-05 1.0741676695553387e-05 0.0001263938105125817 8.3638667799985152e-05 -4.5867042488080574e-06 5.0519249702203781e-06 5.2739176135219173e-05 0.00017284016599433018 -4.6823645975036831e-07 1.4210608837443446e-05 4.1191768416735745e-05 8.9202296280573254e-05 -3.212446468112574e-06 1.6092119977153678e-05 -1.643617396468706e-05
leaf_weight=50045 125933 175 24 21 20 28 20 36 126 37 1509 34 4473 11320 151 83 28 32 36 1410 127105 32 20 905 66 28 79 1797 895 124
leaf_count=50045 125933 175 24 21 20 28 20 36 126 37 1509 34 4473 11320 151 83 28 32 36 1410 127105 32 20 905 66 28 79 1797 895 124
internal_value=7.22303e-14 4.47673e-06 4.61242e-06 6.00969e-05 4.59034e-06 -1.6278e-05 -0.000199542 1.28115e-05 4.62188e-06 -3.89378e-06 7.45871e-07 -2.18335e-05 4.57099e-06 4.45863e-06 1.07256e-05 3.68099e-05 4.65836e-05 7.66288e-05 5.17462e-05 1.4365e-06 4.86432e-06 2.61491e-05 3.00256e-06 4.79379e-06 3.33027e-05 2.39063e-05 5.50681e-05 2.28133e-06 7.76594e-06 -5.8205e-06
internal_weight=326592 200659 193617 77 193540 292 40 252 193248 216 7042 209 192943 188470 188 305 222 96 64 6833 138425 56 5423 3914 317 297 145 3597 1800 152
internal_count=326592 200659 193617 77 193540 292 40 252 193248 216 7042 209 192943 188470 188 305 222 96 64 6833 138425 56 5423 3914 317 297 145 3597 1800 152
cat_boundaries=0 1
cat_threshold=1
is_linear=0
shrinkage=0.05


Tree=163
num_leaves=31
num_cat=3
split_feature=33 26 26 14 27 14 0 3 27 15 25 13 4 14 27 4 12 15 15 3 12 9 15 3 9 12 12 13 15 26
split_gain=0.00376489 3.6672e-05 8.5608e-05 8.54263e-05 4.5975e-05 0.000561957 0.000794924 0.000152324 0.000114257 0.000111898 8.1176e-05 4.49502e-05 3.96424e-05 0.000332881 3.70574e-05 3.15318e-05 3.09746e-05 2.32677e-05 2.05245e-05 2.12484e-05 4.14738e-05 3.18935e-05 2.08795e-05 2.05696e-05 4.76769e-05 3.59308e-05 1.90579e-05 1.73691e-05 1.77785e-05 2.01667e-05
threshold=1.0000000180025095e-35 7.5000000000000009 6.5000000000000009 1.5000000000000002 34.000000000000007 4.5000000000000009 0 1.5000000000000002 26.500000000000004 1.5000000000000002 4.5000000000000009 2.5000000000000004 37.000000000000007 2.5000000000000004 4.0000000000000009 39.000000000000007 0.48890000000000006 4.5000000000000009 4.5000000000000009 1.5000000000000002 0.67085000000000006 1 1.5000000000000002 1.5000000000000002 2 0.67085000000000006 0.56695000000000018 2.5000000000000004 1.5000000000000002 5.5000000000000009
decision_type=2 2 2 2 2 2 1 2 2 2 2 2 2 2 2 2 2 2 2 2 2 1 2 2 1 2 2 2 2 2
left_child=1 2 4 26 8 6 -6 9 14 -7 11 -10 13 -3 16 -11 -1 -14 22 21 -21 -20 23 24 -18 -25 -4 -16 -29 -30
right_child=-2 12 3 -5 5 7 -8 -9 10 15 -12 -13 17 -15 27 -17 18 -19 19 20 -22 -23 -24 25 -26 -27 -28 28 29 -31
leaf_value=3.1696425103360463e-06 -6.7764639965554153e-06 7.0720974825755034e-06 5.0102217755920719e-05 0.00014309334080843698 3.3331523691231266e-05 -9.6950113740084434e-05 -0.00041246114880777896 0.00010739118493398161 7.6703520389855841e-05 3.7391410497842602e-05 0.00012529158397544803 1.9486849505333079e-05 2.8524295639594425e-06 -0.00016390143077039872 -3.3581022610936394e-05 -5.2251404440539779e-06 2.7020061635553387e-05 -4.3573690909268551e-06 2.2618438537313565e-05 -2.0312912225587025e-05 1.4613441267679415e-06 3.8646794285155694e-06 5.3214176999929635e-06 -1.7958119444218679e-05 4.1513839402462472e-06 1.8145382028293145e-06 -8.8391720661699463e-06 2.1221732061207181e-06 9.2479012246362846e-06 2.1368137931953642e-05
leaf_weight=50045 125933 175 32 21 20 28 20 36 40 68 23 242 5423 34 24 120 221 1410 220 229 4857 22213 83080 241 22437 4927 24 763 3303 383
leaf_count=50045 125933 175 32 21 20 28 20 36 40 68 23 242 5423 34 24 120 221 1410 220 229 4857 22213 83080 241 22437 4927 24 763 3303 383
internal_value=3.3189e-14 4.25289e-06 4.3818e-06 5.70921e-05 4.36083e-06 -1.54641e-05 -0.000189565 1.21709e-05 4.39078e-06 -3.69909e-06 3.49694e-05 2.76027e-05 7.08578e-07 -2.07418e-05 4.34245e-06 1.01894e-05 4.23569e-06 1.36468e-06 4.62111e-06 3.39886e-06 4.80946e-07 4.0604e-06 4.92438e-06 3.73895e-06 4.3882e-06 8.92477e-07 2.48416e-05 8.8404e-06 9.06924e-06 1.05073e-05
internal_weight=326592 200659 193617 77 193540 292 40 252 193248 216 305 282 7042 209 192943 188 188470 6833 138425 27519 5086 22433 110906 27826 22658 5168 56 4473 4449 3686
internal_count=326592 200659 193617 77 193540 292 40 252 193248 216 305 282 7042 209 192943 188 188470 6833 138425 27519 5086 22433 110906 27826 22658 5168 56 4473 4449 3686
cat_boundaries=0 1 2 3
cat_threshold=1 8 8
is_linear=0
shrinkage=0.05


Tree=164
num_leaves=31
num_cat=0
split_feature=33 15 15 25 24 24 24 27 4 8 25 13 26 26 24 25 26 24 25 4 25 24 4 27 26 4 11 26 4 11
split_gain=0.00339791 3.37238e-05 6.04072e-05 8.0787e-05 0.000164798 5.62175e-05 0.000114147 0.000152643 0.00115546 0.000224037 0.000121835 9.8369e-05 3.92063e-05 3.56778e-05 3.39203e-05 3.37371e-05 9.25114e-05 0.000120348 3.14157e-05 3.10036e-05 4.41905e-05 3.86229e-05 3.0538e-05 2.93122e-05 2.94743e-05 2.86845e-05 5.45432e-05 2.73529e-05 2.53107e-05 2.50015e-05
threshold=1.0000000180025095e-35 1.5000000000000002 2.5000000000000004 3.5000000000000004 2.5000000000000004 3.5000000000000004 2.5000000000000004 34.000000000000007 39.000000000000007 85.000000000000014 4.5000000000000009 1.5000000000000002 6.5000000000000009 20.500000000000004 1.5000000000000002 2.5000000000000004 6.5000000000000009 4.5000000000000009 4.5000000000000009 37.000000000000007 4.5000000000000009 4.5000000000000009 41.000000000000007 21.500000000000004 7.5000000000000009 59.500000000000007 41.000000000000007 7.5000000000000009 76.000000000000014 41.000000000000007
decision_type=2 2 2 2 2 2 2 2 2 2 2 2 2 2 2 2 2 2 2 2 2 2 2 2 2 2 2 2 2 2
left_child=1 15 3 13 -5 6 7 10 -9 -10 11 -4 -6 14 25 23 17 -17 -8 -18 -21 22 -22 24 -1 27 -27 -3 -20 -14
right_child=-2 2 5 4 12 -7 18 8 9 -11 -12 -13 29 -15 -16 16 19 -19 28 20 21 -23 -24 -25 -26 26 -28 -29 -30 -31
leaf_value=3.0165292773726857e-06 -6.4376408403569286e-06 5.2722258904642314e-06 8.4371153628269796e-05 0.00015199065572865634 5.2294943644584345e-05 -2.9008278433546948e-06 7.1568443369566623e-05 -0.0003918381035327911 -2.6690977347243464e-05 0.00018663373237359337 0.00011902700254880905 3.9115517484413709e-06 9.4728027594170542e-06 -2.2634080878478845e-05 5.2970037837727237e-05 -0.00013681921159635144 -4.624188650035276e-05 8.6877777465377707e-06 1.7884889704279116e-05 6.6226667816711909e-05 1.8456326870364139e-07 7.612789468274579e-07 -5.7455861490409552e-05 2.6598740405738996e-05 -1.4487693924595139e-05 7.9883606240816395e-06 3.1820404440204299e-05 -1.4111274918593794e-05 7.5846914525913161e-05 2.8033686369958578e-05
leaf_weight=38547 125933 33412 38 23 72 3047 63 20 32 20 23 117117 734 111 38 30 39 27 104 24 40 896 54 131 242 5076 252 183 23 241
leaf_count=38547 125933 33412 38 23 72 3047 63 20 32 20 23 117117 734 111 38 30 39 27 104 24 40 896 54 131 242 5076 252 183 23 241
internal_value=8.82089e-11 4.04039e-06 4.36397e-06 6.04383e-06 1.95983e-05 3.8043e-06 3.97827e-06 3.91552e-06 -6.88639e-05 5.5357e-05 3.96024e-06 3.93765e-06 1.669e-05 5.67264e-06 5.75329e-06 2.74193e-06 -5.85327e-06 -6.78948e-05 4.27017e-05 -2.49489e-06 -8.12316e-07 -2.4375e-06 -3.2928e-05 2.98706e-06 2.90732e-06 5.70719e-06 9.11555e-06 5.16664e-06 2.83819e-05 1.40607e-05
internal_weight=326592 200659 160629 40142 1070 120487 117440 117250 72 52 117178 117155 1047 39072 38961 40030 1110 57 190 1053 1014 990 94 38920 38789 38923 5328 33595 127 975
internal_count=326592 200659 160629 40142 1070 120487 117440 117250 72 52 117178 117155 1047 39072 38961 40030 1110 57 190 1053 1014 990 94 38920 38789 38923 5328 33595 127 975
is_linear=0
shrinkage=0.05


Tree=165
num_leaves=31
num_cat=0
split_feature=33 15 15 25 24 7 13 4 25 26 24 4 25 24 27 26 14 24 24 11 14 4 7 15 4 27 26 24 24 26
split_gain=0.00306661 3.30125e-05 5.15222e-05 4.49711e-05 6.58851e-05 0.000147437 0.000110667 3.4389e-05 3.04477e-05 8.34915e-05 0.000108614 2.79807e-05 3.98819e-05 3.48571e-05 2.79092e-05 6.67683e-05 9.33172e-05 0.000146864 0.000285325 4.81303e-05 3.98996e-05 6.33805e-05 5.86231e-05 6.95616e-05 2.75605e-05 2.64543e-05 2.66005e-05 2.60526e-05 2.14116e-05 1.99299e-05
threshold=1.0000000180025095e-35 4.5000000000000009 1.5000000000000002 3.5000000000000004 4.5000000000000009 11.000000000000002 1.5000000000000002 42.500000000000007 2.5000000000000004 6.5000000000000009 4.5000000000000009 37.000000000000007 4.5000000000000009 4.5000000000000009 18.500000000000004 7.5000000000000009 3.5000000000000004 1.5000000000000002 3.5000000000000004 39.500000000000007 4.5000000000000009 39.000000000000007 13.000000000000002 3.5000000000000004 41.000000000000007 21.500000000000004 7.5000000000000009 3.5000000000000004 1.5000000000000002 34.000000000000007
decision_type=2 2 2 2 2 2 2 2 2 2 2 2 2 2 2 2 2 2 2 2 2 2 2 2 2 2 2 2 2 2
left_child=1 2 8 28 5 -5 -7 -8 25 10 -10 -11 -13 24 29 16 17 -16 -19 -20 22 27 23 -18 -14 26 -1 -22 -3 -4
right_child=-2 3 14 4 -6 6 7 -9 9 11 -12 12 13 -15 15 -17 20 18 19 -21 21 -23 -24 -25 -26 -27 -28 -29 -30 -31
leaf_value=2.865702756982608e-06 -6.115759023422429e-06 2.792846969225831e-06 4.5315133064155098e-06 -0.00013177367636671989 -1.7612704669820807e-06 7.8074700421119038e-05 1.4630856130679605e-05 -4.5943328237524702e-05 -0.00012997825068547777 -4.3929793397322869e-05 8.253389064015614e-06 6.2915334456192792e-05 1.7533409845782444e-07 7.232150094539845e-07 4.0622829539477769e-06 4.653187562556345e-06 2.3347637449790327e-06 0.00022443507011209071 2.9319084072684327e-06 9.0953552164137365e-05 9.9341772380284971e-05 1.1591650852498752e-05 2.7817369254989901e-05 -0.00012635975040861273 -5.4583066634626855e-05 2.5268803049147284e-05 -1.3763309331153316e-05 3.8438698247465273e-05 3.0470949230740581e-05 -1.927234315892499e-05
leaf_weight=38547 125933 38906 115200 32 950 27 30 107 30 39 27 24 40 896 88 3715 21 29 41 25 25 1163 32 21 54 131 242 59 70 88
leaf_count=38547 125933 38906 115200 32 950 27 30 107 30 39 27 24 40 896 88 3715 21 29 41 25 25 1163 32 21 54 131 242 59 70 88
internal_value=8.37389e-11 3.83837e-06 4.15898e-06 2.55552e-06 -7.20677e-06 -3.36008e-05 -1.44451e-05 -3.26789e-05 2.60483e-06 -5.5606e-06 -6.45001e-05 -2.37015e-06 -7.717e-07 -2.31563e-06 4.67524e-06 8.25156e-06 1.71398e-05 5.06019e-05 9.37123e-05 3.62734e-05 1.25043e-05 1.46211e-05 -2.31671e-05 -6.20125e-05 -3.12816e-05 2.83771e-06 2.76196e-06 5.65646e-05 2.84256e-06 4.51334e-06
internal_weight=326592 200659 160537 40122 1146 196 164 137 40030 1110 57 1053 1014 990 120507 5219 1504 183 95 66 1321 1247 74 42 94 38920 38789 84 38976 115288
internal_count=326592 200659 160537 40122 1146 196 164 137 40030 1110 57 1053 1014 990 120507 5219 1504 183 95 66 1321 1247 74 42 94 38920 38789 84 38976 115288
is_linear=0
shrinkage=0.05


Tree=166
num_leaves=31
num_cat=1
split_feature=33 12 12 26 15 15 24 24 24 26 24 25 4 15 25 26 0 4 14 15 24 25 4 15 15 24 25 15 26 12
split_gain=0.00276762 3.13242e-05 2.86643e-05 2.79922e-05 2.12506e-05 7.44087e-05 4.22791e-05 3.63419e-05 2.47893e-05 1.79513e-05 1.94361e-05 6.58592e-05 0.000364842 5.63007e-05 5.00085e-05 2.66189e-05 2.43932e-05 1.64479e-05 2.92534e-05 2.6223e-05 1.80346e-05 0.000103232 2.74595e-05 1.98206e-05 2.47451e-05 2.22447e-05 1.46395e-05 1.41381e-05 1.23744e-05 1.19423e-05
threshold=1.0000000180025095e-35 0.48890000000000006 0.92360000000000009 5.5000000000000009 2.5000000000000004 1.5000000000000002 1.5000000000000002 4.5000000000000009 3.5000000000000004 7.5000000000000009 4.5000000000000009 4.5000000000000009 39.000000000000007 3.5000000000000004 3.5000000000000004 5.5000000000000009 0 37.000000000000007 1.5000000000000002 2.5000000000000004 2.5000000000000004 4.5000000000000009 39.000000000000007 2.5000000000000004 1.5000000000000002 4.5000000000000009 2.5000000000000004 4.5000000000000009 20.500000000000004 0.90555000000000019
decision_type=2 2 2 2 2 2 2 2 2 2 2 2 2 2 2 2 1 2 2 2 2 2 2 2 2 2 2 2 2 2
left_child=1 9 28 26 5 -5 -6 -8 -7 10 11 14 -13 -14 15 -1 -12 18 -11 -20 22 -22 -19 24 -23 -25 -4 -17 -3 -30
right_child=-2 2 3 4 6 8 7 -9 -10 17 16 12 13 -15 -16 27 -18 20 19 -21 21 23 -24 25 -26 -27 -28 -29 29 -31
leaf_value=2.7230954721653738e-06 -5.8099708980216082e-06 4.2824483527376233e-06 2.1913406159523282e-06 -2.7164179909871488e-05 -4.1602657175575926e-05 6.33487864766588e-05 5.2802871570747818e-05 -1.2250338010600994e-05 1.2370444158461812e-05 7.3153217619236747e-06 -3.1674935598857704e-07 -0.00021969422038334112 8.2320660294499251e-05 -2.7350995647297665e-05 7.2134410975894969e-05 1.8851933041160125e-05 7.0254339516395706e-05 5.2681679788963611e-06 -7.0044751565374844e-05 -1.0104184618992603e-05 7.50197504493507e-05 -4.4591749073056825e-06 -1.8937303379163041e-05 3.5759950117911404e-05 1.9959474055807592e-05 -8.3477672872957877e-06 -4.0627533890074121e-05 6.5009497172598325e-05 1.0035801375847313e-06 -3.686657402708772e-05
leaf_weight=51196 125933 134167 10403 103 119 41 25 152 57 57 25 21 25 22 26 79 24 198 37 36 47 207 287 30 208 606 20 21 2399 21
leaf_count=51196 125933 134167 10403 103 119 41 25 152 57 57 25 21 25 22 26 79 24 198 37 36 47 207 287 30 208 606 20 21 2399 21
internal_value=7.96162e-11 3.64645e-06 4.02145e-06 1.55639e-06 -1.00366e-05 2.50998e-06 -1.85564e-05 -3.06203e-06 3.36981e-05 2.60575e-06 2.77343e-06 2.74342e-06 -4.64306e-05 3.0985e-05 2.80857e-06 2.77343e-06 3.42487e-05 -2.42956e-06 -1.95264e-05 -4.0485e-05 -1.02553e-06 2.5214e-06 -9.05548e-06 -7.20673e-07 7.77957e-06 -6.26721e-06 2.10918e-06 2.8545e-05 4.21853e-06 6.74955e-07
internal_weight=326592 200659 147507 10920 497 201 296 177 98 53152 51439 51390 68 47 51322 51296 49 1713 130 73 1583 1098 485 1051 415 636 10423 100 136587 2420
internal_count=326592 200659 147507 10920 497 201 296 177 98 53152 51439 51390 68 47 51322 51296 49 1713 130 73 1583 1098 485 1051 415 636 10423 100 136587 2420
cat_boundaries=0 1
cat_threshold=1
is_linear=0
shrinkage=0.05


Tree=167
num_leaves=31
num_cat=1
split_feature=33 15 15 25 24 6 13 4 15 25 24 26 26 24 24 24 27 13 24 27 26 11 25 26 25 26 24 3 11 4
split_gain=0.00249778 2.975e-05 4.62763e-05 3.92109e-05 6.05878e-05 0.000132748 0.000101504 2.99716e-05 2.67833e-05 6.93464e-05 0.000127664 3.47081e-05 3.06691e-05 2.9585e-05 2.69462e-05 0.000107348 0.000103147 8.23852e-05 3.86989e-05 7.98013e-05 2.71462e-05 2.95745e-05 2.68522e-05 2.61733e-05 2.59226e-05 7.50289e-05 9.65107e-05 2.58403e-05 4.91387e-05 2.56977e-05
threshold=1.0000000180025095e-35 4.5000000000000009 1.5000000000000002 3.5000000000000004 4.5000000000000009 0 1.5000000000000002 42.500000000000007 2.5000000000000004 3.5000000000000004 2.5000000000000004 6.5000000000000009 20.500000000000004 1.5000000000000002 3.5000000000000004 2.5000000000000004 34.000000000000007 1.5000000000000002 1.5000000000000002 21.500000000000004 7.5000000000000009 45.500000000000007 4.5000000000000009 5.5000000000000009 2.5000000000000004 6.5000000000000009 4.5000000000000009 1.5000000000000002 41.000000000000007 44.000000000000007
decision_type=2 2 2 2 2 1 2 2 2 2 2 2 2 2 2 2 2 2 2 2 2 2 2 2 2 2 2 2 2 2
left_child=1 2 24 -3 5 -5 -7 -8 9 12 -11 23 13 27 15 16 17 -10 -19 -20 21 -16 -17 -12 -1 26 -26 -4 -29 -24
right_child=-2 3 8 4 -6 6 7 -9 14 10 11 -13 -14 -15 20 22 -18 18 19 -21 -22 -23 29 -25 25 -27 -28 28 -30 -31
leaf_value=2.5104600834939507e-06 -5.5194721062602395e-06 2.5143404058069028e-06 4.4872222158496297e-06 -0.00012533426124718971 -1.6473557506718575e-06 7.4603303289256519e-05 1.2700508765798683e-05 -4.3849513160715438e-05 9.2819430448379042e-05 0.00013439604334290262 2.4762662699438149e-05 1.2836899408751215e-05 -2.1276142368085793e-05 4.9139630994575687e-05 6.3744258982194163e-06 8.1755994909965427e-05 -0.0001069970495466675 3.7617185580878095e-06 6.4731599986376041e-06 0.00010655546788517053 -3.6663859843004808e-06 5.7459575615818417e-05 1.448147299852858e-05 8.6601322449756234e-05 -0.00012283362142625267 -2.2142479661534274e-06 7.4688574251787805e-06 7.1653601789991577e-06 2.9785884757912422e-05 6.7916450906133319e-05
leaf_weight=38920 125933 38976 33595 32 950 27 30 107 26 23 44 975 111 38 133 41 21 78038 69 28 1875 36 63 28 30 1053 27 5076 252 35
leaf_count=38920 125933 38976 33595 32 950 27 30 107 26 23 44 975 111 38 133 41 21 78038 69 28 1875 36 63 28 30 1053 27 5076 252 35
internal_value=7.57458e-11 3.46413e-06 3.76849e-06 2.24632e-06 -6.86935e-06 -3.21801e-05 -1.40036e-05 -3.14663e-05 4.25776e-06 5.31246e-06 1.78705e-05 1.53108e-05 4.96855e-06 5.04332e-06 3.73094e-06 3.87884e-06 3.80079e-06 3.83056e-06 3.80095e-06 3.53629e-05 -1.93646e-06 1.72565e-05 4.77799e-05 4.8811e-05 2.29558e-06 -5.2387e-06 -6.11114e-05 5.00027e-06 8.23525e-06 3.35654e-05
internal_weight=326592 200659 160537 40122 1146 196 164 137 120507 40142 1070 1047 39072 38961 80365 78321 78182 78161 78135 97 2044 169 139 72 40030 1110 57 38923 5328 98
internal_count=326592 200659 160537 40122 1146 196 164 137 120507 40142 1070 1047 39072 38961 80365 78321 78182 78161 78135 97 2044 169 139 72 40030 1110 57 38923 5328 98
cat_boundaries=0 1
cat_threshold=2
is_linear=0
shrinkage=0.05


Tree=168
num_leaves=31
num_cat=1
split_feature=33 12 12 18 25 19 26 24 16 26 24 26 24 26 0 26 13 14 26 24 27 14 24 16 13 25 27 18 25 24
split_gain=0.00225424 2.81182e-05 2.63164e-05 1.96575e-05 4.63376e-05 2.9494e-05 2.95599e-05 2.68261e-05 2.36121e-05 5.40442e-05 4.69418e-05 2.13482e-05 5.75164e-05 4.29837e-05 1.64084e-05 1.60518e-05 6.74561e-05 0.000306629 0.000113126 6.99903e-05 2.34617e-05 9.4043e-05 0.000107607 2.12408e-05 1.95717e-05 7.08416e-05 1.87989e-05 1.78726e-05 1.60774e-05 6.56383e-05
threshold=1.0000000180025095e-35 0.48890000000000006 0.90555000000000019 1.0000000180025095e-35 3.5000000000000004 1.0000000180025095e-35 5.5000000000000009 4.5000000000000009 1.0000000180025095e-35 3.0000000000000004 4.5000000000000009 8.5000000000000018 1.5000000000000002 3.0000000000000004 0 7.5000000000000009 1.5000000000000002 6.5000000000000009 5.5000000000000009 1.5000000000000002 21.500000000000004 2.5000000000000004 4.5000000000000009 1.0000000180025095e-35 2.5000000000000004 3.5000000000000004 12.500000000000002 1.0000000180025095e-35 3.5000000000000004 2.5000000000000004
decision_type=2 2 2 2 2 2 2 2 2 2 2 2 2 2 1 2 2 2 2 2 2 2 2 2 2 2 2 2 2 2
left_child=1 15 -3 5 -5 8 -7 -6 11 -10 -11 13 -13 -4 -14 16 17 -1 24 -20 21 23 27 -17 -18 26 -26 -23 29 -22
right_child=-2 2 3 4 7 6 -8 -9 9 10 -12 12 14 -15 -16 20 18 -19 19 -21 28 22 -24 -25 25 -27 -28 -29 -30 -31
leaf_value=-0.00020741073919149737 -5.2434986715546336e-06 3.8466011874145802e-06 2.3649564159093828e-06 -1.274992466837467e-06 -8.1062450548275735e-05 -1.0723110850472623e-06 -2.6618092401078395e-05 -2.0257905640998314e-05 6.3985463042797403e-06 7.6086400598419376e-05 1.1758492151695136e-05 -4.4929750634595581e-05 -7.8989778888750489e-06 6.9451959764895349e-05 2.9457591428478548e-05 3.9283891590671643e-06 -3.9377345196304049e-05 1.5569523541138362e-05 2.6945799916575195e-05 0.00010909847848649536 2.8006523974143322e-06 -1.1799594828984596e-05 -0.00011850435319854202 4.3589219922068883e-05 2.3005401128972528e-06 9.0167822465604254e-05 1.1874261576586309e-05 -4.6198758703515826e-05 -1.9716861024205424e-06 8.1474512019970774e-05
leaf_weight=21 125933 135324 4632 2356 26 2340 119 60 2307 53 61 86 66 24 53 85 28 58 100 35 228 177 31 56 50656 23 518 48 1058 30
leaf_count=21 125933 135324 4632 2356 26 2340 119 60 2307 53 61 86 66 24 53 85 28 58 100 35 228 177 31 56 50656 23 518 48 1058 30
internal_value=7.18966e-11 3.29092e-06 3.64622e-06 1.42041e-06 -2.5909e-06 2.42602e-06 -2.30856e-06 -3.86407e-05 4.0248e-06 8.05919e-06 4.16653e-05 2.01549e-06 -1.37758e-05 2.71077e-06 8.73882e-06 2.30491e-06 2.46348e-06 -4.37037e-05 2.53449e-06 4.82446e-05 -2.45654e-06 -1.31103e-05 -3.11707e-05 1.96802e-05 2.41402e-06 2.43688e-06 2.39745e-06 -1.91381e-05 7.57401e-07 1.19488e-05
internal_weight=326592 200659 147507 12183 2442 9741 2459 86 7282 2421 114 4861 205 4656 119 53152 51439 79 51360 135 1713 397 256 141 51225 51197 51174 225 1316 258
internal_count=326592 200659 147507 12183 2442 9741 2459 86 7282 2421 114 4861 205 4656 119 53152 51439 79 51360 135 1713 397 256 141 51225 51197 51174 225 1316 258
cat_boundaries=0 1
cat_threshold=1
is_linear=0
shrinkage=0.05


Tree=169
num_leaves=31
num_cat=3
split_feature=33 20 19 25 24 6 13 24 11 27 26 14 6 14 14 4 6 13 25 26 24 27 4 25 24 4 26 27 26 26
split_gain=0.00203445 2.62859e-05 4.09671e-05 3.4401e-05 5.4164e-05 0.000120956 9.23387e-05 2.73961e-05 2.77276e-05 2.48214e-05 5.58747e-05 7.3486e-05 0.000141897 7.54965e-05 3.24258e-05 6.02237e-05 4.89636e-05 2.33026e-05 2.291e-05 6.7031e-05 8.62813e-05 2.37653e-05 2.37359e-05 3.22359e-05 3.21055e-05 2.38554e-05 2.16867e-05 1.92459e-05 4.2874e-05 6.20914e-05
threshold=1.0000000180025095e-35 1.0000000180025095e-35 1.0000000180025095e-35 3.5000000000000004 4.5000000000000009 0 1.5000000000000002 3.5000000000000004 17.500000000000004 18.500000000000004 7.5000000000000009 3.5000000000000004 1 2.5000000000000004 4.5000000000000009 39.000000000000007 2 2.5000000000000004 2.5000000000000004 6.5000000000000009 4.5000000000000009 21.500000000000004 37.000000000000007 4.5000000000000009 4.5000000000000009 41.000000000000007 7.5000000000000009 4.0000000000000009 7.5000000000000009 5.5000000000000009
decision_type=2 2 2 2 2 1 2 2 2 2 2 2 1 2 2 2 1 2 2 2 2 2 2 2 2 2 2 2 2 2
left_child=1 2 9 27 5 -5 -7 8 -8 -1 11 12 13 -11 16 -16 -13 -14 21 20 -20 26 -21 -24 25 -25 -4 -3 29 -29
right_child=-2 3 18 4 -6 6 7 -9 -10 10 -12 14 17 -15 15 -17 -18 -19 19 22 -22 -23 23 24 -26 -27 -28 28 -30 -31
leaf_value=3.7201368927724951e-06 -4.981323727053548e-06 2.0195197049125075e-06 2.2505066779348828e-06 -0.00011940856093133334 -1.6192172164138405e-06 7.1374411439777496e-05 -6.0801744170021262e-05 -6.4611728303134444e-05 3.1720285025787439e-07 0.00019212650600820781 3.9537353923322754e-06 2.5700478670387386e-05 4.7342531745218572e-05 6.6713456859967361e-05 5.4056735518229078e-05 1.0218061009834079e-05 -5.6395679885532623e-05 3.1091587557470621e-06 -0.00011622678529723393 -4.0475321927657114e-05 6.9767860286110254e-06 2.3489148416671946e-05 5.6532145375361631e-05 -6.4647500039427544e-07 8.029644409443141e-07 -5.1591358755508232e-05 -1.2764238906602861e-05 9.6012413296204364e-06 -5.0407186458195853e-06 5.1433574161351181e-05
leaf_weight=115288 125933 37592 38547 32 950 27 25 40 72 20 3715 32 45 30 84 1163 42 88 30 39 27 131 24 40 896 54 242 853 432 99
leaf_count=115288 125933 37592 38547 32 950 27 25 40 72 20 3715 32 45 30 84 1163 42 88 30 39 27 131 24 40 896 54 242 853 432 99
internal_value=6.83175e-11 3.12638e-06 3.41247e-06 1.98166e-06 -6.55663e-06 -3.0488e-05 -1.31376e-05 -2.97932e-05 -1.54351e-05 3.87282e-06 7.2455e-06 1.53764e-05 4.50708e-05 0.000116879 1.12628e-05 1.31711e-05 -2.08946e-05 1.80753e-05 2.02663e-06 -5.05634e-06 -5.78672e-05 2.22863e-06 -2.19763e-06 -7.25409e-07 -2.11347e-06 -2.99127e-05 2.15683e-06 2.23271e-06 8.02326e-06 1.39515e-05
internal_weight=326592 200659 160537 40122 1146 196 164 137 97 120507 5219 1504 183 50 1321 1247 74 133 40030 1110 57 38920 1053 1014 990 94 38789 38976 1384 952
internal_count=326592 200659 160537 40122 1146 196 164 137 97 120507 5219 1504 183 50 1321 1247 74 133 40030 1110 57 38920 1053 1014 990 94 38789 38976 1384 952
cat_boundaries=0 1 2 3
cat_threshold=2 1 4
is_linear=0
shrinkage=0.05


Tree=170
num_leaves=31
num_cat=1
split_feature=33 18 19 25 24 6 13 24 24 16 25 24 26 26 24 24 24 24 27 13 27 24 11 14 25 4 3 11 26 11
split_gain=0.00183609 2.3723e-05 3.69728e-05 3.10469e-05 4.8883e-05 0.000109163 8.33357e-05 2.4725e-05 2.66511e-05 2.34879e-05 6.01944e-05 0.000104075 3.00612e-05 2.74033e-05 5.73467e-05 3.6622e-05 2.49338e-05 9.51274e-05 8.68819e-05 7.15027e-05 3.54368e-05 5.49142e-05 4.68023e-05 2.4007e-05 2.30617e-05 2.28584e-05 2.19856e-05 4.46589e-05 2.2397e-05 2.14473e-05
threshold=1.0000000180025095e-35 1.0000000180025095e-35 1.0000000180025095e-35 3.5000000000000004 4.5000000000000009 0 1.5000000000000002 3.5000000000000004 1.5000000000000002 1.0000000180025095e-35 3.5000000000000004 2.5000000000000004 6.5000000000000009 17.000000000000004 1.5000000000000002 1.5000000000000002 3.5000000000000004 2.5000000000000004 34.000000000000007 1.5000000000000002 18.500000000000004 1.5000000000000002 39.500000000000007 6.5000000000000009 4.5000000000000009 44.000000000000007 1.5000000000000002 41.000000000000007 7.5000000000000009 41.000000000000007
decision_type=2 2 2 2 2 1 2 2 2 2 2 2 2 2 2 2 2 2 2 2 2 2 2 2 2 2 2 2 2 2
left_child=1 2 9 -3 5 -5 -7 8 -8 16 13 -12 23 15 -15 26 17 18 19 -1 -21 -22 -23 -13 -19 -26 28 -28 -11 -14
right_child=-2 3 -4 4 -6 6 7 -9 -10 10 11 12 29 14 -16 -17 -18 24 -20 20 21 22 -24 -25 25 -27 27 -29 -30 -31
leaf_value=8.6185359368056e-05 -4.7322575115793893e-06 2.1210714250044371e-06 1.925295749086539e-06 -0.00011343813675921411 -1.5382562902519377e-06 6.7805693093018991e-05 -4.5293120514010875e-05 -6.1381143386824983e-05 7.7620205047423958e-06 4.0022357356282733e-06 0.0001215780508178084 8.1425490543551865e-05 7.5041518304184953e-06 -4.8078406614977436e-06 -9.5896828679542526e-05 5.9649918936581042e-05 -2.2658421504126268e-06 7.6141560921536353e-05 -9.8432674782261963e-05 3.110171043964084e-06 9.0694464897569429e-06 0.0001068830449420838 1.6838994217264811e-05 2.2201157340036433e-05 1.3482825225865883e-05 6.387947188548944e-05 6.3500818976718151e-06 2.7915675569342319e-05 -1.457701929083574e-05 2.4695182174616409e-05
leaf_weight=26 125933 38976 40030 32 950 27 41 40 56 33412 23 28 734 127 20 30 2044 41 21 76728 1349 27 31 44 63 35 5068 252 163 241
leaf_count=26 125933 38976 40030 32 950 27 41 40 56 33412 23 28 734 127 20 30 2044 41 21 76728 1349 27 31 44 63 35 5068 252 163 241
internal_value=6.49107e-11 2.97006e-06 3.24184e-06 1.88258e-06 -6.2288e-06 -2.89636e-05 -1.24807e-05 -2.83036e-05 -1.46633e-05 3.67917e-06 4.66686e-06 1.6367e-05 1.40557e-05 4.34645e-06 -1.72009e-05 4.42783e-06 3.18583e-06 3.3281e-06 3.25463e-06 3.28195e-06 3.25436e-06 1.11177e-05 5.87561e-05 4.52328e-05 4.46547e-05 3.14816e-05 4.38523e-06 7.37161e-06 3.91204e-06 1.17534e-05
internal_weight=326592 200659 160537 40122 1146 196 164 137 97 120507 40142 1070 1047 39072 147 38925 80365 78321 78182 78161 78135 1407 58 72 139 98 38895 5320 33575 975
internal_count=326592 200659 160537 40122 1146 196 164 137 97 120507 40142 1070 1047 39072 147 38925 80365 78321 78182 78161 78135 1407 58 72 139 98 38895 5320 33575 975
cat_boundaries=0 1
cat_threshold=2
is_linear=0
shrinkage=0.05


Tree=171
num_leaves=31
num_cat=1
split_feature=33 26 26 14 27 13 14 24 25 17 15 8 13 8 4 14 15 0 26 11 15 24 14 24 25 24 24 11 11 15
split_gain=0.00165708 2.26709e-05 5.48433e-05 6.27168e-05 3.54428e-05 5.08274e-05 0.000941416 0.000121 9.60882e-05 0.000120986 7.81393e-05 3.47015e-05 3.02482e-05 2.80347e-05 2.64093e-05 0.000269934 2.63739e-05 2.63095e-05 2.19583e-05 4.67595e-05 2.63395e-05 4.26758e-05 2.46086e-05 1.91811e-05 0.000136733 5.65228e-05 3.20781e-05 3.39339e-05 2.64271e-05 4.37509e-05
threshold=1.0000000180025095e-35 7.5000000000000009 6.5000000000000009 1.5000000000000002 4.0000000000000009 2.5000000000000004 4.5000000000000009 3.5000000000000004 4.5000000000000009 1.0000000180025095e-35 1.5000000000000002 85.000000000000014 1.5000000000000002 85.000000000000014 37.000000000000007 2.5000000000000004 3.5000000000000004 0 5.5000000000000009 16.500000000000004 4.5000000000000009 3.5000000000000004 3.5000000000000004 1.5000000000000002 3.5000000000000004 2.5000000000000004 2.5000000000000004 21.000000000000004 8.5000000000000018 2.5000000000000004
decision_type=2 2 2 2 2 2 2 2 2 2 2 2 2 2 2 2 2 1 2 2 2 2 2 2 2 2 2 2 2 2
left_child=1 2 4 -4 -1 6 -6 16 18 11 -9 -10 -12 17 15 -3 -8 -14 -7 -20 21 -21 -22 28 26 -26 27 -25 29 -16
right_child=-2 14 3 -5 5 8 7 10 9 -11 12 -13 13 -15 23 -17 -18 -19 19 20 22 -23 -24 24 25 -27 -28 -29 -30 -31
leaf_value=2.7951485265650038e-06 -4.4956448247792311e-06 7.5733877318790684e-06 1.7478721981335964e-05 0.00011880073427510937 -0.00034442506788764151 6.2366276127112505e-06 4.9741389823164075e-05 -7.5647368882500544e-05 -2.2950178952834741e-05 0.00016724780254576002 2.2955962057902818e-05 6.3987090834416454e-05 3.4477891214821189e-05 -4.5585688442260127e-05 7.8292979932961146e-06 -0.00014638858710360877 0.00012507857810262416 -3.1919553119223563e-05 8.9993017484500478e-05 3.4662006519701372e-06 -3.1800770024158831e-06 5.830955902078691e-05 5.0765940492662291e-05 8.0300839053961686e-05 -6.7884818126913156e-05 9.666298960189348e-07 6.2717766717703327e-05 7.1025676052876843e-06 -1.5869945825228468e-06 -3.8538752144018498e-05
leaf_weight=188470 125933 175 56 21 20 4114 26 33 22 21 127 24 37 41 84 34 21 25 21 392 29 39 78 20 30 4665 101 76 1728 129
leaf_count=188470 125933 175 56 21 20 4114 26 33 22 21 127 24 37 41 84 34 21 25 21 392 29 39 78 20 30 4665 101 76 1728 129
internal_value=6.15642e-11 2.82155e-06 2.92291e-06 4.5112e-05 2.90613e-06 7.03152e-06 -1.1942e-05 9.50855e-06 8.35246e-06 6.78058e-05 -3.69687e-06 2.24084e-05 6.62647e-06 -1.3508e-05 3.47993e-08 -1.74731e-05 8.34027e-05 7.70473e-06 7.50004e-06 1.67982e-05 1.39412e-05 8.42882e-06 3.61451e-05 5.7031e-07 2.23898e-06 5.26685e-07 4.30472e-05 2.23522e-05 -3.63532e-06 -2.02528e-05
internal_weight=326592 200659 193617 77 193540 5070 330 310 4740 67 263 46 230 103 7042 209 47 62 4673 559 538 431 107 6833 4892 4695 197 96 1941 213
internal_count=326592 200659 193617 77 193540 5070 330 310 4740 67 263 46 230 103 7042 209 47 62 4673 559 538 431 107 6833 4892 4695 197 96 1941 213
cat_boundaries=0 1
cat_threshold=1
is_linear=0
shrinkage=0.05


Tree=172
num_leaves=31
num_cat=0
split_feature=33 12 11 11 25 26 13 24 24 4 26 15 15 26 3 15 15 15 15 26 26 13 26 26 24 27 25 24 15 15
split_gain=0.00149551 2.53266e-05 2.37821e-05 1.88056e-05 3.80367e-05 3.02144e-05 2.8187e-05 1.82669e-05 8.25513e-05 4.84288e-05 3.53179e-05 3.94852e-05 4.5864e-05 3.00556e-05 1.57142e-05 2.48397e-05 2.69051e-05 2.0713e-05 2.03946e-05 1.48612e-05 1.40205e-05 6.27083e-05 0.00025082 9.38211e-05 5.66984e-05 1.95209e-05 6.55259e-05 5.48772e-05 2.22592e-05 1.47392e-05
threshold=1.0000000180025095e-35 0.48890000000000006 8.5000000000000018 44.500000000000007 3.5000000000000004 22.500000000000004 4.5000000000000009 4.5000000000000009 1.5000000000000002 76.000000000000014 8.5000000000000018 2.5000000000000004 1.5000000000000002 5.5000000000000009 1.5000000000000002 1.5000000000000002 4.5000000000000009 4.5000000000000009 1.5000000000000002 14.000000000000002 7.5000000000000009 1.5000000000000002 5.5000000000000009 5.5000000000000009 1.5000000000000002 21.500000000000004 4.5000000000000009 2.5000000000000004 2.5000000000000004 4.5000000000000009
decision_type=2 2 2 2 2 2 2 2 2 2 2 2 2 2 2 2 2 2 2 2 2 2 2 2 2 2 2 2 2 2
left_child=1 20 7 -4 6 -6 -5 8 10 -10 13 12 -12 -3 15 -8 -17 18 -16 -9 21 22 -1 -23 -25 26 27 29 -28 -22
right_child=-2 2 3 4 5 -7 14 19 9 -11 11 -13 -14 -15 17 16 -18 -19 -20 -21 25 23 -24 24 -26 -27 28 -29 -30 -31
leaf_value=1.0988538580367559e-05 -4.2708624819118401e-06 1.1875501597415098e-06 3.1356079245244731e-06 -3.6976630670121981e-05 8.8207977947044692e-05 1.3355199458991202e-05 2.6222407978873226e-05 -4.7409761296316555e-05 1.8749084497189701e-05 0.00011636476004544723 -2.9508056087208736e-05 -3.6611814659211583e-05 4.4383721597980532e-05 5.606958198768553e-05 -9.4800423539709307e-06 2.8299960019691186e-06 2.2641453343615132e-05 -1.4551941421814264e-05 1.1285264644696959e-05 -7.8552424596252092e-06 -1.1392422196907455e-05 1.85164486106537e-06 -0.00019068144084442233 2.4418972687271889e-05 9.8360465157644038e-05 2.2632261631022459e-07 4.103527133810093e-05 -8.6067316228496461e-05 -7.2541288318461741e-07 -4.2060681204020513e-05
leaf_weight=58 125933 11594 133304 36 26 28 227 26 27 24 42 129 42 25 157 690 228 149 479 274 181 51225 21 100 35 1316 54 34 78 50
leaf_count=58 125933 11594 133304 36 26 28 227 26 27 24 42 129 42 25 157 690 228 149 479 274 181 51225 21 100 35 1316 54 34 78 50
internal_value=5.85341e-11 2.68048e-06 3.01767e-06 3.20817e-06 7.99637e-06 4.93954e-05 6.85926e-06 9.01752e-07 1.20938e-06 6.46859e-05 9.35772e-07 -1.92401e-05 7.43783e-06 1.30564e-06 7.67693e-06 1.14126e-05 7.75049e-06 2.22807e-06 6.15924e-06 -1.12833e-05 1.74469e-06 1.89288e-06 -4.26199e-05 1.96135e-06 4.3589e-05 -2.70531e-06 -1.24232e-05 -2.67598e-05 1.63585e-05 -1.80306e-05
internal_weight=326592 200659 147507 135324 2020 54 1966 12183 11883 51 11832 213 84 11619 1930 1145 918 785 636 300 53152 51439 79 51360 135 1713 397 265 132 231
internal_count=326592 200659 147507 135324 2020 54 1966 12183 11883 51 11832 213 84 11619 1930 1145 918 785 636 300 53152 51439 79 51360 135 1713 397 265 132 231
is_linear=0
shrinkage=0.05


Tree=173
num_leaves=31
num_cat=0
split_feature=33 12 11 11 25 26 13 24 24 4 26 15 15 26 3 15 15 15 15 26 15 26 13 14 26 24 27 14 24 15
split_gain=0.0013497 2.28573e-05 2.14634e-05 1.69721e-05 3.43281e-05 2.72685e-05 2.54387e-05 1.64859e-05 7.45026e-05 4.3707e-05 3.18744e-05 3.56354e-05 4.13922e-05 2.71251e-05 1.41821e-05 2.24179e-05 2.42818e-05 1.86935e-05 1.84061e-05 1.34123e-05 1.31157e-05 1.26535e-05 5.65942e-05 0.000226365 8.46735e-05 5.11703e-05 1.76176e-05 7.564e-05 8.46647e-05 1.70544e-05
threshold=1.0000000180025095e-35 0.48890000000000006 8.5000000000000018 44.500000000000007 3.5000000000000004 22.500000000000004 4.5000000000000009 4.5000000000000009 1.5000000000000002 76.000000000000014 8.5000000000000018 2.5000000000000004 1.5000000000000002 5.5000000000000009 1.5000000000000002 1.5000000000000002 4.5000000000000009 4.5000000000000009 1.5000000000000002 14.000000000000002 2.5000000000000004 7.5000000000000009 1.5000000000000002 6.5000000000000009 5.5000000000000009 1.5000000000000002 21.500000000000004 2.5000000000000004 4.5000000000000009 2.5000000000000004
decision_type=2 2 2 2 2 2 2 2 2 2 2 2 2 2 2 2 2 2 2 2 2 2 2 2 2 2 2 2 2 2
left_child=1 21 7 -4 6 -6 -5 8 10 -10 13 12 -12 -3 15 -8 -17 18 -16 -9 -20 22 23 -1 -24 -26 27 29 -29 -23
right_child=-2 2 3 4 5 -7 14 19 9 -11 11 -13 -14 -15 17 16 -18 -19 20 -21 -22 26 24 -25 25 -27 -28 28 -30 -31
leaf_value=-0.00018114737273814779 -4.0573193106410803e-06 1.1281726118238201e-06 2.9788275186326403e-06 -3.5127799184111708e-05 8.3797579729714643e-05 1.2687439786824534e-05 2.4911286263205603e-05 -4.5039273502949916e-05 1.7811629233485157e-05 0.00011054652291401607 -2.8032653755785545e-05 -3.4781223893537395e-05 4.2164536578292471e-05 5.3266101655026439e-05 -9.0060399088542905e-06 2.6884961213606099e-06 2.1509379835231559e-05 -1.3824344205204398e-05 2.2403415641747415e-05 -7.4624803592153511e-06 4.8614838306093588e-06 3.9029273336512111e-05 1.7590626144228043e-06 1.0439111730224325e-05 2.3198023496661336e-05 9.344244434032589e-05 2.1500649017911212e-07 -1.7326181532957384e-05 -0.00010546539530379609 3.4911929148673902e-06
leaf_weight=21 125933 11594 133304 36 26 28 227 26 27 24 42 129 42 25 157 690 228 149 160 274 319 56 51225 58 100 35 1316 225 31 85
leaf_count=21 125933 11594 133304 36 26 28 227 26 27 24 42 129 42 25 157 690 228 149 160 274 319 56 51225 58 100 35 1316 225 31 85
internal_value=5.56185e-11 2.54645e-06 2.86679e-06 3.04776e-06 7.59655e-06 4.69257e-05 6.5163e-06 8.56664e-07 1.14891e-06 6.14516e-05 8.88983e-07 -1.82781e-05 7.06594e-06 1.24036e-06 7.29308e-06 1.0842e-05 7.36296e-06 2.11667e-06 5.85128e-06 -1.07191e-05 1.0721e-05 1.65746e-06 1.79824e-06 -4.04889e-05 1.86328e-06 4.14095e-05 -2.57004e-06 -1.18021e-05 -2.79993e-05 1.76056e-05
internal_weight=326592 200659 147507 135324 2020 54 1966 12183 11883 51 11832 213 84 11619 1930 1145 918 785 636 300 479 53152 51439 79 51360 135 1713 397 256 141
internal_count=326592 200659 147507 135324 2020 54 1966 12183 11883 51 11832 213 84 11619 1930 1145 918 785 636 300 479 53152 51439 79 51360 135 1713 397 256 141
is_linear=0
shrinkage=0.05


Tree=174
num_leaves=31
num_cat=2
split_feature=33 15 15 25 24 24 6 8 4 24 15 25 24 26 14 26 24 24 24 24 25 24 7 25 0 25 12 3 11 26
split_gain=0.0012181 2.14663e-05 3.34351e-05 2.74608e-05 4.43421e-05 8.48402e-05 0.00022474 0.000106625 7.62577e-05 3.95373e-05 2.07649e-05 5.42385e-05 8.93055e-05 2.74295e-05 2.30225e-05 2.16409e-05 4.36937e-05 3.04092e-05 2.14637e-05 7.99616e-05 1.9695e-05 5.64478e-05 0.000116493 6.6054e-05 1.96447e-05 1.95273e-05 2.15622e-05 1.95064e-05 3.72966e-05 1.91088e-05
threshold=1.0000000180025095e-35 4.5000000000000009 1.5000000000000002 3.5000000000000004 4.5000000000000009 1.5000000000000002 0 95.000000000000014 42.500000000000007 3.5000000000000004 2.5000000000000004 3.5000000000000004 2.5000000000000004 6.5000000000000009 6.5000000000000009 17.000000000000004 1.5000000000000002 1.5000000000000002 3.5000000000000004 2.5000000000000004 2.5000000000000004 4.5000000000000009 11.000000000000002 4.5000000000000009 1 4.5000000000000009 0.64645000000000008 1.5000000000000002 41.000000000000007 7.5000000000000009
decision_type=2 2 2 2 2 2 1 2 2 2 2 2 2 2 2 2 2 2 2 2 2 2 2 2 1 2 2 2 2 2
left_child=1 2 20 -3 5 7 -7 8 -5 -8 11 15 -13 14 -14 17 -17 27 19 -12 -1 22 -22 -24 -25 -21 -27 29 -29 -4
right_child=-2 3 10 4 -6 6 9 -9 -10 -11 18 12 13 -15 -16 16 -18 -19 -20 25 21 -23 23 24 -26 26 -28 28 -30 -31
leaf_value=1.6129851207946849e-06 -3.8544532432585907e-06 1.6089658982593784e-06 3.389173840327161e-06 3.0044622784067371e-05 -1.7765078335670346e-06 -0.00019878544738854878 5.5094417088444718e-06 0.0001088759525113606 -8.6068627514088397e-05 -5.9576161620498167e-05 2.6943210301875611e-06 0.00011258846472786821 7.8211391259433842e-05 1.0788233749619208e-05 2.0214150456674609e-05 -4.6125786085878908e-06 -8.4122482985549143e-05 5.4110860558769978e-05 -2.4284255833598154e-06 6.9624849626362872e-05 -0.000139707459394148 -5.9899972009360407e-07 4.9791001802077515e-05 -5.6565599259235629e-05 -1.2891449548008567e-05 1.3324691773986147e-05 6.4706077532248634e-05 5.6310054767262595e-06 2.5338965933192488e-05 -1.3772123809289645e-05
leaf_weight=38920 125933 38976 33412 31 950 22 56 21 26 40 78182 23 28 975 44 127 20 30 2044 41 22 955 30 51 52 69 29 5068 252 163
leaf_count=38920 125933 38976 33412 31 950 22 56 21 26 40 78182 23 28 975 44 127 20 30 2044 41 22 955 30 51 52 69 29 5068 252 163
internal_value=5.28844e-11 2.41913e-06 2.67767e-06 1.38467e-06 -6.24388e-06 -2.7897e-05 -5.46424e-05 1.2564e-05 -2.29193e-05 -2.16096e-05 3.09355e-06 4.02222e-06 1.51284e-05 1.29875e-05 4.27686e-05 3.71808e-06 -1.54303e-05 3.79039e-06 2.62968e-06 2.76168e-06 1.42569e-06 -5.14151e-06 -3.31293e-05 -1.54998e-05 -3.45165e-05 4.06511e-05 2.85294e-05 3.75158e-06 6.56454e-06 3.30586e-06
internal_weight=326592 200659 160537 40122 1146 196 118 78 57 96 120507 40142 1070 1047 72 39072 147 38925 80365 78321 40030 1110 155 133 103 139 98 38895 5320 33575
internal_count=326592 200659 160537 40122 1146 196 118 78 57 96 120507 40142 1070 1047 72 39072 147 38925 80365 78321 40030 1110 155 133 103 139 98 38895 5320 33575
cat_boundaries=0 1 2
cat_threshold=2 1
is_linear=0
shrinkage=0.05


Tree=175
num_leaves=31
num_cat=2
split_feature=33 12 11 15 25 24 15 26 15 26 24 10 11 13 8 26 15 15 15 15 26 24 26 0 15 13 26 15 13 26
split_gain=0.00109934 2.04833e-05 1.96364e-05 1.55735e-05 3.90997e-05 2.56004e-05 2.346e-05 2.25806e-05 1.7892e-05 4.29039e-05 3.48447e-05 1.83779e-05 1.46752e-05 3.21246e-05 2.08254e-05 3.48556e-05 1.68923e-05 1.92262e-05 1.48327e-05 1.73944e-05 1.40409e-05 4.04907e-05 3.43252e-05 1.24407e-05 1.18155e-05 3.50853e-05 4.10209e-05 1.82879e-05 1.85825e-05 4.77682e-05
threshold=1.0000000180025095e-35 0.48890000000000006 8.5000000000000018 4.5000000000000009 3.5000000000000004 4.5000000000000009 1.5000000000000002 5.5000000000000009 2.5000000000000004 3.0000000000000004 4.5000000000000009 0 44.500000000000007 1.5000000000000002 110.00000000000001 8.5000000000000018 1.5000000000000002 4.5000000000000009 4.5000000000000009 1.5000000000000002 8.5000000000000018 1.5000000000000002 3.0000000000000004 1 4.5000000000000009 1.5000000000000002 22.500000000000004 1.5000000000000002 1.5000000000000002 26.500000000000004
decision_type=2 2 2 2 2 2 2 2 2 2 2 1 2 2 2 2 2 2 2 2 2 2 2 1 2 2 2 2 2 2
left_child=1 24 3 6 -5 -6 7 -3 9 -8 11 -11 -4 -14 16 18 -15 -18 19 -16 22 -22 -10 -23 27 26 -26 28 29 -1
right_child=-2 2 12 4 5 -7 8 -9 20 10 -12 -13 13 14 15 -17 17 -19 -20 -21 21 23 -24 -25 25 -27 -28 -29 -30 -31
leaf_value=-8.6703529417387804e-05 -3.661730588386034e-06 -1.5682629095358103e-06 2.7104181579314771e-06 -1.6828631599488377e-06 -7.7447746969902753e-05 -1.8048542375860658e-05 5.0319656019976925e-06 -2.3895538874546962e-05 1.5054733681186377e-06 9.847520001737092e-05 1.0687644883501725e-05 3.9325748140730994e-05 6.018801468599122e-05 2.2706570997125591e-05 -9.0650043412209443e-06 -6.3399112314939325e-05 3.4437399199499837e-06 2.0022533995800356e-05 -1.2108437838289863e-05 9.8294164212247801e-06 -3.7695307942475519e-05 -7.1525355341498546e-06 6.1456008916138677e-05 2.5375318844727998e-05 -9.5265228410426075e-05 2.1733298610567968e-07 -1.2038023847955565e-05 2.4280563055943604e-06 2.0161224595195755e-07 1.1870442589357623e-06
leaf_weight=22 125933 2340 133304 2356 26 60 2307 119 4632 24 61 29 28 230 162 21 701 233 154 491 86 66 24 53 20 10652 57 31892 10457 52
leaf_count=22 125933 2340 133304 2356 26 60 2307 119 4632 24 61 29 28 230 162 21 701 233 154 491 86 66 24 53 20 10652 57 31892 10457 52
internal_value=5.02336e-11 2.29817e-06 2.60142e-06 6.78748e-07 -2.89164e-06 -3.60064e-05 1.57382e-06 -2.64876e-06 2.99971e-06 6.51158e-06 3.64544e-05 6.61104e-05 2.77451e-06 7.00432e-06 6.25675e-06 1.95208e-07 1.05686e-05 7.57956e-06 1.85008e-06 5.14198e-06 1.25063e-06 -1.1556e-05 1.8145e-06 7.33466e-06 1.45661e-06 -2.57658e-08 -3.36555e-05 1.83151e-06 2.49272e-08 -2.49426e-05
internal_weight=326592 200659 147507 12183 2442 86 9741 2459 7282 2421 114 53 135324 2020 1992 828 1164 934 807 653 4861 205 4656 119 53152 10729 77 42423 10531 74
internal_count=326592 200659 147507 12183 2442 86 9741 2459 7282 2421 114 53 135324 2020 1992 828 1164 934 807 653 4861 205 4656 119 53152 10729 77 42423 10531 74
cat_boundaries=0 1 2
cat_threshold=2 1
is_linear=0
shrinkage=0.05


Tree=176
num_leaves=31
num_cat=3
split_feature=33 12 11 24 24 10 13 11 25 13 3 15 15 15 15 15 13 6 4 15 4 27 24 6 4 14 14 13 15 24
split_gain=0.000992152 1.84862e-05 1.77219e-05 1.42287e-05 6.87322e-05 4.20166e-05 1.63569e-05 1.32443e-05 2.90287e-05 2.10351e-05 1.21688e-05 1.85417e-05 2.00723e-05 1.47921e-05 1.42601e-05 1.06635e-05 3.16645e-05 3.90876e-05 1.78579e-05 1.65048e-05 2.54409e-05 2.00069e-05 4.63153e-05 5.68793e-05 6.26563e-05 5.33881e-05 4.49317e-05 3.37804e-05 2.04122e-05 1.70226e-05
threshold=1.0000000180025095e-35 0.48890000000000006 8.5000000000000018 4.5000000000000009 1.5000000000000002 0 3.5000000000000004 44.500000000000007 3.5000000000000004 4.5000000000000009 1.5000000000000002 1.5000000000000002 4.5000000000000009 4.5000000000000009 1.5000000000000002 4.5000000000000009 1.5000000000000002 1 44.000000000000007 1.5000000000000002 44.000000000000007 26.500000000000004 4.5000000000000009 2 37.000000000000007 4.5000000000000009 3.5000000000000004 1.5000000000000002 2.5000000000000004 2.5000000000000004
decision_type=2 2 2 2 2 1 2 2 2 2 2 2 2 2 2 2 2 1 2 2 2 2 2 1 2 2 2 2 2 2
left_child=1 15 3 4 6 -6 -3 -4 9 -9 11 -11 -13 14 -12 19 17 -17 -18 29 21 -21 23 24 -23 26 -25 -27 -24 -1
right_child=-2 2 7 -5 5 -7 -8 8 -10 10 13 12 -14 -15 -16 16 18 -19 -20 20 -22 22 28 25 -26 27 -28 -29 -30 -31
leaf_value=3.4035066755199754e-07 -3.4786442114772645e-06 -4.0569114692819617e-05 2.5748972587255749e-06 -1.0109403103039464e-05 1.0700465008994798e-05 0.00010162438860856197 7.5046870052435121e-07 -3.2207769764782926e-05 4.282031857959131e-05 2.2449743939616969e-05 -8.1831371062435213e-06 2.2404609346952954e-06 1.9352336254853169e-05 -1.260815333807841e-05 9.1805662497130007e-06 -8.1866013267874516e-05 7.547974513201896e-07 -6.5369025128793691e-06 -7.4371003504001817e-06 1.7440075014575847e-06 7.5748759297352055e-06 7.819427410140633e-06 1.8092533169100387e-05 1.4435815834682823e-05 0.00012133137751070241 8.5999361509757664e-05 -6.8228361487854269e-05 9.5007189968412251e-06 -5.9867215091365754e-06 -1.2737495535653652e-05
leaf_weight=10276 125933 24 133304 300 24 27 11808 36 54 227 157 690 228 149 479 26 9939 51 713 29166 2138 20 129 48 31 31 25 27 277 255
leaf_count=10276 125933 24 133304 300 24 27 11808 36 54 227 157 690 228 149 479 26 9939 51 713 29166 2138 20 129 48 31 31 25 27 277 255
internal_value=4.76665e-11 2.18326e-06 2.47135e-06 6.4481e-07 9.16313e-07 5.88367e-05 6.66656e-07 2.63579e-06 6.6541e-06 5.66073e-06 6.36708e-06 9.65445e-06 6.49047e-06 1.57213e-06 4.89424e-06 1.38378e-06 -2.44775e-08 -3.19727e-05 2.06466e-07 1.73993e-06 2.30665e-06 1.9281e-06 1.10595e-05 3.20185e-05 7.68169e-05 1.45779e-05 -1.38738e-05 5.03879e-05 1.66408e-06 2.36808e-08
internal_weight=326592 200659 147507 12183 11883 51 11832 135324 2020 1966 1930 1145 918 785 636 53152 10729 77 10652 42423 31892 29754 588 182 51 131 73 58 406 10531
internal_count=326592 200659 147507 12183 11883 51 11832 135324 2020 1966 1930 1145 918 785 636 53152 10729 77 10652 42423 31892 29754 588 182 51 131 73 58 406 10531
cat_boundaries=0 1 2 3
cat_threshold=1 2 1
is_linear=0
shrinkage=0.05


Tree=177
num_leaves=31
num_cat=4
split_feature=33 15 15 25 24 24 6 8 4 24 27 26 14 6 14 14 4 6 15 25 25 24 7 25 27 0 27 26 4 24
split_gain=0.000895418 1.74806e-05 2.73793e-05 2.28718e-05 3.91945e-05 7.78897e-05 0.000201352 9.58442e-05 6.6691e-05 3.5585e-05 1.90976e-05 4.22537e-05 4.95174e-05 0.000105963 5.94627e-05 2.26334e-05 4.87864e-05 3.71839e-05 4.08543e-05 1.74821e-05 1.62681e-05 5.11628e-05 0.000103986 5.99035e-05 2.17957e-05 1.77503e-05 1.69314e-05 1.66082e-05 1.61424e-05 1.58327e-05
threshold=1.0000000180025095e-35 4.5000000000000009 1.5000000000000002 3.5000000000000004 4.5000000000000009 1.5000000000000002 0 95.000000000000014 41.000000000000007 3.5000000000000004 18.500000000000004 7.5000000000000009 3.5000000000000004 1 2.5000000000000004 4.5000000000000009 39.000000000000007 2 3.5000000000000004 1.5000000000000002 2.5000000000000004 4.5000000000000009 11.000000000000002 4.5000000000000009 21.500000000000004 3 18.500000000000004 7.5000000000000009 41.000000000000007 1.5000000000000002
decision_type=2 2 2 2 2 2 1 2 2 2 2 2 2 1 2 2 2 1 2 2 2 2 2 2 2 1 2 2 2 2
left_child=1 2 20 19 5 7 -7 8 -5 -8 -4 12 13 14 -12 17 -17 -14 -19 -3 24 22 -22 -24 27 -25 -23 -1 -27 -15
right_child=-2 3 10 4 -6 6 9 -9 -10 -11 11 -13 15 29 -16 16 -18 18 -20 -21 21 26 23 25 -26 28 -28 -29 -30 -31
leaf_value=1.3579023592749483e-06 -3.304712080715889e-06 1.2715799792264688e-06 2.5498225219515212e-06 4.4704563333652916e-05 -1.621346600395076e-06 -0.00018824205796012065 5.1892754981963662e-06 0.00010390244465920009 -6.5535034724127723e-05 -5.6557626121502837e-05 0.00016592213767580689 2.7795612571804663e-06 2.3074751652529812e-05 1.4236650103653534e-06 5.4620438119551789e-05 4.7729451599869733e-05 8.2725235951910569e-06 8.4569411618368973e-07 -9.7780994283744966e-05 1.6555605225705144e-05 -0.00013213425743081395 -3.0064443324037083e-05 4.7393609614421929e-05 -5.3851942243008853e-05 2.1705140056664423e-05 1.0591803818956138e-05 1.0281953940822331e-06 -1.1781695722058717e-05 -4.6184179483957241e-05 3.7884448845741443e-05
leaf_weight=38547 125933 38788 115288 23 950 22 56 21 34 40 20 3715 32 88 30 84 1163 21 21 188 22 46 30 51 131 31 909 242 21 45
leaf_count=38547 125933 38788 115288 23 950 22 56 21 34 40 20 3715 32 88 30 84 1163 21 21 188 22 46 30 51 131 31 909 242 21 45
internal_value=4.52488e-11 2.0741e-06 2.30741e-06 1.1406e-06 -5.82142e-06 -2.61789e-05 -5.18053e-05 1.25893e-05 -2.10524e-05 -2.05386e-05 2.68375e-06 5.64211e-06 1.27128e-05 3.70882e-05 9.91411e-05 9.33609e-06 1.09304e-05 -1.75304e-05 -4.84677e-05 1.3453e-06 1.17446e-06 -4.7941e-06 -3.14395e-05 -1.47832e-05 1.34469e-06 -3.28929e-05 -4.69461e-07 1.27593e-06 -1.2337e-05 1.376e-05
internal_weight=326592 200659 160537 40122 1146 196 118 78 57 96 120507 5219 1504 183 50 1321 1247 74 42 38976 40030 1110 155 133 38920 103 955 38789 52 133
internal_count=326592 200659 160537 40122 1146 196 118 78 57 96 120507 5219 1504 183 50 1321 1247 74 42 38976 40030 1110 155 133 38920 103 955 38789 52 133
cat_boundaries=0 1 2 3 4
cat_threshold=2 1 4 1
is_linear=0
shrinkage=0.05


Tree=178
num_leaves=31
num_cat=1
split_feature=33 12 11 18 25 24 19 26 17 26 24 10 26 24 26 11 13 4 26 19 18 18 19 27 14 17 26 13 14 26
split_gain=0.000808114 1.68142e-05 1.58477e-05 1.35988e-05 3.3582e-05 2.28029e-05 2.04827e-05 1.91536e-05 1.61714e-05 3.90795e-05 3.04613e-05 1.65034e-05 1.24281e-05 3.62587e-05 3.05237e-05 1.19647e-05 2.68553e-05 1.69664e-05 2.99652e-05 1.37283e-05 1.56688e-05 1.20232e-05 1.41127e-05 1.15986e-05 1.15263e-05 1.0603e-05 1.00228e-05 4.92323e-05 0.000195417 7.17084e-05
threshold=1.0000000180025095e-35 0.48890000000000006 8.5000000000000018 1.0000000180025095e-35 3.5000000000000004 4.5000000000000009 1.0000000180025095e-35 5.5000000000000009 1.0000000180025095e-35 3.0000000000000004 4.5000000000000009 0 8.5000000000000018 1.5000000000000002 3.0000000000000004 44.500000000000007 1.5000000000000002 59.500000000000007 8.5000000000000018 1.0000000180025095e-35 1.0000000180025095e-35 1.0000000180025095e-35 1.0000000180025095e-35 18.500000000000004 2.5000000000000004 1.0000000180025095e-35 7.5000000000000009 1.5000000000000002 6.5000000000000009 5.5000000000000009
decision_type=2 2 2 2 2 2 2 2 2 2 2 1 2 2 2 2 2 2 2 2 2 2 2 2 2 2 2 2 2 2
left_child=1 26 3 6 23 -6 8 -8 9 -3 11 -11 14 -14 -10 -4 -17 19 21 20 -18 22 25 -5 -15 -19 27 28 -1 -29
right_child=-2 2 15 4 5 -7 7 -9 12 10 -12 -13 13 24 -16 16 17 18 -20 -21 -22 -23 -24 -25 -26 -27 -28 29 -30 -31
leaf_value=-0.00016879765843484727 -3.1394761752894119e-06 4.6132441899395267e-06 2.3427708484983196e-06 -2.0759587884701805e-06 -7.2619454182970981e-05 -1.6559577217473514e-05 -1.5961378871868207e-06 -2.2159445578828672e-05 1.2628620578690472e-06 9.3000373575099129e-05 1.0510938209634214e-05 3.6948534021764227e-05 -3.5760553687713432e-05 2.9570426474827783e-05 5.779625450183327e-05 5.4846624646285952e-05 3.0000199626783475e-06 1.9160712282627641e-05 -5.8899245292802027e-05 2.037064692400315e-05 1.7966674180796808e-05 -1.0967635166530449e-05 -8.233417256521119e-06 3.0884607554913535e-05 -3.8071000699908186e-06 3.5821144573304333e-06 -2.5545364407383145e-06 1.2979726438331654e-06 9.2109971303906278e-06 3.7786780692975436e-05
leaf_weight=21 125933 2307 133304 2329 26 60 2340 119 4632 24 61 29 86 38 24 28 701 164 21 230 233 154 162 27 81 327 1713 51225 58 135
leaf_count=21 125933 2307 133304 2329 26 60 2340 119 4632 24 61 29 86 38 24 28 701 164 21 230 233 154 162 27 81 327 1713 51225 58 135
internal_value=4.31062e-11 1.9704e-06 2.24514e-06 5.17884e-07 -2.81847e-06 -3.35079e-05 1.35428e-06 -2.59127e-06 2.68663e-06 6.02538e-06 3.46025e-05 6.23305e-05 1.02378e-06 -1.10249e-05 1.55427e-06 2.40065e-06 6.2199e-06 5.53639e-06 6.5211e-08 9.42826e-06 6.73367e-06 1.5996e-06 4.56339e-06 -1.69823e-06 6.85127e-06 8.78556e-06 1.20792e-06 1.33322e-06 -3.81078e-05 1.39388e-06
internal_weight=326592 200659 147507 12183 2442 86 9741 2459 7282 2421 114 53 4861 205 4656 135324 2020 1992 828 1164 934 807 653 2356 119 491 53152 51439 79 51360
internal_count=326592 200659 147507 12183 2442 86 9741 2459 7282 2421 114 53 4861 205 4656 135324 2020 1992 828 1164 934 807 653 2356 119 491 53152 51439 79 51360
cat_boundaries=0 1
cat_threshold=2
is_linear=0
shrinkage=0.05


Tree=179
num_leaves=31
num_cat=2
split_feature=33 15 15 25 24 24 6 8 4 24 15 25 24 11 24 26 24 24 27 27 24 11 0 27 26 24 24 25 12 27
split_gain=0.000729323 1.54335e-05 2.4214e-05 1.97201e-05 3.39643e-05 7.02388e-05 0.000181129 8.54913e-05 5.96177e-05 3.17655e-05 1.76064e-05 4.55043e-05 7.22904e-05 2.35985e-05 3.62971e-05 3.05582e-05 2.04325e-05 7.02393e-05 5.25886e-05 4.15266e-05 3.64343e-05 3.9252e-05 2.73858e-05 5.65838e-05 1.98551e-05 4.11272e-05 2.69949e-05 1.83636e-05 1.86222e-05 1.65824e-05
threshold=1.0000000180025095e-35 4.5000000000000009 1.5000000000000002 3.5000000000000004 4.5000000000000009 1.5000000000000002 0 95.000000000000014 42.500000000000007 3.5000000000000004 2.5000000000000004 3.5000000000000004 2.5000000000000004 41.000000000000007 3.5000000000000004 7.5000000000000009 3.5000000000000004 2.5000000000000004 34.000000000000007 18.500000000000004 1.5000000000000002 39.500000000000007 1 29.500000000000004 15.500000000000002 1.5000000000000002 1.5000000000000002 4.5000000000000009 0.64645000000000008 1.0000000180025095e-35
decision_type=2 2 2 2 2 2 1 2 2 2 2 2 2 2 2 2 2 2 2 2 2 2 1 2 2 2 2 2 2 2
left_child=1 2 -1 29 5 7 -7 8 -5 -8 11 24 -13 14 -14 -15 17 18 19 -12 22 -22 -21 -24 26 -26 -4 -19 -29 -3
right_child=-2 3 10 4 -6 6 9 -9 -10 -11 16 12 13 15 -16 -17 -18 27 -20 20 21 -23 23 -25 25 -27 -28 28 -30 -31
leaf_value=1.0256548491498194e-06 -2.9825024827748489e-06 9.7045774752266825e-07 3.0703154728520578e-06 2.745190910401664e-05 -1.5600355566819322e-06 -0.0001781596915613839 5.2072784390994844e-06 9.8635077371173318e-05 -7.5214307826872054e-05 -5.3131761997065046e-05 1.9472906961414898e-06 0.00010115837820036257 -5.0900062062562653e-05 7.5941806090458377e-05 9.1830115531714393e-06 1.885174249061393e-05 -2.9172203157709735e-06 6.5755162589683589e-05 -7.702942682607543e-05 -6.7353678313646782e-07 9.3430866309615927e-05 1.096921969585838e-05 1.1831680360345748e-05 8.4053829622072432e-05 -5.1154385433673378e-06 -8.0264561202056942e-05 5.0518294835152732e-05 1.1772910163373404e-05 5.9523079960791656e-05 6.1468342742009312e-06
leaf_weight=40030 125933 37362 38819 31 950 22 56 21 26 40 76728 23 26 26 757 238 2044 41 21 484 27 31 863 28 203 20 30 69 29 1614
leaf_count=40030 125933 37362 38819 31 950 22 56 21 26 40 76728 23 26 26 757 238 2044 41 21 484 27 31 863 28 203 20 30 69 29 1614
internal_value=4.09027e-11 1.87188e-06 2.09109e-06 9.94736e-07 -5.46984e-06 -2.44204e-05 -4.87557e-05 1.23945e-05 -1.93783e-05 -1.91007e-05 2.44501e-06 3.30014e-06 1.34729e-05 1.15466e-05 7.18792e-06 2.44742e-05 2.01788e-06 2.14667e-06 2.08354e-06 2.10479e-06 1.0538e-05 4.93565e-05 8.90055e-06 1.41013e-05 3.02156e-06 -1.18553e-05 3.10696e-06 3.7658e-05 2.59031e-05 1.18481e-06
internal_weight=326592 200659 160537 40122 1146 196 118 78 57 96 120507 40142 1070 1047 783 264 80365 78321 78182 78161 1433 58 1375 891 39072 223 38849 139 98 38976
internal_count=326592 200659 160537 40122 1146 196 118 78 57 96 120507 40142 1070 1047 783 264 80365 78321 78182 78161 1433 58 1375 891 39072 223 38849 139 98 38976
cat_boundaries=0 1 2
cat_threshold=2 1
is_linear=0
shrinkage=0.05


Tree=180
num_leaves=31
num_cat=0
split_feature=33 12 11 24 24 13 26 15 15 26 26 11 25 26 13 3 15 15 15 15 26 13 14 25 14 15 27 27 14 24
split_gain=0.000658214 1.53857e-05 1.42583e-05 1.2255e-05 6.37898e-05 3.82328e-05 2.55343e-05 2.5985e-05 2.76027e-05 2.42998e-05 1.3638e-05 1.07675e-05 2.42319e-05 2.61475e-05 1.72006e-05 9.89928e-06 1.54623e-05 1.67423e-05 1.19766e-05 1.13927e-05 9.65176e-06 4.56887e-05 0.000172604 6.67694e-05 9.39584e-05 4.95019e-05 1.69579e-05 1.60254e-05 6.67448e-05 7.23465e-05
threshold=1.0000000180025095e-35 0.48890000000000006 8.5000000000000018 4.5000000000000009 1.5000000000000002 2.5000000000000004 8.5000000000000018 2.5000000000000004 1.5000000000000002 5.5000000000000009 14.000000000000002 44.500000000000007 3.5000000000000004 22.500000000000004 4.5000000000000009 1.5000000000000002 1.5000000000000002 4.5000000000000009 4.5000000000000009 1.5000000000000002 7.5000000000000009 1.5000000000000002 6.5000000000000009 3.5000000000000004 6.5000000000000009 4.5000000000000009 12.500000000000002 21.500000000000004 2.5000000000000004 4.5000000000000009
decision_type=2 2 2 2 2 2 2 2 2 2 2 2 2 2 2 2 2 2 2 2 2 2 2 2 2 2 2 2 2 2
left_child=1 20 3 4 6 -6 9 8 -8 -3 -5 -4 14 -14 -13 16 -16 -18 19 -17 21 22 -1 26 25 -25 -23 28 -22 -30
right_child=-2 2 11 10 5 -7 7 -9 -10 -11 -12 12 13 -15 15 18 17 -19 -20 -21 27 23 -24 24 -26 -27 -28 -29 29 -31
leaf_value=-0.00015964794077999182 -2.8333773658975913e-06 6.2251457187145523e-07 2.1336944873350087e-06 -4.4185556292247318e-05 4.710426202066065e-06 9.2674052963654202e-05 -2.376107236375988e-05 -3.0833530436493748e-05 3.3562881262263374e-05 4.9970424848652329e-05 -6.2937999520733959e-06 -2.933927269926547e-05 7.4961105173525341e-05 5.3279230217283058e-06 2.0192441938748576e-05 -7.4814874096773568e-06 1.7370741452527843e-06 1.7365202904584933e-05 -1.1541465937625617e-05 8.038634753846544e-06 1.617623895317141e-05 1.0632868149953451e-06 7.6478494520415555e-06 0.00012176715068617892 -2.9968458576539502e-05 2.8491568402387202e-05 1.0028522036556981e-05 1.296389747270768e-08 -1.6797089378491769e-05 -9.8272493426432671e-05
leaf_weight=21 125933 11594 133304 26 21 30 42 129 42 25 274 36 26 28 227 157 690 228 149 479 141 50741 58 33 28 25 533 1316 225 31
leaf_count=21 125933 11594 133304 26 21 30 42 129 42 25 274 36 26 28 227 157 690 228 149 479 141 50741 58 33 28 25 533 1316 225 31
internal_value=3.88677e-11 1.77828e-06 2.0411e-06 4.02746e-07 6.54716e-07 5.64537e-05 4.14203e-07 -1.67411e-05 4.9009e-06 7.28694e-07 -9.57775e-06 2.1886e-06 5.81174e-06 3.8855e-05 4.90415e-06 5.54288e-06 8.50789e-06 5.61857e-06 1.21813e-06 4.20741e-06 1.04892e-06 1.17187e-06 -3.68232e-05 1.23031e-06 4.52499e-05 8.15622e-05 1.15648e-06 -2.64325e-06 -1.14482e-05 -2.66633e-05
internal_weight=326592 200659 147507 12183 11883 51 11832 213 84 11619 300 135324 2020 54 1966 1930 1145 918 785 636 53152 51439 79 51360 86 58 51274 1713 397 256
internal_count=326592 200659 147507 12183 11883 51 11832 213 84 11619 300 135324 2020 54 1966 1930 1145 918 785 636 53152 51439 79 51360 86 58 51274 1713 397 256
is_linear=0
shrinkage=0.05


Tree=181
num_leaves=31
num_cat=1
split_feature=33 15 15 25 24 4 27 11 26 15 25 24 26 14 24 24 27 27 24 11 0 27 26 24 24 25 26 11 26 4
split_gain=0.000594038 1.39652e-05 2.19096e-05 1.81237e-05 3.19181e-05 6.90248e-05 5.4712e-05 3.04639e-05 6.33236e-05 1.58158e-05 4.11504e-05 6.28668e-05 2.18323e-05 2.18775e-05 1.81678e-05 6.21579e-05 4.58197e-05 3.72217e-05 3.20921e-05 3.56264e-05 2.51486e-05 5.08144e-05 1.74132e-05 3.563e-05 2.41404e-05 1.68719e-05 1.66659e-05 1.58479e-05 4.265e-05 2.14296e-05
threshold=1.0000000180025095e-35 4.5000000000000009 1.5000000000000002 3.5000000000000004 4.5000000000000009 39.000000000000007 34.000000000000007 46.500000000000007 10.500000000000002 2.5000000000000004 3.5000000000000004 2.5000000000000004 6.5000000000000009 6.5000000000000009 3.5000000000000004 2.5000000000000004 34.000000000000007 18.500000000000004 1.5000000000000002 39.500000000000007 0 29.500000000000004 15.500000000000002 1.5000000000000002 1.5000000000000002 4.5000000000000009 12.500000000000002 41.000000000000007 9.5000000000000018 42.500000000000007
decision_type=2 2 2 2 2 2 2 2 2 2 2 2 2 2 2 2 2 2 2 2 1 2 2 2 2 2 2 2 2 2
left_child=1 2 -1 -3 5 -5 -7 8 -8 10 22 -12 13 -13 15 16 17 -11 20 -20 -19 -22 24 -24 -4 -17 -27 28 29 -14
right_child=-2 3 9 4 -6 6 7 -9 -10 14 11 12 27 -15 -16 25 -18 18 19 -21 21 -23 23 -25 -26 26 -28 -29 -30 -31
leaf_value=8.8442276186283925e-07 -2.6917084684035212e-06 1.0372142677494759e-06 2.8254386908515083e-06 -9.3510446216290199e-05 -1.5521935398450489e-06 -4.3498766822329799e-05 9.4314016867429022e-05 -3.7076490017088052e-05 -4.548838747407148e-06 1.7625033830601819e-06 9.4489640374060565e-05 7.204218951041444e-05 -8.1492520498613894e-05 1.5505583852163083e-05 -2.8238539122822228e-06 6.2289004776308824e-05 -7.1954382916114163e-05 -8.1573052438599446e-07 8.8317305805200405e-05 9.7562310510247409e-06 1.1191967168027942e-05 7.963323348251704e-05 -4.8786608172592641e-06 -7.4825411911660924e-05 4.7694744813876848e-05 -1.2116234544616116e-05 3.583232262679156e-05 2.0085355347598211e-05 8.2013652229077569e-06 -8.2982210960835792e-06
leaf_weight=40030 125933 38976 38819 30 950 73 25 22 46 76728 23 28 20 44 2044 41 21 484 27 31 863 28 203 20 30 24 74 241 694 20
leaf_count=40030 125933 38976 38819 30 950 73 25 22 46 76728 23 28 20 44 2044 41 21 484 27 31 863 28 203 20 30 24 74 241 694 20
internal_value=3.69478e-11 1.68937e-06 1.8979e-06 8.54994e-07 -5.3424e-06 -2.37133e-05 -1.10993e-05 1.43325e-05 3.0262e-05 2.23455e-06 3.04504e-06 1.27189e-05 1.09226e-05 3.7492e-05 1.82972e-06 1.95117e-06 1.89178e-06 1.91162e-06 9.89574e-06 4.63278e-05 8.35897e-06 1.33428e-05 2.78012e-06 -1.11519e-05 2.86009e-06 3.53572e-05 2.40898e-05 8.96052e-06 5.30781e-06 -4.48954e-05
internal_weight=326592 200659 160537 40122 1146 196 166 93 71 120507 40142 1070 1047 72 80365 78321 78182 78161 1433 58 1375 891 39072 223 38849 139 98 975 734 40
internal_count=326592 200659 160537 40122 1146 196 166 93 71 120507 40142 1070 1047 72 80365 78321 78182 78161 1433 58 1375 891 39072 223 38849 139 98 975 734 40
cat_boundaries=0 1
cat_threshold=1
is_linear=0
shrinkage=0.05


Tree=182
num_leaves=31
num_cat=0
split_feature=33 26 27 4 26 14 26 8 13 24 14 4 14 26 15 11 25 13 15 24 25 25 13 15 24 15 11 4 24 11
split_gain=0.00053612 1.41224e-05 3.77909e-05 5.3547e-05 0.000350422 0.000362792 8.18613e-05 0.000125521 7.58808e-05 4.95877e-05 5.65273e-05 1.9144e-05 0.000203398 1.70288e-05 3.49701e-05 3.36498e-05 1.49624e-05 1.47452e-05 2.07216e-05 1.27017e-05 0.000110299 5.21762e-05 2.10414e-05 1.62393e-05 2.63032e-05 1.98608e-05 1.58821e-05 2.54525e-05 1.73891e-05 2.36391e-05
threshold=1.0000000180025095e-35 7.5000000000000009 12.500000000000002 39.000000000000007 5.5000000000000009 4.5000000000000009 5.5000000000000009 85.000000000000014 2.5000000000000004 3.5000000000000004 3.5000000000000004 37.000000000000007 2.5000000000000004 5.5000000000000009 4.5000000000000009 16.500000000000004 1.5000000000000002 2.5000000000000004 2.5000000000000004 2.5000000000000004 3.5000000000000004 3.5000000000000004 1.5000000000000002 2.5000000000000004 3.5000000000000004 1.5000000000000002 45.500000000000007 39.000000000000007 1.5000000000000002 8.5000000000000018
decision_type=2 2 2 2 2 2 2 2 2 2 2 2 2 2 2 2 2 2 2 2 2 2 2 2 2 2 2 2 2 2
left_child=1 2 13 4 16 -6 -5 9 -9 10 -8 12 17 -1 15 -15 -4 18 -3 21 -21 26 -23 25 -25 -22 28 -28 29 -13
right_child=-2 11 3 6 5 -7 7 8 -10 -11 -12 19 -14 14 -16 -17 -18 -19 -20 20 23 22 -24 24 -26 -27 27 -29 -30 -31
leaf_value=1.5728088081979975e-06 -2.5571230796065137e-06 4.5069066341273443e-05 5.007195821235655e-05 6.4110530482241218e-06 -0.000294179076445289 -2.9864824889070432e-05 9.6255313724213931e-05 0.0001553828990533172 4.4695982842313244e-05 -8.0809257603820655e-06 8.4904440120945493e-06 -1.5993912329833338e-05 -0.00012740608799504118 6.7610520954985989e-05 3.9120390477667878e-05 9.8759403830110671e-07 1.3990432560996282e-05 -1.241096200498181e-05 2.7376189207833664e-07 5.2975463026230882e-05 -1.3634420679287642e-06 7.2267684663529507e-06 -5.0111847376683723e-05 2.1173044529543564e-05 -3.2458474852830446e-06 8.9616648069593433e-06 1.1479355663368551e-05 -1.8287972621660548e-05 2.4765529946000217e-05 1.9739691796518102e-06
leaf_weight=190084 125933 42 40 2627 20 37 32 30 32 98 43 213 34 20 90 362 102 66 67 101 935 20 80 115 2687 928 96 285 71 1302
leaf_count=190084 125933 42 40 2627 20 37 32 30 32 98 43 213 34 20 90 362 102 66 67 101 935 20 80 115 2687 928 96 285 71 1302
internal_value=3.50537e-11 1.6049e-06 1.6849e-06 7.19642e-06 -1.78828e-05 -0.000122607 8.94022e-06 3.72131e-05 9.82542e-05 1.53372e-05 4.59368e-05 -5.9457e-07 -1.55009e-05 1.59636e-06 1.10817e-05 4.47571e-06 2.41542e-05 6.24068e-06 1.75343e-05 -1.38632e-07 1.28104e-06 -3.41205e-06 -3.86441e-05 1.61825e-07 -2.24364e-06 3.77971e-06 -1.62089e-06 -1.07875e-05 5.81184e-07 -5.52208e-07
internal_weight=326592 200659 193617 3061 199 57 2862 235 62 173 75 7042 209 190556 472 382 142 175 109 6833 4766 2067 100 4665 2802 1863 1967 381 1586 1515
internal_count=326592 200659 193617 3061 199 57 2862 235 62 173 75 7042 209 190556 472 382 142 175 109 6833 4766 2067 100 4665 2802 1863 1967 381 1586 1515
is_linear=0
shrinkage=0.05


Tree=183
num_leaves=31
num_cat=2
split_feature=33 12 11 15 27 15 26 15 26 24 10 11 13 3 26 15 15 26 24 26 15 15 15 0 14 26 13 14 26 24
split_gain=0.000483848 1.38847e-05 1.26868e-05 1.15168e-05 1.89838e-05 1.73112e-05 1.58442e-05 1.34657e-05 3.28511e-05 2.65486e-05 1.29378e-05 9.65987e-06 2.18087e-05 1.35258e-05 2.51994e-05 1.14394e-05 1.33022e-05 9.295e-06 2.92163e-05 2.60236e-05 9.28825e-06 1.11644e-05 9.70526e-06 9.23995e-06 8.81157e-06 8.18215e-06 4.06529e-05 0.000141469 5.33156e-05 3.01882e-05
threshold=1.0000000180025095e-35 0.48890000000000006 8.5000000000000018 4.5000000000000009 21.500000000000004 1.5000000000000002 5.5000000000000009 2.5000000000000004 3.0000000000000004 3.5000000000000004 0 44.500000000000007 2.5000000000000004 1.5000000000000002 8.5000000000000018 1.5000000000000002 4.5000000000000009 8.5000000000000018 1.5000000000000002 3.0000000000000004 4.5000000000000009 1.5000000000000002 2.5000000000000004 1 2.5000000000000004 7.5000000000000009 1.5000000000000002 6.5000000000000009 5.5000000000000009 1.5000000000000002
decision_type=2 2 2 2 2 2 2 2 2 2 1 2 2 2 2 2 2 2 2 2 2 2 2 1 2 2 2 2 2 2
left_child=1 25 3 5 -5 6 -3 8 -7 10 -10 -4 -13 15 20 -14 -17 19 -19 -9 21 -15 -23 -20 -25 26 27 -1 -28 -30
right_child=-2 2 11 4 -6 7 -8 17 9 -11 -12 12 13 14 -16 16 -18 18 23 -21 -22 22 -24 24 -26 -27 28 -29 29 -31
leaf_value=-0.00014609154812725528 -2.429266860383757e-06 -1.7235652669316752e-06 1.8614531261248691e-06 -2.0953510221646644e-06 -2.8889493707056856e-05 3.9754067679040736e-06 -2.0426190526412014e-05 8.9578941658770121e-07 8.6828515897808688e-05 1.089394806485595e-05 3.4866303089074788e-05 4.5051505880752198e-05 1.8129198484213859e-05 -7.5880858567859523e-06 -5.4299617252018794e-05 2.2337209086301043e-06 1.6051025234227037e-05 -3.1917703085508589e-05 -6.1524737468447945e-06 5.309576481522527e-05 -9.9027370476678282e-06 1.7472898598942091e-05 2.5530468813555604e-06 4.6081170545552271e-05 4.705744293225449e-06 -2.5676921212565533e-06 9.1741462952597868e-07 5.3657530739217005e-06 1.8392551690340041e-05 7.2346255890027227e-05
leaf_weight=21 125933 2340 133304 2374 68 2307 119 4632 23 66 25 34 230 162 21 699 232 86 66 24 153 164 325 22 31 1713 51225 58 100 35
leaf_count=21 125933 2340 133304 2374 68 2307 119 4632 23 66 25 34 230 162 21 699 232 86 66 24 153 164 325 22 31 1713 51225 58 100 35
internal_value=3.33438e-11 1.52466e-06 1.77432e-06 2.28888e-07 -2.84146e-06 9.98603e-07 -2.62865e-06 2.22346e-06 5.27013e-06 3.14712e-05 5.97649e-05 1.91346e-06 5.34519e-06 4.66543e-06 -2.29558e-07 8.14378e-06 5.67692e-06 7.06084e-07 -9.71377e-06 1.16486e-06 1.18272e-06 3.78806e-06 7.55684e-06 6.33278e-06 2.18804e-05 8.3178e-07 9.44988e-07 -3.4895e-05 1.00012e-06 3.23805e-05
internal_weight=326592 200659 147507 12183 2442 9741 2459 7282 2421 114 48 135324 2020 1986 825 1161 931 4861 205 4656 804 651 489 119 53 53152 51439 79 51360 135
internal_count=326592 200659 147507 12183 2442 9741 2459 7282 2421 114 48 135324 2020 1986 825 1161 931 4861 205 4656 804 651 489 119 53 53152 51439 79 51360 135
cat_boundaries=0 1 2
cat_threshold=2 1
is_linear=0
shrinkage=0.05


Tree=184
num_leaves=31
num_cat=3
split_feature=33 12 12 15 25 24 15 15 13 25 8 6 27 15 27 25 15 15 25 24 24 13 6 13 6 12 24 24 25 14
split_gain=0.000436673 1.25309e-05 1.14499e-05 1.03939e-05 2.68896e-05 2.15625e-05 1.56234e-05 1.21528e-05 1.81483e-05 1.20837e-05 1.05816e-05 1.18753e-05 1.03473e-05 7.93761e-06 2.58695e-05 2.02792e-05 1.20318e-05 1.43238e-05 4.74961e-05 4.64798e-05 1.68567e-05 1.34535e-05 2.78617e-05 1.15213e-05 3.02782e-05 1.04542e-05 9.76457e-06 8.14821e-05 3.76484e-05 2.25505e-05
threshold=1.0000000180025095e-35 0.48890000000000006 0.90555000000000019 4.5000000000000009 3.5000000000000004 4.5000000000000009 1.5000000000000002 2.5000000000000004 4.5000000000000009 4.5000000000000009 85.000000000000014 0 18.500000000000004 4.5000000000000009 12.500000000000002 1.5000000000000002 1.5000000000000002 2.5000000000000004 3.5000000000000004 4.5000000000000009 1.5000000000000002 1.5000000000000002 1 1.5000000000000002 2 0.4472000000000001 4.5000000000000009 2.5000000000000004 4.5000000000000009 3.5000000000000004
decision_type=2 2 2 2 2 2 2 2 2 2 2 1 2 2 2 2 2 2 2 2 2 2 1 2 1 2 2 2 2 2
left_child=1 13 -3 6 12 -6 9 8 10 -4 11 -8 -5 16 15 -15 21 18 20 -20 25 22 -1 24 -16 -18 27 -19 -29 -30
right_child=-2 2 3 4 5 -7 7 -9 -10 -11 -12 -13 -14 14 23 -17 17 26 19 -21 -22 -23 -24 -25 -26 -27 -28 28 29 -31
leaf_value=-7.2024753972073089e-05 -2.3078036605964974e-06 1.817782652403886e-06 -1.8884829019895116e-06 -2.0537407195948631e-06 -6.8193935126496056e-05 -1.3680193760592373e-05 9.8346262706344896e-07 6.7077955366234794e-07 3.8940501206434063e-06 -2.2678579711686731e-05 4.8411058523925026e-05 3.2600004258845866e-05 2.907814077506946e-05 -1.8793224293929237e-08 -7.3164977206593347e-05 3.521639950144518e-05 1.3727436793164002e-06 8.0320007424977503e-07 7.3767636567936289e-05 1.5174410541062985e-05 -3.7657276208427416e-05 -2.1754003167112163e-07 -2.9407282892390396e-06 -8.2549552753925729e-06 -6.865687247031304e-06 4.62982710042545e-06 -6.356676261402675e-06 0.00010609074379317463 -2.5175094682102404e-06 6.2723000284082588e-05
leaf_weight=20 125933 135324 2387 2329 26 60 66 4861 2271 72 30 54 27 10180 26 41 6268 20741 40 220 26 10457 54 431 51 4059 462 23 27 26
leaf_count=20 125933 135324 2387 2329 26 60 66 4861 2271 72 30 54 27 10180 26 41 6268 20741 40 220 26 10457 54 431 51 4059 462 23 27 26
internal_value=3.16322e-11 1.44842e-06 1.68561e-06 2.17444e-07 -2.69939e-06 -3.01611e-05 9.48673e-07 2.11229e-06 5.00662e-06 -2.49722e-06 2.18509e-05 1.52109e-05 -1.69697e-06 7.90191e-07 -4.24808e-07 1.22547e-07 1.09747e-06 1.58134e-06 3.08177e-06 2.41888e-05 2.5517e-06 -3.67877e-07 -2.16121e-05 -1.14376e-05 -2.92525e-05 2.65293e-06 8.32995e-07 9.92558e-07 5.26699e-05 2.94873e-05
internal_weight=326592 200659 147507 12183 2442 86 9741 7282 2421 2459 150 120 2356 53152 10729 10221 42423 31892 10613 260 10353 10531 74 508 77 10327 21279 20817 76 53
internal_count=326592 200659 147507 12183 2442 86 9741 7282 2421 2459 150 120 2356 53152 10729 10221 42423 31892 10613 260 10353 10531 74 508 77 10327 21279 20817 76 53
cat_boundaries=0 1 2 3
cat_threshold=4 2 2
is_linear=0
shrinkage=0.05


Tree=185
num_leaves=31
num_cat=0
split_feature=33 26 27 4 26 14 26 8 13 24 14 15 4 14 26 15 11 15 25 13 15 24 24 25 25 13 15 24 11 11
split_gain=0.000394097 1.17341e-05 3.36945e-05 4.48994e-05 0.000306023 0.000326935 7.0383e-05 0.000105127 6.89461e-05 4.5504e-05 6.1192e-05 3.95515e-05 1.72042e-05 0.000182202 1.44569e-05 3.18646e-05 2.81453e-05 1.44407e-05 1.39848e-05 1.36832e-05 1.83551e-05 1.27551e-05 1.13434e-05 9.69941e-05 4.67415e-05 1.92866e-05 1.39009e-05 1.3722e-05 2.06153e-05 1.54404e-05
threshold=1.0000000180025095e-35 7.5000000000000009 12.500000000000002 39.000000000000007 5.5000000000000009 4.5000000000000009 5.5000000000000009 85.000000000000014 2.5000000000000004 4.5000000000000009 2.5000000000000004 2.5000000000000004 37.000000000000007 2.5000000000000004 5.5000000000000009 4.5000000000000009 16.500000000000004 2.5000000000000004 1.5000000000000002 2.5000000000000004 2.5000000000000004 1.0000000180025095e-35 2.5000000000000004 4.5000000000000009 3.5000000000000004 2.5000000000000004 4.5000000000000009 1.5000000000000002 21.000000000000004 8.5000000000000018
decision_type=2 2 2 2 2 2 2 2 2 2 2 2 2 2 2 2 2 2 2 2 2 2 2 2 2 2 2 2 2 2
left_child=1 2 14 4 18 -6 -5 9 -9 10 -8 -11 13 19 -1 16 -16 -12 -4 20 -3 -19 24 -24 27 26 -26 29 -29 -14
right_child=-2 12 3 6 5 -7 7 8 -10 11 17 -13 22 -15 15 -17 -18 21 -20 -21 -22 -23 23 -25 25 -27 -28 28 -30 -31
leaf_value=1.3436200855050496e-06 -2.1924133397260061e-06 4.2611857099386516e-05 4.802864208613755e-05 5.9048026736581722e-06 -0.00027704972075298428 -2.6137323014129808e-05 9.1258589463905082e-05 0.00014478415842556085 3.9276222400985718e-05 -7.4669426976470279e-05 3.5779298658863724e-05 1.0885196305545314e-05 -1.5213325202064437e-05 -0.00012067361402681426 6.1539724069916704e-05 3.686983191275633e-05 6.0913756732644081e-07 2.2039562331470238e-05 1.3145768763720031e-05 -1.214970035300322e-05 4.519438904813498e-07 -2.8448168826610623e-05 4.5339213123170791e-05 -6.2844783848642985e-09 -4.1660178746832044e-05 -6.8646218642243192e-05 3.8694136310368779e-06 6.2008629301999461e-05 4.9556496330631874e-06 -9.1273914950455454e-07
leaf_weight=190084 125933 42 40 2627 20 37 32 30 32 22 33 35 213 34 20 90 362 22 102 66 67 29 121 4645 38 32 30 20 76 1658
leaf_count=190084 125933 42 40 2627 20 37 32 30 32 22 33 35 213 34 20 90 362 22 102 66 67 29 121 4645 38 32 30 20 76 1658
internal_value=3.00822e-11 1.376e-06 1.44892e-06 6.65317e-06 -1.63119e-05 -0.000114177 8.24997e-06 3.44659e-05 9.03284e-05 1.44458e-05 3.24213e-05 -2.21359e-05 -6.28883e-07 -1.47598e-05 1.36532e-06 1.01051e-05 3.79922e-06 1.0007e-05 2.29719e-05 5.8177e-06 1.6697e-05 -6.66915e-06 -1.96661e-07 1.14495e-06 -3.2901e-06 -3.66368e-05 -2.15736e-05 -1.59479e-06 1.68417e-05 -2.54076e-06
internal_weight=326592 200659 193617 3061 199 57 2862 235 62 173 116 57 7042 209 190556 472 382 84 142 175 109 51 6833 4766 2067 100 68 1967 96 1871
internal_count=326592 200659 193617 3061 199 57 2862 235 62 173 116 57 7042 209 190556 472 382 84 142 175 109 51 6833 4766 2067 100 68 1967 96 1871
is_linear=0
shrinkage=0.05


Tree=186
num_leaves=31
num_cat=2
split_feature=33 15 15 25 24 24 6 8 4 24 25 15 25 24 26 14 3 11 26 24 24 27 27 13 24 11 26 0 11 11
split_gain=0.000355673 1.16382e-05 1.8033e-05 1.28555e-05 2.60459e-05 6.42384e-05 0.000132032 7.27337e-05 5.15505e-05 2.71456e-05 1.30039e-05 1.24598e-05 3.16768e-05 5.18354e-05 1.9407e-05 2.10636e-05 1.53402e-05 2.94567e-05 1.67166e-05 1.4147e-05 4.71965e-05 2.43786e-05 2.80946e-05 3.823e-05 2.7555e-05 2.96129e-05 1.81674e-05 1.42557e-05 1.71915e-05 1.4411e-05
threshold=1.0000000180025095e-35 4.5000000000000009 1.5000000000000002 3.5000000000000004 4.5000000000000009 1.5000000000000002 0 95.000000000000014 41.000000000000007 3.5000000000000004 1.5000000000000002 2.5000000000000004 3.5000000000000004 2.5000000000000004 6.5000000000000009 6.5000000000000009 1.5000000000000002 41.000000000000007 20.500000000000004 3.5000000000000004 2.5000000000000004 12.500000000000002 34.000000000000007 1.5000000000000002 1.5000000000000002 39.500000000000007 8.5000000000000018 1 47.500000000000007 8.5000000000000018
decision_type=2 2 2 2 2 2 1 2 2 2 2 2 2 2 2 2 2 2 2 2 2 2 2 2 2 2 2 1 2 2
left_child=1 2 -1 10 5 7 -7 8 -5 -8 -3 12 16 -14 15 -15 18 -18 -4 20 21 26 23 -23 27 -26 -13 28 -25 -29
right_child=-2 3 11 4 -6 6 9 -9 -10 -11 -12 19 13 14 -16 -17 17 -19 -20 -21 -22 22 -24 24 25 -27 -28 29 -30 -31
leaf_value=5.7811111765263561e-07 -2.0827926708867441e-06 6.3539480141760447e-07 1.9528194248136407e-06 4.2444613696399921e-05 -1.2501534992177193e-06 -0.00015502406792868649 3.247924783928673e-06 9.3484173079819562e-05 -5.4476990900344821e-05 -5.068214115453885e-05 1.3817276397063287e-05 1.3907294836507369e-06 8.5260635039404681e-05 6.8330412718101548e-05 7.5289333585190509e-06 1.2855462306437074e-05 3.9521550945699617e-06 2.1464123793540993e-05 -1.9624751803348773e-05 -2.6627916061486708e-06 3.0660124054370076e-05 6.7989367044692006e-05 -5.0372723489999774e-05 -3.0632117790518302e-06 7.9123134114693304e-05 7.498552405459416e-06 -1.8497456090383071e-05 -1.7379199469244068e-05 1.6370753577835527e-05 1.0968066101061588e-05
leaf_weight=40030 125933 38788 33630 23 950 22 56 21 34 40 188 76194 23 28 975 44 5100 252 90 2044 139 26 21 608 27 31 115 47 140 973
leaf_count=40030 125933 38788 33630 23 950 22 56 21 34 40 188 76194 23 28 975 44 5100 252 90 2044 139 26 21 608 27 31 115 47 140 973
internal_value=2.85865e-11 1.3072e-06 1.49757e-06 5.4551e-07 -4.674e-06 -2.12692e-05 -4.45418e-05 1.39382e-05 -1.53683e-05 -1.92229e-05 6.98977e-07 1.80299e-06 2.52236e-06 1.10099e-05 9.3788e-06 3.44291e-05 2.28993e-06 4.77671e-06 1.89523e-06 1.44367e-06 1.55084e-06 1.49908e-06 7.13468e-06 7.78676e-06 6.92955e-06 4.0841e-05 1.36076e-06 5.81707e-06 5.74161e-07 9.66187e-06
internal_weight=326592 200659 160537 40122 1146 196 118 78 57 96 38976 120507 40142 1070 1047 72 39072 5352 33720 80365 78321 78182 1873 1852 1826 58 76309 1768 748 1020
internal_count=326592 200659 160537 40122 1146 196 118 78 57 96 38976 120507 40142 1070 1047 72 39072 5352 33720 80365 78321 78182 1873 1852 1826 58 76309 1768 748 1020
cat_boundaries=0 1 2
cat_threshold=2 1
is_linear=0
shrinkage=0.05


Tree=187
num_leaves=31
num_cat=1
split_feature=33 12 11 24 24 13 26 26 11 13 3 26 15 15 15 15 15 26 13 14 25 14 15 27 14 24 15 15 0 27
split_gain=0.000320995 1.14057e-05 1.02065e-05 9.75804e-06 5.75817e-05 3.40818e-05 1.99884e-05 1.33791e-05 8.23147e-06 1.86322e-05 1.278e-05 2.22312e-05 1.03948e-05 1.21018e-05 8.06329e-06 9.55447e-06 7.56245e-06 6.99173e-06 3.56677e-05 0.000117533 4.31269e-05 7.1832e-05 3.4017e-05 1.29823e-05 5.04044e-05 5.30508e-05 1.3688e-05 1.2729e-05 1.27811e-05 1.21457e-05
threshold=1.0000000180025095e-35 0.48890000000000006 8.5000000000000018 4.5000000000000009 1.5000000000000002 2.5000000000000004 11.500000000000002 14.000000000000002 44.500000000000007 2.5000000000000004 1.5000000000000002 8.5000000000000018 1.5000000000000002 4.5000000000000009 4.5000000000000009 1.5000000000000002 2.5000000000000004 7.5000000000000009 1.5000000000000002 6.5000000000000009 3.5000000000000004 6.5000000000000009 4.5000000000000009 21.500000000000004 2.5000000000000004 4.5000000000000009 4.5000000000000009 2.5000000000000004 0 26.500000000000004
decision_type=2 2 2 2 2 2 2 2 2 2 2 2 2 2 2 2 2 2 2 2 2 2 2 2 2 2 2 2 1 2
left_child=1 17 3 4 6 -6 -3 -5 -4 -10 12 14 -11 -14 15 -12 -17 18 19 -1 29 22 -22 24 27 26 -26 28 -19 -20
right_child=-2 2 8 7 5 -7 -8 -9 9 10 11 -13 13 -15 -16 16 -18 23 20 -21 21 -23 -24 -25 25 -27 -28 -29 -30 -31
leaf_value=-0.00013420613665532851 -1.9786531624387507e-06 2.121756833524508e-07 1.5449149091442277e-06 -4.3101584004454286e-05 4.4674887335748369e-06 8.7518686389861017e-05 -3.1468407862121238e-05 -5.571279168186538e-06 4.1461681394139309e-05 1.7032176319449007e-05 -7.3956571505721208e-06 -5.1411525683284886e-05 1.8778685663868568e-06 1.5056997603849219e-05 -9.6277827372260137e-06 1.5367977193375006e-05 2.1977880611442605e-06 5.7719578259051422e-05 6.8135373294201608e-07 3.8449302494349287e-06 0.00010122664596455059 -2.9620085829914649e-05 2.3904264555312695e-05 -1.3784905792705922e-07 -8.8048540522317448e-06 -8.4996255088387246e-05 -3.8908889151419621e-05 1.3584371642055511e-06 9.8234563483856622e-06 2.0817119560282059e-05
leaf_weight=21 125933 11782 133304 26 21 30 50 274 34 230 162 21 699 232 153 164 325 26 51199 58 33 28 25 1316 177 31 48 85 30 75
leaf_count=21 125933 11782 133304 26 21 30 50 274 34 230 162 21 699 232 153 164 325 26 51199 58 33 28 25 1316 177 31 48 85 30 75
internal_value=2.7112e-11 1.24184e-06 1.46813e-06 8.19699e-08 3.06809e-07 5.33211e-05 7.8299e-08 -8.82391e-06 1.59292e-06 4.76079e-06 4.13247e-06 -6.25648e-07 7.51357e-06 5.16203e-06 7.00848e-07 3.12831e-06 6.61478e-06 6.13859e-07 7.18508e-07 -3.28522e-05 7.70145e-07 3.61479e-05 6.7898e-05 -2.5286e-06 -1.04536e-05 -2.36757e-05 -1.5227e-05 1.35523e-05 3.20609e-05 7.10807e-07
internal_weight=326592 200659 147507 12183 11883 51 11832 300 135324 2020 1986 825 1161 931 804 651 489 53152 51439 79 51360 86 58 1713 397 256 225 141 56 51274
internal_count=326592 200659 147507 12183 11883 51 11832 300 135324 2020 1986 825 1161 931 804 651 489 53152 51439 79 51360 86 58 1713 397 256 225 141 56 51274
cat_boundaries=0 1
cat_threshold=1
is_linear=0
shrinkage=0.05


Tree=188
num_leaves=31
num_cat=1
split_feature=33 15 15 25 26 14 27 4 25 25 11 26 25 4 26 26 26 12 26 27 26 26 26 11 15 25 26 11 6 3
split_gain=0.000289698 1.04879e-05 1.63527e-05 1.23264e-05 4.62817e-05 6.74802e-05 1.87253e-05 1.57752e-05 1.9238e-05 1.16937e-05 2.12656e-05 3.43504e-05 3.1347e-05 3.53457e-05 0.000116553 2.89822e-05 6.98864e-05 5.51812e-05 1.57568e-05 1.29571e-05 2.77847e-05 3.98823e-05 1.16306e-05 1.12274e-05 1.11738e-05 2.84861e-05 4.34745e-05 4.39447e-05 1.66018e-05 1.38236e-05
threshold=1.0000000180025095e-35 4.5000000000000009 1.5000000000000002 2.5000000000000004 6.5000000000000009 5.5000000000000009 21.500000000000004 37.000000000000007 4.5000000000000009 3.5000000000000004 8.5000000000000018 3.0000000000000004 4.5000000000000009 39.000000000000007 9.5000000000000018 7.5000000000000009 4.5000000000000009 0.56695000000000018 11.500000000000002 4.0000000000000009 7.5000000000000009 5.5000000000000009 7.5000000000000009 45.500000000000007 2.5000000000000004 3.5000000000000004 7.5000000000000009 45.500000000000007 0 1.5000000000000002
decision_type=2 2 2 2 2 2 2 2 2 2 2 2 2 2 2 2 2 2 2 2 2 2 2 2 2 2 2 2 1 2
left_child=1 2 3 6 5 -5 22 -6 -9 19 18 -12 -13 14 -14 16 -15 -18 -11 -3 21 -21 -1 -24 25 29 27 28 -27 -4
right_child=-2 9 24 4 7 -7 -8 8 -10 10 11 12 13 15 -16 -17 17 -19 -20 20 -22 -23 23 -25 -26 26 -28 -29 -30 -31
leaf_value=6.3793127845112046e-07 -1.879720511567176e-06 4.2812230988794772e-07 1.7374464185321892e-06 -9.3337966202799346e-05 -3.3540558928134252e-05 1.7551992135375495e-05 1.9504987608169505e-05 4.3097702458301987e-05 -2.2072167893834332e-06 -6.3854615892405098e-05 5.206281722556534e-05 -4.8632612474887679e-05 -0.00011414306590550356 -3.0496728364736414e-05 -4.9294949919766943e-06 -7.0644210094588885e-07 1.7686357577553108e-05 0.00013373311642567387 -1.5502134989392723e-05 6.6401041381103791e-06 -5.1624747566986824e-06 4.0166476802286612e-05 -5.8555911953554792e-06 -3.611999483028841e-05 1.3110339142503863e-06 -3.4321223872459747e-06 7.0920070348223461e-06 0.00010217176484571689 4.2836455571055111e-05 4.4727848213710958e-06
leaf_weight=38547 125933 37592 33720 34 39 23 131 24 990 23 28 38 29 26 155 743 21 20 63 853 432 99 206 36 80365 33 967 23 47 5352
leaf_count=38547 125933 37592 33720 34 39 23 131 24 990 23 28 38 29 26 155 743 21 20 63 853 432 99 206 36 80365 33 967 23 47 5352
internal_value=2.5749e-11 1.17975e-06 1.36046e-06 4.84892e-07 -4.71052e-06 -4.85929e-05 6.33066e-07 -2.33512e-06 -1.13491e-06 4.56676e-07 -4.52139e-06 -2.58135e-06 -4.06394e-06 -2.36011e-06 -2.21425e-05 2.13367e-06 3.36293e-05 7.42945e-05 -2.84336e-05 6.03045e-07 5.35426e-06 1.01266e-05 5.69331e-07 -1.03577e-05 1.65131e-06 2.33254e-06 1.03813e-05 4.12622e-05 2.37507e-05 2.11213e-06
internal_weight=326592 200659 160537 40030 1110 57 38920 1053 1014 40122 1146 1060 1032 994 184 810 67 41 86 38976 1384 952 38789 242 120507 40142 1070 103 80 39072
internal_count=326592 200659 160537 40030 1110 57 38920 1053 1014 40122 1146 1060 1032 994 184 810 67 41 86 38976 1384 952 38789 242 120507 40142 1070 103 80 39072
cat_boundaries=0 1
cat_threshold=4
is_linear=0
shrinkage=0.05


Tree=189
num_leaves=31
num_cat=0
split_feature=33 26 27 4 26 24 26 8 13 24 15 25 4 25 8 17 26 15 13 15 24 25 25 13 15 15 24 24 24 4
split_gain=0.000261452 9.80957e-06 2.85808e-05 3.72215e-05 0.000252865 0.00027709 5.82399e-05 8.43692e-05 5.78315e-05 4.05952e-05 3.58237e-05 2.65359e-05 1.42302e-05 0.00015637 1.31149e-05 1.68549e-05 1.21267e-05 1.9551e-05 1.13039e-05 1.5399e-05 9.78658e-06 8.54363e-05 4.1594e-05 1.69091e-05 1.18737e-05 1.16877e-05 2.01227e-05 2.25405e-05 1.86058e-05 1.78275e-05
threshold=1.0000000180025095e-35 7.5000000000000009 12.500000000000002 39.000000000000007 5.5000000000000009 3.5000000000000004 5.5000000000000009 85.000000000000014 2.5000000000000004 4.5000000000000009 2.5000000000000004 4.5000000000000009 37.000000000000007 4.5000000000000009 75.000000000000014 1.0000000180025095e-35 3.0000000000000004 4.5000000000000009 2.5000000000000004 2.5000000000000004 2.5000000000000004 4.5000000000000009 3.5000000000000004 2.5000000000000004 4.5000000000000009 2.5000000000000004 3.5000000000000004 4.5000000000000009 4.5000000000000009 39.000000000000007
decision_type=2 2 2 2 2 2 2 2 2 2 2 2 2 2 2 2 2 2 2 2 2 2 2 2 2 2 2 2 2 2
left_child=1 2 16 4 14 -6 -5 9 -9 11 -11 -8 13 -3 15 -4 -1 -18 19 -15 22 -22 -14 24 -24 28 -27 -28 29 -23
right_child=-2 12 3 6 5 -7 7 8 -10 10 -12 -13 20 18 -16 -17 17 -19 -20 -21 21 25 23 -25 -26 26 27 -29 -30 -31
leaf_value=1.08896002368607e-06 -1.7857344206919321e-06 -0.00011168290832703112 1.4241827287558658e-05 5.3011056992666167e-06 -0.00025383276515640319 -2.2838151710095337e-05 1.4282871889008674e-05 0.00013119978781711932 3.4569681042739829e-05 -7.1201965726107696e-05 1.0221040657987552e-05 6.5974462791018604e-05 -1.5933609016423269e-06 3.9123816973837429e-05 8.8771110892015396e-06 7.0264177484205003e-05 3.8937647077177282e-06 2.7703083262239889e-05 -1.083167156717867e-05 5.078436610781512e-07 4.2404578448628504e-05 2.2756003672839143e-05 -3.9109511463290185e-05 -6.4621199226166939e-05 2.9693966886649532e-06 1.8276779861164117e-05 -4.6925235927056783e-05 -2.6028349125052826e-06 4.058179559256056e-06 -3.0605415229779789e-05
leaf_weight=190005 125933 34 29 2627 20 37 80 30 32 22 35 36 1967 42 88 25 444 107 66 67 121 20 38 32 30 115 29 2642 1767 72
leaf_count=190005 125933 34 29 2627 20 37 80 30 32 22 35 36 1967 42 88 25 444 107 66 67 121 20 38 32 30 115 29 2642 1767 72
internal_value=2.44929e-11 1.12076e-06 1.18743e-06 5.98052e-06 -1.4929e-05 -0.000103889 7.43439e-06 3.12818e-05 8.13262e-05 1.33468e-05 -2.12054e-05 3.03251e-05 -7.12353e-07 -1.3564e-05 2.07803e-05 4.01781e-05 1.11044e-06 8.51735e-06 5.49906e-06 1.53874e-05 -3.1926e-07 9.26898e-07 -3.1926e-06 -3.46496e-05 -2.05453e-05 -1.53576e-07 -2.20233e-06 -3.08406e-06 2.9168e-06 -1.90051e-05
internal_weight=326592 200659 193617 3061 199 57 2862 235 62 173 57 116 7042 209 142 54 190556 551 175 109 6833 4766 2067 100 68 4645 2786 2671 1859 92
internal_count=326592 200659 193617 3061 199 57 2862 235 62 173 57 116 7042 209 142 54 190556 551 175 109 6833 4766 2067 100 68 4645 2786 2671 1859 92
is_linear=0
shrinkage=0.05


Tree=190
num_leaves=31
num_cat=0
split_feature=33 12 11 15 25 24 15 26 24 24 27 11 25 26 13 3 15 15 15 15 15 26 26 15 26 26 24 25 4 27
split_gain=0.00023596 1.02029e-05 9.34123e-06 8.52314e-06 2.15318e-05 1.95548e-05 1.29642e-05 1.18821e-05 9.93668e-06 0.00010834 9.10177e-06 7.30467e-06 1.63125e-05 2.07405e-05 1.20786e-05 7.75436e-06 1.18265e-05 1.27728e-05 8.46846e-06 7.70598e-06 7.25939e-06 2.63867e-05 1.79827e-05 6.3301e-06 2.18018e-05 3.30151e-05 0.000149534 2.15971e-05 1.422e-05 1.28334e-05
threshold=1.0000000180025095e-35 0.48890000000000006 8.5000000000000018 4.5000000000000009 3.5000000000000004 4.5000000000000009 1.5000000000000002 5.5000000000000009 1.0000000180025095e-35 4.5000000000000009 18.500000000000004 44.500000000000007 3.5000000000000004 22.500000000000004 4.5000000000000009 1.5000000000000002 1.5000000000000002 4.5000000000000009 4.5000000000000009 1.5000000000000002 2.5000000000000004 8.5000000000000018 5.5000000000000009 4.5000000000000009 3.0000000000000004 6.5000000000000009 1.5000000000000002 1.5000000000000002 44.000000000000007 21.500000000000004
decision_type=2 2 2 2 2 2 2 2 2 2 2 2 2 2 2 2 2 2 2 2 2 2 2 2 2 2 2 2 2 2
left_child=1 23 3 6 10 -6 7 -3 20 -10 -5 -4 14 -14 -13 16 -16 -18 19 -17 22 -22 -8 -1 27 26 -26 28 -25 -27
right_child=-2 2 11 4 5 -7 8 -9 9 -11 -12 12 13 -15 15 18 17 -19 -20 -21 21 -23 -24 24 25 29 -28 -29 -30 -31
leaf_value=7.4518104116282834e-07 -1.6964476886258673e-06 -1.740370829459133e-06 1.352910252241305e-06 -2.1262782498491955e-06 -6.3481639461735121e-05 -1.1567802842667638e-05 3.0252537627511969e-06 -1.7936629332585393e-05 9.4067766434925622e-05 -3.5632283249674796e-06 2.7071780587667257e-05 -2.5057788621375547e-05 6.3650563018969624e-05 1.6335484230824348e-06 1.7016007906515233e-05 -6.75440751365386e-06 8.7995716255492249e-07 1.4530272777559922e-05 -1.0384061897639186e-05 6.0098313908368527e-06 7.2872032964889781e-07 -2.7714113908937674e-05 3.5293365263814023e-05 1.5287332678879616e-07 4.2062482403014742e-05 -2.4774412719921204e-05 -0.00014446944776202807 2.925643273615166e-05 -7.3349778463279444e-06 -2.1286186373410083e-06
leaf_weight=42423 125933 2340 133304 2329 26 60 2307 119 34 173 27 36 26 28 227 157 690 228 149 479 4641 83 44 9578 21 80 22 62 679 287
leaf_count=42423 125933 2340 133304 2329 26 60 2307 119 34 173 27 36 26 28 227 157 690 228 149 479 4641 83 44 9578 21 80 22 62 679 287
internal_value=2.32658e-11 1.06472e-06 1.27874e-06 -4.73551e-08 -2.68868e-06 -2.72627e-05 6.14806e-07 -2.52417e-06 1.67478e-06 1.24728e-05 -1.79167e-06 1.39813e-06 4.38234e-06 3.14936e-05 3.63767e-06 4.17293e-06 6.79712e-06 4.27023e-06 3.45276e-07 2.85891e-06 1.35885e-06 2.28984e-07 3.62917e-06 4.70774e-07 -6.14243e-07 -1.19217e-05 -5.33725e-05 -1.6497e-07 -3.42813e-07 -7.06503e-06
internal_weight=326592 200659 147507 12183 2442 86 9741 2459 7282 207 2356 135324 2020 54 1966 1930 1145 918 785 636 7075 4724 2351 53152 10729 410 43 10319 10257 367
internal_count=326592 200659 147507 12183 2442 86 9741 2459 7282 207 2356 135324 2020 54 1966 1930 1145 918 785 636 7075 4724 2351 53152 10729 410 43 10319 10257 367
is_linear=0
shrinkage=0.05


Tree=191
num_leaves=31
num_cat=0
split_feature=33 12 11 15 27 15 26 13 14 14 15 26 26 11 13 3 26 15 15 15 15 26 15 27 15 15 27 26 4 26
split_gain=0.000212954 9.20813e-06 8.43046e-06 7.69214e-06 1.28342e-05 1.17002e-05 1.07236e-05 8.83597e-06 1.72649e-05 1.9294e-05 6.64019e-06 2.36563e-05 1.64991e-05 6.59247e-06 1.50368e-05 1.05566e-05 1.87792e-05 8.26175e-06 9.45998e-06 6.82709e-06 7.82757e-06 6.51685e-06 6.51108e-06 6.50039e-06 5.83387e-06 1.84103e-05 2.9691e-05 3.0843e-05 1.45191e-05 1.37971e-05
threshold=1.0000000180025095e-35 0.48890000000000006 8.5000000000000018 4.5000000000000009 21.500000000000004 1.5000000000000002 5.5000000000000009 3.5000000000000004 6.5000000000000009 2.5000000000000004 2.5000000000000004 8.5000000000000018 5.5000000000000009 44.500000000000007 1.5000000000000002 1.5000000000000002 8.5000000000000018 1.5000000000000002 4.5000000000000009 4.5000000000000009 1.5000000000000002 22.500000000000004 2.5000000000000004 18.500000000000004 1.5000000000000002 2.5000000000000004 29.500000000000004 7.5000000000000009 44.000000000000007 4.5000000000000009
decision_type=2 2 2 2 2 2 2 2 2 2 2 2 2 2 2 2 2 2 2 2 2 2 2 2 2 2 2 2 2 2
left_child=1 24 3 5 23 6 -3 8 9 -7 12 -12 -9 -4 -15 17 19 -16 -19 20 -17 -6 -22 -5 28 26 -26 -28 29 -1
right_child=-2 2 13 4 21 7 -8 10 -10 -11 11 -13 -14 14 15 16 -18 18 -20 -21 22 -23 -24 -25 25 -27 27 -29 -30 -31
leaf_value=2.3805467557586351e-07 -1.6116253023554782e-06 -1.6533522680258771e-06 1.2852647532518074e-06 -2.2317270112500937e-06 -3.813990058276702e-05 3.5666027404312489e-05 -1.7039797899135483e-05 2.8739910025260122e-06 5.0009025457816629e-05 -3.3889245315776862e-06 7.0848012690054572e-07 -2.5460006178367293e-05 3.279876307599207e-05 4.0549448021920399e-05 1.5210343003475473e-05 -6.7462524766372636e-06 -4.734280248071411e-05 1.7302401785398488e-06 1.3359488987827538e-05 -8.919159985712863e-06 1.405888682844617e-05 -7.0612917390404147e-06 1.8509720828922093e-06 2.15865195435793e-05 2.1581134039475704e-06 1.0923533335976872e-07 6.3847004275885419e-05 1.2344367867277373e-05 -7.5481761962706199e-06 -1.0192277440315904e-05
leaf_weight=9500 125933 2340 133304 2345 37 42 119 2307 26 128 4644 88 47 28 230 162 21 701 233 154 164 31 327 29 10426 32008 36 151 703 328
leaf_count=9500 125933 2340 133304 2345 37 42 119 2307 26 128 4644 88 47 28 230 162 21 701 233 154 164 31 327 29 10426 32008 36 151 703 328
internal_value=2.21029e-11 1.01149e-06 1.21481e-06 -4.49874e-08 -2.55425e-06 5.84066e-07 -2.39796e-06 1.59104e-06 1.20634e-05 6.25995e-06 1.30137e-06 2.2183e-07 3.47147e-06 1.32822e-06 4.16322e-06 3.65177e-06 -6.6391e-07 6.72168e-06 4.63133e-06 5.50783e-07 2.78412e-06 -2.39717e-05 5.92856e-06 -1.94077e-06 4.47236e-07 7.07618e-07 2.51229e-06 2.22593e-05 -6.06582e-07 -1.10048e-07
internal_weight=326592 200659 147507 12183 2442 9741 2459 7282 196 170 7086 4732 2354 135324 2020 1992 828 1164 934 807 653 68 491 2374 53152 42621 10613 187 10531 9828
internal_count=326592 200659 147507 12183 2442 9741 2459 7282 196 170 7086 4732 2354 135324 2020 1992 828 1164 934 807 653 68 491 2374 53152 42621 10613 187 10531 9828
is_linear=0
shrinkage=0.05


Tree=192
num_leaves=31
num_cat=3
split_feature=33 15 15 25 26 14 27 25 27 27 26 14 6 14 0 6 14 13 14 11 27 4 11 26 11 25 11 26 7 26
split_gain=0.000192191 8.56843e-06 1.37346e-05 1.05164e-05 4.19932e-05 6.04891e-05 1.71708e-05 1.49223e-05 1.27468e-05 9.47488e-06 2.57386e-05 2.43804e-05 7.65395e-05 3.84267e-05 1.44211e-05 2.19499e-05 5.70839e-05 1.53111e-05 1.09094e-05 1.8134e-05 1.67428e-05 9.60684e-06 1.24116e-05 9.42713e-06 9.81931e-06 8.71699e-06 1.64016e-05 2.95484e-05 2.75334e-05 8.05253e-05
threshold=1.0000000180025095e-35 4.5000000000000009 1.5000000000000002 2.5000000000000004 6.5000000000000009 5.5000000000000009 21.500000000000004 3.5000000000000004 18.500000000000004 18.500000000000004 7.5000000000000009 3.5000000000000004 0 2.5000000000000004 1 2 6.5000000000000009 2.5000000000000004 1.5000000000000002 41.000000000000007 26.500000000000004 76.000000000000014 38.500000000000007 7.5000000000000009 45.500000000000007 3.5000000000000004 8.5000000000000018 3.0000000000000004 11.000000000000002 17.000000000000004
decision_type=2 2 2 2 2 2 2 2 2 2 2 2 1 2 1 1 2 2 2 2 2 2 2 2 2 2 2 2 2 2
left_child=1 2 3 6 5 -5 23 -6 -9 -4 11 12 13 -11 -13 17 -17 -16 19 -14 -20 -12 -23 -1 -25 -3 -27 -28 29 -29
right_child=-2 25 9 4 7 -7 -8 8 -10 10 21 14 18 -15 15 16 -18 -19 20 -21 -22 22 -24 24 -26 26 27 28 -30 -31
leaf_value=4.5942162450117402e-07 -1.5310440717625085e-06 4.337231108625156e-07 1.2964724202438672e-06 -8.86407371795298e-05 -3.5835342896461955e-05 1.634800459926381e-05 1.8530324161877388e-05 3.0410891767748965e-05 -2.1491826985518193e-06 0.0001325197401456535 3.5595992252823071e-07 1.5745510675702867e-06 -3.1197249179083e-05 4.3045878119301054e-05 -1.6177613810710187e-05 6.806836178216863e-08 9.5152581316479315e-05 1.1568621537725902e-05 9.0752510004676881e-07 2.5339046545053391e-05 5.0507892619525254e-05 6.4305158386588719e-06 4.5060588242697783e-05 -5.2296543956742331e-06 -3.3532717012955503e-05 -2.4990896400954942e-05 4.8394089026260191e-05 -9.0012969241277995e-05 -6.5772726073269775e-07 -3.4995527626465037e-07
leaf_weight=38547 125933 38976 115288 34 32 23 131 31 990 20 3314 683 37 30 55 38 27 518 46 23 27 379 22 206 36 86 28 35 909 88
leaf_count=38547 125933 38976 115288 34 32 23 131 31 990 20 3314 683 37 30 55 38 27 518 46 23 27 379 22 206 36 86 28 35 909 88
internal_value=2.09815e-11 9.60913e-07 1.12425e-06 3.2183e-07 -4.477e-06 -4.62769e-05 4.58692e-07 -2.21432e-06 -1.16058e-06 1.3908e-06 3.47457e-06 8.99311e-06 2.60969e-05 7.88354e-05 6.6237e-06 1.2029e-05 3.95647e-05 8.90537e-06 6.27037e-06 -9.525e-06 1.92529e-05 1.24042e-06 8.54987e-06 3.9766e-07 -9.44003e-06 3.0735e-07 -3.99067e-06 -2.28688e-06 -3.66194e-06 -2.58638e-05
internal_weight=326592 200659 160537 40030 1110 57 38920 1053 1021 120507 5219 1504 183 50 1321 638 65 573 133 60 73 3715 401 38789 242 40122 1146 1060 1032 123
internal_count=326592 200659 160537 40030 1110 57 38920 1053 1021 120507 5219 1504 183 50 1321 638 65 573 133 60 73 3715 401 38789 242 40122 1146 1060 1032 123
cat_boundaries=0 1 2 3
cat_threshold=1 1 4
is_linear=0
shrinkage=0.05


Tree=193
num_leaves=31
num_cat=0
split_feature=33 12 11 24 24 13 26 26 11 13 3 26 19 18 18 19 16 18 13 26 4 19 4 4 24 24 14 14 27 26
split_gain=0.000173453 8.33372e-06 7.52828e-06 6.78638e-06 5.00659e-05 3.2954e-05 1.7797e-05 1.14782e-05 5.96241e-06 1.37306e-05 9.34587e-06 1.67432e-05 7.65465e-06 8.974e-06 5.8262e-06 6.90687e-06 6.02188e-06 5.17514e-06 1.95421e-05 2.78459e-05 1.41773e-05 8.28826e-06 2.33472e-05 1.30258e-05 1.5615e-05 7.15122e-05 1.2149e-05 2.97644e-05 1.10215e-05 1.83128e-05
threshold=1.0000000180025095e-35 0.48890000000000006 8.5000000000000018 4.5000000000000009 1.5000000000000002 2.5000000000000004 11.500000000000002 14.000000000000002 44.500000000000007 2.5000000000000004 1.5000000000000002 8.5000000000000018 1.0000000180025095e-35 1.0000000180025095e-35 1.0000000180025095e-35 1.0000000180025095e-35 1.0000000180025095e-35 1.0000000180025095e-35 1.5000000000000002 22.500000000000004 44.000000000000007 1.0000000180025095e-35 44.000000000000007 44.000000000000007 2.5000000000000004 4.5000000000000009 2.5000000000000004 3.5000000000000004 20.500000000000004 7.5000000000000009
decision_type=2 2 2 2 2 2 2 2 2 2 2 2 2 2 2 2 2 2 2 2 2 2 2 2 2 2 2 2 2 2
left_child=1 17 3 4 6 -6 -3 -5 -4 -10 12 14 13 -11 15 16 -12 21 19 -19 -20 22 28 24 -23 -26 -27 -28 -1 -30
right_child=-2 2 8 7 5 -7 -8 -9 9 10 11 -13 -14 -15 -16 -17 -18 18 20 -21 -22 23 -24 -25 25 26 27 -29 29 -31
leaf_value=4.7028063003681873e-07 -1.4544918119677507e-06 1.6566324034664597e-08 1.1726143779057899e-06 -3.9260601694807592e-05 1.4983127021835008e-06 8.3163913222961136e-05 -2.9876993692596445e-05 -4.4984871773900576e-06 3.5415330464328528e-05 1.4155506531653648e-06 1.5387128850516792e-06 -4.4772501479158002e-05 1.4429792835194944e-05 1.2764492077684706e-05 -8.3272188146342993e-06 -6.4319107799365394e-06 1.3291119049848398e-05 -7.6464086596388377e-05 6.5016913602264666e-08 -7.8925831490906022e-06 -7.2340215178647246e-06 1.8543368087856986e-07 6.0725841054698207e-06 -7.1669698541988192e-06 -8.3644315224861907e-05 1.4414581844195911e-05 -6.5665868879434482e-05 -4.0587815769518224e-07 1.5002005847366361e-05 1.2868617837194053e-06
leaf_weight=28605 125933 11782 133304 26 21 30 50 274 34 699 325 21 230 232 153 162 164 20 9939 57 713 9600 2138 703 31 72 21 104 350 799
leaf_count=28605 125933 11782 133304 26 21 30 50 274 34 699 325 21 230 232 153 162 164 20 9939 57 713 9600 2138 703 31 72 21 104 350 799
internal_value=1.99585e-11 9.12867e-07 1.10629e-06 -8.41865e-08 1.03317e-07 4.95369e-05 -1.09759e-07 -7.5112e-06 1.21347e-06 3.90959e-06 3.37022e-06 -6.98705e-07 6.26157e-06 4.24364e-06 4.52477e-07 2.51591e-06 5.48022e-06 3.76075e-07 -6.04978e-07 -2.57034e-05 -4.2355e-07 6.24188e-07 1.02579e-06 -5.92017e-07 -1.21709e-07 -1.3054e-05 -1.94591e-06 -1.13696e-05 6.63147e-07 5.46467e-06
internal_weight=326592 200659 147507 12183 11883 51 11832 300 135324 2020 1986 825 1161 931 804 651 489 53152 10729 77 10652 42423 31892 10531 9828 228 197 125 29754 1149
internal_count=326592 200659 147507 12183 11883 51 11832 300 135324 2020 1986 825 1161 931 804 651 489 53152 10729 77 10652 42423 31892 10531 9828 228 197 125 29754 1149
is_linear=0
shrinkage=0.05


Tree=194
num_leaves=31
num_cat=1
split_feature=33 12 12 26 25 15 15 24 24 24 26 27 12 14 24 25 4 15 26 15 24 24 26 26 4 14 24 14 13 0
split_gain=0.000156541 7.52118e-06 6.86352e-06 6.14369e-06 6.81753e-06 6.47481e-06 2.08294e-05 1.48334e-05 1.60361e-05 8.75475e-06 4.85994e-06 1.39618e-05 2.6952e-05 3.79392e-05 9.77587e-06 6.82298e-05 2.65666e-05 1.73321e-05 8.88375e-06 1.58437e-05 2.10563e-05 2.16093e-05 7.24414e-05 7.16855e-05 2.70545e-05 1.64034e-05 2.30258e-05 9.43935e-05 3.55517e-05 2.83123e-05
threshold=1.0000000180025095e-35 0.48890000000000006 0.92360000000000009 5.5000000000000009 2.5000000000000004 2.5000000000000004 1.5000000000000002 2.5000000000000004 4.5000000000000009 3.5000000000000004 20.500000000000004 1.0000000180025095e-35 0.91665000000000008 4.5000000000000009 4.5000000000000009 4.5000000000000009 42.500000000000007 1.5000000000000002 7.5000000000000009 4.5000000000000009 4.5000000000000009 1.5000000000000002 5.5000000000000009 5.5000000000000009 42.500000000000007 1.5000000000000002 1.5000000000000002 2.5000000000000004 2.5000000000000004 0
decision_type=2 2 2 2 2 2 2 2 2 2 2 2 2 2 2 2 2 2 2 2 2 2 2 2 2 2 2 2 2 1
left_child=1 -1 10 4 -4 6 -5 -7 -9 -8 11 -3 18 -14 15 -12 -17 -18 19 25 21 23 -23 -21 -25 -13 -27 -28 29 -29
right_child=-2 2 3 5 -6 7 9 8 -10 -11 14 12 13 -15 -16 16 17 -19 -20 20 -22 22 -24 24 -26 26 27 28 -30 -31
leaf_value=3.5727091077866218e-07 -1.3817672511964387e-06 1.0757142805347764e-06 1.5978953967247375e-07 -1.4361073453321157e-05 -2.9060574743198231e-05 -2.3750002709532944e-05 3.5461115156777389e-05 3.792774264381834e-05 -6.8696989621074824e-06 5.1657888314749521e-06 8.7900638386847161e-07 -1.1183090273767622e-05 -1.8016251851804553e-06 8.718009317501286e-05 5.6065424804754199e-07 -5.6162036053137859e-06 -3.3557504218112193e-05 -8.9431752157906886e-05 8.3548678180913245e-07 6.2550456248619523e-06 5.53184318750237e-05 3.5238980813624549e-05 -8.2878229732159526e-05 3.6218274309409454e-05 9.8888831696687993e-05 2.7597088660959873e-06 0.0001156586964656447 2.266017137891915e-05 4.5873676287516466e-05 -2.44375681480354e-05
leaf_weight=53152 125933 128021 10403 103 20 121 41 23 152 57 423 189 25 23 1914 25 23 35 2379 626 26 27 25 51 26 2548 23 54 46 78
leaf_count=53152 125933 128021 10403 103 20 121 41 23 152 57 423 189 25 23 1914 25 23 35 2379 626 26 27 25 51 26 2548 23 54 46 78
internal_value=1.89523e-11 8.67224e-07 1.05098e-06 -1.55253e-07 1.03721e-07 -5.5864e-06 1.33913e-06 -1.02892e-05 -9.82035e-07 1.78404e-05 1.14742e-06 1.18747e-06 3.51536e-06 4.08354e-05 -1.07332e-06 -7.25399e-06 -4.87029e-05 -6.72747e-05 3.2216e-06 4.74796e-06 1.10777e-05 9.55417e-06 -2.15481e-05 1.18548e-05 5.73798e-05 3.06535e-06 4.04496e-06 2.03376e-05 8.02083e-06 -5.17031e-06
internal_weight=326592 200659 147507 10920 10423 497 201 296 175 98 136587 134167 6146 48 2420 506 83 58 6098 3719 781 755 52 703 77 2938 2749 201 178 132
internal_count=326592 200659 147507 10920 10423 497 201 296 175 98 136587 134167 6146 48 2420 506 83 58 6098 3719 781 755 52 703 77 2938 2749 201 178 132
cat_boundaries=0 1
cat_threshold=1
is_linear=0
shrinkage=0.05


Tree=195
num_leaves=31
num_cat=1
split_feature=33 15 15 15 25 24 11 24 26 13 27 24 24 27 27 13 24 11 0 11 11 11 26 3 11 4 25 26 8 26
split_gain=0.000141278 7.58507e-06 1.18791e-05 8.77654e-06 2.32471e-05 3.6409e-05 1.43468e-05 3.03182e-05 1.79418e-05 1.35707e-05 1.17571e-05 1.13865e-05 3.64403e-05 1.91765e-05 1.8365e-05 3.01348e-05 2.05347e-05 2.36904e-05 1.33163e-05 1.48382e-05 1.17669e-05 1.50339e-05 1.12632e-05 1.08952e-05 2.2948e-05 1.31701e-05 1.05713e-05 1.22441e-05 1.22349e-05 9.0484e-06
threshold=1.0000000180025095e-35 4.5000000000000009 1.5000000000000002 2.5000000000000004 3.5000000000000004 2.5000000000000004 41.000000000000007 3.5000000000000004 7.5000000000000009 2.5000000000000004 21.500000000000004 3.5000000000000004 2.5000000000000004 12.500000000000002 34.000000000000007 1.5000000000000002 1.5000000000000002 39.500000000000007 0 47.500000000000007 41.000000000000007 8.5000000000000018 8.5000000000000018 1.5000000000000002 41.000000000000007 39.000000000000007 4.5000000000000009 12.500000000000002 75.000000000000014 7.5000000000000009
decision_type=2 2 2 2 2 2 2 2 2 2 2 2 2 2 2 2 2 2 1 2 2 2 2 2 2 2 2 2 2 2
left_child=1 2 -1 4 9 -6 7 -7 -8 10 -4 12 13 22 15 -15 18 -18 19 -17 21 -20 -5 25 -25 -11 -14 -28 -29 -13
right_child=-2 -3 3 11 5 6 8 -9 -10 23 -12 29 26 14 -16 16 17 -19 20 -21 -22 -23 -24 24 -26 -27 27 28 -30 -31
leaf_value=2.3129003026769987e-07 -1.3126789412746164e-06 2.0894546483838817e-07 -4.4419321157976003e-05 8.7545172286057215e-07 7.1329090227980328e-05 -4.8754083624002167e-05 5.7249959774288494e-05 6.1580306040787705e-06 1.3504811115337491e-05 3.1712870215397894e-06 -6.6507667683275024e-06 8.3206166547189938e-06 4.7916130634115599e-05 5.9949987917207186e-05 -4.0522303676144001e-05 -3.6678867031905852e-06 6.9254191422024402e-05 5.1911172058974066e-06 -1.5652085920087399e-05 1.4387028356525532e-05 -4.3352264486192261e-07 1.35577937542367e-05 -1.4784086240030341e-05 3.0495448017332412e-06 1.8507485098477142e-05 8.1054458719386506e-07 -1.3354227849049494e-05 9.2035703952812274e-07 4.3153669007842063e-05 -3.7589769471984863e-06
leaf_weight=40030 125933 40122 27 76194 23 26 26 757 238 7647 87 169 41 26 21 608 27 31 47 140 271 702 115 5082 252 25977 24 27 47 1875
leaf_count=40030 125933 40122 27 76194 23 26 26 757 238 7647 87 169 41 26 21 608 27 31 47 140 271 702 115 5082 252 25977 24 27 47 1875
internal_value=1.79781e-11 8.23863e-07 9.77545e-07 1.22544e-06 1.82919e-06 9.10022e-06 7.73321e-06 4.33464e-06 1.7813e-05 1.63007e-06 -1.5596e-05 9.23864e-07 1.02001e-06 9.74535e-07 5.97281e-06 6.50002e-06 5.73896e-06 3.50136e-05 4.77859e-06 -2.88625e-07 8.49455e-06 1.17249e-05 8.51852e-07 1.68048e-06 3.77984e-06 1.34744e-06 2.65981e-05 1.76793e-05 2.77442e-05 -2.76022e-06
internal_weight=326592 200659 160537 120507 40142 1070 1047 783 264 39072 114 80365 78321 78182 1873 1852 1826 58 1768 748 1020 749 76309 38958 5334 33624 139 98 74 2044
internal_count=326592 200659 160537 120507 40142 1070 1047 783 264 39072 114 80365 78321 78182 1873 1852 1826 58 1768 748 1020 749 76309 38958 5334 33624 139 98 74 2044
cat_boundaries=0 1
cat_threshold=1
is_linear=0
shrinkage=0.05


Tree=196
num_leaves=31
num_cat=2
split_feature=33 26 27 15 13 4 14 14 24 24 11 15 24 24 13 14 11 8 0 15 26 15 0 26 15 11 13 15 24 25
split_gain=0.000127504 7.20759e-06 2.09646e-05 1.63989e-05 3.08772e-05 1.22422e-05 0.000136343 1.17907e-05 4.1466e-05 7.71264e-05 1.59066e-05 1.60312e-05 1.58644e-05 0.000162602 6.44387e-05 2.29855e-05 6.90999e-05 2.39138e-05 1.93571e-05 1.38799e-05 1.08439e-05 1.04481e-05 1.03271e-05 9.76196e-06 1.49513e-05 2.35424e-05 9.68647e-06 1.27985e-05 8.91122e-06 7.64789e-05
threshold=1.0000000180025095e-35 7.5000000000000009 7.5000000000000009 1.5000000000000002 1.5000000000000002 37.000000000000007 2.5000000000000004 2.5000000000000004 1.5000000000000002 4.5000000000000009 41.000000000000007 4.5000000000000009 1.5000000000000002 3.5000000000000004 2.5000000000000004 6.5000000000000009 41.000000000000007 85.000000000000014 0 3.5000000000000004 5.5000000000000009 3.5000000000000004 1 3.0000000000000004 4.5000000000000009 13.500000000000002 2.5000000000000004 2.5000000000000004 2.5000000000000004 4.5000000000000009
decision_type=2 2 2 2 2 2 2 2 2 2 2 2 2 2 2 2 2 2 1 2 2 2 1 2 2 2 2 2 2 2
left_child=1 2 23 4 -4 6 26 8 10 -10 22 -12 14 -14 -9 16 -15 18 -17 -11 -6 -19 -5 -1 25 -25 27 -3 -7 -30
right_child=-2 5 3 7 20 28 -8 12 9 19 11 -13 13 15 -16 17 -18 21 -20 -21 -22 -23 -24 24 -26 -27 -28 -29 29 -31
leaf_value=7.4530485764570552e-07 -1.2470449833652049e-06 3.5884944684637175e-05 -4.5476765919829638e-05 -4.4972761119984525e-05 -1.9363692908516717e-06 -3.1658555369155051e-06 -0.0001043293598580503 6.9256465849321103e-05 9.3391996193620394e-05 -2.5933671917300672e-05 -8.2822340061738942e-06 4.4575173796182265e-05 -0.00012534385918675422 1.7157566389869318e-08 5.3415217443210675e-06 2.4576951222520114e-05 0.00010106204123155256 -8.1975130815408189e-06 -1.423639024041818e-05 2.8520412227160045e-05 2.4723977637732769e-05 -5.1963827694028933e-05 -8.2293725898597159e-07 5.6378683784714663e-05 2.4187971718683319e-05 8.6637458647566978e-07 -1.0025598252964715e-05 6.8021909643916773e-07 4.0008247058662062e-05 -2.5717468039566714e-07
leaf_weight=189109 125933 42 40 26 547 2067 34 40 41 25 32 26 26 64 2792 72 23 25 58 22 41 30 27 20 107 424 66 67 121 4645
leaf_count=189109 125933 42 40 26 547 2067 34 40 41 25 32 26 26 64 2792 72 23 25 58 22 41 30 27 20 107 424 66 67 121 4645
internal_value=1.70898e-11 7.8267e-07 8.39819e-07 4.44184e-06 -2.96908e-06 -7.88632e-07 -1.27088e-05 5.83987e-06 1.76412e-05 4.32748e-05 -2.68097e-06 1.54125e-05 5.08957e-06 -5.88402e-06 6.24428e-06 5.53493e-06 2.67302e-05 -4.43256e-06 7.26023e-06 -4.44526e-07 -7.73995e-08 -3.207e-05 -2.24813e-05 7.64668e-07 7.41022e-06 3.36693e-06 5.09173e-06 1.42453e-05 -4.24031e-07 7.65091e-07
internal_weight=326592 200659 193617 3957 628 7042 209 3329 199 88 111 58 3130 298 2832 272 87 185 130 47 588 55 53 189660 551 444 175 109 6833 4766
internal_count=326592 200659 193617 3957 628 7042 209 3329 199 88 111 58 3130 298 2832 272 87 185 130 47 588 55 53 189660 551 444 175 109 6833 4766
cat_boundaries=0 1 2
cat_threshold=1 1
is_linear=0
shrinkage=0.05


Tree=197
num_leaves=31
num_cat=3
split_feature=11 25 13 26 14 21 24 24 23 15 12 15 11 12 15 26 6 26 15 22 27 17 14 24 10 8 6 11 11 15
split_gain=6.45955e-05 4.60068e-05 1.52529e-05 1.55142e-05 2.37705e-05 6.41704e-05 2.35238e-05 2.18193e-05 2.21278e-05 1.98036e-05 1.67065e-05 9.29506e-06 1.24517e-05 7.19257e-06 5.01314e-06 3.78263e-06 1.3506e-05 7.29627e-06 5.20799e-06 4.90721e-06 4.47262e-06 7.21395e-06 4.10897e-06 3.37848e-06 7.63286e-06 8.92174e-06 1.03867e-05 2.99989e-06 1.00541e-05 3.65485e-05
threshold=6.5000000000000009 4.5000000000000009 1.5000000000000002 20.500000000000004 3.5000000000000004 1.0000000180025095e-35 2.5000000000000004 3.5000000000000004 1.0000000180025095e-35 4.5000000000000009 0.60715000000000008 2.5000000000000004 34.500000000000007 0.48890000000000006 4.5000000000000009 7.5000000000000009 0 5.5000000000000009 4.5000000000000009 1.0000000180025095e-35 12.500000000000002 1.0000000180025095e-35 2.5000000000000004 1.5000000000000002 1 65.000000000000014 2 44.500000000000007 41.000000000000007 1.5000000000000002
decision_type=2 2 2 2 2 2 2 2 2 2 2 2 2 2 2 2 1 2 2 2 2 2 2 2 1 2 1 2 2 2
left_child=-1 2 11 6 5 -5 13 8 14 10 -9 -2 -13 15 -8 17 19 20 -19 -17 -4 -22 -23 27 25 -25 -27 28 -15 -30
right_child=1 -3 3 4 -6 -7 7 9 -10 -11 -12 12 -14 23 -16 16 -18 18 -20 -21 21 22 -24 24 -26 26 -28 -29 29 -31
leaf_value=-1.0761892148336047e-06 1.2473085287358399e-06 -1.062406112116854e-06 2.6133165864680982e-07 -7.2025727608211423e-05 -2.2341283504618875e-06 -1.4132641505663439e-06 4.7523803939700976e-05 4.2543340144523735e-05 -1.1823780369013549e-06 -3.6425255737932666e-05 -8.5686526932370149e-07 5.5464410688728091e-05 1.0278004277009337e-05 9.728989813243855e-07 2.0536434021778405e-05 -1.9777798222682631e-05 1.378340904211211e-06 7.4538960104421542e-06 3.3864101715153085e-05 -1.1823780369013549e-06 1.5504358043710254e-07 -3.6449212620937037e-06 1.3826918152431664e-05 -1.3665840895320739e-06 -2.3290500613224009e-06 5.719901518719069e-05 1.0178471105367256e-05 2.909215968337767e-06 -3.6059063379926722e-05 7.3122494197333449e-07
leaf_weight=97713 39 40806 50947 47 968 102 79 30 43 28 85 30 31 131732 22 136 410 84 24 48 382 40 212 31 83 23 24 1980 85 328
leaf_count=97713 39 40806 50947 47 968 102 79 30 43 28 85 30 31 131732 22 136 410 84 24 48 382 40 212 31 83 23 24 1980 85 328
internal_value=1.62591e-11 4.5947e-07 7.8967e-07 7.79284e-07 -5.09579e-06 -2.3687e-05 8.14404e-07 1.51181e-05 2.88565e-05 1.28363e-06 1.04649e-05 2.0312e-05 3.25008e-05 7.92401e-07 4.16454e-05 2.94862e-07 -3.67242e-06 3.40453e-07 1.33228e-05 -1.49268e-05 3.1327e-07 4.48697e-06 1.10536e-05 9.86113e-07 8.22475e-06 1.94551e-05 3.31885e-05 9.77424e-07 9.48479e-07 -6.84063e-06
internal_weight=326592 228879 188073 187973 1117 149 186856 287 144 143 115 100 61 186569 101 52283 594 51689 108 184 51581 634 252 134286 161 78 47 134125 132145 413
internal_count=326592 228879 188073 187973 1117 149 186856 287 144 143 115 100 61 186569 101 52283 594 51689 108 184 51581 634 252 134286 161 78 47 134125 132145 413
cat_boundaries=0 1 2 3
cat_threshold=4 2 4
is_linear=0
shrinkage=0.05


Tree=198
num_leaves=31
num_cat=1
split_feature=33 15 15 15 24 24 26 27 11 26 27 6 11 24 24 27 27 13 24 11 11 8 26 3 11 4 26 1 11 11
split_gain=0.000105199 6.95713e-06 1.04227e-05 7.92279e-06 2.01194e-05 2.04854e-05 3.4106e-05 4.47295e-05 3.59074e-05 2.92399e-05 1.65052e-05 1.34926e-05 9.78936e-06 9.43266e-06 2.99139e-05 1.6537e-05 1.51962e-05 2.31954e-05 1.70317e-05 2.07113e-05 1.26887e-05 9.99948e-06 9.84138e-06 9.40981e-06 2.06022e-05 1.27664e-05 8.99779e-06 8.37037e-06 9.7952e-06 9.98192e-06
threshold=1.0000000180025095e-35 4.5000000000000009 1.5000000000000002 2.5000000000000004 1.5000000000000002 4.5000000000000009 7.5000000000000009 26.500000000000004 41.000000000000007 5.5000000000000009 21.500000000000004 0 23.000000000000004 3.5000000000000004 2.5000000000000004 12.500000000000002 31.500000000000004 1.5000000000000002 1.5000000000000002 39.500000000000007 36.000000000000007 75.000000000000014 8.5000000000000018 1.5000000000000002 41.000000000000007 39.000000000000007 12.500000000000002 42.000000000000007 8.5000000000000018 41.000000000000007
decision_type=2 2 2 2 2 2 2 2 2 2 2 1 2 2 2 2 2 2 2 2 2 2 2 2 2 2 2 2 2 2
left_child=1 2 -1 4 10 6 9 -8 12 11 23 -6 -9 14 15 22 17 -17 27 -20 -18 -16 -5 25 -25 -4 -23 28 -19 -30
right_child=-2 -3 3 13 5 -7 7 8 -10 -11 -12 -13 -14 -15 21 16 20 18 19 -21 -22 26 -24 24 -26 -27 -28 -29 29 -31
leaf_value=1.5909440625250314e-07 -1.1327326616954981e-06 1.2201065919477591e-07 3.0175689912517924e-06 7.5821746628336073e-07 -6.1425758940458773e-06 5.4604789000422811e-06 5.6420087614618562e-05 -2.1616491200607666e-05 3.1963849197263302e-05 8.8207140021647032e-05 -1.7607164937922728e-05 5.1240598692120758e-05 -6.9894855050733903e-05 -2.5493662086109296e-06 5.3032102554657579e-06 5.3204321459186473e-05 4.1265909264135798e-06 -1.4943913892567893e-05 6.430194863006127e-05 4.4021837766194949e-06 -4.1487738440815932e-05 1.2743236055195501e-05 -1.3879606330706536e-05 2.7877851853397997e-06 1.7433660477330533e-05 6.9064029715340462e-07 4.5345585091373497e-05 1.6393860450601514e-07 1.1406494405614072e-05 4.9902112644711702e-07
leaf_weight=40030 125933 40122 7628 76194 20 955 29 21 23 30 113 21 21 2044 47 26 30 47 27 31 31 33 115 5092 252 25937 59 633 758 290
leaf_count=40030 125933 40122 7628 76194 20 955 29 21 23 30 113 21 21 2044 47 26 30 47 27 31 31 33 115 5092 252 25937 59 633 758 290
internal_value=1.5434e-11 7.10925e-07 8.58108e-07 1.09031e-06 1.66394e-06 8.27124e-06 2.45396e-05 4.78311e-06 -1.82549e-05 5.0696e-05 1.4743e-06 2.32488e-05 -4.57557e-05 8.03778e-07 8.91287e-07 8.50085e-07 5.49165e-06 6.31798e-06 5.63542e-06 3.22866e-05 -1.90545e-05 2.4066e-05 7.36158e-07 1.52972e-06 3.47842e-06 1.21946e-06 3.36513e-05 4.74088e-06 7.38674e-06 8.38821e-06
internal_weight=326592 200659 160537 120507 40142 1120 165 94 65 71 39022 41 42 80365 78321 78182 1873 1812 1786 58 61 139 76309 38909 5344 33565 92 1728 1095 1048
internal_count=326592 200659 160537 120507 40142 1120 165 94 65 71 39022 41 42 80365 78321 78182 1873 1812 1786 58 61 139 76309 38909 5344 33565 92 1728 1095 1048
cat_boundaries=0 1
cat_threshold=2
is_linear=0
shrinkage=0.05


Tree=199
num_leaves=31
num_cat=0
split_feature=33 12 11 15 25 26 15 26 13 14 14 27 14 15 26 26 26 25 15 26 25 15 26 26 14 14 14 27 27 14
split_gain=9.49424e-05 6.48357e-06 5.49e-06 6.1652e-06 1.65359e-05 1.40992e-05 9.42916e-06 8.57349e-06 7.49459e-06 1.42065e-05 1.53317e-05 7.45289e-06 7.19331e-06 4.90282e-06 1.67994e-05 1.33134e-05 4.83928e-06 3.86188e-05 1.56608e-05 2.99271e-05 0.000125886 1.33256e-05 3.27846e-05 1.88913e-05 2.85085e-05 1.6184e-05 1.78762e-05 1.18147e-05 1.1757e-05 6.38701e-05
threshold=1.0000000180025095e-35 0.48890000000000006 8.5000000000000018 4.5000000000000009 3.5000000000000004 11.500000000000002 1.5000000000000002 5.5000000000000009 3.5000000000000004 6.5000000000000009 2.5000000000000004 18.500000000000004 2.5000000000000004 2.5000000000000004 8.5000000000000018 5.5000000000000009 3.0000000000000004 3.5000000000000004 4.5000000000000009 6.5000000000000009 3.5000000000000004 1.5000000000000002 6.5000000000000009 7.5000000000000009 3.5000000000000004 4.5000000000000009 6.5000000000000009 21.500000000000004 20.500000000000004 2.5000000000000004
decision_type=2 2 2 2 2 2 2 2 2 2 2 2 2 2 2 2 2 2 2 2 2 2 2 2 2 2 2 2 2 2
left_child=1 16 3 6 11 -6 7 -3 9 10 -8 -5 -7 15 -15 -10 17 -1 21 20 -20 22 -18 24 -23 -26 -27 -21 29 -24
right_child=-2 2 -4 4 5 12 8 -9 13 -11 -12 -13 -14 14 -16 -17 18 -19 19 27 -22 23 28 -25 25 26 -28 -29 -30 -31
leaf_value=2.6548954696543865e-07 -1.0760960615675969e-06 -1.6186963113764991e-06 9.3751219334130049e-07 -1.9337791499169725e-06 -5.7458418735262492e-05 -3.5613348050641699e-05 3.1890174206983787e-05 -1.5376426135309673e-05 2.3577407560026456e-06 4.5362210858002076e-05 -2.9243495788477959e-06 2.4487468127281992e-05 2.2684423259176711e-07 5.1220842538178677e-07 -2.1539969599292489e-05 2.9238713227157937e-05 -5.926526864014108e-05 6.5069637829488468e-05 3.7171435403814986e-05 -2.3295945667314299e-05 -0.00013397661578809758 5.9004104966464048e-05 3.8645276799798014e-05 3.3606689258606852e-07 -3.0167303200711186e-05 5.0613384627029992e-05 9.3678809869081963e-07 -1.5675453043104901e-06 -1.872658717587188e-08 -7.7619468491455472e-05
leaf_weight=51196 125933 2340 135324 2329 23 21 42 119 2307 26 128 27 42 4644 88 47 29 23 21 80 22 35 21 1019 23 27 55 287 287 27
leaf_count=51196 125933 2340 135324 2329 23 21 42 119 2307 26 128 27 42 4644 88 47 29 23 21 80 22 35 21 1019 23 27 55 287 287 27
internal_value=1.46564e-11 6.75379e-07 8.45987e-07 -1.70636e-07 -2.41708e-06 -2.39523e-05 3.92532e-07 -2.28448e-06 1.29651e-06 1.09413e-05 5.67689e-06 -1.63099e-06 -1.17199e-05 1.02974e-06 1.02109e-07 2.89445e-06 2.01907e-07 2.9459e-07 -2.25393e-06 -1.09279e-05 -5.03927e-05 8.11493e-08 -8.2644e-06 2.70219e-06 1.99241e-05 6.89749e-06 1.72937e-05 -6.30398e-06 -3.8494e-06 -2.67536e-05
internal_weight=326592 200659 147507 12183 2442 86 9741 2459 7282 196 170 2356 63 7086 4732 2354 53152 51219 1933 410 43 1523 364 1159 140 105 82 367 335 48
internal_count=326592 200659 147507 12183 2442 86 9741 2459 7282 196 170 2356 63 7086 4732 2354 53152 51219 1933 410 43 1523 364 1159 140 105 82 367 335 48
is_linear=0
shrinkage=0.05


Tree=200
num_leaves=31
num_cat=1
split_feature=33 15 15 25 24 25 26 27 27 4 4 12 26 26 25 24 4 13 4 24 27 26 26 27 12 13 24 26 6 27
split_gain=8.56855e-05 6.04502e-06 9.07484e-06 8.14103e-06 4.22935e-05 7.27434e-05 0.000100018 1.59739e-05 1.14278e-05 9.11463e-06 7.02193e-06 1.4084e-05 6.87052e-06 6.64896e-06 6.39924e-06 1.89803e-05 4.92359e-05 4.63806e-05 2.14152e-05 1.02371e-05 9.55374e-06 8.86882e-06 3.01549e-05 1.03392e-05 9.96919e-06 8.54991e-06 9.5181e-06 7.96299e-06 6.74201e-06 6.77679e-06
threshold=1.0000000180025095e-35 4.5000000000000009 1.5000000000000002 2.5000000000000004 4.5000000000000009 4.5000000000000009 6.5000000000000009 21.500000000000004 18.500000000000004 41.000000000000007 44.000000000000007 0.48890000000000006 7.5000000000000009 7.5000000000000009 3.5000000000000004 4.5000000000000009 39.000000000000007 1.5000000000000002 42.500000000000007 1.5000000000000002 23.500000000000004 7.5000000000000009 5.5000000000000009 7.5000000000000009 0.48890000000000006 3.5000000000000004 3.5000000000000004 7.5000000000000009 0 29.500000000000004
decision_type=2 2 2 2 2 2 2 2 2 2 2 2 2 2 2 2 2 2 2 2 2 2 2 2 2 2 2 2 1 2
left_child=1 2 3 7 5 -5 -7 12 -6 -8 -4 -12 -1 -10 19 16 -16 -18 -19 20 21 22 23 -3 -25 26 -20 -17 -22 -30
right_child=-2 14 10 4 8 6 9 -9 13 -11 11 -13 -14 -15 15 27 17 18 25 -21 28 -23 -24 24 -26 -27 -28 -29 29 -31
leaf_value=2.4083152020154834e-07 -1.0222912645363402e-06 2.4080902405500332e-08 7.7916808902401917e-07 3.7538677524521938e-05 -2.447750960962604e-05 -0.00014542073456271152 -9.3929935246706022e-06 1.7677390119145298e-05 2.3453376957149886e-05 -3.9506026304378696e-05 5.5762100817087452e-06 1.3613372363294769e-06 -8.210327325459805e-06 2.4984420699034492e-07 -7.6705419767601299e-05 2.175888075726107e-05 4.9169108933710959e-05 1.8595403801962927e-05 -2.4372108209018524e-05 1.9304696616018193e-05 2.7334764965024651e-06 -7.6305997717012471e-06 2.9603621680570509e-05 -3.5117627314496089e-06 1.0085230802947957e-05 -3.5611489996275248e-06 -5.9374827363963938e-05 -1.6015388180327622e-06 4.6256696504525075e-05 9.4120243981402996e-06
leaf_weight=38547 125933 37683 91212 33 46 21 47 131 32 54 2138 27157 242 877 30 38 30 29 52 70 51 365 87 187 483 24 31 912 26 24
leaf_count=38547 125933 37683 91212 33 46 21 47 131 32 54 2138 27157 242 877 30 38 30 29 52 70 51 365 87 187 483 24 31 912 26 24
internal_value=1.39187e-11 6.4161e-07 7.78806e-07 1.26554e-07 -4.09567e-06 -2.83216e-05 -4.61363e-05 2.46973e-07 -1.63711e-07 -2.5493e-05 9.95471e-07 1.66895e-06 1.88106e-07 1.06669e-06 9.26556e-08 -3.5899e-06 -1.77564e-05 -7.10299e-06 -1.9516e-05 2.00933e-07 1.66561e-07 1.26588e-07 2.00245e-07 1.33546e-07 6.29025e-06 -2.98452e-05 -3.74454e-05 -6.67122e-07 1.55245e-05 2.85713e-05
internal_weight=326592 200659 160537 40030 1110 155 122 38920 955 101 120507 29295 38789 909 40122 1146 196 166 136 38976 38906 38805 38440 38353 670 107 83 950 101 50
internal_count=326592 200659 160537 40030 1110 155 122 38920 955 101 120507 29295 38789 909 40122 1146 196 166 136 38976 38906 38805 38440 38353 670 107 83 950 101 50
cat_boundaries=0 1
cat_threshold=4
is_linear=0
shrinkage=0.05


Tree=201
num_leaves=31
num_cat=0
split_feature=33 12 11 15 25 26 15 26 13 26 14 27 14 11 25 26 3 15 15 13 15 15 11 15 15 15 13 15 26 26
split_gain=7.73312e-05 5.89148e-06 5.06267e-06 5.37293e-06 1.47472e-05 1.28832e-05 8.18002e-06 7.46378e-06 6.76387e-06 1.30607e-05 1.6198e-05 6.5032e-06 6.36851e-06 4.43667e-06 1.27422e-05 1.85815e-05 8.8989e-06 9.12114e-06 9.83642e-06 6.30763e-06 5.7212e-06 4.88657e-06 4.77703e-06 3.94567e-05 5.30836e-05 1.14996e-05 7.86431e-06 4.4248e-06 1.51614e-05 1.20153e-05
threshold=1.0000000180025095e-35 0.48890000000000006 8.5000000000000018 4.5000000000000009 3.5000000000000004 11.500000000000002 1.5000000000000002 5.5000000000000009 3.5000000000000004 14.000000000000002 2.5000000000000004 18.500000000000004 2.5000000000000004 44.500000000000007 3.5000000000000004 22.500000000000004 1.5000000000000002 1.5000000000000002 4.5000000000000009 4.5000000000000009 4.5000000000000009 1.5000000000000002 41.000000000000007 1.5000000000000002 4.5000000000000009 2.5000000000000004 5.5000000000000009 2.5000000000000004 8.5000000000000018 5.5000000000000009
decision_type=2 2 2 2 2 2 2 2 2 2 2 2 2 2 2 2 2 2 2 2 2 2 2 2 2 2 2 2 2 2
left_child=1 -1 3 6 11 -6 7 -3 9 -8 -11 -5 -7 22 16 -16 17 -15 -19 -18 21 -21 -4 -24 25 -25 -27 29 -29 -10
right_child=-2 2 13 4 5 12 8 -9 27 10 -12 -13 -14 14 15 -17 19 18 -20 20 -22 -23 23 24 -26 26 -28 28 -30 -31
leaf_value=1.5819394682786553e-07 -9.7117666214022986e-07 -1.5505482424176191e-06 8.4177706983744228e-07 -1.8417175450884511e-06 -5.4667090855376875e-05 -3.3427309504726769e-05 4.0103497116022838e-05 -1.4387070366659019e-05 2.1717869034176522e-06 3.1976021577198788e-05 -4.2766354718262462e-06 2.2838811586283286e-05 2.955792253834218e-07 1.4350409550276393e-05 5.7584452196561665e-05 -1.1160552925762855e-06 -2.191016585331656e-05 1.8182582330748278e-07 1.2160750977049598e-05 -6.0956983361393215e-06 -9.3253656814340502e-06 4.0687367186982102e-06 -3.4501892113094701e-05 2.9655685032005696e-05 -3.0986141800359985e-05 3.2440281253142386e-05 2.5619210646254942e-06 4.1853114424080188e-07 -2.0531037559769839e-05 2.770871053260325e-05
leaf_weight=53152 125933 2340 132877 2329 23 21 31 119 2307 41 124 27 42 227 26 28 36 690 228 157 149 479 87 85 85 26 144 4644 88 47
leaf_count=53152 125933 2340 132877 2329 23 21 31 119 2307 41 124 27 42 227 26 28 36 690 228 157 149 479 87 85 85 26 144 4644 88 47
internal_value=1.32402e-11 6.09529e-07 7.72161e-07 -2.04095e-07 -2.30123e-06 -2.26384e-05 3.21643e-07 -2.17175e-06 1.16362e-06 1.03261e-05 4.7316e-06 -1.55888e-06 -1.09454e-05 8.60052e-07 3.18577e-06 2.71472e-05 2.52762e-06 5.37612e-06 3.15698e-06 -1.445e-06 -5.0647e-07 1.55959e-06 8.2481e-07 -4.45524e-06 3.23316e-06 1.46396e-05 7.13155e-06 9.10182e-07 2.89365e-08 2.68166e-06
internal_weight=326592 200659 147507 12183 2442 86 9741 2459 7282 196 165 2356 63 135324 2020 54 1966 1145 918 821 785 636 133304 427 340 255 170 7086 4732 2354
internal_count=326592 200659 147507 12183 2442 86 9741 2459 7282 196 165 2356 63 135324 2020 54 1966 1145 918 821 785 636 133304 427 340 255 170 7086 4732 2354
is_linear=0
shrinkage=0.05


Tree=202
num_leaves=31
num_cat=3
split_feature=11 25 13 26 14 21 24 4 23 15 12 15 10 12 15 26 6 26 22 15 11 6 22 24 15 26 24 23 8 11
split_gain=3.95582e-05 2.83014e-05 1.25586e-05 1.29226e-05 2.08187e-05 5.71442e-05 1.99929e-05 1.81821e-05 1.82526e-05 1.59525e-05 1.38713e-05 7.65431e-06 1.14548e-05 5.31481e-06 4.17547e-06 2.81554e-06 1.16064e-05 5.87469e-06 4.22239e-06 3.66978e-06 2.80467e-06 2.73579e-06 6.34133e-06 0.000201775 1.04869e-05 3.88004e-05 1.45072e-05 7.9003e-06 1.07396e-05 6.30703e-06
threshold=6.5000000000000009 4.5000000000000009 1.5000000000000002 20.500000000000004 3.5000000000000004 1.0000000180025095e-35 2.5000000000000004 42.500000000000007 1.0000000180025095e-35 4.5000000000000009 0.60715000000000008 2.5000000000000004 0 0.48890000000000006 4.5000000000000009 7.5000000000000009 1 5.5000000000000009 1.0000000180025095e-35 4.5000000000000009 61.000000000000007 2 1.0000000180025095e-35 3.5000000000000004 1.5000000000000002 12.500000000000002 4.5000000000000009 1.0000000180025095e-35 85.000000000000014 31.000000000000004
decision_type=2 2 2 2 2 2 2 2 2 2 2 2 1 2 2 2 1 2 2 2 2 1 2 2 2 2 2 2 2 2
left_child=-1 2 11 6 5 -5 13 8 14 10 -9 -2 -13 15 -8 17 18 -4 -17 -19 -18 22 23 -3 25 -25 27 28 29 -26
right_child=1 21 3 4 -6 -7 7 9 -10 -11 -12 12 -14 -15 -16 16 20 19 -20 -21 -22 -23 -24 24 26 -27 -28 -29 -30 -31
leaf_value=-8.4218177759838825e-07 1.0325326515251221e-06 -0.00011144677703055625 2.081409477730866e-07 -6.7767148860358695e-05 -2.0747554061032616e-06 -1.132486126794795e-06 4.3348968342164699e-05 3.8669196947012103e-05 -9.1314432211220269e-07 -3.2645421123740043e-05 -8.7718137900297091e-07 7.3686515982747862e-06 5.0708482417723007e-05 7.8740574133441882e-07 1.8719312687277456e-05 -1.8162305925048037e-05 -1.1606834823241436e-06 6.9551714822020076e-06 -9.1314432211220269e-07 2.9124716479600466e-05 7.9968046446328324e-06 -6.803909402038219e-07 -9.1914289441774603e-07 -5.425386392571021e-05 2.4191535121644847e-05 -8.8304475816079904e-07 -1.051479479108175e-06 -9.1914289441774603e-07 -1.2947794034733394e-06 6.0471678024560282e-05
leaf_weight=97713 39 43 51581 47 968 102 79 30 43 28 85 30 31 134286 22 136 293 84 48 24 117 35766 3814 42 25 180 858 34 21 23
leaf_count=97713 39 43 51581 47 968 102 79 30 43 28 85 30 31 134286 22 136 293 84 48 24 117 35766 3814 42 25 180 858 34 21 23
internal_value=1.25787e-11 3.59562e-07 6.18544e-07 6.0912e-07 -4.75285e-06 -2.21515e-05 6.41174e-07 1.38278e-05 2.63689e-05 1.19891e-06 9.43927e-06 1.83329e-05 2.93938e-05 6.20889e-07 3.79841e-05 1.93198e-07 -3.22956e-06 2.32532e-07 -1.36625e-05 1.18817e-05 1.45255e-06 -8.34075e-07 -1.92468e-06 -5.05285e-06 -1.18562e-06 -1.09802e-05 1.07703e-06 1.88077e-05 2.85282e-05 4.15758e-05
internal_weight=326592 228879 188073 187973 1117 149 186856 287 144 143 115 100 61 186569 101 52283 594 51689 184 108 410 40806 5040 1226 1183 222 961 103 69 48
internal_count=326592 228879 188073 187973 1117 149 186856 287 144 143 115 100 61 186569 101 52283 594 51689 184 108 410 40806 5040 1226 1183 222 961 103 69 48
cat_boundaries=0 1 2 3
cat_threshold=1 4 2
is_linear=0
shrinkage=0.05


Tree=203
num_leaves=31
num_cat=2
split_feature=33 15 15 15 25 24 11 24 13 24 11 24 27 24 3 0 24 15 0 27 15 11 3 11 4 12 11 12 24 24
split_gain=6.38425e-05 5.26769e-06 7.85443e-06 6.83607e-06 1.88747e-05 2.63447e-05 1.21566e-05 2.4262e-05 1.13453e-05 1.10487e-05 9.20909e-06 8.67728e-06 2.64759e-05 1.43969e-05 0.000122942 3.77885e-05 2.90096e-05 2.51442e-05 2.09632e-05 2.78678e-05 1.37925e-05 8.97776e-06 8.10469e-06 1.716e-05 1.13538e-05 7.6762e-06 9.89383e-06 7.14143e-06 2.54376e-05 7.08827e-06
threshold=1.0000000180025095e-35 4.5000000000000009 1.5000000000000002 2.5000000000000004 3.5000000000000004 2.5000000000000004 41.000000000000007 3.5000000000000004 2.5000000000000004 4.5000000000000009 43.000000000000007 3.5000000000000004 18.500000000000004 1.5000000000000002 1.5000000000000002 0 2.5000000000000004 3.5000000000000004 1 29.500000000000004 3.5000000000000004 46.500000000000007 1.5000000000000002 41.000000000000007 39.000000000000007 0.48890000000000006 8.5000000000000018 0.71250000000000013 4.5000000000000009 4.5000000000000009
decision_type=2 2 2 2 2 2 2 2 2 2 2 2 2 2 2 1 2 2 1 2 2 2 2 2 2 2 2 2 2 2
left_child=1 2 -1 4 8 -6 7 -7 10 -8 -4 12 -5 18 15 17 20 -15 21 25 -17 -14 24 -24 -10 -20 -27 29 -29 -13
right_child=-2 -3 3 11 5 6 9 -9 22 -11 -12 27 13 14 -16 16 -18 -19 19 -21 -22 -23 23 -25 -26 26 -28 28 -30 -31
leaf_value=7.5085722744299351e-08 -8.8242119060979587e-07 4.1379789517475608e-08 -6.2127884859150714e-06 5.6878412769136775e-07 6.0901907778790464e-05 -4.3814477976411581e-05 4.2247926591828998e-05 5.3078806154027609e-06 2.689161108450209e-06 1.2084844476552517e-05 -3.8843185613022172e-05 1.3101193737208841e-05 -6.8375027056274432e-06 1.1127796555545343e-05 0.0001310938502270305 -2.0155468380677202e-06 1.2267165319549943e-05 8.6800958074274533e-05 4.8216388753997471e-07 5.883061283904161e-05 -5.1321766564133464e-05 9.5182596295570783e-06 2.4621293074925342e-06 1.5829246284926149e-05 4.9724271450898763e-07 -1.3011751407248083e-05 1.2689872182321711e-05 -4.7499080526330016e-05 -4.5079770406128762e-06 -1.8944280337358702e-06
leaf_weight=40030 125933 40122 85 76728 23 26 35 757 7647 229 29 83 376 23 22 23 92 21 237 28 37 108 5082 252 25977 40 586 38 364 1559
leaf_count=40030 125933 40122 85 76728 23 26 35 757 7647 229 29 83 376 23 22 23 92 21 237 28 37 108 5082 252 25977 40 586 38 364 1559
internal_value=1.19304e-11 5.53824e-07 6.81896e-07 8.83467e-07 1.41631e-06 7.96798e-06 6.80515e-06 3.67674e-06 1.23689e-06 1.60837e-05 -1.45135e-05 6.17313e-07 7.01245e-07 7.08132e-06 1.9019e-05 6.43916e-06 -5.37292e-06 4.72445e-05 5.18865e-06 9.73886e-06 -3.2421e-05 -3.18787e-06 1.28298e-06 3.09365e-06 9.95744e-07 8.14608e-06 1.10476e-05 -2.59877e-06 -8.57181e-06 -1.13643e-06
internal_weight=326592 200659 160537 120507 40142 1070 1047 783 39072 264 114 80365 78321 1593 218 196 152 44 1375 891 60 484 38958 5334 33624 863 626 2044 402 1642
internal_count=326592 200659 160537 120507 40142 1070 1047 783 39072 264 114 80365 78321 1593 218 196 152 44 1375 891 60 484 38958 5334 33624 863 626 2044 402 1642
cat_boundaries=0 1 2
cat_threshold=1 1
is_linear=0
shrinkage=0.05


Tree=204
num_leaves=31
num_cat=2
split_feature=33 26 27 15 25 6 27 14 25 14 12 13 14 13 26 11 8 0 26 27 11 4 14 13 15 26 15 11 12 4
split_gain=5.76179e-05 5.19073e-06 1.69963e-05 1.29089e-05 2.48066e-05 8.22488e-05 1.00941e-05 9.76276e-06 3.28236e-05 3.93689e-05 1.51029e-05 2.04918e-05 1.03049e-05 0.000391712 5.65025e-05 0.000101736 9.44246e-06 9.26574e-06 1.42058e-05 3.04695e-05 3.21697e-05 8.57761e-06 0.000104166 9.08375e-06 1.10122e-05 7.43697e-06 1.12468e-05 2.12375e-05 6.81999e-06 6.72088e-06
threshold=1.0000000180025095e-35 7.5000000000000009 7.5000000000000009 1.5000000000000002 4.5000000000000009 0 23.500000000000004 2.5000000000000004 4.5000000000000009 1.5000000000000002 0.73665000000000014 3.5000000000000004 4.5000000000000009 2.5000000000000004 5.5000000000000009 25.500000000000004 75.000000000000014 1 3.0000000000000004 29.500000000000004 36.000000000000007 37.000000000000007 2.5000000000000004 2.5000000000000004 2.5000000000000004 3.0000000000000004 4.5000000000000009 13.500000000000002 0.70415000000000016 39.000000000000007
decision_type=2 2 2 2 2 1 2 2 2 2 2 2 2 2 2 2 2 1 2 2 2 2 2 2 2 2 2 2 2 2
left_child=1 2 25 4 6 -6 -4 8 10 16 11 -5 13 -9 17 -16 -10 -14 19 -19 -21 22 23 24 -3 -1 27 -27 -28 -23
right_child=-2 21 3 7 5 -7 -8 12 9 -11 -12 -13 14 -15 15 -17 -18 18 -20 20 -22 29 -24 -25 -26 26 28 -29 -30 -31
leaf_value=4.9006543065500659e-07 -8.3830012440739374e-07 3.3710742437029872e-05 -1.2816335239150525e-06 -6.7852972292850173e-06 2.5112660432569103e-05 -8.7389136994412789e-05 2.4199297175593012e-05 -0.00021906885493081066 -1.0384927857861233e-05 8.2844120925074094e-05 -3.8359727703051331e-05 4.8935637691597964e-05 2.3150637320759998e-06 6.1398882212171138e-06 -9.9698345568160428e-06 0.00013000732877117117 3.1103396398179943e-05 7.7644595042632617e-06 -1.1822632241558332e-05 8.1368164252732344e-05 1.0808681846745978e-05 3.1594428812440198e-06 -9.0867989332068914e-05 -9.8656953151944587e-06 1.0551061229728191e-06 5.3150453331909383e-05 2.9660049585800154e-05 4.2562036451229534e-07 2.7537805155069305e-06 -1.1736940948688189e-06
leaf_weight=189109 125933 42 521 66 32 33 42 20 24 32 23 22 1565 558 27 25 32 792 78 30 35 1059 34 66 67 20 72 424 35 5774
leaf_count=189109 125933 42 521 66 32 33 42 20 24 32 23 22 1565 558 27 25 32 792 78 30 35 1059 34 66 67 20 72 424 35 5774
internal_value=1.13364e-11 5.26133e-07 5.74632e-07 3.81788e-06 -2.75732e-06 -3.20036e-05 6.19253e-07 5.05826e-06 1.57968e-05 3.86032e-05 -2.28396e-06 7.14494e-06 4.37552e-06 -1.6528e-06 5.74087e-06 5.73269e-05 1.33227e-05 4.66788e-06 8.60603e-06 1.04653e-05 4.33746e-05 -8.07322e-07 -1.07852e-05 4.77376e-06 1.3638e-05 5.06966e-07 6.3074e-06 2.80061e-06 2.08589e-05 -5.02131e-07
internal_weight=326592 200659 193617 3957 628 65 563 3329 199 88 111 88 3130 578 2552 52 56 2500 935 857 65 7042 209 175 109 189660 551 444 107 6833
internal_count=326592 200659 193617 3957 628 65 563 3329 199 88 111 88 3130 578 2552 52 56 2500 935 857 65 7042 209 175 109 189660 551 444 107 6833
cat_boundaries=0 1 2
cat_threshold=4 1
is_linear=0
shrinkage=0.05


Tree=205
num_leaves=31
num_cat=0
split_feature=33 12 26 25 18 26 24 19 26 26 14 4 14 14 27 27 17 27 25 24 25 24 24 14 25 26 26 27 12 24
split_gain=5.20001e-05 5.02578e-06 4.27458e-06 3.77289e-05 1.3918e-05 2.8407e-05 0.000104553 1.09068e-05 2.79619e-05 1.51041e-05 2.39138e-05 1.44372e-05 1.18955e-05 1.37546e-05 1.02421e-05 6.25697e-06 7.66922e-06 6.25576e-06 7.97459e-06 1.30021e-05 5.99999e-06 5.84648e-06 3.60754e-05 2.19559e-05 4.93052e-06 4.88165e-06 4.84324e-06 4.84944e-06 4.04841e-06 5.01699e-06
threshold=1.0000000180025095e-35 0.48890000000000006 3.0000000000000004 3.5000000000000004 1.0000000180025095e-35 6.5000000000000009 1.5000000000000002 1.0000000180025095e-35 6.5000000000000009 7.5000000000000009 3.5000000000000004 37.000000000000007 4.5000000000000009 6.5000000000000009 21.500000000000004 12.500000000000002 1.0000000180025095e-35 21.500000000000004 4.5000000000000009 4.5000000000000009 2.5000000000000004 4.5000000000000009 2.5000000000000004 2.5000000000000004 1.5000000000000002 14.000000000000002 14.000000000000002 34.000000000000007 0.90555000000000019 4.5000000000000009
decision_type=2 2 2 2 2 2 2 2 2 2 2 2 2 2 2 2 2 2 2 2 2 2 2 2 2 2 2 2 2 2
left_child=1 2 3 15 7 6 -6 9 -9 10 -4 -10 -12 -14 20 -1 24 -13 -19 -20 -7 22 -11 -24 -17 -23 27 -16 -3 -30
right_child=-2 28 4 -5 5 14 -8 8 11 21 12 17 13 -15 26 16 -18 18 19 -21 -22 25 23 -25 -26 -27 -28 -29 29 -31
leaf_value=8.4241561004103388e-08 -7.963850884802497e-07 7.2863058179869042e-07 5.3539062170914674e-05 6.4194489736426314e-05 3.0948866541231317e-05 -3.2898375805719601e-05 -0.00012502487516030669 -5.467458714551397e-05 -4.1726583984437522e-05 -3.2078404150784731e-06 -2.5960885831528175e-05 -1.6694967937427482e-05 4.3955996618563035e-05 3.8090591260697691e-07 2.6814328521140854e-07 -2.0242362636593131e-06 1.2283354993455082e-05 1.9972883357975382e-05 -3.5741351428441702e-05 2.6886441201875881e-06 -4.9475526679998438e-06 -1.0537623601698789e-05 1.1612875317476448e-05 6.3747078183951092e-05 1.7921524184722721e-05 -2.4535223101839782e-07 -6.4208253376649e-06 2.4054019887292575e-05 -6.1751466006324773e-08 -6.6087917380552118e-06
leaf_weight=50656 125933 135324 35 23 21 48 22 29 23 280 23 51 27 55 75 270 235 52 25 184 32 149 46 36 35 508 182 30 11883 300
leaf_count=50656 125933 135324 35 23 21 48 22 29 23 280 23 51 27 55 75 270 235 52 25 184 32 149 46 36 35 508 182 30 11883 300
internal_value=1.07893e-11 4.99827e-07 8.29679e-08 1.70076e-07 -2.22514e-06 -1.04023e-05 -4.88517e-05 -2.38186e-08 -7.57404e-06 2.34743e-06 1.77466e-05 -3.49668e-06 5.81582e-06 1.47288e-05 -5.89728e-06 1.41313e-07 5.495e-06 -6.78451e-07 2.45121e-06 -1.90825e-06 -2.1718e-05 2.31744e-07 5.33396e-06 3.45011e-05 2.64621e-07 -2.57952e-06 -1.48731e-06 7.06411e-06 6.50035e-07 -2.22969e-07
internal_weight=326592 200659 53152 51219 1933 410 43 1523 364 1159 140 335 105 82 367 51196 540 312 261 209 80 1019 362 82 305 657 287 105 147507 12183
internal_count=326592 200659 53152 51219 1933 410 43 1523 364 1159 140 335 105 82 367 51196 540 312 261 209 80 1019 362 82 305 657 287 105 147507 12183
is_linear=0
shrinkage=0.05


Tree=206
num_leaves=31
num_cat=2
split_feature=33 18 19 16 25 24 8 26 13 11 24 13 11 12 27 24 25 11 27 6 13 3 11 4 8 24 0 12 24 26
split_gain=4.69301e-05 4.75808e-06 6.86096e-06 6.14811e-06 1.6526e-05 2.14929e-05 1.05127e-05 1.15641e-05 9.9893e-06 7.92958e-06 7.49073e-06 2.27677e-05 2.98671e-05 1.63994e-05 1.3002e-05 1.0278e-05 1.89573e-05 8.90796e-06 8.71683e-06 3.00575e-05 8.07813e-06 7.3687e-06 1.54401e-05 1.03561e-05 6.98183e-06 6.96743e-06 6.64463e-06 6.2896e-06 2.30719e-05 9.01086e-06
threshold=1.0000000180025095e-35 1.0000000180025095e-35 1.0000000180025095e-35 1.0000000180025095e-35 3.5000000000000004 2.5000000000000004 85.000000000000014 7.5000000000000009 2.5000000000000004 43.000000000000007 3.5000000000000004 3.5000000000000004 13.500000000000002 0.48890000000000006 34.000000000000007 2.5000000000000004 2.5000000000000004 34.500000000000007 26.500000000000004 0 2.5000000000000004 1.5000000000000002 41.000000000000007 39.000000000000007 85.000000000000014 3.5000000000000004 1 0.71250000000000013 4.5000000000000009 7.5000000000000009
decision_type=2 2 2 2 2 2 2 2 2 2 2 2 2 2 2 2 2 2 2 1 2 2 2 2 2 2 1 2 2 2
left_child=1 2 3 10 8 -6 25 -8 9 -5 11 12 -1 15 18 16 -14 -16 -15 -20 -17 23 -23 24 -10 -7 -24 29 -29 -12
right_child=-2 -3 -4 4 5 6 7 -9 21 -11 27 -13 13 14 17 20 -18 -19 19 -21 -22 22 26 -25 -26 -27 -28 28 -30 -31
leaf_value=6.8156525085214529e-05 -7.565658496893984e-07 -1.2191664039447825e-08 2.9417224480455507e-08 -5.9543026855839583e-06 5.5232508685034906e-05 -1.8264607004109875e-05 4.8343996857748489e-05 1.1447675602631611e-05 3.3305543031872721e-06 -3.6233121475028194e-05 1.1342312199534475e-05 5.0636429742177139e-07 3.0833261069597172e-07 1.2380008290489352e-05 -2.1420000054852361e-05 4.3892896491857047e-05 -4.8211125786543741e-05 1.8160364994574118e-05 9.0254568931413823e-07 6.3878075727390952e-05 2.8335376409813764e-06 2.293091610030336e-06 9.2827947164497205e-06 4.156478941500787e-07 -2.6944752043239621e-07 4.2819634078208839e-06 2.6558007812127473e-05 -4.5134037492588459e-05 -4.1908255330521831e-06 -2.187342106034779e-06
leaf_weight=20 125933 40122 40030 85 23 36 23 277 5902 29 134 77169 487 435 44 23 21 21 40 36 25 5082 169 25977 1745 711 83 38 364 1508
leaf_count=20 125933 40122 40030 85 23 36 23 277 5902 29 134 77169 487 435 44 23 21 21 40 36 25 5082 169 25977 1745 711 83 38 364 1508
internal_value=1.02382e-11 4.74835e-07 5.96555e-07 7.84946e-07 1.29027e-06 7.42076e-06 6.37046e-06 1.42764e-05 1.12238e-06 -1.36568e-05 5.3254e-07 6.10523e-07 7.58779e-06 6.51767e-06 1.24304e-05 3.92265e-07 -1.69739e-06 -8.6325e-06 1.51096e-05 3.07331e-05 2.25078e-05 1.16563e-06 2.89213e-06 8.91745e-07 2.50906e-06 3.19538e-06 1.49726e-05 -2.45558e-06 -8.06108e-06 -1.08322e-06
internal_weight=326592 200659 160537 120507 40142 1070 1047 300 39072 114 80365 78321 1152 1132 576 556 508 65 511 76 48 38958 5334 33624 7647 747 252 2044 402 1642
internal_count=326592 200659 160537 120507 40142 1070 1047 300 39072 114 80365 78321 1152 1132 576 556 508 65 511 76 48 38958 5334 33624 7647 747 252 2044 402 1642
cat_boundaries=0 1 2
cat_threshold=4 1
is_linear=0
shrinkage=0.05


Tree=207
num_leaves=31
num_cat=3
split_feature=11 25 13 26 24 4 23 18 12 25 21 16 11 12 18 24 10 11 6 6 22 24 19 26 24 23 8 17 22 26
split_gain=2.45747e-05 1.75941e-05 9.77237e-06 1.02776e-05 1.67068e-05 1.50748e-05 1.49433e-05 1.37989e-05 1.1242e-05 9.48418e-06 5.19856e-05 5.95787e-06 9.37768e-06 4.35357e-06 3.15176e-06 2.53825e-06 6.51584e-06 8.57154e-06 2.84261e-06 2.37071e-06 5.82178e-06 0.00015881 8.83853e-06 3.32316e-05 1.08128e-05 5.76729e-06 9.87309e-06 4.60205e-06 3.18496e-06 3.25764e-05
threshold=6.5000000000000009 4.5000000000000009 1.5000000000000002 20.500000000000004 2.5000000000000004 42.500000000000007 1.0000000180025095e-35 1.0000000180025095e-35 0.60715000000000008 2.5000000000000004 1.0000000180025095e-35 1.0000000180025095e-35 34.500000000000007 0.48890000000000006 1.0000000180025095e-35 1.5000000000000002 0 29.000000000000004 1 2 1.0000000180025095e-35 3.5000000000000004 1.0000000180025095e-35 12.500000000000002 4.5000000000000009 1.0000000180025095e-35 85.000000000000014 1.0000000180025095e-35 1.0000000180025095e-35 7.5000000000000009
decision_type=2 2 2 2 2 2 2 2 2 2 2 2 2 2 2 2 1 2 1 1 2 2 2 2 2 2 2 2 2 2
left_child=-1 2 11 4 13 6 14 8 -7 -5 -11 12 -2 -4 -6 -15 17 -17 -18 20 21 -3 24 -24 25 26 27 -23 29 -21
right_child=1 19 3 9 5 7 -8 -9 -10 10 -12 -13 -14 15 -16 16 18 -19 -20 28 -22 22 23 -25 -26 -27 -28 -29 -30 -31
leaf_value=-6.6379214612729337e-07 4.5800750241748272e-05 -9.9059500018145556e-05 1.0223919577390969e-07 -2.0337865007159568e-06 3.9152134503856824e-05 3.5041270942504833e-05 -7.0380351644416807e-07 -3.0414157069052247e-05 -5.6047881598180329e-07 -6.023148262198796e-05 -8.5794998042926074e-07 8.50548749207146e-07 6.5867594281782318e-06 6.3250311461706768e-07 1.7753693629691208e-05 3.5193391047667121e-05 1.2571178186507579e-05 1.944978802861269e-06 -8.3936670307593886e-06 1.4145184634344332e-05 -7.095021828718018e-07 5.3791221315887844e-05 -5.0279279665638959e-05 -8.8677076089677744e-07 -9.9975084039467576e-07 -7.095021828718018e-07 -4.1440317069091612e-06 2.2719300781878144e-05 -7.2143975557992237e-07 -4.7854779885879317e-07
leaf_weight=97713 30 43 52283 899 79 30 43 28 85 47 171 39 31 134125 22 36 22 42 61 410 3814 22 42 180 858 34 21 26 30004 5352
leaf_count=97713 30 43 52283 899 79 30 43 28 85 47 171 39 31 134125 22 36 22 42 61 410 3814 22 42 180 858 34 21 26 30004 5352
internal_value=9.72792e-12 2.834e-07 4.87597e-07 4.79284e-07 5.07869e-07 1.25622e-05 2.39815e-05 1.06294e-06 8.72693e-06 -4.30256e-06 -1.36587e-05 1.61138e-05 2.58723e-05 4.89326e-07 3.44911e-05 6.40035e-07 6.91431e-06 1.72904e-05 -2.83672e-06 -6.57735e-07 -1.67297e-06 -4.67025e-06 -1.23937e-06 -1.02313e-05 8.37851e-07 1.61453e-05 2.44505e-05 3.69606e-05 -5.14671e-07 5.62016e-07
internal_weight=326592 228879 188073 187973 186856 287 144 143 115 1117 218 100 61 186569 101 134286 161 78 83 40806 5040 1226 1183 222 961 103 69 48 35766 5762
internal_count=326592 228879 188073 187973 186856 287 144 143 115 1117 218 100 61 186569 101 134286 161 78 83 40806 5040 1226 1183 222 961 103 69 48 35766 5762
cat_boundaries=0 1 2 3
cat_threshold=2 2 2
is_linear=0
shrinkage=0.05


Tree=208
num_leaves=31
num_cat=2
split_feature=33 15 15 4 12 27 24 26 27 4 26 1 24 26 24 12 13 26 27 8 27 26 15 4 0 3 12 0 12 13
split_gain=3.85297e-05 4.28723e-06 6.13523e-06 6.0478e-06 1.35528e-05 5.30197e-06 7.52276e-05 8.11959e-05 8.97983e-06 8.57214e-06 7.22332e-06 6.26852e-06 8.21326e-06 6.16899e-06 5.94364e-06 4.61073e-06 8.77366e-06 4.85753e-06 6.9484e-06 4.48872e-06 1.72308e-05 2.42758e-05 5.93561e-06 1.0314e-05 5.99678e-06 4.31208e-06 2.19533e-05 1.5352e-05 4.19791e-06 1.49199e-05
threshold=1.0000000180025095e-35 4.5000000000000009 1.5000000000000002 44.000000000000007 0.48890000000000006 34.000000000000007 4.5000000000000009 6.5000000000000009 22.500000000000004 41.000000000000007 34.000000000000007 30.000000000000004 4.5000000000000009 7.5000000000000009 2.5000000000000004 0.89000000000000012 2.5000000000000004 15.500000000000002 18.500000000000004 110.00000000000001 34.000000000000007 26.500000000000004 2.5000000000000004 79.500000000000014 0 1.5000000000000002 0.67085000000000006 1 0.47640000000000005 1.5000000000000002
decision_type=2 2 2 2 2 2 2 2 2 2 2 2 2 2 2 2 2 2 2 2 2 2 2 2 1 2 2 1 2 2
left_child=1 2 5 -4 -5 8 7 -7 10 -9 25 -10 14 -8 -13 28 -17 18 -18 -6 22 -22 23 24 -21 -1 27 -27 29 -3
right_child=-2 15 3 4 19 6 13 9 11 -11 -12 12 -14 -15 -16 16 17 -19 -20 20 21 -23 -24 -25 -26 26 -28 -29 -30 -31
leaf_value=2.7242895882789788e-07 -6.8551752063060826e-07 -2.2816196416753979e-05 5.2319364304149767e-07 5.1818278327894536e-06 8.199447707298297e-07 -0.00013179152170085304 2.307425283376574e-05 -4.160970045057567e-06 -9.0820543846348304e-06 -3.6754478432433029e-05 -2.3703755960013951e-05 1.6454153372128686e-05 -3.6175880484820699e-06 6.3561814889064983e-07 4.4967389521843876e-05 -3.1574845235809335e-05 -1.7799964083317858e-06 -1.636646700993489e-05 2.1673239496067256e-05 8.7870298821090577e-06 6.2394020065328047e-05 1.9880701121366705e-06 7.1281578817972596e-07 2.4498808190150285e-06 2.5198483420255406e-05 -6.8917103216694111e-06 -5.4896753773365053e-07 -3.3150240778923037e-05 4.3524336225123055e-07 -5.8175466427400781e-07
leaf_weight=33563 125933 76 91212 2138 24140 21 32 38 32 43 32 89 42 716 23 25 2409 56 32 169 29 39 1972 725 83 165 5150 84 27117 10407
leaf_count=33563 125933 76 91212 2138 24140 21 32 38 32 43 32 89 42 716 23 25 2409 56 32 169 29 39 1972 725 83 165 5150 84 27117 10407
internal_value=9.23744e-12 4.30244e-07 5.45784e-07 7.23933e-07 1.34895e-06 9.47989e-09 -3.8973e-06 -4.41782e-05 9.42364e-08 -2.14637e-05 4.19572e-08 1.10543e-05 1.52385e-05 1.59556e-06 2.23096e-05 -3.20577e-08 -2.10165e-06 -1.80656e-06 -1.47254e-06 1.0472e-06 2.86552e-06 2.77494e-05 2.29173e-06 5.47865e-06 1.41924e-05 6.14598e-08 -1.25003e-06 -1.575e-05 1.06759e-07 -7.42951e-07
internal_weight=326592 200659 160537 120507 29295 40030 850 102 39180 81 38994 186 154 748 112 40122 2522 2497 2441 27157 3017 68 2949 977 252 38962 5399 249 37600 10483
internal_count=326592 200659 160537 120507 29295 40030 850 102 39180 81 38994 186 154 748 112 40122 2522 2497 2441 27157 3017 68 2949 977 252 38962 5399 249 37600 10483
cat_boundaries=0 1 2
cat_threshold=1 1
is_linear=0
shrinkage=0.05


Tree=209
num_leaves=31
num_cat=0
split_feature=33 12 11 25 26 3 15 15 13 11 15 15 15 13 15 26 25 15 26 24 27 15 26 26 14 4 14 14 27 25
split_gain=3.4773e-05 4.10312e-06 3.76981e-06 1.034e-05 1.66164e-05 8.6779e-06 8.32712e-06 8.98758e-06 5.73393e-06 4.93713e-06 3.05841e-05 4.50247e-05 7.61129e-06 6.32909e-06 4.80603e-06 3.69035e-06 3.47622e-05 1.18185e-05 2.5444e-05 9.34892e-05 9.49657e-06 9.18726e-06 2.47658e-05 1.27154e-05 2.11975e-05 1.1947e-05 9.51373e-06 1.26596e-05 5.7759e-06 6.36131e-06
threshold=1.0000000180025095e-35 0.48890000000000006 44.500000000000007 3.5000000000000004 22.500000000000004 1.5000000000000002 1.5000000000000002 4.5000000000000009 4.5000000000000009 41.000000000000007 1.5000000000000002 4.5000000000000009 2.5000000000000004 5.5000000000000009 4.5000000000000009 3.0000000000000004 3.5000000000000004 4.5000000000000009 6.5000000000000009 1.5000000000000002 21.500000000000004 1.5000000000000002 6.5000000000000009 7.5000000000000009 3.5000000000000004 37.000000000000007 4.5000000000000009 6.5000000000000009 21.500000000000004 4.5000000000000009
decision_type=2 2 2 2 2 2 2 2 2 2 2 2 2 2 2 2 2 2 2 2 2 2 2 2 2 2 2 2 2 2
left_child=1 15 9 5 -5 6 -4 -8 -7 -3 -11 12 -12 -14 -10 16 -1 21 19 -19 -20 22 -17 24 -23 -24 -26 -28 -27 -30
right_child=-2 2 3 4 -6 8 7 -9 14 10 11 -13 13 -15 -16 17 -18 18 20 -21 -22 23 25 -25 26 28 27 -29 29 -31
leaf_value=8.540320058894513e-08 -6.5124163451246187e-07 5.3047255101159038e-07 1.3484429017515517e-05 5.3057380528816096e-05 -2.4525012902034048e-06 -2.1338520026701091e-05 -5.4589238615058684e-08 1.1395816686113873e-05 9.6221149306074957e-07 -3.1307376298957086e-05 2.4636538959491781e-05 -2.9599832641371693e-05 2.9016356480636972e-05 2.2124964743852616e-06 -9.0142486442346136e-06 -5.134059710426613e-05 6.1568751682542549e-05 2.942358641164555e-05 -2.061821948245779e-05 -0.00011806690606383861 -1.1376994660770735e-06 4.9919828208138437e-05 -3.7953056617761437e-05 1.5112167559349765e-07 -2.342932942986448e-05 -1.6002552829198906e-05 4.0999289494384023e-05 -8.0534312887307773e-07 1.8043926845096467e-05 -1.498958553684264e-06
leaf_weight=51196 125933 145060 227 26 28 36 690 228 636 87 85 85 26 144 149 29 23 21 80 22 287 35 23 1019 23 51 27 55 52 209
leaf_count=51196 125933 145060 227 26 28 36 690 228 636 87 85 85 26 144 149 29 23 21 80 22 287 35 23 1019 23 51 27 55 52 209
internal_value=8.77295e-12 4.08732e-07 5.44454e-07 2.68962e-06 2.42745e-05 2.09675e-06 4.90965e-06 2.7893e-06 -1.82624e-06 5.1467e-07 -4.85386e-06 1.91513e-06 1.24201e-05 6.31191e-06 -9.3141e-07 3.2076e-08 1.13012e-07 -2.11251e-06 -9.64769e-06 -4.60367e-05 -5.38413e-06 -8.39965e-08 -7.01353e-06 2.09232e-06 1.62215e-05 -3.17626e-06 4.98869e-06 1.29596e-05 -6.12591e-07 2.39464e-06
internal_weight=326592 200659 147507 2020 54 1966 1145 918 821 145487 427 340 255 170 785 53152 51219 1933 410 43 367 1523 364 1159 140 335 105 82 312 261
internal_count=326592 200659 147507 2020 54 1966 1145 918 821 145487 427 340 255 170 785 53152 51219 1933 410 43 367 1523 364 1159 140 335 105 82 312 261
is_linear=0
shrinkage=0.05


Tree=210
num_leaves=31
num_cat=1
split_feature=33 26 27 4 26 14 26 8 13 24 16 14 13 17 25 16 0 24 26 11 26 18 11 13 27 1 16 14 14 19
split_gain=3.13827e-05 3.97916e-06 1.42177e-05 1.09627e-05 0.000172603 0.000162638 3.41742e-05 6.66977e-05 4.15883e-05 2.5797e-05 3.18054e-05 3.03557e-05 1.03806e-05 1.56005e-05 1.01848e-05 9.26605e-06 7.94296e-06 7.71229e-06 6.65674e-06 7.14605e-06 6.17107e-06 9.79729e-06 1.92723e-05 5.97759e-06 2.23864e-05 7.61456e-06 5.90736e-06 6.07708e-06 5.45289e-06 7.49808e-06
threshold=1.0000000180025095e-35 7.5000000000000009 7.5000000000000009 39.000000000000007 5.5000000000000009 4.5000000000000009 5.5000000000000009 85.000000000000014 2.5000000000000004 4.5000000000000009 1.0000000180025095e-35 2.5000000000000004 2.5000000000000004 1.0000000180025095e-35 3.5000000000000004 1.0000000180025095e-35 0 1.0000000180025095e-35 9.5000000000000018 43.000000000000007 3.0000000000000004 1.0000000180025095e-35 13.500000000000002 2.5000000000000004 31.500000000000004 30.000000000000004 1.0000000180025095e-35 2.5000000000000004 2.5000000000000004 1.0000000180025095e-35
decision_type=2 2 2 2 2 2 2 2 2 2 2 2 2 2 2 2 1 2 2 2 2 2 2 2 2 2 2 2 2 2
left_child=1 2 20 4 12 -6 16 9 -9 11 -11 -8 13 -4 -14 17 -5 -13 19 -3 -1 22 -22 25 26 -18 27 -25 29 -21
right_child=-2 18 3 6 5 -7 7 8 -10 10 -12 15 14 -15 -16 -17 23 -19 -20 28 21 -23 -24 24 -26 -27 -28 -29 -30 -31
leaf_value=3.5347492128984346e-07 -6.1867954150552378e-07 -2.261980054245831e-06 3.4674947725744585e-06 1.3913622698088592e-06 -0.00020054783381056042 -2.3576711454724492e-05 6.2141931402948108e-05 0.0001099026397059788 2.7958931207194839e-05 9.2346391154153809e-06 -6.7486071467018607e-05 1.3879781975199214e-05 1.3383333814066703e-06 4.6481386691864047e-05 3.6681911643383854e-05 2.555900723426462e-05 -2.2733081670987695e-05 -2.5378964754305222e-05 -2.292561430156256e-07 8.4477314683479358e-07 5.0343386919848858e-05 1.9234092226121402e-05 1.1717175028642711e-07 -1.6181197886246746e-05 4.9255596874431264e-05 6.9415168791937718e-06 7.2392834022867387e-07 1.0620891516005587e-05 -2.1616367360607281e-05 -3.2335170128914924e-05
leaf_weight=189109 125933 590 53 1891 20 37 32 30 32 35 22 22 694 35 21 33 37 29 6243 90 20 107 424 22 32 52 281 547 98 21
leaf_count=189109 125933 590 53 1891 20 37 32 30 32 35 22 22 694 35 21 33 37 29 6243 90 20 107 424 22 32 52 281 547 98 21
internal_value=8.34312e-12 3.88295e-07 4.30758e-07 3.39708e-06 -1.59715e-06 -8.56718e-05 4.78391e-06 2.31134e-05 6.76091e-05 7.1669e-06 -2.03769e-05 2.07013e-05 4.3708e-06 2.05753e-05 2.3764e-06 4.91443e-06 3.27888e-06 -8.44382e-06 -7.79214e-07 -5.07632e-06 3.6887e-07 5.65263e-06 2.37961e-06 6.95477e-06 8.20096e-06 -5.39511e-06 6.65537e-06 9.58461e-06 -1.30211e-05 -5.43251e-06
internal_weight=326592 200659 193617 3957 860 57 3097 235 62 173 57 116 803 88 715 84 2862 51 7042 799 189660 551 444 971 882 89 850 569 209 111
internal_count=326592 200659 193617 3957 860 57 3097 235 62 173 57 116 803 88 715 84 2862 51 7042 799 189660 551 444 971 882 89 850 569 209 111
cat_boundaries=0 1
cat_threshold=1
is_linear=0
shrinkage=0.05


Tree=211
num_leaves=31
num_cat=2
split_feature=33 15 15 15 24 27 24 26 27 12 6 11 4 4 11 4 24 13 11 12 27 24 27 6 13 11 8 26 4 12
split_gain=2.83228e-05 3.83412e-06 5.42782e-06 5.46143e-06 1.40382e-05 1.33893e-05 1.27885e-05 2.2827e-05 3.80131e-05 3.5699e-05 2.27019e-05 9.87108e-06 7.10702e-06 9.41577e-06 1.41371e-05 8.61767e-06 7.04137e-06 2.0519e-05 2.68427e-05 1.43793e-05 9.98625e-06 8.60645e-06 7.23674e-06 2.52026e-05 7.11635e-06 6.78169e-06 6.0488e-06 5.98512e-06 5.7051e-06 5.60108e-06
threshold=1.0000000180025095e-35 4.5000000000000009 1.5000000000000002 2.5000000000000004 1.5000000000000002 21.500000000000004 4.5000000000000009 7.5000000000000009 26.500000000000004 0.48890000000000006 0 23.000000000000004 39.000000000000007 44.000000000000007 41.000000000000007 76.000000000000014 3.5000000000000004 3.5000000000000004 13.500000000000002 0.48890000000000006 34.000000000000007 2.5000000000000004 26.500000000000004 1 2.5000000000000004 34.500000000000007 85.000000000000014 7.5000000000000009 37.000000000000007 0.71250000000000013
decision_type=2 2 2 2 2 2 2 2 2 2 1 2 2 2 2 2 2 2 2 2 2 2 2 1 2 2 2 2 2 2
left_child=1 2 -1 4 5 12 7 10 -9 -10 -6 -11 26 -14 -15 -16 17 18 -5 21 22 -20 -21 -24 -23 -22 -4 -8 -29 -18
right_child=-2 -3 3 16 6 -7 27 8 9 11 -12 -13 13 14 15 -17 29 -19 19 20 25 24 23 -25 -26 -27 -28 28 -30 -31
leaf_value=-2.6294423874017987e-08 -5.8774556717169349e-07 -6.8309356427904343e-08 3.1467455387034588e-06 6.4527420327067383e-05 9.681041456133244e-06 -1.6222659915162688e-05 -1.403475153849632e-05 5.0934593660901468e-05 3.3898076005491681e-05 -1.9890465650210639e-05 6.6503835767388155e-05 -6.7815841380665511e-05 1.0934650744817296e-07 1.2742784758824169e-06 5.9693055327468585e-06 2.2688611720531553e-05 -1.1942209774889029e-06 3.8454164861276256e-07 -1.5552687734841997e-06 1.149021418836776e-05 -1.7987435516757117e-05 4.0666084302519386e-05 8.9731967818806872e-07 5.8563107005385172e-05 2.1284195245243612e-06 1.6547590071457393e-05 -2.10069791875733e-07 -1.5141066752689904e-05 6.0346784584391413e-06 -7.7790851420688166e-06
leaf_weight=40030 125933 40122 5890 20 32 113 42 29 22 21 39 22 21838 8281 1079 83 1642 77169 508 435 44 23 40 36 25 21 1738 33 880 402
leaf_count=40030 125933 40122 5890 20 32 113 42 29 22 21 39 22 21838 8281 1079 83 1642 77169 508 435 44 23 40 36 25 21 1738 33 880 402
internal_value=7.92772e-12 3.6888e-07 4.78144e-07 6.45709e-07 1.12198e-06 9.63567e-07 6.64112e-06 1.94949e-05 3.33205e-06 -1.7906e-05 4.08936e-05 -4.44104e-05 1.01348e-06 6.79781e-07 1.99898e-06 7.16354e-06 4.07815e-07 4.83423e-07 7.10717e-06 6.09268e-06 1.16293e-05 3.56931e-07 1.39773e-05 2.82127e-05 2.05944e-05 -6.82997e-06 2.38191e-06 4.42032e-06 5.26929e-06 -2.48929e-06
internal_weight=326592 200659 160537 120507 40142 39022 1120 165 94 65 71 43 38909 31281 9443 1162 80365 78321 1152 1132 576 556 511 76 48 65 7628 955 913 2044
internal_count=326592 200659 160537 120507 40142 39022 1120 165 94 65 71 43 38909 31281 9443 1162 80365 78321 1152 1132 576 556 511 76 48 65 7628 955 913 2044
cat_boundaries=0 1 2
cat_threshold=2 4
is_linear=0
shrinkage=0.05


Tree=212
num_leaves=31
num_cat=0
split_feature=33 12 26 25 15 26 24 27 4 14 26 15 25 27 17 15 26 26 24 14 15 15 27 25 24 26 27 26 24 24
split_gain=2.55614e-05 3.75903e-06 3.78173e-06 2.95849e-05 1.02618e-05 2.58545e-05 8.47272e-05 8.4963e-06 7.57648e-06 6.84523e-05 1.9434e-05 7.58395e-06 5.28657e-06 4.93431e-06 6.94649e-06 4.29501e-06 3.22795e-05 1.16495e-05 2.48787e-05 4.12974e-05 6.83646e-06 6.49597e-06 5.52239e-06 5.46599e-06 6.79109e-06 4.28906e-06 4.05855e-06 3.83945e-06 3.77181e-06 1.86224e-05
threshold=1.0000000180025095e-35 0.47640000000000005 3.0000000000000004 3.5000000000000004 4.5000000000000009 6.5000000000000009 1.5000000000000002 21.500000000000004 37.000000000000007 2.5000000000000004 34.000000000000007 2.5000000000000004 2.5000000000000004 12.500000000000002 1.0000000180025095e-35 1.5000000000000002 6.5000000000000009 7.5000000000000009 3.5000000000000004 6.5000000000000009 3.5000000000000004 2.5000000000000004 21.500000000000004 4.5000000000000009 4.5000000000000009 14.000000000000002 34.000000000000007 14.000000000000002 4.5000000000000009 2.5000000000000004
decision_type=2 2 2 2 2 2 2 2 2 2 2 2 2 2 2 2 2 2 2 2 2 2 2 2 2 2 2 2 2 2
left_child=1 2 3 13 8 6 -6 12 9 10 -4 -12 -7 -1 -15 16 -10 18 20 -20 -17 27 -18 -24 -25 26 -9 -19 29 -23
right_child=-2 -3 4 -5 5 7 -8 25 15 -11 11 -13 -14 14 -16 17 22 21 19 -21 -22 28 23 24 -26 -27 -28 -29 -30 -31
leaf_value=-1.0155918214102786e-08 -5.583582932734301e-07 4.7837896023211007e-07 -1.4149053299106749e-05 5.6762131577630976e-05 2.5331682772957725e-05 -2.996480663265781e-05 -0.00012020798159937841 7.4591635742156847e-07 -6.000576242210324e-05 -6.8290846957097526e-05 5.0992330160135263e-05 1.2422634514223319e-05 -3.728274754166705e-06 -1.9733902037528995e-07 1.1279533528145722e-05 1.2088210235397596e-05 -1.4843507019309875e-05 -1.6597622182719837e-06 9.1271381067296412e-05 -1.484339403153475e-06 -1.9369096609748779e-05 -3.7765355940983256e-06 1.7824572262493436e-05 -2.6065178795049538e-05 2.752041245912551e-06 -5.6366028169557373e-06 2.2635066542685915e-05 1.0495075424552482e-05 -5.3857007861288973e-06 3.415465139718995e-05
leaf_weight=49507 125933 148689 41 23 20 48 20 72 24 38 26 25 32 302 234 39 51 96 24 24 31 190 51 23 184 181 30 201 394 39
leaf_count=49507 125933 148689 41 23 20 48 20 72 24 38 26 25 32 302 234 39 51 96 24 24 31 190 51 23 184 181 30 201 394 39
internal_value=7.5305e-12 3.50436e-07 -1.56147e-08 6.75619e-08 -2.20276e-06 -9.28687e-06 -4.74381e-05 -5.08287e-06 -3.0076e-07 -1.18369e-05 1.1481e-05 3.20856e-05 -1.94702e-05 4.15048e-08 4.81309e-06 7.93112e-07 -4.14783e-06 2.37821e-06 1.71685e-05 4.48935e-05 -1.84288e-06 4.81192e-07 1.9065e-07 3.16252e-06 -4.49872e-07 -1.01578e-06 7.1839e-06 6.56624e-06 -2.41971e-06 2.68336e-06
internal_weight=326592 200659 51970 50066 1904 403 40 363 1501 130 92 51 80 50043 536 1371 333 1038 118 48 70 920 309 258 207 283 102 297 623 229
internal_count=326592 200659 51970 50066 1904 403 40 363 1501 130 92 51 80 50043 536 1371 333 1038 118 48 70 920 309 258 207 283 102 297 623 229
is_linear=0
shrinkage=0.05


Tree=213
num_leaves=31
num_cat=3
split_feature=33 26 27 15 25 24 27 6 25 24 24 25 14 11 25 0 8 17 3 15 24 4 26 24 24 3 11 0 15 24
split_gain=2.30691e-05 3.59039e-06 1.22354e-05 9.9206e-06 1.93471e-05 6.75117e-05 7.93633e-06 6.19405e-06 1.01815e-05 2.24041e-05 9.13997e-06 2.77262e-05 1.56108e-05 1.19851e-05 1.1865e-05 8.62959e-05 8.40087e-06 7.62309e-06 1.23884e-05 7.03023e-06 1.27715e-05 1.42277e-05 1.32566e-05 6.63641e-06 9.73352e-06 7.04851e-06 6.58883e-06 6.45614e-06 6.1653e-06 5.98001e-06
threshold=1.0000000180025095e-35 7.5000000000000009 7.5000000000000009 1.5000000000000002 4.5000000000000009 4.5000000000000009 23.500000000000004 0 4.5000000000000009 2.5000000000000004 2.5000000000000004 3.5000000000000004 4.5000000000000009 45.500000000000007 3.5000000000000004 1 85.000000000000014 1.0000000180025095e-35 1.5000000000000002 2.5000000000000004 4.5000000000000009 37.000000000000007 26.500000000000004 3.5000000000000004 4.5000000000000009 1.5000000000000002 6.5000000000000009 2 2.5000000000000004 1.0000000180025095e-35
decision_type=2 2 2 2 2 2 2 1 2 2 2 2 2 2 2 1 2 2 2 2 2 2 2 2 2 2 2 1 2 2
left_child=1 2 -1 4 6 -6 -4 8 9 -3 11 13 27 16 15 -12 17 -9 -19 20 22 -22 -16 25 -25 -21 -18 -13 -11 -28
right_child=-2 7 3 -5 5 -7 -8 10 -10 28 14 12 -14 -15 19 -17 26 18 -20 23 21 -23 -24 24 -26 -27 29 -29 -30 -31
leaf_value=3.1583806078711172e-07 -5.3044039696826055e-07 3.8977518120584769e-06 -1.3426615584479641e-06 4.212392764823915e-06 -7.8646241727807197e-05 2.3279588936020447e-05 2.125120147952874e-05 -7.1112350143781883e-06 -1.2154467222174121e-06 5.5058037629351024e-05 -7.9990343799770077e-05 -7.0718268001325094e-05 -9.0708245677108482e-06 -1.2305608079738084e-05 -2.1624007341296934e-05 2.4124353209723874e-05 -1.2939518693691262e-05 5.4473064820244461e-06 -1.9309854542370887e-05 4.0601049730727165e-06 3.2586767356622745e-05 3.0778673039374794e-06 2.3290403769351543e-05 -2.7235820676938414e-05 -1.7213261789113831e-06 3.4647323216473607e-05 5.0764181686155592e-06 -3.4229328459197727e-05 2.3250148529231096e-05 2.3111540219160509e-05
leaf_weight=189660 125933 416 521 3329 33 32 42 549 740 25 34 22 42 285 92 48 39 352 59 104 42 1489 20 38 2290 23 208 27 39 59
leaf_count=189660 125933 416 521 3329 33 32 42 549 740 25 34 22 42 285 92 48 39 352 59 104 42 1489 20 38 2290 23 208 27 39 59
internal_value=7.14676e-12 3.32914e-07 3.7325e-07 3.12502e-06 -2.6391e-06 -2.84674e-05 3.42849e-07 -7.76095e-07 2.46331e-06 8.13473e-06 -1.45491e-06 -4.61579e-06 -3.14392e-05 -3.04201e-06 -2.13247e-07 -1.90452e-05 -9.56606e-07 -3.25614e-06 1.89336e-06 1.63575e-07 2.69506e-06 3.88739e-06 -1.36036e-05 -1.53061e-06 -2.1378e-06 9.59952e-06 6.25763e-06 -5.06121e-05 3.56751e-05 9.06171e-06
internal_weight=326592 200659 193617 3957 628 65 563 7042 1220 480 5822 1642 91 1551 4180 82 1266 960 411 4098 1643 1531 112 2455 2328 127 306 49 64 267
internal_count=326592 200659 193617 3957 628 65 563 7042 1220 480 5822 1642 91 1551 4180 82 1266 960 411 4098 1643 1531 112 2455 2328 127 306 49 64 267
cat_boundaries=0 1 2 3
cat_threshold=2 1 1
is_linear=0
shrinkage=0.05


Tree=214
num_leaves=31
num_cat=0
split_feature=33 12 26 25 15 26 24 27 4 14 13 15 25 27 15 26 26 24 14 15 15 27 25 24 26 27 26 24 24 7
split_gain=2.08199e-05 3.37436e-06 3.16039e-06 2.7227e-05 9.13771e-06 2.36379e-05 7.66496e-05 7.42464e-06 6.57598e-06 5.87968e-05 1.66376e-05 6.21865e-06 4.52267e-06 4.11608e-06 3.92263e-06 2.86849e-05 1.02718e-05 2.23041e-05 3.72709e-05 6.18142e-06 5.67287e-06 4.78324e-06 4.67863e-06 5.75476e-06 3.88217e-06 3.6678e-06 3.48222e-06 3.47066e-06 1.60017e-05 4.45903e-06
threshold=1.0000000180025095e-35 0.47640000000000005 3.0000000000000004 3.5000000000000004 4.5000000000000009 6.5000000000000009 1.5000000000000002 21.500000000000004 37.000000000000007 2.5000000000000004 2.5000000000000004 2.5000000000000004 2.5000000000000004 12.500000000000002 1.5000000000000002 6.5000000000000009 7.5000000000000009 3.5000000000000004 6.5000000000000009 3.5000000000000004 2.5000000000000004 21.500000000000004 4.5000000000000009 4.5000000000000009 14.000000000000002 34.000000000000007 14.000000000000002 4.5000000000000009 2.5000000000000004 13.000000000000002
decision_type=2 2 2 2 2 2 2 2 2 2 2 2 2 2 2 2 2 2 2 2 2 2 2 2 2 2 2 2 2 2
left_child=1 2 3 13 8 6 -6 12 9 10 11 -4 -7 -1 15 -10 17 19 -19 -16 26 -17 -23 -24 25 -9 -18 28 29 -22
right_child=-2 -3 4 -5 5 7 -8 24 14 -11 -12 -13 -14 -15 16 21 20 18 -20 -21 27 22 23 -25 -26 -27 -28 -29 -30 -31
leaf_value=-2.669077099821064e-08 -5.0391836159925999e-07 4.3748844153040138e-07 4.6813375173279874e-05 5.4433913876140573e-05 2.4020082200877372e-05 -2.7851284842957585e-05 -0.000114408204171923 7.8770487132512955e-07 -5.6594002853671557e-05 -6.3303796703525906e-05 -1.3086237879356415e-05 1.1887568736710819e-05 -3.5842545571540541e-06 4.3785297344557098e-06 1.1433038768397335e-05 -1.3840058846992679e-05 -1.630050322395012e-06 8.6497191235442502e-05 -1.6207414773816709e-06 -1.8479282270193161e-05 4.3732660024512664e-06 1.6482670260159592e-05 -2.4004402170565143e-05 2.5230663304089671e-06 -5.2893051145153332e-06 2.1596458864223678e-05 9.9455245630162242e-06 -5.0385667693752182e-06 3.1874587857134594e-05 -1.0946190680107593e-05
leaf_weight=49507 125933 148689 26 23 20 48 20 72 24 38 41 25 32 536 39 51 96 24 24 31 95 51 23 184 181 30 201 394 39 95
leaf_count=49507 125933 148689 26 23 20 48 20 72 24 38 41 25 32 536 39 51 96 24 24 31 95 51 23 184 181 30 201 394 39 95
internal_value=6.79071e-12 3.16269e-07 -3.05474e-08 4.54898e-08 -2.02996e-06 -8.71483e-06 -4.51941e-05 -4.69508e-06 -2.35154e-07 -1.09826e-05 1.06283e-05 2.96929e-05 -1.81445e-05 2.04926e-08 7.83937e-07 -3.93796e-06 2.29876e-06 1.6187e-05 4.24382e-05 -1.81385e-06 5.17447e-07 1.51832e-07 2.91767e-06 -4.2443e-07 -8.9313e-07 6.90793e-06 6.20392e-06 -2.19344e-06 2.70166e-06 -3.28646e-06
internal_weight=326592 200659 51970 50066 1904 403 40 363 1501 130 92 51 80 50043 1371 333 1038 118 48 70 920 309 258 207 283 102 297 623 229 190
internal_count=326592 200659 51970 50066 1904 403 40 363 1501 130 92 51 80 50043 1371 333 1038 118 48 70 920 309 258 207 283 102 297 623 229 190
is_linear=0
shrinkage=0.05


Tree=215
num_leaves=31
num_cat=1
split_feature=33 15 15 4 11 25 11 26 26 11 3 11 0 25 8 15 4 12 4 8 24 24 14 27 26 27 26 11 25 24
split_gain=1.879e-05 3.32555e-06 4.75461e-06 4.91847e-06 1.50608e-05 6.9441e-06 1.5324e-05 7.02533e-06 5.90998e-06 5.90911e-06 4.77817e-06 1.81859e-05 1.24999e-05 5.35589e-06 4.75036e-06 7.5823e-06 6.05807e-06 4.39273e-06 1.16439e-05 1.13558e-05 1.04208e-05 6.0131e-05 7.98074e-06 2.13212e-05 6.77843e-06 5.32249e-06 5.82783e-06 4.2822e-06 1.17556e-05 1.6404e-05
threshold=1.0000000180025095e-35 4.5000000000000009 1.5000000000000002 44.000000000000007 41.000000000000007 1.0000000180025095e-35 45.500000000000007 8.5000000000000018 17.000000000000004 54.500000000000007 1.5000000000000002 41.000000000000007 0 4.5000000000000009 95.000000000000014 2.5000000000000004 76.000000000000014 0.48890000000000006 44.000000000000007 85.000000000000014 2.5000000000000004 4.5000000000000009 2.5000000000000004 22.500000000000004 29.500000000000004 21.500000000000004 7.5000000000000009 8.5000000000000018 3.5000000000000004 4.5000000000000009
decision_type=2 2 2 2 2 2 2 2 2 2 2 2 1 2 2 2 2 2 2 2 2 2 2 2 2 2 2 2 2 2
left_child=1 2 10 -4 -5 7 -7 14 -8 -9 17 13 -13 -12 -6 16 -16 18 20 -19 25 -22 24 -24 -23 26 -1 28 -3 -30
right_child=-2 27 3 4 5 6 8 9 -10 -11 11 12 -14 -15 15 -17 -18 19 -20 -21 21 22 23 -25 -26 -27 -28 -29 29 -31
leaf_value=-4.9293539527034706e-08 -4.7872243708977029e-07 -1.4729702414976938e-06 3.7801463809691293e-07 6.9726812316845354e-07 1.89762723555986e-07 4.4255639787640092e-05 2.5535998429404574e-05 -3.5355183354113254e-05 -1.1541355888766702e-06 1.725220871859082e-06 -5.2042878385603536e-07 -6.5441371913698405e-06 -2.9823709688759571e-05 -9.8667761329375312e-06 7.3172477839687128e-06 3.0334471245507572e-06 2.1487901005501222e-05 4.1598173873009968e-07 -6.9182557920976003e-06 1.1555798289021357e-05 -7.5551633903336149e-05 2.4477239567204379e-06 -4.9573862226679921e-05 2.0512065339062247e-06 3.5752340839032764e-05 1.3173077245722342e-05 -2.4719102899931995e-05 2.4793294151088083e-08 -5.3466373803810428e-05 -5.9183870272742451e-06
leaf_weight=9500 125933 2356 91212 25679 674 34 28 21 80 22 5132 171 87 158 826 1848 83 23720 703 231 31 50 25 100 22 76 24 37680 26 60
leaf_count=9500 125933 2356 91212 25679 674 34 28 21 80 22 5132 171 87 158 826 1848 83 23720 703 231 31 50 25 100 22 76 24 37680 26 60
internal_value=6.45395e-12 3.00455e-07 4.02215e-07 5.59044e-07 1.12269e-06 4.14384e-06 1.49815e-05 3.70085e-06 5.76553e-06 -1.63838e-05 -6.99061e-08 -1.43178e-06 -1.43942e-05 -7.99582e-07 3.95257e-06 4.87245e-06 8.61116e-06 1.49213e-07 -7.01863e-07 5.23422e-07 -2.57202e-07 -1.08219e-05 -6.35981e-07 -8.27381e-06 1.26241e-05 -6.29096e-09 -1.1146e-07 -1.06708e-07 -2.13577e-06 -2.02934e-05
internal_weight=326592 200659 160537 120507 29295 3616 142 3474 108 43 40030 5548 258 5290 3431 2757 909 34482 10531 23951 9828 228 197 125 72 9600 9524 40122 2442 86
internal_count=326592 200659 160537 120507 29295 3616 142 3474 108 43 40030 5548 258 5290 3431 2757 909 34482 10531 23951 9828 228 197 125 72 9600 9524 40122 2442 86
cat_boundaries=0 1
cat_threshold=1
is_linear=0
shrinkage=0.05


Tree=216
num_leaves=31
num_cat=3
split_feature=33 26 27 4 26 14 26 24 13 11 15 15 0 13 15 11 17 26 15 11 12 6 25 25 24 25 13 11 25 0
split_gain=1.69579e-05 3.01739e-06 1.10404e-05 2.38721e-05 0.000147479 0.000142445 2.87586e-05 3.3264e-05 3.74118e-05 3.48989e-05 1.1689e-05 1.02695e-05 6.85061e-06 6.34608e-06 2.51749e-05 5.79002e-06 9.71477e-06 5.71661e-06 8.26426e-06 1.72885e-05 5.55858e-06 5.45354e-06 8.69168e-06 2.06185e-05 7.91775e-06 2.50757e-05 1.47056e-05 9.691e-06 9.6546e-06 7.51442e-05
threshold=1.0000000180025095e-35 7.5000000000000009 12.500000000000002 39.000000000000007 5.5000000000000009 4.5000000000000009 5.5000000000000009 3.5000000000000004 2.5000000000000004 45.500000000000007 3.5000000000000004 4.5000000000000009 0 2.5000000000000004 2.5000000000000004 41.000000000000007 1.0000000180025095e-35 3.0000000000000004 4.5000000000000009 13.500000000000002 0.70415000000000016 1 4.5000000000000009 2.5000000000000004 2.5000000000000004 3.5000000000000004 2.5000000000000004 45.500000000000007 3.5000000000000004 2
decision_type=2 2 2 2 2 2 2 2 2 2 2 2 1 2 2 2 2 2 2 2 2 1 2 2 2 2 2 2 2 1
left_child=1 2 17 4 15 -6 12 8 -8 13 -10 -12 -5 14 -9 16 -4 -1 19 -19 -20 22 23 -3 25 27 -27 -23 29 -26
right_child=-2 21 3 6 5 -7 7 9 10 -11 11 -13 -14 -15 -16 -17 -18 18 20 -21 -22 24 -24 -25 28 26 -28 -29 -30 -31
leaf_value=2.5980892954003308e-07 -4.5478632242921315e-07 2.8447036191063672e-06 7.0252294414064543e-06 1.0114896611781476e-06 -0.00018889063372625969 -2.3269455266779771e-05 9.1648187948781674e-05 -5.9129860831793247e-05 1.055667357263701e-06 5.491608592112445e-05 6.6120241951596518e-05 1.8242280566482806e-05 6.3011140713032416e-06 6.3153274401507006e-06 6.2814120802182807e-06 5.9181529210987227e-06 4.9557061865925794e-05 4.7782114670553717e-05 2.5779404293441785e-05 2.111806932863953e-07 1.4885071868775412e-06 -9.3825248420937234e-07 -1.0905968805077095e-06 3.0378762319121117e-05 -7.4071111826282612e-05 -1.501656244449728e-05 -5.7111648447971679e-05 -1.1143439615057504e-05 1.2739620378292844e-07 2.3083770217150837e-05
leaf_weight=190005 125933 398 29 1656 20 37 28 24 32 27 21 24 971 41 38 88 25 20 72 424 35 1266 740 82 34 59 32 285 4098 48
leaf_count=190005 125933 398 29 1656 20 37 28 24 32 27 21 24 971 41 38 88 25 20 72 424 35 1266 740 82 34 59 32 285 4098 48
internal_value=6.13377e-12 2.85433e-07 3.2241e-07 3.3014e-06 -1.34439e-05 -8.13821e-05 4.46573e-06 2.12234e-05 4.2155e-05 4.31723e-06 2.41574e-05 4.05853e-05 2.96666e-06 -8.94655e-06 -1.90391e-05 1.38272e-05 2.67159e-05 2.74557e-07 5.36007e-06 2.35402e-06 1.78338e-05 -7.31238e-07 2.30837e-06 7.54844e-06 -1.36819e-06 -4.31014e-06 -2.98192e-05 -2.81348e-06 -2.12518e-07 -1.72e-05
internal_weight=326592 200659 193617 3061 199 57 2862 235 105 130 77 45 2627 103 62 142 54 190556 551 444 107 7042 1220 480 5822 1642 91 1551 4180 82
internal_count=326592 200659 193617 3061 199 57 2862 235 105 130 77 45 2627 103 62 142 54 190556 551 444 107 7042 1220 480 5822 1642 91 1551 4180 82
cat_boundaries=0 1 2 3
cat_threshold=1 2 1
is_linear=0
shrinkage=0.05


Tree=217
num_leaves=31
num_cat=2
split_feature=33 15 15 15 25 24 27 11 24 26 26 0 24 11 26 4 4 11 4 24 13 11 12 27 27 24 27 6 11 11
split_gain=1.53045e-05 3.01736e-06 4.27269e-06 4.74303e-06 1.19795e-05 1.51084e-05 8.16199e-06 7.50805e-06 1.77653e-05 8.59109e-06 6.86462e-06 9.65886e-06 9.44911e-06 7.75528e-06 5.8155e-06 6.40394e-06 8.23961e-06 1.00874e-05 7.19893e-06 5.56117e-06 1.70528e-05 2.39285e-05 1.26474e-05 7.89677e-06 5.91001e-06 8.11794e-06 5.79368e-06 2.09341e-05 5.42587e-06 5.38183e-06
threshold=1.0000000180025095e-35 4.5000000000000009 1.5000000000000002 2.5000000000000004 3.5000000000000004 2.5000000000000004 26.500000000000004 41.000000000000007 3.5000000000000004 7.5000000000000009 15.500000000000002 0 1.5000000000000002 44.500000000000007 9.5000000000000018 39.000000000000007 44.000000000000007 41.000000000000007 76.000000000000014 3.5000000000000004 3.5000000000000004 13.500000000000002 0.48890000000000006 34.000000000000007 34.000000000000007 2.5000000000000004 26.500000000000004 1 34.500000000000007 51.000000000000007
decision_type=2 2 2 2 2 2 2 2 2 2 2 1 2 2 2 2 2 2 2 2 2 2 2 2 2 2 2 1 2 2
left_child=1 2 -1 4 6 -6 10 8 -7 -9 12 -12 14 -13 15 29 -17 -18 -19 20 21 -5 24 26 25 -23 -24 -28 -25 -4
right_child=-2 -3 3 19 5 7 -8 9 -10 -11 11 13 -14 -15 -16 16 17 18 -20 -21 -22 22 23 28 -26 -27 27 -29 -30 -31
leaf_value=-7.9464343375581148e-08 -4.3204699955699783e-07 -1.1667712018718237e-07 2.9169007035640542e-06 6.0614454851020136e-05 4.6266506314682577e-05 -3.7797445502991862e-05 -1.897832098620711e-05 3.9880790847326778e-05 4.2367295260874318e-06 9.6102014224413306e-06 -3.8588785861540363e-05 -9.3743191974656736e-06 2.8944582445546989e-05 1.5014632802975517e-05 -1.4306282225464071e-05 4.5019669252481013e-08 1.2055921070074094e-06 5.1048668738161633e-06 2.0393236268154651e-05 -2.2795880981563745e-06 2.7211276946561582e-07 1.5958636243631263e-08 1.0497950441945825e-05 -1.5759573100446934e-05 -2.1150545357921795e-05 3.1045630087398671e-05 5.6552249589003617e-07 5.3121631774249386e-05 1.5130968555846873e-05 -2.4944261828161078e-07
leaf_weight=40030 125933 40122 5890 20 23 26 52 26 757 238 23 159 30 41 63 21737 8191 1065 83 2044 77169 503 435 44 31 22 40 36 21 1738
leaf_count=40030 125933 40122 5890 20 23 26 52 26 757 238 23 159 30 41 63 21737 8191 1065 83 2044 77169 503 435 44 31 22 40 36 21 1738
internal_value=5.82669e-12 2.71161e-07 3.68091e-07 5.1676e-07 9.60599e-07 6.18012e-06 8.17661e-07 5.29952e-06 2.84096e-06 1.25914e-05 8.44042e-07 -7.9034e-06 8.94321e-07 -4.37458e-06 8.72614e-07 8.97322e-07 5.78675e-07 1.82079e-06 6.21021e-06 2.95064e-07 3.62256e-07 6.40069e-06 5.44285e-06 1.06353e-05 6.36046e-08 1.31625e-06 1.27233e-05 2.54605e-05 -5.77955e-06 2.19547e-06
internal_weight=326592 200659 160537 120507 40142 1070 39072 1047 783 264 39020 223 38797 200 38767 38704 31076 9339 1148 80365 78321 1152 1132 576 556 525 511 76 65 7628
internal_count=326592 200659 160537 120507 40142 1070 39072 1047 783 264 39020 223 38797 200 38767 38704 31076 9339 1148 80365 78321 1152 1132 576 556 525 511 76 65 7628
cat_boundaries=0 1 2
cat_threshold=1 4
is_linear=0
shrinkage=0.05


Tree=218
num_leaves=31
num_cat=1
split_feature=11 25 13 26 21 24 4 15 23 12 15 11 12 15 26 6 15 26 11 27 17 14 27 22 15 17 15 15 4 4
split_gain=9.17758e-06 5.70375e-06 7.08018e-06 5.1966e-06 3.83994e-05 1.08748e-05 1.0495e-05 1.0509e-05 9.75654e-06 7.75295e-06 4.66908e-06 7.38891e-06 3.10592e-06 2.22753e-06 2.22136e-06 7.51549e-06 5.66663e-06 4.25719e-06 2.46785e-06 2.2955e-06 4.56325e-06 2.81892e-06 2.194e-06 2.05789e-06 2.00316e-06 1.84227e-06 1.8187e-06 6.17253e-06 1.20894e-05 8.06651e-06
threshold=8.5000000000000018 4.5000000000000009 1.5000000000000002 34.000000000000007 1.0000000180025095e-35 2.5000000000000004 42.500000000000007 4.5000000000000009 1.0000000180025095e-35 0.60715000000000008 2.5000000000000004 34.500000000000007 0.48890000000000006 2.5000000000000004 7.5000000000000009 0 4.5000000000000009 5.5000000000000009 61.000000000000007 12.500000000000002 1.0000000180025095e-35 2.5000000000000004 26.500000000000004 1.0000000180025095e-35 1.5000000000000002 1.0000000180025095e-35 2.5000000000000004 1.5000000000000002 44.000000000000007 44.000000000000007
decision_type=2 2 2 2 2 2 2 2 2 2 2 2 2 2 2 1 2 2 2 2 2 2 2 2 2 2 2 2 2 2
left_child=-1 2 10 5 -5 12 8 9 13 -8 -2 -12 14 -7 17 16 -16 19 -17 26 22 -22 24 -24 -21 -19 27 28 -4 -29
right_child=1 -3 3 4 -6 6 7 -9 -10 -11 11 -13 -14 -15 15 18 -18 25 -20 20 21 -23 23 -25 -26 -27 -28 29 -30 -31
leaf_value=-4.0122486944076976e-07 8.0517960062328119e-08 -3.6258140620926957e-07 -1.163816681953808e-07 -4.7765230370482355e-05 -6.2045005583447866e-07 3.7605718305138382e-05 2.8970808780286462e-05 -2.7039590346638375e-05 -3.9354049476969525e-07 -5.9448529635333483e-07 3.9920764120324751e-05 5.112408498755559e-06 4.123544944116784e-07 2.2277891467739313e-05 -5.6463112484475703e-06 -9.7932868302698844e-07 -2.3526704571850134e-05 1.5327052636848748e-05 7.6107033368526361e-06 3.3570373798283986e-06 -3.98673345273437e-06 1.0484782911538237e-05 1.5527105635457601e-05 -5.5677796808595301e-07 -5.2957516734948355e-06 2.0365356001341504e-06 -3.0578334039401667e-07 8.0755009171263509e-07 -7.1546099206898368e-06 6.5807748856073413e-06
leaf_weight=99222 39 40531 9500 47 533 38 30 28 43 85 30 31 133490 63 228 293 55 64 117 100 40 212 37 43 202 44 30605 9544 652 646
leaf_count=99222 39 40531 9500 47 533 38 30 28 43 85 30 31 133490 63 228 293 55 64 117 100 40 212 37 43 202 44 30605 9544 652 646
internal_value=5.52822e-12 1.75098e-07 2.91737e-07 2.84615e-07 -4.4408e-06 2.99337e-07 1.00247e-05 4.29961e-07 1.95528e-05 7.1182e-06 1.35925e-05 2.22313e-05 2.84321e-07 2.80448e-05 -4.19599e-08 -2.854e-06 -9.1213e-06 -4.25864e-09 1.47197e-06 -2.50221e-08 2.96503e-06 8.18772e-06 -4.80305e-07 6.88202e-06 -2.43059e-06 9.9124e-06 -6.22312e-08 3.04199e-07 -5.68403e-07 1.17355e-06
internal_weight=326592 227370 186839 186739 580 186159 287 143 144 115 100 61 185872 101 52382 693 283 51689 410 51581 634 252 382 80 302 108 50947 20342 10152 10190
internal_count=326592 227370 186839 186739 580 186159 287 143 144 115 100 61 185872 101 52382 693 283 51689 410 51581 634 252 382 80 302 108 50947 20342 10152 10190
cat_boundaries=0 1
cat_threshold=4
is_linear=0
shrinkage=0.05


Tree=219
num_leaves=31
num_cat=1
split_feature=33 12 11 24 24 10 26 26 17 26 25 15 26 24 27 8 15 26 25 26 14 26 25 26 27 12 24 24 11 27
split_gain=1.25559e-05 2.79466e-06 2.68639e-06 3.8227e-06 3.85033e-05 2.80433e-05 1.59539e-05 1.1514e-05 2.79789e-06 2.62325e-06 2.42131e-05 8.11569e-06 2.2363e-05 6.65604e-05 6.05751e-06 5.4986e-06 7.46941e-06 1.32574e-05 9.04662e-06 5.8039e-06 1.27781e-05 4.37096e-06 3.53021e-06 3.45935e-06 3.45827e-06 3.3917e-06 3.32533e-06 2.35993e-05 1.07502e-05 4.81982e-06
threshold=1.0000000180025095e-35 0.47640000000000005 8.5000000000000018 4.5000000000000009 1.5000000000000002 0 11.500000000000002 14.000000000000002 1.0000000180025095e-35 3.0000000000000004 3.5000000000000004 4.5000000000000009 6.5000000000000009 1.5000000000000002 21.500000000000004 95.000000000000014 1.5000000000000002 11.500000000000002 4.5000000000000009 7.5000000000000009 3.5000000000000004 29.500000000000004 2.5000000000000004 14.000000000000002 26.500000000000004 0.42610000000000009 2.5000000000000004 4.5000000000000009 43.000000000000007 22.500000000000004
decision_type=2 2 2 2 2 1 2 2 2 2 2 2 2 2 2 2 2 2 2 2 2 2 2 2 2 2 2 2 2 2
left_child=1 9 3 4 6 -6 -3 -5 -9 10 24 15 13 -13 22 16 17 -11 -19 20 -17 -20 -14 25 -1 -16 29 28 -28 -18
right_child=-2 2 -4 7 5 -7 -8 8 -10 11 -12 12 14 -15 23 19 26 18 21 -21 -22 -23 -24 -25 -26 -27 27 -29 -30 -31
leaf_value=-4.0736366150353171e-08 -3.9133179738612998e-07 -2.820031477154776e-07 4.1941583910594426e-07 -3.7728448156625608e-05 3.8107132392421287e-06 7.8092479331341258e-05 -2.8585334905073981e-05 8.8797715339491602e-07 -9.6298015889278949e-06 -4.470837769170838e-05 5.1289078990758639e-05 2.0824878811254168e-05 -2.5005818997669849e-05 -0.00010817168049470638 1.4944817883753621e-05 3.6700180321900381e-05 -1.3998416307003937e-06 -2.9361929503873653e-05 -4.9559060202723648e-06 5.4362880033212696e-07 1.3029199130980445e-06 2.2339698923381302e-05 -3.5660593425745905e-06 -4.9974651637113111e-06 1.0495630686171772e-05 -3.3466573090953853e-06 6.0310381840364168e-05 -4.3896779244524795e-06 1.0296445526321242e-05 -2.5188369428149364e-05
leaf_weight=49965 125933 11782 136506 26 24 27 50 175 99 29 23 20 48 20 55 37 68 29 44 880 82 22 32 181 78 47 22 236 21 31
leaf_count=49965 125933 11782 136506 26 24 27 50 175 99 29 23 20 48 20 55 37 68 29 44 880 82 22 32 181 78 47 22 236 21 31
internal_value=5.25357e-12 2.45607e-07 3.55924e-07 -3.55476e-07 -2.1475e-07 4.31364e-05 -4.01608e-07 -5.92965e-06 -2.91224e-06 -7.00155e-08 -7.40713e-10 -1.89161e-06 -8.19156e-06 -4.36734e-05 -4.28171e-06 -2.0015e-07 -4.46925e-06 -1.51179e-05 -6.08508e-06 1.94508e-06 1.23088e-05 4.14263e-06 -1.64299e-05 -8.47594e-07 -2.43138e-08 6.51639e-06 -9.76029e-07 1.81753e-06 3.5885e-05 -8.84877e-06
internal_weight=326592 200659 148689 12183 11883 51 11832 300 274 51970 50066 1904 403 40 363 1501 502 124 95 999 119 66 80 283 50043 102 378 279 43 99
internal_count=326592 200659 148689 12183 11883 51 11832 300 274 51970 50066 1904 403 40 363 1501 502 124 95 999 119 66 80 283 50043 102 378 279 43 99
cat_boundaries=0 1
cat_threshold=1
is_linear=0
shrinkage=0.05


Tree=220
num_leaves=31
num_cat=0
split_feature=33 15 11 25 24 27 15 4 11 24 11 8 15 4 3 11 1 25 4 24 14 14 8 13 4 24 26 13 4 13
split_gain=1.13317e-05 2.62285e-06 3.70592e-06 1.10559e-05 1.61917e-05 4.90651e-06 3.70043e-06 4.28869e-06 1.25227e-05 6.43534e-06 2.575e-05 4.95163e-06 5.92562e-06 5.04677e-06 4.22431e-06 1.64896e-05 1.12921e-05 4.6549e-06 3.68818e-06 1.23282e-05 2.62136e-05 4.90706e-05 2.26366e-05 1.25173e-05 9.95268e-06 5.88828e-06 3.4054e-06 8.38452e-06 3.3221e-06 2.79274e-05
threshold=1.0000000180025095e-35 4.5000000000000009 10.500000000000002 3.5000000000000004 4.5000000000000009 18.500000000000004 1.5000000000000002 44.000000000000007 41.000000000000007 2.5000000000000004 54.500000000000007 95.000000000000014 2.5000000000000004 76.000000000000014 1.5000000000000002 41.000000000000007 42.000000000000007 4.5000000000000009 39.000000000000007 3.5000000000000004 2.5000000000000004 5.5000000000000009 75.000000000000014 2.5000000000000004 37.000000000000007 2.5000000000000004 5.5000000000000009 4.5000000000000009 39.000000000000007 1.5000000000000002
decision_type=2 2 2 2 2 2 2 2 2 2 2 2 2 2 2 2 2 2 2 2 2 2 2 2 2 2 2 2 2 2
left_child=1 6 3 5 -5 26 14 -8 -9 11 -11 -10 13 -13 18 17 -17 -16 19 23 24 22 -22 25 -21 -1 27 -3 29 -4
right_child=-2 2 28 4 -6 -7 7 8 9 10 -12 12 -14 -15 15 16 -18 -19 -20 20 21 -23 -24 -25 -26 -27 -28 -29 -30 -31
leaf_value=1.0853849975426462e-05 -3.7176521151324087e-07 2.6886570356929532e-05 -2.9082351640639923e-05 -5.2490121183487087e-05 -5.5921071006672546e-06 1.8745082755534289e-05 2.9301054974031588e-07 6.0045471442140456e-07 -4.248037120028723e-07 4.7626087434764487e-05 -2.7955955506447514e-06 6.4134100121695817e-06 2.6900090552537507e-06 1.9331986918422699e-05 -5.1108452620205002e-07 -2.8381566717771108e-05 -6.2552247429096372e-06 -9.2243506805625899e-06 3.9438206121941825e-07 3.9754598955845553e-05 -3.1448980826098706e-05 5.7460319629742533e-06 -9.6238814554593639e-05 -7.8510157124507076e-07 -2.9400683464094377e-06 4.1007107356563217e-05 -1.5713828023373419e-05 -1.6647990480700021e-06 2.4040030354944851e-07 -5.9828134265688848e-07
leaf_weight=85 125933 26 87 26 63 30 91212 25679 690 40 69 848 1886 83 5132 87 171 158 26614 21 28 51 26 7598 39 20 42 2335 29606 7907
leaf_count=85 125933 26 87 26 63 30 91212 25679 690 40 69 848 1886 83 5132 87 171 158 26614 21 28 51 26 7598 39 20 42 2335 29606 7907
internal_value=4.99063e-12 2.33327e-07 -1.28269e-07 -1.98371e-06 -1.92927e-05 -1.35055e-06 3.23698e-07 4.62053e-07 9.8838e-07 3.74323e-06 1.57078e-05 3.37136e-06 4.3012e-06 7.56512e-06 -9.28084e-08 -1.37332e-06 -1.37164e-05 -7.7133e-07 1.1322e-07 -8.37828e-07 -1.43609e-05 -2.9426e-05 -6.26441e-05 -5.48161e-07 1.20031e-05 1.65973e-05 -1.60143e-06 -1.35038e-06 -3.81606e-09 -9.08278e-07
internal_weight=326592 200659 40122 2522 89 2433 160537 120507 29295 3616 109 3507 2817 931 40030 5548 258 5290 34482 7868 165 105 54 7703 60 105 2403 2361 37600 7994
internal_count=326592 200659 40122 2522 89 2433 160537 120507 29295 3616 109 3507 2817 931 40030 5548 258 5290 34482 7868 165 105 54 7703 60 105 2403 2361 37600 7994
is_linear=0
shrinkage=0.05


Tree=221
num_leaves=31
num_cat=3
split_feature=33 12 15 15 25 26 25 4 4 25 26 6 25 6 15 13 26 8 27 26 6 27 15 26 8 25 15 11 15 15
split_gain=1.02269e-05 2.5059e-06 2.38364e-06 7.83337e-06 1.5084e-05 2.02662e-05 1.19368e-05 9.5632e-06 7.05328e-06 6.69601e-06 1.5493e-05 2.78484e-05 8.33526e-06 1.24447e-05 7.76592e-06 5.92892e-06 2.08235e-05 5.85782e-06 3.223e-06 3.2019e-06 6.40317e-06 6.08171e-06 4.94236e-06 3.0801e-06 2.8689e-06 5.8811e-06 2.48961e-06 2.26932e-06 3.36145e-06 7.54332e-06
threshold=1.0000000180025095e-35 0.47640000000000005 2.5000000000000004 1.5000000000000002 3.5000000000000004 7.5000000000000009 1.5000000000000002 44.000000000000007 44.000000000000007 4.5000000000000009 6.5000000000000009 0 2.5000000000000004 1 4.5000000000000009 1.5000000000000002 26.500000000000004 85.000000000000014 22.500000000000004 7.5000000000000009 2 12.500000000000002 4.5000000000000009 19.000000000000004 85.000000000000014 2.5000000000000004 4.5000000000000009 8.5000000000000018 1.5000000000000002 2.5000000000000004
decision_type=2 2 2 2 2 2 2 2 2 2 2 1 2 1 2 2 2 2 2 2 1 2 2 2 2 2 2 2 2 2
left_child=1 2 3 7 6 -6 8 15 17 12 11 -11 19 -14 -15 16 -1 -5 -7 21 26 -4 -23 -12 25 -17 -21 28 -3 -30
right_child=-2 27 9 4 5 18 -8 -9 -10 10 23 -13 13 14 -16 24 -18 -19 -20 20 -22 22 -24 -25 -26 -27 -28 -29 29 -31
leaf_value=-5.6329854678118692e-05 -3.5317694291369377e-07 -1.9793066036625879e-06 -3.0940201781982219e-07 2.557958715357648e-06 5.265522715866421e-05 2.0591686425600635e-05 -2.9016378897667342e-05 -6.2661000270423214e-06 6.0297420674343986e-06 -7.0984044577926403e-05 -6.3517915585744687e-06 2.6569530149345154e-07 3.7693993446434132e-05 1.8917279710935436e-05 -1.5933981172345352e-05 -1.124008169761733e-06 3.5585593756896998e-06 -1.116909585382726e-07 5.3872615650186122e-06 -8.8016497627702651e-06 1.7898697413849212e-06 1.0590350129105269e-05 -2.5535637650346663e-06 1.8818084317997308e-07 4.7346814956630757e-07 -1.9747341105167562e-05 -2.3426985916198331e-05 3.844780370134811e-07 2.5086250260375133e-06 -7.1189318609400135e-07
leaf_weight=21 125933 2459 29808 3033 29 43 33 703 678 24 348 32 36 31 33 2998 47 6371 184 90 140 229 104 373 6496 43 43 136506 2421 7303
leaf_count=21 125933 2459 29808 3033 29 43 33 703 678 24 348 32 36 31 33 2998 47 6371 184 90 140 229 104 373 6496 43 43 136506 2421 7303
internal_value=4.74629e-12 2.21661e-07 -7.72116e-08 3.39331e-07 1.30952e-06 1.32957e-05 1.00616e-06 -6.36788e-07 1.10443e-06 -3.52488e-07 -4.9361e-06 -3.02699e-05 -2.35773e-07 1.4176e-05 9.47098e-07 -2.24772e-07 -1.49364e-05 7.49331e-07 8.26739e-06 -2.83158e-07 -5.67373e-06 -2.34333e-07 6.48534e-06 -2.96842e-06 -1.19877e-07 -1.38734e-06 -1.35301e-05 3.26123e-07 -3.27726e-07 8.99244e-08
internal_weight=326592 200659 51970 20679 10371 256 10115 10308 10082 31291 777 56 30514 100 64 9605 68 9404 227 30414 273 30141 333 721 9537 3041 133 148689 12183 9724
internal_count=326592 200659 51970 20679 10371 256 10115 10308 10082 31291 777 56 30514 100 64 9605 68 9404 227 30414 273 30141 333 721 9537 3041 133 148689 12183 9724
cat_boundaries=0 1 2 3
cat_threshold=2 2 4
is_linear=0
shrinkage=0.05


Tree=222
num_leaves=31
num_cat=1
split_feature=33 15 11 25 24 27 8 4 4 4 13 25 4 13 26 25 24 0 27 13 3 26 26 26 24 27 11 26 7 13
split_gain=9.22975e-06 2.27588e-06 3.201e-06 9.97807e-06 1.46113e-05 4.42639e-06 3.11618e-06 4.68547e-06 1.32658e-05 1.33675e-05 7.99498e-06 5.7742e-06 3.84184e-06 1.38113e-05 3.55005e-05 7.5645e-06 1.07601e-05 9.60596e-06 8.85187e-06 6.87508e-06 3.68404e-05 4.41958e-06 3.41804e-06 1.61735e-05 9.10791e-06 5.00208e-06 4.12107e-06 3.64982e-06 3.6186e-06 4.05517e-06
threshold=1.0000000180025095e-35 4.5000000000000009 10.500000000000002 3.5000000000000004 4.5000000000000009 18.500000000000004 110.00000000000001 44.000000000000007 79.500000000000014 76.000000000000014 1.5000000000000002 3.5000000000000004 39.000000000000007 1.5000000000000002 26.500000000000004 1.5000000000000002 4.5000000000000009 0 21.500000000000004 1.5000000000000002 1.5000000000000002 22.500000000000004 7.5000000000000009 5.5000000000000009 1.5000000000000002 12.500000000000002 47.500000000000007 12.500000000000002 11.000000000000002 3.5000000000000004
decision_type=2 2 2 2 2 2 2 2 2 2 2 2 2 2 2 2 2 1 2 2 2 2 2 2 2 2 2 2 2 2
left_child=1 -1 3 5 -5 -3 12 10 9 11 -8 -9 13 14 -4 -15 17 -17 -19 20 21 -14 23 25 -25 -21 28 -24 -27 -30
right_child=-2 2 6 4 -6 -7 7 8 -10 -11 -12 -13 19 15 -16 16 -18 18 -20 22 -22 -23 27 24 -26 26 -28 -29 29 -31
leaf_value=2.9475942509215894e-07 -3.355181021449875e-07 -1.4874517205546015e-06 -7.3976962780959542e-05 -4.9830020781463155e-05 -5.2795177243607458e-06 1.7837941171213365e-05 -3.1385065124140969e-05 -7.914802952479284e-06 5.7307869426619797e-07 -2.8329815095810989e-05 4.1115034284531532e-07 1.9012784416970266e-05 1.8259686555666121e-05 -9.1035411153672622e-07 -3.8491136620634056e-07 -7.750928337676064e-07 -2.0336477435487452e-06 5.2871988688517987e-05 1.3409679592802638e-05 2.4185087282577946e-07 7.2221093917808818e-05 -1.1758860654691281e-06 -9.0713073704800747e-06 2.7078266942804806e-05 -3.3921555501258223e-06 2.2176462093862153e-05 -5.2011723007897762e-06 -1.025497303737973e-06 -7.7916711992050604e-06 7.7389650285102252e-06
leaf_weight=160537 125933 2403 23 26 63 30 20 383 656 85 1719 21 36 7274 57 30 98 30 27 25563 21 156 185 88 34 37 79 592 48 338
leaf_count=160537 125933 2403 23 26 63 30 20 383 656 85 1719 21 36 7274 57 30 98 30 27 25563 21 156 185 88 34 37 79 592 48 338
internal_value=4.50481e-12 2.10578e-07 -1.26253e-07 -1.85067e-06 -1.82943e-05 -1.24916e-06 -1.05884e-08 -1.58985e-06 -4.07353e-06 -1.0307e-05 4.54664e-08 -6.5151e-06 1.20607e-07 -8.78055e-07 -2.15426e-05 -6.56421e-07 9.32795e-06 2.21261e-05 3.41793e-05 3.9764e-07 9.34532e-06 2.46828e-06 3.26958e-07 4.23928e-07 1.85865e-05 3.38916e-07 5.28169e-06 -2.94117e-06 7.23948e-06 5.80769e-06
internal_weight=326592 200659 40122 2522 89 2433 37600 2884 1145 489 1739 404 34716 7539 80 7459 185 87 57 27177 213 192 26964 26187 122 26065 502 777 423 386
internal_count=326592 200659 40122 2522 89 2433 37600 2884 1145 489 1739 404 34716 7539 80 7459 185 87 57 27177 213 192 26964 26187 122 26065 502 777 423 386
cat_boundaries=0 1
cat_threshold=1
is_linear=0
shrinkage=0.05


Tree=223
num_leaves=31
num_cat=1
split_feature=33 12 15 15 25 24 25 4 24 24 4 14 14 8 25 24 25 6 15 13 27 27 14 14 24 27 14 4 13 12
split_gain=8.32985e-06 2.21863e-06 1.94318e-06 6.98959e-06 1.40297e-05 1.85687e-05 1.07506e-05 8.62426e-06 8.12469e-06 5.52466e-05 6.43908e-06 5.9534e-06 1.70694e-05 5.3765e-06 5.14858e-06 4.46622e-05 9.7352e-06 8.91653e-06 7.66648e-06 6.00167e-06 5.11292e-06 4.58304e-06 4.25338e-06 2.13345e-05 3.49259e-06 3.37944e-06 2.61647e-06 2.51956e-06 2.01737e-06 1.93862e-06
threshold=1.0000000180025095e-35 0.48890000000000006 2.5000000000000004 1.5000000000000002 3.5000000000000004 4.5000000000000009 1.5000000000000002 44.000000000000007 2.5000000000000004 4.5000000000000009 44.000000000000007 2.5000000000000004 3.5000000000000004 85.000000000000014 4.5000000000000009 2.5000000000000004 2.5000000000000004 0 4.5000000000000009 1.5000000000000002 22.500000000000004 21.500000000000004 5.5000000000000009 4.5000000000000009 4.5000000000000009 22.500000000000004 3.5000000000000004 41.000000000000007 4.5000000000000009 0.90555000000000019
decision_type=2 2 2 2 2 2 2 2 2 2 2 2 2 2 2 2 2 1 2 2 2 2 2 2 2 2 2 2 2 2
left_child=1 2 3 7 6 -6 10 8 21 -10 13 20 -13 -5 16 -16 -4 -18 -19 22 -11 -1 23 -17 27 -7 -23 -21 -9 -3
right_child=-2 29 14 4 5 25 -8 28 9 11 -12 12 -14 -15 15 19 17 18 -20 24 -22 26 -24 -25 -26 -27 -28 -29 -30 -31
leaf_value=-1.1092238318798134e-07 -3.1874219877257683e-07 3.5423767148586164e-07 -2.735503671337065e-07 2.4153228420530412e-06 4.4009006305714141e-05 1.9547364320524775e-05 -2.7580297481825147e-05 7.4346872106953354e-06 -7.1608458294518176e-05 2.9921933906734922e-05 5.7135169508991114e-06 -4.7514551598786578e-05 1.9060218873024635e-06 -1.2740138907391162e-07 -7.4556091898226776e-05 -1.5133563075713547e-07 3.512639537398678e-05 2.2026460757126299e-05 -1.1121671424326772e-05 -3.4497120006043204e-06 1.93521583057984e-06 2.309491487721971e-05 -2.3030998464061045e-06 5.4727139982075999e-05 -3.6226573885286803e-06 3.9200988224257663e-06 4.3046242519101888e-06 -2.5604260460540628e-05 -6.502829065342688e-06 -3.0426559961881584e-07
leaf_weight=9524 125933 135324 31116 3033 40 43 33 27 31 25 678 21 104 6609 22 77 36 33 37 21 47 32 95 23 515 177 44 33 676 12183
leaf_count=9524 125933 135324 31116 3033 40 43 33 27 31 25 678 21 104 6609 22 77 36 33 37 21 47 32 95 23 515 177 44 33 676 12183
internal_value=4.27815e-12 2.00049e-07 -7.69196e-08 2.95046e-07 1.20061e-06 1.26721e-05 9.12517e-07 -6.17567e-07 -2.34882e-07 -9.56332e-06 1.00363e-06 2.00123e-07 -6.39663e-06 6.72441e-07 -3.22634e-07 -4.31935e-06 -2.22019e-07 1.49049e-05 4.50531e-06 -2.29683e-06 1.16528e-05 -1.33317e-08 5.27321e-06 1.24707e-05 -4.89113e-06 6.97452e-06 1.22163e-05 -1.69886e-05 -5.96753e-06 2.9985e-07
internal_weight=326592 200659 53152 21144 10613 260 10353 10531 9828 228 10320 197 125 9642 32008 786 31222 106 70 764 72 9600 195 100 569 220 76 54 703 147507
internal_count=326592 200659 53152 21144 10613 260 10353 10531 9828 228 10320 197 125 9642 32008 786 31222 106 70 764 72 9600 195 100 569 220 76 54 703 147507
cat_boundaries=0 1
cat_threshold=2
is_linear=0
shrinkage=0.05


Tree=224
num_leaves=31
num_cat=2
split_feature=33 26 27 15 25 24 27 27 3 0 14 14 14 4 24 15 14 15 0 25 11 26 11 12 26 15 11 12 26 15
split_gain=7.51769e-06 2.20015e-06 9.13939e-06 8.06882e-06 1.58072e-05 6.33686e-05 6.69264e-06 5.07837e-06 0.000102034 2.01694e-05 2.71241e-05 0.000214383 2.60582e-05 2.46722e-05 1.45105e-05 1.41698e-05 9.77132e-06 1.05383e-05 6.44081e-06 1.02782e-05 7.21748e-06 4.6107e-06 4.83171e-06 8.23446e-06 4.47521e-06 6.4294e-06 1.59986e-05 4.44642e-06 3.45791e-06 4.91343e-06
threshold=1.0000000180025095e-35 7.5000000000000009 7.5000000000000009 1.5000000000000002 4.5000000000000009 4.5000000000000009 23.500000000000004 26.500000000000004 1.5000000000000002 0 4.5000000000000009 3.5000000000000004 2.5000000000000004 39.000000000000007 3.5000000000000004 2.5000000000000004 1.5000000000000002 3.5000000000000004 1 3.5000000000000004 41.000000000000007 9.5000000000000018 43.000000000000007 0.48890000000000006 3.0000000000000004 4.5000000000000009 13.500000000000002 0.70415000000000016 3.0000000000000004 4.5000000000000009
decision_type=2 2 2 2 2 2 2 2 2 1 2 2 2 2 2 2 2 2 1 2 2 2 2 2 2 2 2 2 2 2
left_child=1 2 24 4 6 -6 -4 14 9 12 11 16 -9 15 18 -12 17 -11 19 -5 -20 22 -3 -24 -1 26 -26 -27 29 -14
right_child=-2 21 3 7 5 -7 -8 8 -10 10 13 -13 28 -15 -16 -17 -18 -19 20 -21 -22 -23 23 -25 25 27 -28 -29 -30 -31
leaf_value=1.5889152786466505e-07 -3.0280507912352862e-07 -1.9401854509759056e-06 -1.450934782439963e-06 1.6177447488162311e-06 -7.4559443579125934e-05 2.4189336011204434e-05 1.9297224168570081e-05 5.5179060700538686e-05 9.6086790173074177e-05 -2.3847842967370526e-05 4.4493936002254486e-07 -0.0001738727782503702 -1.9158171276271955e-05 -7.883501816617303e-06 -3.6017574196497056e-05 5.0867523129071697e-05 3.1151915389671107e-05 1.417908785075078e-05 9.2975520654216477e-06 -3.2777536379895044e-05 3.9174144159455188e-07 -2.2039358591543939e-07 -7.5586750814114504e-06 -4.1296315685031005e-05 4.5720767011516735e-05 2.278015955299553e-05 -4.1227264627762124e-08 1.0548053043229239e-06 1.0567866402901755e-05 1.0242501036069976e-05
leaf_weight=189109 125933 590 521 1706 33 32 42 32 31 35 22 20 27 104 24 38 27 38 657 22 348 6243 189 20 20 72 424 35 168 30
leaf_count=189109 125933 590 521 1706 33 32 42 32 31 35 22 20 27 104 24 38 27 38 657 22 348 6243 189 20 20 72 424 35 168 30
internal_value=4.06632e-12 1.90046e-07 2.21621e-07 2.59989e-06 -2.5985e-06 -2.59447e-05 9.68852e-08 3.58055e-06 7.86796e-06 2.81291e-06 -6.37096e-06 -2.44352e-05 1.29616e-05 6.84677e-06 2.69103e-06 3.23792e-05 5.45233e-06 -4.053e-06 3.03095e-06 1.17984e-06 6.21375e-06 -6.78095e-07 -4.25435e-06 -1.07872e-05 1.72002e-07 4.67155e-06 2.02012e-06 1.56737e-05 6.95736e-06 -3.68413e-06
internal_weight=326592 200659 193617 3957 628 65 563 3329 572 541 284 120 257 164 2757 60 100 73 2733 1728 1005 7042 799 209 189660 551 444 107 225 57
internal_count=326592 200659 193617 3957 628 65 563 3329 572 541 284 120 257 164 2757 60 100 73 2733 1728 1005 7042 799 209 189660 551 444 107 225 57
cat_boundaries=0 1 2
cat_threshold=1 1
is_linear=0
shrinkage=0.05


Tree=225
num_leaves=31
num_cat=1
split_feature=33 15 15 4 11 24 11 26 11 3 11 0 25 8 15 4 27 4 24 14 14 8 13 4 24 26 14 11 25 24
split_gain=6.78472e-06 2.03469e-06 2.90991e-06 3.7451e-06 1.06884e-05 5.93049e-06 1.74855e-05 5.71741e-06 4.8891e-06 3.63379e-06 1.49984e-05 1.02218e-05 4.2298e-06 3.6113e-06 3.84719e-06 4.89667e-06 3.27788e-06 3.1522e-06 1.02253e-05 2.23556e-05 4.20904e-05 1.912e-05 1.15398e-05 8.69402e-06 6.15825e-06 3.07405e-06 3.26983e-06 2.83447e-06 9.18904e-06 1.32549e-05
threshold=1.0000000180025095e-35 4.5000000000000009 1.5000000000000002 44.000000000000007 41.000000000000007 1.0000000180025095e-35 45.500000000000007 8.5000000000000018 54.500000000000007 1.5000000000000002 41.000000000000007 0 4.5000000000000009 95.000000000000014 2.5000000000000004 76.000000000000014 12.500000000000002 39.000000000000007 3.5000000000000004 2.5000000000000004 5.5000000000000009 75.000000000000014 2.5000000000000004 37.000000000000007 2.5000000000000004 15.500000000000002 1.5000000000000002 10.500000000000002 3.5000000000000004 4.5000000000000009
decision_type=2 2 2 2 2 2 2 2 2 2 2 1 2 2 2 2 2 2 2 2 2 2 2 2 2 2 2 2 2 2
left_child=1 2 9 -4 -5 7 -7 13 -9 17 12 -12 -11 -6 15 -15 -16 18 22 23 21 -21 24 -20 -1 -14 -27 28 -3 -30
right_child=-2 27 3 4 5 6 -8 8 -10 10 11 -13 25 14 16 -17 -18 -19 19 20 -22 -23 -24 -25 -26 26 -28 -29 29 -31
leaf_value=1.0055244899430202e-05 -2.876648341376782e-07 -1.1833897618728996e-06 2.2486321035908947e-07 5.1628177907935599e-07 4.9585298042717011e-09 4.9771561720667202e-05 4.065251484843752e-06 -3.2331421728789185e-05 1.3971395508798941e-06 -4.7464556718028831e-07 -5.9698358960538202e-06 -2.7021452541671824e-05 -2.3489865258131337e-05 5.5695739761701516e-06 2.4485802314813291e-06 1.8305487875372217e-05 1.6744757832805967e-05 3.4180935478606267e-07 3.717096177362172e-05 -2.9120696074512255e-05 5.5489664922717177e-06 -8.8665692587360705e-05 -7.6104673801012377e-07 -2.7328080110377275e-06 4.0892011602409186e-05 -2.2563175618573873e-05 -1.7657065980975465e-06 -2.9097804151794002e-08 -4.7576990506898331e-05 -5.1447571494795813e-06
leaf_weight=85 125933 2433 91212 25679 680 27 93 21 22 5132 171 87 29 832 1817 83 41 26614 21 28 51 26 7598 39 20 23 106 37600 26 63
leaf_count=85 125933 2433 91212 25679 680 27 93 21 22 5132 171 87 29 832 1817 83 41 26614 21 28 51 26 7598 39 20 23 106 37600 26 63
internal_value=3.86219e-12 1.80544e-07 2.6014e-07 3.8283e-07 8.74671e-07 3.41977e-06 1.43492e-05 3.04462e-06 -1.50749e-05 -1.09207e-07 -1.29685e-06 -1.30686e-05 -7.22723e-07 3.27026e-06 4.07099e-06 6.72485e-06 2.76405e-06 8.18786e-08 -7.97353e-07 -1.31132e-05 -2.70256e-05 -5.77905e-05 -5.33545e-07 1.12335e-05 1.59289e-05 -8.78053e-06 -5.47378e-06 -1.37939e-07 -1.76063e-06 -1.75407e-05
internal_weight=326592 200659 160537 120507 29295 3616 120 3496 43 40030 5548 258 5290 3453 2773 915 1858 34482 7868 165 105 54 7703 60 105 158 129 40122 2522 89
internal_count=326592 200659 160537 120507 29295 3616 120 3496 43 40030 5548 258 5290 3453 2773 915 1858 34482 7868 165 105 54 7703 60 105 158 129 40122 2522 89
cat_boundaries=0 1
cat_threshold=1
is_linear=0
shrinkage=0.05


Tree=226
num_leaves=31
num_cat=2
split_feature=33 12 15 15 25 26 25 4 24 24 25 24 25 6 15 12 14 26 26 24 27 26 27 13 26 26 26 6 27 15
split_gain=6.12321e-06 2.00748e-06 1.9178e-06 6.04768e-06 1.23168e-05 1.71684e-05 9.91411e-06 7.87985e-06 5.57416e-06 4.38399e-05 5.23977e-06 4.55413e-05 6.67344e-06 9.65448e-06 6.16262e-06 5.12277e-06 4.78161e-06 1.64582e-05 4.85354e-06 4.69197e-06 3.97455e-06 4.66811e-06 3.95467e-06 3.74093e-06 5.49736e-06 3.50086e-06 2.77681e-06 5.61291e-06 5.18764e-06 4.21011e-06
threshold=1.0000000180025095e-35 0.47640000000000005 2.5000000000000004 1.5000000000000002 3.5000000000000004 7.5000000000000009 1.5000000000000002 44.000000000000007 2.5000000000000004 4.5000000000000009 4.5000000000000009 2.5000000000000004 2.5000000000000004 0 4.5000000000000009 0.4472000000000001 2.5000000000000004 34.000000000000007 29.500000000000004 4.5000000000000009 21.500000000000004 7.5000000000000009 22.500000000000004 1.5000000000000002 10.500000000000002 19.000000000000004 7.5000000000000009 1 12.500000000000002 4.5000000000000009
decision_type=2 2 2 2 2 2 2 2 2 2 2 2 2 1 2 2 2 2 2 2 2 2 2 2 2 2 2 1 2 2
left_child=1 2 3 7 6 -6 15 8 20 -10 12 -12 26 -14 -15 -5 18 -18 -11 -7 21 -1 -21 24 -13 -25 28 -28 -4 -30
right_child=-2 -3 10 4 5 19 -8 -9 9 16 11 23 13 14 -16 -17 17 -19 -20 22 -22 -23 -24 25 -26 -27 27 -29 29 -31
leaf_value=-5.389685782089445e-08 -2.7328158482884064e-07 2.6501479063506446e-07 -3.0591897478575071e-07 6.5810998432898448e-08 4.8187870084677407e-05 3.0459310946753251e-05 -2.6504910384215749e-05 -5.6899366742573415e-06 -6.5361949412457262e-05 2.1364509193517734e-06 -7.8869958888390097e-05 2.4989740292697278e-05 3.3370105544842472e-05 1.7011853513747241e-05 -1.4034094709297115e-05 2.3894805805352351e-06 4.094665880483244e-06 -3.9993407066234529e-05 3.0318278907192179e-05 1.8595371469462745e-05 1.1522861790876346e-05 -2.2133728634798899e-05 1.5598941434113731e-06 -7.6074556650277734e-06 2.5341731088701633e-07 4.5962408357524969e-07 -1.2657703516190378e-05 1.6858043519667782e-06 9.7582646892940462e-06 -2.3729522231755815e-06
leaf_weight=9281 125933 148689 29808 6265 29 20 33 703 29 50 20 26 36 31 33 3817 98 27 22 43 74 24 164 346 165 220 133 140 229 104
leaf_count=9281 125933 148689 29808 6265 29 20 33 703 29 50 20 26 36 31 33 3817 98 27 22 43 74 24 164 346 165 220 133 140 229 104
internal_value=3.67335e-12 1.71517e-07 -9.59864e-08 2.77643e-07 1.13011e-06 1.19612e-05 8.55985e-07 -5.80033e-07 -2.06033e-07 -7.96556e-06 -3.42903e-07 -4.39757e-06 -2.39656e-07 1.26557e-05 1.00379e-06 9.45542e-07 4.83655e-07 -5.42836e-06 1.07476e-05 7.33308e-06 -1.90569e-08 -1.10846e-07 5.09866e-06 -2.43001e-06 3.62067e-06 -4.47184e-06 -2.82056e-07 -5.30206e-06 -2.36587e-07 5.96954e-06
internal_weight=326592 200659 51970 20679 10371 256 10115 10308 9605 226 31291 777 30514 100 64 10082 197 125 72 227 9379 9305 207 757 191 566 30414 273 30141 333
internal_count=326592 200659 51970 20679 10371 256 10115 10308 9605 226 31291 777 30514 100 64 10082 197 125 72 227 9379 9305 207 757 191 566 30414 273 30141 333
cat_boundaries=0 1 2
cat_threshold=2 4
is_linear=0
shrinkage=0.05


Tree=227
num_leaves=31
num_cat=3
split_feature=33 26 27 4 26 14 26 8 27 24 15 14 27 17 15 14 8 0 0 15 24 25 1 25 17 12 24 6 24 25
split_gain=5.52619e-06 1.83163e-06 8.02369e-06 7.02405e-06 0.000118986 0.000105742 2.36887e-05 5.37621e-05 3.04529e-05 1.87562e-05 2.57454e-05 2.48313e-05 9.83687e-06 1.05802e-05 8.61529e-06 6.83018e-06 1.56715e-05 6.28972e-06 6.12936e-06 5.77567e-06 9.02952e-06 1.62227e-05 5.76841e-06 5.55778e-06 5.53898e-06 6.49252e-06 5.07918e-06 4.18398e-06 6.12292e-06 2.15753e-05
threshold=1.0000000180025095e-35 7.5000000000000009 7.5000000000000009 39.000000000000007 5.5000000000000009 4.5000000000000009 5.5000000000000009 85.000000000000014 34.000000000000007 4.5000000000000009 2.5000000000000004 2.5000000000000004 29.500000000000004 1.0000000180025095e-35 2.5000000000000004 2.5000000000000004 85.000000000000014 0 1 2.5000000000000004 3.5000000000000004 2.5000000000000004 30.000000000000004 3.5000000000000004 1.0000000180025095e-35 0.48890000000000006 1.0000000180025095e-35 2 2.5000000000000004 3.5000000000000004
decision_type=2 2 2 2 2 2 2 2 2 2 2 2 2 2 2 2 2 1 1 2 2 2 2 2 2 2 2 1 2 2
left_child=1 2 -1 4 12 -6 15 9 -9 11 -11 -8 23 17 -13 16 -5 -14 24 -20 21 -21 -22 -4 -17 -26 -16 -3 29 -29
right_child=-2 27 3 6 5 -7 7 8 -10 10 -12 14 13 -15 26 18 -18 -19 19 20 22 -23 -24 -25 25 -27 -28 28 -30 -31
leaf_value=1.4525812519943327e-07 -2.5961751207267063e-07 2.0332336084352655e-06 6.6926331890886828e-07 -3.6861209373455495e-05 -0.0001640108921856154 -2.1313516363325352e-05 5.3495057136387915e-05 2.4810172294564837e-05 9.4930570339784041e-05 -6.1396426595324149e-05 7.6293832846983737e-06 2.1642715904762915e-05 2.13388546187941e-05 4.0486315005442261e-05 6.9719487907026311e-06 3.3530197040352643e-06 1.0124842664064698e-05 -1.3165552358259446e-05 3.3095024352200376e-07 8.5371030193476452e-06 -2.5844413985082768e-05 4.5164140722420143e-05 5.179295910619981e-06 2.6777897333626503e-05 8.0197914464336541e-06 -4.2097361762761756e-06 -2.4887743912304046e-05 -2.3858995072613748e-06 -1.7079463564464979e-07 -2.7435945330480637e-05
leaf_weight=189660 125933 1220 694 35 20 37 32 32 30 22 35 33 28 35 22 1055 36 25 310 547 29 32 31 21 130 657 29 1551 4180 91
leaf_count=189660 125933 1220 694 35 20 37 32 32 30 22 35 33 28 35 22 1055 36 25 310 547 29 32 31 21 130 657 29 1551 4180 91
internal_value=3.48737e-12 1.62941e-07 1.9175e-07 2.42013e-06 -1.57749e-06 -7.13828e-05 3.53023e-06 1.87908e-05 5.87394e-05 4.47397e-06 -1.90122e-05 1.60146e-05 3.37755e-06 1.91519e-05 1.73628e-06 2.27718e-06 -1.30373e-05 5.06319e-06 2.66676e-06 5.9312e-06 8.64807e-06 1.05614e-05 -9.8155e-06 1.43609e-06 9.84914e-07 -2.18961e-06 -1.11443e-05 -6.29165e-07 -1.18707e-06 -3.77418e-06
internal_weight=326592 200659 193617 3957 860 57 3097 235 62 173 57 116 803 88 84 2862 71 53 2791 949 639 579 60 715 1842 787 51 7042 5822 1642
internal_count=326592 200659 193617 3957 860 57 3097 235 62 173 57 116 803 88 84 2862 71 53 2791 949 639 579 60 715 1842 787 51 7042 5822 1642
cat_boundaries=0 1 2 3
cat_threshold=1 1 2
is_linear=0
shrinkage=0.05


Tree=228
num_leaves=31
num_cat=2
split_feature=33 12 15 15 25 24 25 4 24 24 4 4 25 24 25 6 15 8 27 26 24 4 27 26 6 27 15 14 15 8
split_gain=4.98739e-06 1.86649e-06 1.74232e-06 5.45153e-06 1.0848e-05 1.54632e-05 8.96747e-06 7.10618e-06 5.11763e-06 3.93357e-05 5.03217e-06 4.8001e-06 4.74095e-06 3.79289e-05 5.62235e-06 8.75773e-06 5.5458e-06 4.34375e-06 3.48742e-06 4.16199e-06 3.00283e-06 1.2007e-05 2.80808e-06 2.46179e-06 4.93855e-06 4.11139e-06 3.66315e-06 2.44198e-06 2.16054e-06 2.02747e-06
threshold=1.0000000180025095e-35 0.47640000000000005 2.5000000000000004 1.5000000000000002 3.5000000000000004 4.5000000000000009 1.5000000000000002 44.000000000000007 2.5000000000000004 4.5000000000000009 44.000000000000007 37.000000000000007 4.5000000000000009 2.5000000000000004 2.5000000000000004 0 4.5000000000000009 85.000000000000014 21.500000000000004 7.5000000000000009 4.5000000000000009 41.000000000000007 22.500000000000004 7.5000000000000009 1 12.500000000000002 4.5000000000000009 2.5000000000000004 4.5000000000000009 85.000000000000014
decision_type=2 2 2 2 2 2 2 2 2 2 2 2 2 2 2 1 2 2 2 2 2 2 2 2 1 2 2 2 2 2
left_child=1 2 3 7 6 -6 10 8 18 -10 17 -11 14 -14 23 -16 -17 -5 19 29 21 -15 -7 25 28 -4 -27 -20 -25 -1
right_child=-2 -3 12 4 5 22 -8 -9 9 11 -12 -13 13 20 15 16 -18 -19 27 -21 -22 -23 -24 24 -26 26 -28 -29 -30 -31
leaf_value=-1.1356730103722239e-06 -2.4663664035028643e-07 2.4494900249965135e-07 -2.9811272319386286e-07 2.147762925134154e-06 4.1123639105510822e-05 1.763057460816209e-05 -2.5216780787476723e-05 -5.413898075039082e-06 -6.2009171685123633e-05 -2.1104795229368158e-05 5.050470590343147e-06 3.1998767702855825e-06 -7.2159117335104386e-05 3.08688878188453e-05 3.1324997401801132e-05 1.5684296303950232e-05 -1.3766996008515972e-05 -1.5112949613975732e-07 2.2768240564295815e-05 -2.0907747239107269e-05 -3.3402981886093655e-06 -1.3161063088773517e-05 3.3775679050698027e-06 -7.5005968149829041e-06 1.5487786406863183e-06 8.8226374670149193e-06 -2.4931504430451943e-06 3.9002157326978436e-06 -2.1125136883584188e-05 4.4813114665681963e-07
leaf_weight=2973 125933 148689 29808 3033 37 43 33 703 29 23 678 174 20 30 36 31 33 6371 27 24 695 32 176 90 140 229 104 47 43 6308
leaf_count=2973 125933 148689 29808 3033 37 43 33 703 29 23 678 174 20 30 36 31 33 6371 27 24 695 32 176 90 140 229 104 47 43 6308
internal_value=3.31219e-12 1.54794e-07 -1.03145e-07 2.5298e-07 1.06234e-06 1.12271e-05 8.0508e-07 -5.61326e-07 -2.06161e-07 -7.64114e-06 8.90254e-07 3.62275e-07 -3.38494e-07 -4.19534e-06 -2.40285e-07 1.1596e-05 4.98474e-07 5.90315e-07 -2.70048e-08 -1.12986e-07 -2.39973e-06 8.14375e-06 6.1761e-06 -2.79202e-07 -5.00588e-06 -2.36391e-07 5.28858e-06 1.07845e-05 -1.19055e-05 -5.92118e-08
internal_weight=326592 200659 51970 20679 10371 256 10115 10308 9605 226 10082 197 31291 777 30514 100 64 9404 9379 9305 757 62 219 30414 273 30141 333 74 133 9281
internal_count=326592 200659 51970 20679 10371 256 10115 10308 9605 226 10082 197 31291 777 30514 100 64 9404 9379 9305 757 62 219 30414 273 30141 333 74 133 9281
cat_boundaries=0 1 2
cat_threshold=2 4
is_linear=0
shrinkage=0.05


Tree=229
num_leaves=31
num_cat=1
split_feature=33 15 11 25 26 14 27 8 4 4 4 13 25 4 13 14 13 24 25 24 0 27 8 26 26 24 27 11 7 13
split_gain=4.50112e-06 1.71575e-06 2.60806e-06 8.32785e-06 9.42747e-06 5.6172e-06 3.7946e-06 2.61156e-06 4.51503e-06 1.18495e-05 1.21303e-05 6.11714e-06 5.06533e-06 3.22589e-06 1.08318e-05 2.95366e-05 6.50464e-06 3.52445e-05 6.36794e-06 8.53868e-06 8.05601e-06 7.71882e-06 2.5707e-06 2.50209e-06 1.28521e-05 8.43282e-06 3.89264e-06 3.28916e-06 3.3277e-06 3.29007e-06
threshold=1.0000000180025095e-35 4.5000000000000009 10.500000000000002 4.5000000000000009 17.000000000000004 2.5000000000000004 18.500000000000004 110.00000000000001 44.000000000000007 79.500000000000014 76.000000000000014 1.5000000000000002 3.5000000000000004 39.000000000000007 1.5000000000000002 4.5000000000000009 1.5000000000000002 3.5000000000000004 1.5000000000000002 4.5000000000000009 0 21.500000000000004 75.000000000000014 7.5000000000000009 5.5000000000000009 1.5000000000000002 12.500000000000002 47.500000000000007 11.000000000000002 3.5000000000000004
decision_type=2 2 2 2 2 2 2 2 2 2 2 2 2 2 2 2 2 2 2 2 1 2 2 2 2 2 2 2 2 2
left_child=1 -1 3 6 -5 -6 -3 13 11 10 12 -9 -10 14 15 -4 17 -15 -16 20 -20 -22 -17 24 26 -26 -18 28 -28 -30
right_child=-2 2 7 4 5 -7 -8 8 9 -11 -12 -13 -14 16 18 22 23 -19 19 -21 21 -23 -24 -25 25 -27 27 -29 29 -31
leaf_value=2.2014647225686977e-07 -2.3430480234659416e-07 -1.4115993906381081e-06 -5.3585410267779869e-05 -4.6462118232392684e-05 -2.7622435568662783e-05 5.0875471216776146e-06 1.6480990537578086e-05 -2.7374152148240684e-05 -7.5149775920259489e-06 4.6672507052426782e-07 -2.6984687103643355e-05 4.3841571146614937e-07 1.7705621732082881e-05 6.749354979547206e-05 -8.7271542586883311e-07 2.043307980611211e-05 1.8576480779865306e-07 1.9598366131839086e-06 -1.0506218647302983e-06 -1.6000644751905067e-06 4.8415193305118009e-05 1.1564959667911926e-05 -3.5213914998166732e-06 -2.5319489754607581e-06 2.4708742801687385e-05 -4.610694925170666e-06 2.0704777730193079e-05 -4.7335031476444491e-06 -7.241717617034738e-06 6.7472979451354722e-06
leaf_weight=160537 125933 2415 35 21 21 35 30 20 383 656 85 1719 21 23 7274 21 25563 190 30 98 30 27 24 777 88 34 37 79 48 338
leaf_count=160537 125933 2415 35 21 21 35 30 20 383 656 85 1719 21 23 7274 21 25563 190 30 98 30 27 24 777 88 34 37 79 48 338
internal_value=3.14888e-12 1.47054e-07 -1.45404e-07 -1.70194e-06 -1.78924e-05 -7.1787e-06 -1.19206e-06 -4.10007e-08 -1.48675e-06 -3.92484e-06 -9.81619e-06 1.18547e-07 -6.20401e-06 7.91038e-08 -8.36007e-07 -1.91364e-05 3.32959e-07 9.03625e-06 -6.3973e-07 8.521e-06 1.99217e-05 3.09598e-05 7.65736e-06 2.64208e-07 3.47173e-07 1.65378e-05 2.71392e-07 4.6317e-06 6.38076e-06 5.00773e-06
internal_weight=326592 200659 40122 2522 77 56 2445 37600 2884 1145 489 1739 404 34716 7539 80 27177 213 7459 185 87 57 45 26964 26187 122 26065 502 423 386
internal_count=326592 200659 40122 2522 77 56 2445 37600 2884 1145 489 1739 404 34716 7539 80 27177 213 7459 185 87 57 45 26964 26187 122 26065 502 423 386
cat_boundaries=0 1
cat_threshold=1
is_linear=0
shrinkage=0.05


Tree=230
num_leaves=31
num_cat=0
split_feature=11 22 12 11 3 26 13 24 19 18 13 11 19 18 16 13 18 19 16 16 19 4 27 24 4 8 24 26 4 26
split_gain=2.976e-06 1.76852e-06 2.00507e-06 2.60019e-06 5.83226e-06 8.178e-06 1.71867e-05 7.63476e-06 4.52024e-06 6.35222e-06 4.80739e-06 4.35812e-06 1.9097e-05 3.10572e-05 3.87404e-06 4.56728e-06 3.3365e-06 2.28204e-06 1.79076e-06 1.40122e-06 4.71936e-06 6.35445e-06 4.81626e-06 9.34897e-06 4.65026e-06 3.24053e-06 3.02955e-06 2.51499e-05 1.13159e-05 2.33727e-06
threshold=8.5000000000000018 1.0000000180025095e-35 0.48890000000000006 44.500000000000007 1.5000000000000002 8.5000000000000018 4.5000000000000009 4.5000000000000009 1.0000000180025095e-35 1.0000000180025095e-35 4.5000000000000009 41.000000000000007 1.0000000180025095e-35 1.0000000180025095e-35 1.0000000180025095e-35 5.5000000000000009 1.0000000180025095e-35 1.0000000180025095e-35 1.0000000180025095e-35 1.0000000180025095e-35 1.0000000180025095e-35 44.000000000000007 29.500000000000004 3.5000000000000004 44.000000000000007 85.000000000000014 2.5000000000000004 9.5000000000000018 39.000000000000007 7.5000000000000009
decision_type=2 2 2 2 2 2 2 2 2 2 2 2 2 2 2 2 2 2 2 2 2 2 2 2 2 2 2 2 2 2
left_child=-1 2 19 11 8 6 -6 -7 9 10 -5 -4 13 14 15 -13 17 18 -8 -2 22 26 24 -24 25 -21 -22 28 -28 -25
right_child=1 -3 3 4 5 7 16 -9 -10 -11 -12 12 -14 -15 -16 -17 -18 -19 -20 20 21 -23 23 29 -26 -27 27 -29 -30 -31
leaf_value=-2.2847618098505109e-07 -3.0480004191494616e-07 -2.2900094326757041e-07 2.4913038842685599e-07 1.8765508299539389e-05 3.9300643361962615e-05 -4.1940410269687521e-05 -1.4408453807845945e-07 -2.3932601694608684e-06 1.0426579190371363e-05 9.8121768806400518e-06 -4.9332317692038696e-07 2.4192800370096498e-05 -2.5713601418578163e-05 -2.5635453810750999e-05 1.7979015075765989e-05 1.4232124158297666e-06 -8.0060824984684593e-06 -4.9250706069869924e-06 6.3377992773894221e-06 1.8241766325890743e-06 -2.8505481559798586e-08 -5.0920365721635737e-06 3.087571646598942e-05 1.6407258018347194e-05 4.786939768717404e-06 -1.1524599998554968e-07 -6.8675791198984383e-05 -2.6681718390563953e-07 -1.5487570990444511e-05 1.8730936816092591e-06
leaf_weight=99222 32730 34678 135861 34 27 23 319 26 239 239 690 26 87 85 85 144 149 157 160 3170 9663 712 37 32 678 6719 20 356 20 204
leaf_count=99222 32730 34678 135861 34 27 23 319 26 239 239 690 26 87 85 85 144 149 157 160 3170 9663 712 37 32 678 6719 20 356 20 204
internal_value=2.99118e-12 9.9709e-08 1.58866e-07 2.59948e-07 2.02177e-06 -1.11939e-06 7.766e-08 -2.09562e-05 4.27179e-06 2.74428e-06 4.11097e-07 2.33279e-07 -4.81013e-06 5.387e-07 9.26342e-06 4.90562e-06 -1.27141e-06 3.06366e-07 2.02105e-06 -9.84882e-08 2.13972e-07 -5.27271e-07 9.50497e-07 7.50749e-06 7.81097e-07 5.06452e-07 -2.04166e-07 -4.49054e-06 -4.20817e-05 3.84383e-06
internal_weight=326592 227370 192692 138351 2063 861 812 49 1202 963 724 136288 427 340 255 170 785 636 479 54341 21611 10771 10840 273 10567 9889 10059 396 40 236
internal_count=326592 227370 192692 138351 2063 861 812 49 1202 963 724 136288 427 340 255 170 785 636 479 54341 21611 10771 10840 273 10567 9889 10059 396 40 236
is_linear=0
shrinkage=0.05


Tree=231
num_leaves=31
num_cat=1
split_feature=33 12 26 25 18 26 24 4 14 13 27 17 26 27 25 6 26 24 14 11 26 19 24 14 27 27 25 17 14 26
split_gain=3.68301e-06 1.50081e-06 1.46655e-06 1.73862e-05 5.3181e-06 1.93763e-05 5.04711e-05 5.87073e-06 4.59906e-05 1.2438e-05 4.61016e-06 3.59673e-06 3.26285e-06 3.71138e-06 2.73928e-06 2.59644e-06 9.06407e-06 3.35645e-06 9.94373e-06 3.14615e-06 4.13511e-06 8.76161e-06 3.05034e-06 7.35591e-06 2.66118e-06 2.4375e-06 1.92714e-06 1.7579e-06 2.47936e-06 6.44294e-06
threshold=1.0000000180025095e-35 0.47640000000000005 3.0000000000000004 3.5000000000000004 1.0000000180025095e-35 6.5000000000000009 1.5000000000000002 37.000000000000007 2.5000000000000004 2.5000000000000004 21.500000000000004 1.0000000180025095e-35 12.500000000000002 34.000000000000007 2.5000000000000004 0 15.500000000000002 4.5000000000000009 4.5000000000000009 59.000000000000007 12.500000000000002 1.0000000180025095e-35 2.5000000000000004 5.5000000000000009 22.500000000000004 26.500000000000004 3.5000000000000004 1.0000000180025095e-35 2.5000000000000004 12.500000000000002
decision_type=2 2 2 2 2 2 2 2 2 2 2 2 2 2 2 1 2 2 2 2 2 2 2 2 2 2 2 2 2 2
left_child=1 2 3 25 7 6 -6 8 9 11 14 -4 13 26 -7 16 -9 18 -18 20 21 22 24 -24 -17 -1 -12 28 29 -21
right_child=-2 -3 4 -5 5 10 -8 15 -10 -11 12 -13 -14 -15 -16 19 17 -19 -20 27 -22 -23 23 -25 -26 -27 -28 -29 -30 -31
leaf_value=-8.024096066066464e-08 -2.1194468233791677e-07 2.1386324973385967e-07 3.8371372591847413e-05 4.3415415537943454e-05 1.6576813795836642e-05 -2.1073001926197323e-05 -9.5752052866373565e-05 3.5707458160190568e-05 -5.6519662673867737e-05 -1.1637106235423011e-05 1.1346102803058568e-05 1.1809897576313234e-05 -2.9148841589529995e-06 2.4967936820758043e-05 -2.1871223161440412e-06 -1.9393826611728097e-06 3.8025012812189138e-05 7.2072662994971279e-08 -4.010226000579731e-06 3.1321266277669131e-05 -2.2522978892706931e-07 -3.3430394012157194e-05 2.7821369058940384e-05 -8.8833495959615676e-06 -2.3576643730781075e-05 8.7654898979467485e-06 -1.0074529442742157e-05 -4.6150019433926651e-07 2.0869675247652325e-06 1.2283254087062391e-06
leaf_weight=49965 125933 148689 26 23 20 48 20 22 38 41 21 25 216 25 32 30 24 258 34 29 333 32 21 39 27 78 21 291 185 46
leaf_count=49965 125933 148689 26 23 20 48 20 22 38 41 21 25 216 25 32 30 24 258 34 29 333 32 21 39 27 78 21 291 185 46
internal_value=2.83907e-12 1.3302e-07 -9.82751e-08 -4.64782e-08 -1.46028e-06 -6.56008e-06 -3.95876e-05 -9.10518e-08 -1.02459e-05 8.86719e-06 -2.92068e-06 2.5351e-05 7.52173e-08 9.71495e-06 -1.35187e-05 8.71843e-07 4.67577e-06 2.51534e-06 1.33837e-05 -3.72812e-07 -3.32308e-06 -1.02465e-05 -3.90558e-06 3.9633e-06 -1.21886e-05 -6.64535e-08 6.35787e-07 2.20801e-06 5.1958e-06 1.28643e-05
internal_weight=326592 200659 51970 50066 1904 403 40 1501 130 92 363 51 283 67 80 1371 338 316 58 1033 482 149 117 60 57 50043 42 551 260 75
internal_count=326592 200659 51970 50066 1904 403 40 1501 130 92 363 51 283 67 80 1371 338 316 58 1033 482 149 117 60 57 50043 42 551 260 75
cat_boundaries=0 1
cat_threshold=1
is_linear=0
shrinkage=0.05


Tree=232
num_leaves=31
num_cat=1
split_feature=33 15 11 25 26 4 27 15 4 26 24 24 15 3 11 0 25 11 15 11 26 4 24 26 27 4 26 26 11 11
split_gain=3.32392e-06 1.47798e-06 2.33184e-06 7.51605e-06 8.50771e-06 3.42495e-06 3.42396e-06 2.30284e-06 3.4754e-06 1.38341e-05 1.68183e-05 9.23753e-05 4.83532e-06 3.26455e-06 1.22625e-05 8.24922e-06 3.74079e-06 3.2127e-06 5.08297e-06 2.95178e-06 2.74044e-06 2.64436e-06 8.55269e-06 1.70396e-05 1.13135e-05 5.01086e-06 2.53635e-06 2.17933e-06 1.12347e-05 4.742e-06
threshold=1.0000000180025095e-35 4.5000000000000009 10.500000000000002 4.5000000000000009 17.000000000000004 76.000000000000014 18.500000000000004 1.5000000000000002 76.000000000000014 1.0000000180025095e-35 4.5000000000000009 1.5000000000000002 2.5000000000000004 1.5000000000000002 41.000000000000007 0 4.5000000000000009 41.000000000000007 2.5000000000000004 36.000000000000007 15.500000000000002 39.000000000000007 3.5000000000000004 12.500000000000002 22.500000000000004 37.000000000000007 12.500000000000002 8.5000000000000018 16.500000000000004 8.5000000000000018
decision_type=2 2 2 2 2 2 2 2 2 2 2 2 2 2 2 1 2 2 2 2 2 2 2 2 2 2 2 2 2 2
left_child=1 7 3 6 -5 -6 -3 13 -9 17 11 27 -12 21 16 -16 -15 -10 -19 -14 -18 22 24 -24 -1 -25 -26 28 -11 -29
right_child=-2 2 -4 4 5 -7 -8 8 9 10 12 -13 19 14 15 -17 20 18 -20 -21 -22 -23 23 25 26 -27 -28 29 -30 -31
leaf_value=-7.1603757929416676e-07 -2.0134744896360876e-07 -1.3410205198473571e-06 -4.6348192487084034e-08 -4.4138281850791827e-05 8.5517126453024414e-06 -1.6766912698157657e-05 1.5655284211485802e-05 2.1840769223801904e-07 5.8039379248686566e-07 3.2815533598105232e-05 9.2713408546475125e-06 0.00010014700494745437 -5.8389945705771123e-06 -5.0762252299409807e-07 -5.5269964773899592e-06 -2.443861499316348e-05 -2.2206892591102275e-05 1.6436577057157341e-05 1.2200657951280499e-06 1.3491419320582117e-05 -5.1964741505234864e-06 2.8482972740118604e-07 -4.4157871676967875e-05 -2.1209443389125227e-05 9.9819694797689503e-06 1.522591933394324e-06 2.765349724811401e-05 -1.1087030669351897e-05 -1.0360627480590584e-06 8.774262095572924e-06
leaf_weight=7621 125933 2415 37600 21 22 34 30 109544 10099 43 104 30 193 5132 171 87 29 83 162 22 129 26614 33 32 45 100 37 39 57 131
leaf_count=7621 125933 2415 37600 21 22 34 30 109544 10099 43 104 30 193 5132 171 87 29 83 162 22 129 26614 33 32 45 100 37 39 57 131
internal_value=2.6974e-12 1.26369e-07 -1.45069e-07 -1.61687e-06 -1.69979e-05 -6.82031e-06 -1.13248e-06 1.94208e-07 3.03352e-07 1.15213e-06 8.41286e-06 1.69115e-05 4.20391e-07 -1.34361e-07 -1.26005e-06 -1.19042e-05 -7.40919e-07 7.17641e-07 6.37505e-06 -3.861e-06 -8.31864e-06 4.67563e-08 -7.58542e-07 -1.20221e-05 -5.17273e-07 -3.9882e-06 1.79557e-05 7.66314e-06 1.35201e-05 4.21785e-06
internal_weight=326592 200659 40122 2522 77 56 2445 160537 120507 10963 619 300 319 40030 5548 258 5290 10344 245 215 158 34482 7868 165 7703 132 82 270 100 170
internal_count=326592 200659 40122 2522 77 56 2445 160537 120507 10963 619 300 319 40030 5548 258 5290 10344 245 215 158 34482 7868 165 7703 132 82 270 100 170
cat_boundaries=0 1
cat_threshold=1
is_linear=0
shrinkage=0.05


Tree=233
num_leaves=31
num_cat=2
split_feature=33 26 27 19 25 24 27 27 3 0 14 14 13 4 17 13 14 11 0 25 11 17 11 11 17 8 4 11 4 4
split_gain=2.99984e-06 1.52484e-06 6.86602e-06 6.62184e-06 1.23361e-05 5.73295e-05 5.39067e-06 4.69481e-06 8.99286e-05 1.69945e-05 2.32767e-05 2.16903e-05 0.000164371 2.11831e-05 2.16682e-05 1.2466e-05 8.58964e-06 7.70881e-06 5.26447e-06 9.01474e-06 6.82461e-06 5.71685e-06 5.79775e-06 5.20467e-06 3.80045e-06 6.43652e-06 9.01051e-06 5.71524e-06 5.31608e-06 3.70923e-06
threshold=1.0000000180025095e-35 7.5000000000000009 7.5000000000000009 1.0000000180025095e-35 4.5000000000000009 4.5000000000000009 23.500000000000004 26.500000000000004 1.5000000000000002 0 2.5000000000000004 4.5000000000000009 1.5000000000000002 39.000000000000007 1.0000000180025095e-35 2.5000000000000004 1.5000000000000002 41.000000000000007 1 3.5000000000000004 41.000000000000007 1.0000000180025095e-35 43.000000000000007 47.500000000000007 1.0000000180025095e-35 85.000000000000014 42.500000000000007 47.500000000000007 42.500000000000007 37.000000000000007
decision_type=2 2 2 2 2 2 2 2 2 1 2 2 2 2 2 2 2 2 1 2 2 2 2 2 2 2 2 2 2 2
left_child=1 2 -1 7 6 -6 -5 15 9 10 -9 12 -11 14 -13 -4 17 -14 19 21 -20 22 -17 -23 27 26 -26 28 -12 -3
right_child=-2 29 3 4 5 -7 -8 8 -10 11 24 13 16 -15 -16 18 -18 -19 20 -21 -22 23 -24 -25 25 -27 -28 -29 -30 -31
leaf_value=1.0332955206287301e-07 -1.9128007598302322e-07 -7.1640748440599373e-06 -3.3637289106991375e-05 -1.5095718460895329e-06 -6.9365973688422164e-05 2.4559560301895544e-05 1.711138373225584e-05 5.1689116662601013e-05 9.0039051898319514e-05 -0.00015296230587409811 3.569859834290886e-05 -5.2657031725781657e-07 -1.9207495971364199e-05 -7.7865876339007387e-06 5.9568127665746338e-05 6.8130829509457218e-06 2.815453256146241e-05 1.3538498026832713e-05 8.432090477650696e-06 -3.091954651030061e-05 -2.2794240969322076e-07 -3.3164341726998707e-06 -2.4387450479906043e-06 7.0100798284267489e-06 1.3871691771782935e-05 2.0257957044123034e-05 -2.0184908694668243e-05 -8.0704655601948613e-06 9.7727836716863944e-06 -4.0198640389271094e-07
leaf_weight=189660 125933 209 24 521 33 32 42 32 31 20 30 30 41 104 30 606 27 32 657 22 348 718 235 147 31 28 52 26 58 6833
leaf_count=189660 125933 209 24 521 33 32 42 32 31 20 30 30 41 104 30 606 27 32 657 22 348 718 235 147 31 28 52 26 58 6833
internal_value=2.56002e-12 1.20051e-07 1.46337e-07 2.20771e-06 -2.50156e-06 -2.31257e-05 -1.20442e-07 3.09609e-06 7.21841e-06 2.47268e-06 1.17884e-05 -5.95742e-06 -2.21112e-05 5.86245e-06 2.95208e-05 2.24082e-06 4.05897e-06 -4.85309e-06 2.55589e-06 8.82335e-07 5.43339e-06 1.29244e-06 4.22785e-06 -1.56152e-06 6.11368e-06 -4.71802e-07 -7.46497e-06 1.25259e-05 1.86111e-05 -6.02679e-07
internal_weight=326592 200659 193617 3957 628 65 563 3329 572 541 257 284 120 164 60 2757 100 73 2733 1728 1005 1706 841 865 225 111 83 114 88 7042
internal_count=326592 200659 193617 3957 628 65 563 3329 572 541 257 284 120 164 60 2757 100 73 2733 1728 1005 1706 841 865 225 111 83 114 88 7042
cat_boundaries=0 1 2
cat_threshold=1 1
is_linear=0
shrinkage=0.05


Tree=234
num_leaves=31
num_cat=2
split_feature=33 26 27 15 13 26 27 3 0 14 14 13 4 15 13 14 15 0 25 11 24 25 13 24 25 25 26 11 15 4
split_gain=2.70735e-06 1.37616e-06 6.19658e-06 5.97621e-06 1.11569e-05 5.36732e-06 4.23706e-06 8.11605e-05 1.53375e-05 2.10072e-05 1.95755e-05 0.000148345 1.91178e-05 1.16057e-05 1.12506e-05 7.75215e-06 9.23516e-06 4.75119e-06 8.1358e-06 6.15921e-06 3.74685e-06 2.24141e-05 1.3221e-05 1.06487e-05 5.17939e-05 1.70457e-05 1.89617e-05 1.28633e-05 1.03741e-05 8.12861e-06
threshold=1.0000000180025095e-35 7.5000000000000009 7.5000000000000009 1.5000000000000002 1.5000000000000002 5.5000000000000009 26.500000000000004 1.5000000000000002 0 2.5000000000000004 4.5000000000000009 1.5000000000000002 39.000000000000007 2.5000000000000004 2.5000000000000004 1.5000000000000002 3.5000000000000004 1 3.5000000000000004 41.000000000000007 2.5000000000000004 3.5000000000000004 2.5000000000000004 3.5000000000000004 3.5000000000000004 4.5000000000000009 17.000000000000004 41.000000000000007 2.5000000000000004 37.000000000000007
decision_type=2 2 2 2 2 2 2 2 1 2 2 2 2 2 2 2 2 1 2 2 2 2 2 2 2 2 2 2 2 2
left_child=1 2 -1 4 -4 -6 14 8 9 -8 11 -10 13 -12 -5 16 -13 18 -16 -19 21 -3 -23 25 -25 -22 -27 -28 29 -26
right_child=-2 20 3 6 5 -7 7 -9 10 -11 12 15 -14 -15 17 -17 -18 19 -20 -21 23 22 -24 24 28 26 27 -29 -30 -31
leaf_value=9.8163077000602616e-08 -1.8171606819510554e-07 -1.1878639077862475e-06 -2.7928270241091014e-05 -3.1955423825517455e-05 -1.946117290189727e-06 1.6810390750434613e-05 4.9104661502497042e-05 8.5537097484414141e-05 -0.0001453141912497813 5.8079926871465032e-06 -8.5610357597364457e-07 -2.3140997670582563e-05 -7.3972585666454579e-06 4.4776806967810878e-05 1.2278194440471208e-06 2.6746805599907896e-05 1.2457191424848709e-05 8.0104858785306615e-06 -2.9373569025830712e-05 -2.1654528235631423e-07 2.600808641518867e-05 -1.2982296004124424e-05 -5.1956023001054066e-05 -6.1913161998210651e-05 2.4681076796523052e-05 -1.520522754683193e-05 4.096534255495499e-06 4.1197392662676678e-05 -1.8987234772529211e-06 2.4294403496740973e-06
leaf_weight=189660 125933 1967 40 24 547 41 32 31 20 225 22 35 104 38 1706 27 38 657 22 348 101 68 32 34 42 97 80 33 2788 1800
leaf_count=189660 125933 1967 40 24 547 41 32 31 20 225 22 35 104 38 1706 27 38 657 22 348 101 68 32 34 42 97 80 33 2788 1800
internal_value=2.43473e-12 1.14048e-07 1.3902e-07 2.09732e-06 -2.37648e-06 -6.38266e-07 2.94128e-06 6.85749e-06 2.34905e-06 1.1199e-05 -5.65955e-06 -2.10057e-05 5.56933e-06 2.80447e-05 2.12878e-06 3.85602e-06 -4.61043e-06 2.42809e-06 8.38218e-07 5.16172e-06 -5.72545e-07 -2.36184e-06 -2.54539e-05 1.70865e-07 -4.26477e-07 9.12909e-06 1.01109e-06 1.49313e-05 2.50447e-08 2.93681e-06
internal_weight=326592 200659 193617 3957 628 588 3329 572 541 257 284 120 164 60 2757 100 73 2733 1728 1005 7042 2067 100 4975 4664 311 210 113 4630 1842
internal_count=326592 200659 193617 3957 628 588 3329 572 541 257 284 120 164 60 2757 100 73 2733 1728 1005 7042 2067 100 4975 4664 311 210 113 4630 1842
cat_boundaries=0 1 2
cat_threshold=1 1
is_linear=0
shrinkage=0.05


Tree=235
num_leaves=31
num_cat=0
split_feature=33 15 11 25 26 14 27 8 11 11 11 13 25 15 11 26 15 24 27 14 24 12 26 8 27 3 11 24 25 12
split_gain=2.44339e-06 1.33904e-06 2.15151e-06 7.28525e-06 8.81618e-06 4.984e-06 2.90518e-06 2.07566e-06 3.94149e-06 9.92211e-06 9.73507e-06 4.94304e-06 4.24657e-06 2.00739e-06 3.13162e-06 5.02343e-06 2.54803e-06 7.69486e-06 1.15563e-05 7.13752e-06 3.30526e-05 1.09703e-05 2.06077e-05 2.42044e-05 6.26765e-06 4.65285e-06 6.14419e-06 4.28508e-06 1.61265e-05 6.85365e-05
threshold=1.0000000180025095e-35 4.5000000000000009 10.500000000000002 4.5000000000000009 17.000000000000004 2.5000000000000004 18.500000000000004 110.00000000000001 76.000000000000014 41.000000000000007 45.500000000000007 1.5000000000000002 3.5000000000000004 1.5000000000000002 8.5000000000000018 5.5000000000000009 2.5000000000000004 1.5000000000000002 21.500000000000004 1.5000000000000002 2.5000000000000004 0.45835000000000009 7.5000000000000009 85.000000000000014 26.500000000000004 1.5000000000000002 41.000000000000007 3.5000000000000004 4.5000000000000009 0.70415000000000016
decision_type=2 2 2 2 2 2 2 2 2 2 2 2 2 2 2 2 2 2 2 2 2 2 2 2 2 2 2 2 2 2
left_child=1 13 3 6 -5 -6 -3 -4 9 -9 -11 -10 -12 14 15 -1 17 18 25 21 -21 24 -23 -24 -19 -15 -27 28 -18 -30
right_child=-2 2 7 4 5 -7 -8 8 11 10 12 -13 -14 16 -16 -17 27 19 -20 20 -22 22 23 -25 -26 26 -28 -29 29 -31
leaf_value=-1.3528767143896434e-06 -1.7263026984967204e-07 -1.2789645349037088e-06 5.1882359203203938e-08 -4.4334817344601369e-05 -2.5603359123730725e-05 5.2078878388783781e-06 1.4376888320839501e-05 3.9649529709121425e-07 -2.455805808267542e-05 -2.4393399097093875e-05 -6.9774334206775942e-06 4.4331389902843026e-07 1.6115067687462129e-05 3.1105223266390836e-07 -2.0712325790178132e-08 -1.188383654198715e-05 1.4205515905994572e-07 -1.0370580726192289e-06 -1.5483642282390017e-05 7.0122176475706516e-05 5.1345695345238108e-06 -5.4876475571125585e-05 6.3965605533124758e-06 -5.2018172958750738e-05 3.7151718970562797e-05 1.5223589570502931e-06 9.5205401896872374e-06 -2.1477050318617954e-06 1.3816005302710775e-06 9.8204769826472992e-05
leaf_weight=2340 125933 2415 34716 21 21 35 30 656 20 85 383 1719 21 33565 37571 119 78191 21 113 20 900 22 114 21 22 5092 252 2044 108 22
leaf_count=2340 125933 2415 34716 21 21 35 30 656 20 85 383 1719 21 33565 37571 119 78191 21 113 20 900 22 114 21 22 5092 252 2044 108 22
internal_value=2.31354e-12 1.08346e-07 -1.50019e-07 -1.56377e-06 -1.67068e-05 -6.34633e-06 -1.08687e-06 -5.51924e-08 -1.3441e-06 -3.62208e-06 -9.01305e-06 1.55777e-07 -5.77708e-06 1.72918e-07 -1.33852e-07 -1.86251e-06 2.7482e-07 6.00132e-07 4.82852e-07 4.6863e-06 6.54734e-06 -3.87448e-06 -1.00029e-05 -2.69018e-06 1.85014e-05 5.29222e-07 1.89952e-06 1.12328e-07 1.7131e-07 1.77671e-05
internal_weight=326592 200659 40122 2522 77 56 2445 37600 2884 1145 489 1739 404 160537 40030 2459 120507 40142 39022 1120 920 200 157 135 43 38909 5344 80365 78321 130
internal_count=326592 200659 40122 2522 77 56 2445 37600 2884 1145 489 1739 404 160537 40030 2459 120507 40142 39022 1120 920 200 157 135 43 38909 5344 80365 78321 130
is_linear=0
shrinkage=0.05


Tree=236
num_leaves=31
num_cat=1
split_feature=11 12 11 3 26 13 25 15 25 15 11 15 15 13 13 25 26 15 26 23 15 15 17 25 13 17 27 15 0 15
split_gain=1.76689e-06 1.26227e-06 1.90822e-06 4.07399e-06 4.18365e-06 1.00213e-05 3.46368e-06 3.3057e-06 4.75965e-06 4.49502e-06 3.02697e-06 1.27444e-05 2.11393e-05 5.64015e-06 3.03568e-06 2.83764e-06 2.53554e-06 3.90171e-06 2.18523e-06 4.35775e-06 2.06563e-06 1.95614e-06 1.56522e-06 1.49897e-06 3.92583e-06 2.52839e-06 1.61042e-06 4.13592e-06 7.93532e-06 7.63873e-06
threshold=8.5000000000000018 0.48890000000000006 44.500000000000007 1.5000000000000002 8.5000000000000018 1.5000000000000002 4.5000000000000009 1.5000000000000002 1.0000000180025095e-35 4.5000000000000009 41.000000000000007 4.5000000000000009 1.5000000000000002 4.5000000000000009 4.5000000000000009 4.5000000000000009 12.500000000000002 2.5000000000000004 17.000000000000004 1.0000000180025095e-35 4.5000000000000009 1.5000000000000002 1.0000000180025095e-35 3.5000000000000004 1.5000000000000002 1.0000000180025095e-35 7.5000000000000009 2.5000000000000004 0 4.5000000000000009
decision_type=2 2 2 2 2 2 2 2 2 2 2 2 2 2 2 2 2 2 2 2 2 2 2 2 2 2 2 2 1 2
left_child=-1 -2 10 7 5 -5 -6 8 -4 18 23 12 14 -13 -12 -11 17 -14 -9 -20 21 -7 -8 24 25 -3 -26 -28 -29 -30
right_child=1 2 3 4 6 20 22 9 -10 15 11 13 16 -15 -16 -17 -18 -19 19 -21 -22 -23 -24 -25 26 -27 27 28 29 -31
leaf_value=-1.7604730755349666e-07 -1.1458312994277882e-07 4.3899509532989389e-06 1.1410871963606458e-05 2.795890676929224e-05 -2.8204615107271192e-05 -4.3212092725943418e-06 -1.2208660804325129e-05 -4.4150606813405722e-07 -3.3432734522559967e-06 1.0053537788049302e-05 -2.5459792647614619e-06 4.0267298260232565e-06 1.3633327517071768e-05 -2.5659523089416325e-05 -2.3410082212649287e-05 -1.0480626182376094e-06 1.9911771552773592e-05 9.9926553053132472e-07 2.6005883591532592e-05 -5.8903999457089779e-07 -5.8999329735608994e-06 1.7059409964335404e-06 4.1719131222635049e-06 -1.750877816391602e-07 1.7548041093262815e-07 2.7522372623761408e-05 -7.1509580661155681e-07 -6.8078398050831413e-07 7.2877859282941785e-06 -2.8523755655502465e-07
leaf_weight=99222 62467 27 227 31 23 179 35 850 72 228 22 20 92 80 84 77 33 182 24 43 171 543 25 30566 126755 21 1802 1185 1009 497
leaf_count=99222 62467 27 227 31 23 179 35 850 72 228 22 20 92 80 84 77 33 182 24 43 171 543 25 30566 126755 21 1802 1185 1009 497
internal_value=2.19545e-12 7.68284e-08 1.49337e-07 1.51248e-06 -9.54364e-07 1.15445e-08 -1.17074e-05 3.14569e-06 7.85803e-06 1.99267e-06 1.28115e-07 -3.70656e-06 1.71338e-07 -1.97223e-05 -1.90798e-05 7.25084e-06 6.81831e-06 5.24136e-06 2.43765e-07 8.9375e-06 -9.58633e-07 2.11675e-07 -5.38342e-06 1.40268e-07 2.13684e-07 1.45104e-05 2.08455e-07 1.13872e-06 2.38011e-06 4.78859e-06
internal_weight=326592 227370 164903 2528 1007 924 83 1521 299 1222 162375 513 413 100 106 305 307 274 917 67 893 722 60 161862 131296 48 131248 4493 2691 1506
internal_count=326592 227370 164903 2528 1007 924 83 1521 299 1222 162375 513 413 100 106 305 307 274 917 67 893 722 60 161862 131296 48 131248 4493 2691 1506
cat_boundaries=0 1
cat_threshold=1
is_linear=0
shrinkage=0.05


Tree=237
num_leaves=31
num_cat=0
split_feature=33 26 27 11 8 27 14 15 27 7 27 24 26 24 27 26 11 24 7 4 7 8 11 24 11 8 15 4 14 15
split_gain=2.0067e-06 1.26563e-06 5.53239e-06 5.50542e-06 5.88969e-06 3.76544e-05 5.18256e-06 5.05665e-06 1.29566e-05 4.75713e-05 4.3798e-06 3.4986e-06 2.0169e-05 8.90205e-06 1.58509e-05 1.64941e-05 1.20596e-05 8.5091e-06 1.36599e-05 6.1822e-06 6.26176e-06 5.82405e-06 5.74911e-06 4.54506e-06 1.68735e-05 9.14561e-06 4.5047e-06 8.29e-06 7.25386e-05 3.5219e-06
threshold=1.0000000180025095e-35 7.5000000000000009 7.5000000000000009 81.000000000000014 110.00000000000001 34.000000000000007 4.5000000000000009 1.5000000000000002 34.000000000000007 13.000000000000002 23.500000000000004 2.5000000000000004 26.500000000000004 3.5000000000000004 26.500000000000004 17.000000000000004 41.000000000000007 4.5000000000000009 13.000000000000002 79.500000000000014 11.000000000000002 75.000000000000014 6.5000000000000009 1.0000000180025095e-35 16.500000000000004 95.000000000000014 2.5000000000000004 37.000000000000007 2.5000000000000004 2.5000000000000004
decision_type=2 2 2 2 2 2 2 2 2 2 2 2 2 2 2 2 2 2 2 2 2 2 2 2 2 2 2 2 2 2
left_child=1 2 -1 4 7 -6 -5 8 10 -10 -4 12 19 14 29 -16 -17 18 -15 20 -3 -20 -21 25 -25 -24 27 28 -19 -13
right_child=-2 11 3 6 5 -7 -8 -9 9 -11 -12 13 -14 17 15 16 -18 26 21 22 -22 -23 23 24 -26 -27 -28 -29 -30 -31
leaf_value=8.3530552257910532e-08 -1.5644531227787577e-07 4.1853670144737343e-06 -1.3806853360283095e-06 -3.1082246403002499e-05 2.8864611985541885e-06 6.660850729251531e-05 -9.1551052589368617e-07 2.5127590554608924e-06 -6.8923517677224781e-05 2.0883236971587457e-05 1.5835797539693887e-05 3.664743022741995e-05 -3.9386866248807771e-05 1.8868648944589952e-05 -1.4603979104425346e-05 3.0124824002086827e-06 3.8935640435683488e-05 2.3362629517145078e-05 -4.7909202089613251e-05 -1.0560890520110309e-05 -4.0629702153162854e-06 -1.5739181336517934e-05 -2.3677253535424826e-05 5.3586915585227601e-05 -2.2017576757241731e-06 8.7877410412214134e-06 -1.387635243127997e-06 2.4569093631439557e-06 -8.7101875207103478e-05 1.7374079516952088e-05
leaf_weight=189660 125933 273 483 24 214 26 35 3076 30 29 40 38 36 20 97 80 33 42 24 49 1464 34 25 23 33 164 2754 1767 23 63
leaf_count=189660 125933 273 483 24 214 26 35 3076 30 29 40 38 36 20 97 80 33 42 24 49 1464 34 25 23 33 164 2754 1767 23 63
internal_value=2.08888e-12 9.8188e-08 1.22136e-07 1.97251e-06 2.20196e-06 9.78968e-06 -1.31867e-05 1.70413e-06 -2.56964e-06 -2.47812e-05 -6.39371e-08 -5.60255e-07 -2.28926e-06 1.58106e-07 8.34874e-06 5.20423e-07 1.35033e-05 -3.88053e-07 -1.67638e-05 -1.63169e-06 -2.7666e-06 -2.90509e-05 5.07352e-06 8.20041e-06 2.07114e-05 4.49343e-06 -1.09529e-07 1.81182e-06 -1.57248e-05 2.46254e-05
internal_weight=326592 200659 193617 3957 3898 240 59 3658 582 59 523 7042 2067 4975 311 210 113 4664 78 2031 1737 58 294 245 56 189 4586 1832 65 101
internal_count=326592 200659 193617 3957 3898 240 59 3658 582 59 523 7042 2067 4975 311 210 113 4664 78 2031 1737 58 294 245 56 189 4586 1832 65 101
is_linear=0
shrinkage=0.05


Tree=238
num_leaves=31
num_cat=0
split_feature=33 12 11 13 11 26 15 15 11 15 15 13 15 13 15 15 4 27 24 24 24 4 8 14 27 26 8 27 24 15
split_gain=1.81105e-06 1.19278e-06 1.33689e-06 8.73074e-06 6.44406e-06 7.57954e-06 4.12116e-06 5.51695e-06 3.15814e-06 1.40849e-05 2.28525e-05 3.04851e-06 3.43285e-06 2.3259e-06 1.32649e-06 4.11352e-06 5.87836e-06 5.77394e-06 1.3272e-05 4.29483e-06 3.48215e-05 4.12433e-06 3.51213e-06 6.59241e-06 3.129e-06 3.5767e-06 2.97746e-06 2.78484e-06 1.56335e-05 2.23386e-05
threshold=1.0000000180025095e-35 0.47640000000000005 44.500000000000007 1.5000000000000002 45.500000000000007 7.5000000000000009 1.5000000000000002 4.5000000000000009 41.000000000000007 1.5000000000000002 4.5000000000000009 5.5000000000000009 2.5000000000000004 4.5000000000000009 2.5000000000000004 1.5000000000000002 44.000000000000007 34.000000000000007 3.5000000000000004 2.5000000000000004 4.5000000000000009 44.000000000000007 85.000000000000014 2.5000000000000004 21.500000000000004 7.5000000000000009 85.000000000000014 34.000000000000007 3.5000000000000004 3.5000000000000004
decision_type=2 2 2 2 2 2 2 2 2 2 2 2 2 2 2 2 2 2 2 2 2 2 2 2 2 2 2 2 2 2
left_child=1 14 8 -4 6 13 -5 -8 -3 -10 11 -11 -13 -6 15 16 19 21 -19 24 -21 26 23 -22 25 -1 -17 -16 29 -29
right_child=-2 2 3 4 5 -7 7 -9 9 10 -12 12 -14 -15 27 17 -18 18 -20 20 22 -23 -24 -25 -26 -27 -28 28 -30 -31
leaf_value=-5.3976911099768175e-08 -1.4862305234020011e-07 1.5574604552944504e-07 2.6378119357960876e-05 9.8596895195837332e-06 1.2371090333544998e-05 -2.3876996505610545e-05 1.7253683854479703e-07 9.0534157173901939e-06 -2.210260858630826e-05 2.1633371730526312e-05 -2.2009176104534966e-05 1.4343754446599633e-05 1.2090381460438948e-06 -6.3437482661271035e-07 -2.5465562961779132e-07 1.7546467142906534e-06 -4.9230218960403153e-06 4.6184750119044276e-05 4.7013555899866334e-06 -5.8150948637470217e-05 1.0488119226900618e-05 4.5127443093387544e-06 4.7398910987633552e-06 -2.4382940374021983e-05 1.021848082608493e-05 -1.9381062217386594e-05 -1.3556828927968507e-07 6.9416051528172655e-06 -1.2822927447864175e-06 -6.2393137648961372e-05
leaf_weight=9281 125933 145060 34 230 35 35 701 233 87 35 85 76 144 1934 30732 3081 703 22 156 29 23 678 141 33 74 24 6434 21 512 26
leaf_count=9281 125933 145060 34 230 35 35 701 233 87 35 85 76 144 1934 30732 3081 703 22 156 29 23 678 141 33 74 24 6434 21 512 26
internal_value=1.98007e-12 9.32786e-08 1.65349e-07 1.17595e-06 9.05472e-07 -8.13167e-07 3.86437e-06 2.388e-06 1.43107e-07 -4.15061e-06 4.42985e-07 7.92704e-06 5.74649e-06 -4.03196e-07 -1.12919e-07 1.97817e-07 -5.09535e-07 9.00871e-07 9.82852e-06 -1.86507e-07 -6.99762e-06 7.44968e-07 5.3256e-07 -1.00609e-05 -2.23838e-08 -1.03826e-07 4.76492e-07 -3.18272e-07 -3.81571e-06 -3.14138e-05
internal_weight=326592 200659 148689 3202 3168 2004 1164 934 145487 427 340 255 220 1969 51970 20679 10308 10371 178 9605 226 10193 197 56 9379 9305 9515 31291 559 47
internal_count=326592 200659 148689 3202 3168 2004 1164 934 145487 427 340 255 220 1969 51970 20679 10308 10371 178 9605 226 10193 197 56 9379 9305 9515 31291 559 47
is_linear=0
shrinkage=0.05


Tree=239
num_leaves=31
num_cat=0
split_feature=33 15 11 25 26 14 27 15 11 26 15 24 27 24 26 25 12 26 11 7 26 3 11 26 8 24 25 12 13 11
split_gain=1.63447e-06 1.14605e-06 1.92626e-06 6.52291e-06 8.00547e-06 4.48636e-06 2.58166e-06 1.68188e-06 2.79145e-06 4.21458e-06 2.13778e-06 6.41864e-06 1.04434e-05 6.5322e-06 1.46286e-05 2.77327e-05 2.21325e-05 1.57434e-05 8.22392e-06 7.44204e-06 6.14167e-06 4.13837e-06 4.90296e-06 3.99273e-06 1.08045e-05 3.64521e-06 1.46025e-05 6.15867e-05 9.40753e-06 7.69883e-06
threshold=1.0000000180025095e-35 4.5000000000000009 10.500000000000002 4.5000000000000009 17.000000000000004 2.5000000000000004 18.500000000000004 1.5000000000000002 10.500000000000002 5.5000000000000009 2.5000000000000004 1.5000000000000002 21.500000000000004 4.5000000000000009 7.5000000000000009 4.5000000000000009 0.48890000000000006 5.5000000000000009 23.000000000000004 11.000000000000002 7.5000000000000009 1.5000000000000002 41.000000000000007 7.5000000000000009 85.000000000000014 3.5000000000000004 4.5000000000000009 0.70415000000000016 3.5000000000000004 41.000000000000007
decision_type=2 2 2 2 2 2 2 2 2 2 2 2 2 2 2 2 2 2 2 2 2 2 2 2 2 2 2 2 2 2
left_child=1 7 3 6 -5 -6 -3 8 9 -1 11 12 21 14 17 -16 -17 19 -18 -13 -15 23 -23 -9 -25 26 28 -28 29 -12
right_child=-2 2 -4 4 5 -7 -8 10 -10 -11 25 13 -14 20 15 16 18 -19 -20 -21 -22 22 -24 24 -26 -27 27 -29 -30 -31
leaf_value=-1.2742292087401455e-06 -1.4119190058521225e-07 -1.217930630690854e-06 -6.0682196553466028e-08 -4.2144049777042326e-05 -2.4214707359316804e-05 5.0178887288763823e-06 1.3540496196734846e-05 3.110799067530947e-07 -2.3627870726215685e-08 -1.072524906527589e-05 9.2582987183554224e-06 -1.1379853967810049e-05 -1.4745755258226246e-05 -1.6010485886735771e-05 4.11785496998289e-05 2.3168709826264108e-05 -1.610935973336122e-05 5.8112975772625462e-05 -5.985378537099513e-05 3.1237192645979423e-05 3.5443757142095683e-06 1.431971014508632e-06 8.576732961089528e-06 -1.4303018316341979e-05 1.35320888341781e-05 -1.9916846499550072e-06 1.3583617054017076e-06 9.3141300352396107e-05 5.6174328525950546e-08 5.8702120068506276e-07
leaf_weight=2422 125933 2415 37600 21 21 35 30 33383 37484 124 507 20 113 42 29 22 21 30 22 21 913 5092 252 135 47 2044 108 22 77167 517
leaf_count=2422 125933 2415 37600 21 21 35 30 33383 37484 124 507 20 113 42 29 22 21 30 22 21 913 5092 252 135 47 2044 108 22 77167 517
internal_value=1.88286e-12 8.86147e-08 -1.50407e-07 -1.4881e-06 -1.5817e-05 -5.94433e-06 -1.03685e-06 1.48352e-07 -1.32445e-07 -1.73453e-06 2.41627e-07 5.39602e-07 4.32488e-07 4.27157e-06 1.34581e-05 5.19252e-07 -1.7621e-05 3.05884e-05 -3.84902e-05 1.04484e-05 2.68437e-06 4.76569e-07 1.76889e-06 2.70814e-07 -7.11483e-06 9.27899e-08 1.4719e-07 1.68909e-05 1.19352e-07 4.88032e-06
internal_weight=326592 200659 40122 2522 77 56 2445 160537 40030 2546 120507 40142 39022 1120 165 94 65 71 43 41 955 38909 5344 33565 182 80365 78321 130 78191 1024
internal_count=326592 200659 40122 2522 77 56 2445 160537 40030 2546 120507 40142 39022 1120 165 94 65 71 43 41 955 38909 5344 33565 182 80365 78321 130 78191 1024
is_linear=0
shrinkage=0.05


Tree=240
num_leaves=31
num_cat=2
split_feature=33 26 26 6 17 9 13 15 14 24 15 13 13 24 25 4 13 13 11 15 25 14 11 24 25 24 24 25 25 26
split_gain=1.47511e-06 1.08065e-06 4.89266e-06 0.000103882 7.5335e-05 1.40907e-05 2.70654e-05 6.83612e-06 6.13741e-06 8.62058e-06 8.47987e-06 8.4883e-06 5.96957e-06 4.53733e-06 2.67047e-05 1.32121e-05 4.4932e-06 4.44252e-06 4.2295e-06 5.68468e-06 6.10736e-06 4.62495e-06 3.29109e-06 3.09444e-06 1.81297e-05 1.23318e-05 7.80747e-06 4.20868e-05 1.42442e-05 1.43249e-05
threshold=1.0000000180025095e-35 7.5000000000000009 4.5000000000000009 0 1.0000000180025095e-35 1 1.5000000000000002 3.5000000000000004 1.5000000000000002 1.5000000000000002 2.5000000000000004 1.5000000000000002 1.5000000000000002 3.5000000000000004 4.5000000000000009 42.500000000000007 3.5000000000000004 3.5000000000000004 19.500000000000004 4.5000000000000009 4.5000000000000009 3.5000000000000004 16.500000000000004 2.5000000000000004 3.5000000000000004 1.5000000000000002 3.5000000000000004 3.5000000000000004 4.5000000000000009 17.000000000000004
decision_type=2 2 2 1 2 1 2 2 2 2 2 2 2 2 2 2 2 2 2 2 2 2 2 2 2 2 2 2 2 2
left_child=1 2 12 4 -4 6 -5 8 17 -10 11 -11 -1 14 -14 -15 -8 -7 -9 20 -20 -21 -18 24 -3 -26 28 -28 -25 -30
right_child=-2 23 3 5 -6 7 16 18 9 10 -12 -13 13 15 -16 -17 22 -19 19 21 -22 -23 -24 26 25 -27 27 -29 29 -31
leaf_value=1.9403229653107702e-05 -1.3413230129951414e-07 -1.0944826827555717e-06 -0.00011401738339637017 6.2937096592274134e-05 1.3912404807132799e-06 -3.129660393684529e-05 2.5957094980185506e-05 -9.677807018148167e-06 -4.6385502662426247e-06 7.0911565499782966e-06 -9.2244851527669069e-06 4.2257642553522602e-05 8.4326945674178957e-08 1.1534157307497005e-05 5.0760851893126247e-05 -2.4556390327390432e-05 2.6064249919727447e-05 -2.5943417702884681e-06 -4.7761175841104338e-06 5.3838141381371925e-06 2.2704986743823008e-05 2.9117666999809442e-05 6.6198879884333505e-06 2.3251634274406527e-05 -1.1423799941050157e-05 -4.9739267597033175e-05 -5.5786284086506758e-05 4.689156237081953e-08 -1.3693868325005788e-05 1.250008396782183e-05
leaf_weight=40 125933 1967 31 30 26 26 50 23 173 37 28 32 192581 42 26 64 25 28 62 30 30 65 168 101 70 30 34 4630 97 113
leaf_count=40 125933 1967 31 30 26 26 50 23 173 37 28 32 192581 42 26 64 25 28 62 30 30 65 168 101 70 30 34 4630 97 113
internal_value=1.79061e-12 8.4184e-08 1.06313e-07 3.86049e-06 -6.13749e-05 8.46819e-06 1.74902e-05 3.46344e-06 -1.02621e-06 2.05134e-06 1.39828e-05 2.34003e-05 8.9485e-08 8.54762e-08 9.11678e-08 -1.02564e-05 1.25992e-05 -1.64139e-05 1.05553e-05 1.30438e-05 4.18511e-06 2.16228e-05 9.13859e-06 -5.2424e-07 -2.15031e-06 -2.29184e-05 1.51355e-07 -3.60126e-07 7.82193e-06 4.00973e-07
internal_weight=326592 200659 193617 864 57 807 273 534 324 270 97 69 192753 192713 192607 106 243 54 210 187 92 95 193 7042 2067 100 4975 4664 311 210
internal_count=326592 200659 193617 864 57 807 273 534 324 270 97 69 192753 192713 192607 106 243 54 210 187 92 95 193 7042 2067 100 4975 4664 311 210
cat_boundaries=0 1 2
cat_threshold=2 8
is_linear=0
shrinkage=0.05


Tree=241
num_leaves=31
num_cat=1
split_feature=33 12 26 25 15 26 24 27 4 14 13 26 27 15 24 6 26 24 14 26 25 24 15 14 26 14 13 27 25 11
split_gain=1.33129e-06 1.09199e-06 1.25872e-06 1.53731e-05 4.31041e-06 1.77273e-05 4.46657e-05 4.23912e-06 3.97388e-06 3.66148e-05 1.02266e-05 3.08355e-06 3.36025e-06 2.61467e-06 2.43148e-06 2.03692e-06 6.99573e-06 2.5313e-06 7.34326e-06 2.47178e-06 5.42623e-06 1.24115e-05 6.32329e-06 1.63091e-05 5.0132e-06 4.14223e-06 2.26688e-06 1.68476e-06 1.58837e-06 1.27643e-06
threshold=1.0000000180025095e-35 0.47640000000000005 3.0000000000000004 3.5000000000000004 4.5000000000000009 6.5000000000000009 1.5000000000000002 21.500000000000004 37.000000000000007 2.5000000000000004 2.5000000000000004 12.500000000000002 34.000000000000007 2.5000000000000004 4.5000000000000009 0 15.500000000000002 4.5000000000000009 4.5000000000000009 14.000000000000002 4.5000000000000009 2.5000000000000004 1.5000000000000002 2.5000000000000004 7.5000000000000009 6.5000000000000009 3.5000000000000004 29.500000000000004 3.5000000000000004 61.000000000000007
decision_type=2 2 2 2 2 2 2 2 2 2 2 2 2 2 2 1 2 2 2 2 2 2 2 2 2 2 2 2 2 2
left_child=1 2 3 27 8 6 -6 14 9 10 13 12 28 -4 -7 16 -10 18 -18 20 21 26 23 -22 25 -24 -17 -1 -9 -21
right_child=-2 -3 4 -5 5 7 -8 11 15 -11 -12 -13 -14 -15 -16 19 17 -19 -20 29 22 -23 24 -25 -26 -27 -28 -29 -30 -31
leaf_value=-9.6006637198697042e-08 -1.2742568732662289e-07 1.4893300421585715e-07 3.4600894342964663e-05 4.0798993011222876e-05 1.5274329525709616e-05 -1.8700400754891302e-05 -9.0397025051061074e-05 1.0839070593993668e-05 3.1277162521932536e-05 -4.9789637188568077e-05 -1.0039623592136906e-05 -2.5233000823153293e-06 2.4268145520181861e-05 1.195409095089417e-05 -8.9519371963083719e-08 -5.386403558019094e-06 3.2730835482652767e-05 -4.7901357726188101e-09 -3.3921220245461244e-06 2.719127746800691e-07 2.0655965393719576e-06 2.8877622782995271e-05 2.4083402124233546e-05 -5.2038708771271145e-05 -8.7425272110002493e-06 -4.9976267102162339e-06 5.4336974859752977e-06 1.0577307949534844e-05 -8.6078454317083975e-06 5.5896134980940989e-06
leaf_weight=50006 125933 148689 26 23 20 54 20 21 22 38 41 216 25 25 26 168 24 258 34 348 30 37 25 26 140 24 68 37 21 167
leaf_count=50006 125933 148689 26 23 20 54 20 21 22 38 41 216 25 25 26 168 24 258 34 348 30 37 25 26 140 24 68 37 21 167
internal_value=1.7025e-12 7.99748e-08 -1.17319e-07 -6.93319e-08 -1.37914e-06 -5.97041e-06 -3.75613e-05 -2.48932e-06 -1.46434e-07 -8.50119e-06 8.55273e-06 3.83486e-07 9.75462e-06 2.34995e-05 -1.26519e-05 6.45775e-07 4.015e-06 2.117e-06 1.15553e-05 -4.56642e-07 -2.89537e-06 1.95256e-06 -8.29735e-06 -2.30543e-05 -3.92493e-06 9.83963e-06 -2.26875e-06 -8.81152e-08 1.11561e-06 1.99629e-06
internal_weight=326592 200659 51970 50066 1904 403 40 363 1501 130 92 283 67 51 80 1371 338 316 58 1033 518 273 245 56 189 49 236 50043 42 515
internal_count=326592 200659 51970 50066 1904 403 40 363 1501 130 92 283 67 51 80 1371 338 316 58 1033 518 273 245 56 189 49 236 50043 42 515
cat_boundaries=0 1
cat_threshold=1
is_linear=0
shrinkage=0.05


Tree=242
num_leaves=31
num_cat=0
split_feature=11 4 26 26 14 25 15 27 26 3 1 14 22 8 13 8 22 24 24 15 15 21 21 11 15 14 12 24 13 15
split_gain=1.06915e-06 9.76287e-07 1.29413e-06 5.84969e-06 2.02326e-05 2.69291e-06 2.91114e-06 2.12223e-06 9.82547e-07 2.10653e-06 4.24162e-06 5.73965e-06 1.08601e-05 3.46485e-06 4.18103e-06 2.52096e-06 3.04597e-06 5.84158e-06 1.80928e-06 6.33376e-06 1.0205e-05 6.9301e-06 5.61412e-06 2.82466e-06 7.18034e-06 1.03481e-05 2.68232e-06 1.72972e-06 2.63924e-05 4.10231e-05
threshold=8.5000000000000018 79.500000000000014 1.0000000180025095e-35 3.0000000000000004 5.5000000000000009 1.5000000000000002 2.5000000000000004 12.500000000000002 7.5000000000000009 1.5000000000000002 42.000000000000007 1.5000000000000002 1.0000000180025095e-35 110.00000000000001 2.5000000000000004 110.00000000000001 1.0000000180025095e-35 4.5000000000000009 4.5000000000000009 4.5000000000000009 1.5000000000000002 1.0000000180025095e-35 1.0000000180025095e-35 44.500000000000007 2.5000000000000004 6.5000000000000009 0.5071500000000001 1.5000000000000002 1.5000000000000002 4.5000000000000009
decision_type=2 2 2 2 2 2 2 2 2 2 2 2 2 2 2 2 2 2 2 2 2 2 2 2 2 2 2 2 2 2
left_child=-1 8 -3 4 -4 6 -5 -8 18 -10 13 12 -12 -11 -15 -13 17 -17 27 20 21 -20 26 24 25 -22 -21 -2 29 -29
right_child=1 2 3 5 -6 -7 7 -9 9 10 11 15 -14 14 -16 16 -18 -19 19 22 23 -23 -24 -25 -26 -27 -28 28 -30 -31
leaf_value=-1.3694412362972004e-07 7.4212890029593189e-08 2.8422323736599402e-07 -1.1988234973614454e-07 -5.6955975076280136e-07 5.5811915683017846e-05 -8.6554819747871914e-08 4.0355840741350081e-06 1.3189953331978664e-05 -2.0850537351471471e-07 -1.5632588911103087e-06 -4.873195369854826e-05 -1.4989081241021899e-06 -9.6911217895012672e-08 -7.1340967791679233e-07 2.6862634738678828e-05 -3.9656507752148352e-05 2.8187608787165717e-07 -3.1821376741509485e-06 3.1020841326305042e-05 1.5843880065347096e-05 -4.6287300675430747e-05 -1.1185650321408934e-07 -1.2564180323234694e-07 5.9166587640661147e-06 -5.4630323636113795e-07 -4.8673746906196796e-06 4.0014471162728367e-05 -8.5419571334214361e-06 1.1172554890667886e-06 -7.4916698862000048e-05
leaf_weight=99222 192516 10834 61 171 22 1232 153 108 20227 175 22 208 24 28 27 21 29 23 39 24 25 33 31 49 123 38 22 118 958 29
leaf_count=99222 192516 10834 61 171 22 1232 153 108 20227 175 22 208 24 28 27 21 29 23 39 24 25 33 31 49 123 38 22 118 958 29
internal_value=1.61598e-12 5.97634e-08 4.87859e-07 1.7507e-06 1.47054e-05 1.10452e-06 4.50131e-06 7.8236e-06 3.46882e-08 -2.92037e-07 -3.32542e-06 -6.98472e-06 -2.33571e-05 1.87715e-06 1.28239e-05 -4.30453e-06 -1.22986e-05 -2.05904e-05 6.96907e-08 3.49838e-06 2.8241e-07 1.67517e-05 1.63205e-05 -4.7635e-06 -7.57709e-06 -2.13039e-05 2.74037e-05 6.28907e-08 -1.90969e-06 -2.16363e-05
internal_weight=326592 227370 12581 1747 83 1664 432 261 214789 20784 557 327 46 230 55 281 73 44 194005 384 307 72 77 235 186 63 46 193621 1105 147
internal_count=326592 227370 12581 1747 83 1664 432 261 214789 20784 557 327 46 230 55 281 73 44 194005 384 307 72 77 235 186 63 46 193621 1105 147
is_linear=0
shrinkage=0.05


Tree=243
num_leaves=31
num_cat=1
split_feature=33 15 11 25 26 14 27 8 11 11 25 11 13 27 26 24 24 26 26 8 13 27 13 12 11 24 15 11 26 10
split_gain=1.09546e-06 1.04168e-06 1.72162e-06 5.86004e-06 7.16487e-06 4.05766e-06 2.31433e-06 1.57068e-06 3.3002e-06 7.87139e-06 7.53919e-06 7.67159e-06 4.0117e-06 1.51349e-06 5.47763e-06 1.1364e-05 1.46438e-05 5.33635e-05 3.59941e-05 1.27495e-05 1.02088e-05 3.6493e-06 1.91071e-06 1.72513e-06 1.62409e-06 2.86236e-06 1.51025e-06 2.49763e-06 3.94638e-06 2.27738e-06
threshold=1.0000000180025095e-35 4.5000000000000009 10.500000000000002 4.5000000000000009 17.000000000000004 2.5000000000000004 18.500000000000004 110.00000000000001 76.000000000000014 41.000000000000007 3.5000000000000004 45.500000000000007 1.5000000000000002 1.0000000180025095e-35 7.5000000000000009 4.5000000000000009 1.5000000000000002 5.5000000000000009 5.5000000000000009 95.000000000000014 2.5000000000000004 7.5000000000000009 2.5000000000000004 0.47085000000000005 49.000000000000007 4.5000000000000009 1.5000000000000002 8.5000000000000018 5.5000000000000009 0
decision_type=2 2 2 2 2 2 2 2 2 2 2 2 2 2 2 2 2 2 2 2 2 2 2 2 2 2 2 2 2 1
left_child=1 26 3 6 -5 -6 -3 13 9 -9 11 -11 -10 -4 15 16 18 20 21 -20 -18 -15 -16 -23 -24 -26 27 28 -1 -30
right_child=-2 2 7 4 5 -7 -8 8 12 10 -12 -13 -14 14 22 -17 17 -19 19 -21 -22 23 24 -25 25 -27 -28 -29 29 -31
leaf_value=-1.2286701407863135e-06 -1.1558995190986667e-07 -1.1637154021320865e-06 -6.6524220868107376e-08 -3.990782275823655e-05 -2.3036869519966701e-05 4.7639784159920448e-06 1.2809703627378138e-05 3.0312074879403313e-07 -2.2083476272882764e-05 -2.3238054432496654e-05 1.9867378464171099e-05 -6.4705960359393964e-06 4.3976639009046307e-07 -2.8362798686500064e-06 6.3907334920794017e-07 3.4078359675125588e-05 -6.812957808901759e-06 -6.877483537238966e-05 2.2994793588832883e-05 6.5010484773665671e-05 4.0828909418037671e-05 -1.1902385780012339e-06 -2.154396357301821e-06 5.0987071277782896e-06 -1.7379169803461992e-05 1.2641282540114067e-06 2.178866110990116e-07 -3.5545576914687616e-08 -1.7776612019173497e-05 -3.9304854761857926e-06
leaf_weight=2340 125933 2415 32356 21 21 35 30 656 20 83 23 383 1719 313 680 30 23 31 65 25 22 139 441 506 50 35 120507 37571 57 62
leaf_count=2340 125933 2415 32356 21 21 35 30 656 20 83 23 383 1719 313 680 30 23 31 65 25 22 139 441 506 50 35 120507 37571 57 62
internal_value=1.53584e-12 7.25464e-08 -1.55332e-07 -1.41998e-06 -1.50013e-05 -5.66134e-06 -9.92262e-07 -7.0507e-08 -1.19172e-06 -3.27616e-06 -8.07781e-06 -9.45707e-06 1.8073e-07 2.26365e-08 1.24505e-06 3.70757e-06 2.89697e-06 -1.82958e-05 4.43385e-06 3.46658e-05 1.64786e-05 1.59368e-06 -1.1113e-06 3.74341e-06 -3.37415e-06 -9.70252e-06 1.29499e-07 -1.36586e-07 -1.68038e-06 -1.05627e-05
internal_weight=326592 200659 40122 2522 77 56 2445 37600 2884 1145 489 466 1739 34716 2360 1154 1124 76 1048 90 45 958 1206 645 526 85 160537 40030 2459 119
internal_count=326592 200659 40122 2522 77 56 2445 37600 2884 1145 489 466 1739 34716 2360 1154 1124 76 1048 90 45 958 1206 645 526 85 160537 40030 2459 119
cat_boundaries=0 1
cat_threshold=2
is_linear=0
shrinkage=0.05


Tree=244
num_leaves=31
num_cat=0
split_feature=33 12 11 13 11 26 15 15 11 15 15 13 15 13 15 15 4 27 24 4 24 24 27 26 8 27 26 27 27 24
split_gain=9.88656e-07 9.99852e-07 1.21467e-06 7.66534e-06 5.76753e-06 5.9385e-06 3.73926e-06 5.00725e-06 2.72961e-06 1.28964e-05 1.88033e-05 2.62448e-06 2.8902e-06 2.07511e-06 1.14352e-06 3.49411e-06 5.31569e-06 4.85592e-06 1.07759e-05 3.70202e-06 3.6947e-06 3.10753e-05 3.42505e-06 2.92654e-06 2.70948e-06 2.68731e-06 3.16649e-06 2.6642e-06 2.30215e-06 1.36153e-05
threshold=1.0000000180025095e-35 0.47640000000000005 44.500000000000007 1.5000000000000002 45.500000000000007 7.5000000000000009 1.5000000000000002 4.5000000000000009 41.000000000000007 1.5000000000000002 4.5000000000000009 5.5000000000000009 2.5000000000000004 4.5000000000000009 2.5000000000000004 1.5000000000000002 44.000000000000007 34.000000000000007 3.5000000000000004 44.000000000000007 2.5000000000000004 4.5000000000000009 20.500000000000004 7.5000000000000009 85.000000000000014 21.500000000000004 7.5000000000000009 16.500000000000004 34.000000000000007 3.5000000000000004
decision_type=2 2 2 2 2 2 2 2 2 2 2 2 2 2 2 2 2 2 2 2 2 2 2 2 2 2 2 2 2 2
left_child=1 14 8 -4 6 13 -5 -8 -3 -10 11 -11 -13 -6 15 16 20 19 -19 24 25 -22 -23 -20 27 26 -1 -17 -16 -30
right_child=-2 2 3 4 5 -7 7 -9 9 10 -12 12 -14 -15 28 17 -18 18 23 -21 21 22 -24 -25 -26 -27 -28 -29 29 -31
leaf_value=-5.2449104891791844e-08 -1.0981045386876469e-07 1.2545331122119908e-07 2.4712667404588399e-05 9.3548163536267935e-06 1.1647703377661856e-05 -2.1196115851905365e-05 1.2709426272173246e-07 8.5877869595461761e-06 -2.1056016025952354e-05 2.0023549222969453e-05 -1.9848663933397108e-05 1.3171462342143059e-05 1.1195094884897116e-06 -6.3663086080990125e-07 -2.5269129284156392e-07 1.8526983539053115e-06 -4.6802284747097927e-06 4.1763358380690494e-05 2.0852117634841188e-05 4.2432988589514234e-06 -5.481685225747462e-05 -1.7974083311855794e-05 2.9577098419427524e-06 1.5360064137148995e-06 -1.6459492369885524e-07 9.4667110734253835e-06 -1.8237486316744858e-05 -8.4564216990656866e-06 -2.9245549693711084e-05 -1.1262200193790095e-06
leaf_weight=9281 125933 145060 34 230 35 35 701 233 87 35 85 76 144 1934 30732 3017 703 22 23 678 29 22 175 133 6434 74 24 64 47 512
leaf_count=9281 125933 145060 34 230 35 35 701 233 87 35 85 76 144 1934 30732 3017 703 22 23 678 29 22 175 133 6434 74 24 64 47 512
internal_value=1.45916e-12 6.89191e-08 1.34904e-07 1.0982e-06 8.44765e-07 -7.81157e-07 3.64403e-06 2.23774e-06 1.13703e-07 -3.87809e-06 5.17436e-07 7.30614e-06 5.28291e-06 -4.1827e-07 -1.19868e-07 1.68642e-07 -4.83281e-07 8.16605e-07 9.00383e-06 6.73632e-07 -1.76102e-07 -6.49345e-06 6.20149e-07 4.38389e-06 4.19272e-07 -2.38771e-08 -9.9353e-08 1.63855e-06 -3.10533e-07 -3.49046e-06
internal_weight=326592 200659 148689 3202 3168 2004 1164 934 145487 427 340 255 220 1969 51970 20679 10308 10371 178 10193 9605 226 197 156 9515 9379 9305 3081 31291 559
internal_count=326592 200659 148689 3202 3168 2004 1164 934 145487 427 340 255 220 1969 51970 20679 10308 10371 178 10193 9605 226 197 156 9515 9379 9305 3081 31291 559
is_linear=0
shrinkage=0.05


Tree=245
num_leaves=31
num_cat=1
split_feature=33 15 11 25 26 14 27 27 24 8 24 26 12 24 24 24 3 24 14 26 26 25 6 8 13 27 11 11 24 15
split_gain=8.92262e-07 9.16606e-07 1.56815e-06 5.28868e-06 6.4663e-06 3.66204e-06 2.08868e-06 1.37668e-06 2.22943e-05 6.50689e-05 6.13187e-05 1.16174e-05 1.11209e-05 4.89531e-06 3.88275e-06 1.80902e-05 2.27691e-06 2.00555e-06 7.53916e-06 1.83321e-06 1.59308e-05 3.81298e-06 3.43165e-06 3.92726e-06 3.49662e-06 2.27821e-06 2.88085e-06 1.99648e-06 1.70567e-06 1.30371e-06
threshold=1.0000000180025095e-35 4.5000000000000009 10.500000000000002 4.5000000000000009 17.000000000000004 2.5000000000000004 18.500000000000004 31.500000000000004 1.5000000000000002 85.000000000000014 2.5000000000000004 9.5000000000000018 0.48890000000000006 4.5000000000000009 3.5000000000000004 4.5000000000000009 1.5000000000000002 1.5000000000000002 1.5000000000000002 7.5000000000000009 5.5000000000000009 3.5000000000000004 0 85.000000000000014 2.5000000000000004 12.500000000000002 47.500000000000007 47.500000000000007 2.5000000000000004 1.5000000000000002
decision_type=2 2 2 2 2 2 2 2 2 2 2 2 2 2 2 2 2 2 2 2 2 2 1 2 2 2 2 2 2 2
left_child=1 29 3 6 -5 -6 -3 14 9 -9 -10 12 -12 -13 17 -16 -15 19 -19 20 21 25 27 -24 -25 -4 -27 -21 -20 -1
right_child=-2 2 7 4 5 -7 -8 8 10 -11 11 13 -14 16 15 -17 -18 18 28 22 -22 -23 23 24 -26 26 -28 -29 -30 -31
leaf_value=-1.2832477274871354e-07 -1.0431993432427254e-07 -1.1118023159750907e-06 -1.7085109082042093e-07 -3.7918704869558241e-05 -2.1891298993501725e-05 4.5195068949916667e-06 1.2162945495219901e-05 -2.9063774530621469e-06 -8.2724229923769602e-05 0.00010512126202229412 -4.2856783256866044e-06 2.221983789543932e-05 3.802500833422173e-05 4.832002691874814e-09 -4.87647325846173e-05 -1.673503527904864e-06 -1.1893048771483782e-05 3.2764770863154396e-05 -8.0861363401070138e-06 -5.1770912003480647e-06 2.0391619894469745e-05 1.9409565532612307e-05 -4.3307256892906791e-06 2.8415011807477903e-05 3.2197030122915752e-06 5.1587963046327546e-06 -4.4603592095413238e-06 -1.6882035042533276e-05 9.4943467708865444e-06 2.010191897875813e-07
leaf_weight=40030 125933 2415 35498 21 21 35 30 46 22 20 25 24 41 620 23 180 43 22 37 162 95 25 96 21 40 394 97 47 22 120507
leaf_count=40030 125933 2415 35498 21 21 35 30 46 22 20 25 24 41 620 23 180 43 22 37 162 95 25 96 21 40 394 97 47 22 120507
internal_value=1.38796e-12 6.54731e-08 -1.48288e-07 -1.35525e-06 -1.42575e-05 -5.38455e-06 -9.48922e-07 -6.73314e-08 1.93288e-06 2.98293e-05 -4.42811e-07 1.96116e-06 2.19982e-05 3.62021e-08 -1.13094e-07 -7.00896e-06 -7.66825e-07 -7.48002e-08 7.78412e-06 -9.22525e-08 -5.65653e-08 -1.10505e-07 -3.61309e-06 1.97295e-06 1.18935e-05 -1.24065e-07 3.25847e-06 -7.8093e-06 -1.5307e-06 1.18897e-07
internal_weight=326592 200659 40122 2522 77 56 2445 37600 841 66 775 753 66 687 36759 203 663 36556 81 36475 36109 36014 366 157 61 35989 491 209 59 160537
internal_count=326592 200659 40122 2522 77 56 2445 37600 841 66 775 753 66 687 36759 203 663 36556 81 36475 36109 36014 366 157 61 35989 491 209 59 160537
cat_boundaries=0 1
cat_threshold=4
is_linear=0
shrinkage=0.05


Tree=246
num_leaves=31
num_cat=1
split_feature=33 12 11 13 11 26 15 15 11 15 15 13 15 13 15 15 25 26 25 4 24 24 4 8 4 25 24 25 6 15
split_gain=8.05267e-07 9.14335e-07 1.08046e-06 6.82364e-06 5.2137e-06 5.31195e-06 3.3897e-06 4.52549e-06 2.4679e-06 1.16212e-05 1.69661e-05 2.36859e-06 2.60841e-06 1.74034e-06 1.05183e-06 3.06989e-06 6.20582e-06 1.119e-05 8.05838e-06 4.79741e-06 3.33446e-06 2.80455e-05 3.30048e-06 2.9696e-06 2.96069e-06 2.69717e-06 2.5667e-05 3.89243e-06 5.70343e-06 5.06591e-06
threshold=1.0000000180025095e-35 0.47640000000000005 44.500000000000007 1.5000000000000002 45.500000000000007 7.5000000000000009 1.5000000000000002 4.5000000000000009 41.000000000000007 1.5000000000000002 4.5000000000000009 5.5000000000000009 2.5000000000000004 4.5000000000000009 2.5000000000000004 1.5000000000000002 3.5000000000000004 7.5000000000000009 1.5000000000000002 44.000000000000007 2.5000000000000004 4.5000000000000009 44.000000000000007 85.000000000000014 37.000000000000007 4.5000000000000009 2.5000000000000004 2.5000000000000004 0 4.5000000000000009
decision_type=2 2 2 2 2 2 2 2 2 2 2 2 2 2 2 2 2 2 2 2 2 2 2 2 2 2 2 2 1 2
left_child=1 14 8 -4 6 13 -5 -8 -3 -10 11 -11 -13 -6 15 19 18 -18 22 20 -1 -22 23 -17 -23 27 -27 -16 -29 -30
right_child=-2 2 3 4 5 -7 7 -9 9 10 -12 12 -14 -15 25 16 17 -19 -20 -21 21 24 -24 -25 -26 26 -28 28 29 -31
leaf_value=-1.6267019919643294e-08 -9.9103938268650924e-08 1.1647683439319901e-07 2.331409933129394e-05 8.8934915623647851e-06 1.0641940686712458e-05 -2.0059161815229997e-05 1.1068862447418479e-07 8.1540828178758636e-06 -1.9996799578777805e-05 1.9012320896893341e-05 -1.8863368185360315e-05 1.2502838217187673e-05 1.0534830835240429e-06 -6.0794737335117249e-07 -2.5950004812516969e-07 1.6967224886693708e-06 3.7700681068913426e-05 4.7175081243897448e-06 -2.4096473685913777e-05 -4.4398006370668596e-06 -5.2069594274708557e-05 -1.6263916815818369e-05 4.0210831006385024e-06 -2.0407144529267559e-07 2.8241090274542363e-06 -5.911902750085574e-05 -1.7331434094478769e-06 2.5542556628958363e-05 1.5179557746500172e-05 -1.2968658997482582e-05
leaf_weight=9379 125933 145060 34 230 35 35 701 233 87 35 85 76 144 1934 30414 3033 29 227 33 703 29 23 678 6371 174 20 757 36 31 33
leaf_count=9379 125933 145060 34 230 35 35 701 233 87 35 85 76 144 1934 30414 3033 29 227 33 703 29 23 678 6371 174 20 757 36 31 33
internal_value=1.31309e-12 6.21995e-08 1.253e-07 1.03382e-06 7.94705e-07 -7.51184e-07 3.45618e-06 2.11723e-06 1.05304e-07 -3.6903e-06 4.82242e-07 6.93078e-06 5.00871e-06 -4.07975e-07 -1.18333e-07 1.58368e-07 7.65724e-07 8.45388e-06 5.71145e-07 -4.52701e-07 -1.60881e-07 -6.16236e-06 6.51886e-07 4.08977e-07 5.95558e-07 -3.01194e-07 -3.21026e-06 -2.27119e-07 9.62133e-06 6.65633e-07
internal_weight=326592 200659 148689 3202 3168 2004 1164 934 145487 427 340 255 220 1969 51970 20679 10371 256 10115 10308 9605 226 10082 9404 197 31291 777 30514 100 64
internal_count=326592 200659 148689 3202 3168 2004 1164 934 145487 427 340 255 220 1969 51970 20679 10371 256 10115 10308 9605 226 10082 9404 197 31291 777 30514 100 64
cat_boundaries=0 1
cat_threshold=2
is_linear=0
shrinkage=0.05


Tree=247
num_leaves=31
num_cat=1
split_feature=33 12 15 15 25 26 25 4 24 24 4 14 26 26 8 25 24 25 6 15 13 26 26 27 26 24 27 14 8 13
split_gain=7.26753e-07 8.25187e-07 9.49274e-07 2.77058e-06 5.60076e-06 1.00989e-05 7.27269e-06 4.32966e-06 3.00935e-06 2.5311e-05 2.97868e-06 2.96716e-06 1.28116e-05 4.27307e-06 2.68006e-06 2.43419e-06 2.31645e-05 3.51292e-06 5.14734e-06 4.57198e-06 3.45819e-06 4.40882e-06 3.1251e-06 2.4253e-06 2.85776e-06 2.19438e-06 2.85713e-06 1.90635e-06 1.73732e-06 1.68144e-06
threshold=1.0000000180025095e-35 0.47640000000000005 2.5000000000000004 1.5000000000000002 3.5000000000000004 7.5000000000000009 1.5000000000000002 44.000000000000007 2.5000000000000004 4.5000000000000009 44.000000000000007 2.5000000000000004 34.000000000000007 29.500000000000004 85.000000000000014 4.5000000000000009 2.5000000000000004 2.5000000000000004 0 4.5000000000000009 1.5000000000000002 10.500000000000002 19.000000000000004 21.500000000000004 7.5000000000000009 4.5000000000000009 22.500000000000004 3.5000000000000004 85.000000000000014 4.5000000000000009
decision_type=2 2 2 2 2 2 2 2 2 2 2 2 2 2 2 2 2 2 1 2 2 2 2 2 2 2 2 2 2 2
left_child=1 2 3 7 6 -6 10 8 23 -10 14 13 -13 -11 -5 17 -17 -4 -19 -20 21 -18 -22 24 28 -7 -27 -25 -1 -9
right_child=-2 -3 15 4 5 25 -8 29 9 11 -12 12 -14 -15 -16 16 20 18 19 -21 22 -23 -24 27 -26 26 -28 -29 -30 -31
leaf_value=-1.039058767006643e-06 -9.4148738957224781e-08 1.1903463451934215e-07 -2.4652503983911046e-07 1.6118862798431041e-06 3.5815647290041068e-05 2.0297148093959553e-05 -2.289165006114865e-05 8.0177624315385608e-06 -4.9466114320113845e-05 5.712841666536406e-07 3.820028996549347e-06 4.3107110906132632e-06 -3.4587730058572358e-05 2.7014248338342772e-05 -1.938678732530154e-07 -5.6163076442317107e-05 2.3307859765526913e-05 2.4265428362153016e-05 1.4420579141334465e-05 -1.2320225900883529e-05 -6.5722004311056893e-06 1.1555361798497016e-06 1.0496521345389324e-06 1.8194617223343811e-05 -1.7318382560915779e-05 1.4425517846850496e-05 -5.4326930882375461e-08 1.9956432820002927e-06 4.2704156325174581e-07 -4.7065097340656888e-06
leaf_weight=2973 125933 148689 30414 3033 29 20 33 27 29 50 678 98 27 22 6371 20 26 36 31 33 346 165 220 32 24 43 164 42 6308 676
leaf_count=2973 125933 148689 30414 3033 29 20 33 27 29 50 678 98 27 22 6371 20 26 36 31 33 346 165 220 32 24 43 164 42 6308 676
internal_value=1.25004e-12 5.90895e-08 -1.12417e-07 1.50449e-07 7.27438e-07 8.03119e-06 5.42588e-07 -4.30066e-07 -1.52837e-07 -5.85424e-06 6.19292e-07 5.6578e-07 -4.09135e-06 8.65108e-06 3.88528e-07 -2.86135e-07 -3.04974e-06 -2.15763e-07 9.14026e-06 6.32352e-07 -1.64649e-06 4.17104e-06 -3.60964e-06 -1.54537e-08 -8.71558e-08 4.48163e-06 2.95356e-06 9.0006e-06 -4.25971e-08 -4.21781e-06
internal_weight=326592 200659 51970 20679 10371 256 10115 10308 9605 226 10082 197 125 72 9404 31291 777 30514 100 64 757 191 566 9379 9305 227 207 74 9281 703
internal_count=326592 200659 51970 20679 10371 256 10115 10308 9605 226 10082 197 125 72 9404 31291 777 30514 100 64 757 191 566 9379 9305 227 207 74 9281 703
cat_boundaries=0 1
cat_threshold=2
is_linear=0
shrinkage=0.05


Tree=248
num_leaves=31
num_cat=2
split_feature=33 15 11 13 24 26 27 0 26 27 24 8 24 26 12 24 24 24 3 24 14 26 26 25 3 6 8 27 27 11
split_gain=6.55895e-07 7.7679e-07 1.44503e-06 4.90496e-06 2.9702e-06 1.01426e-05 2.82902e-06 2.66428e-06 1.7213e-06 1.36101e-06 2.09441e-05 6.116e-05 5.3941e-05 1.04488e-05 1.00074e-05 4.45995e-06 3.3783e-06 1.62788e-05 2.0881e-06 1.81842e-06 6.80382e-06 1.66191e-06 1.43659e-05 3.28855e-06 3.10633e-06 2.21673e-06 2.62529e-06 2.08425e-06 2.06462e-06 2.55881e-06
threshold=1.0000000180025095e-35 4.5000000000000009 10.500000000000002 2.5000000000000004 3.5000000000000004 11.500000000000002 20.500000000000004 0 5.5000000000000009 31.500000000000004 1.5000000000000002 85.000000000000014 2.5000000000000004 9.5000000000000018 0.48890000000000006 4.5000000000000009 3.5000000000000004 4.5000000000000009 1.5000000000000002 1.5000000000000002 1.5000000000000002 7.5000000000000009 5.5000000000000009 3.5000000000000004 1.5000000000000002 1 85.000000000000014 18.500000000000004 12.500000000000002 47.500000000000007
decision_type=2 2 2 2 2 2 2 1 2 2 2 2 2 2 2 2 2 2 2 2 2 2 2 2 2 1 2 2 2 2
left_child=1 -1 3 -3 5 6 8 -6 -5 16 11 -11 -12 14 -14 -15 19 -18 -17 21 -21 22 23 28 25 -23 -27 -26 -4 -30
right_child=-2 2 9 4 7 -7 -8 -9 -10 10 12 -13 13 15 -16 18 17 -19 -20 20 -22 24 -24 -25 27 26 -28 -29 29 -31
leaf_value=1.0531591052401317e-07 -8.9441301897821724e-08 -2.3336366622970675e-05 -1.6370980485898663e-07 -1.0192363294211991e-06 2.4006170637717745e-05 -3.5121742803312374e-05 1.6829813036813656e-05 7.5447540309271841e-07 -1.2189151290970455e-05 -2.7728341473962448e-06 -7.7549632177661726e-05 0.00010195974035013933 -4.0528199533582664e-06 2.1226627935296469e-05 3.6083692691868125e-05 2.4863047032809964e-08 -4.6150828229260901e-05 -1.4794819293860606e-06 -1.1369024371582105e-05 3.1141721675257116e-05 -1.4383258315057778e-06 -8.6353213601125196e-06 1.9362529143874878e-05 1.802149113154883e-05 -1.1694714955340784e-06 -4.1968562698002641e-06 1.2538847541661874e-05 1.9741175905933645e-05 4.891865432246327e-06 -4.1737159879574522e-06
leaf_weight=160537 125933 25 35498 2368 22 22 22 28 35 46 22 20 25 24 41 620 23 180 43 22 59 191 95 25 26 96 31 22 394 97
leaf_count=160537 125933 25 35498 2368 22 22 22 28 35 46 22 20 25 24 41 620 23 180 43 22 59 191 95 25 26 96 31 22 394 97
internal_value=1.1865e-12 5.6135e-08 -1.40649e-07 -1.29926e-06 -1.07863e-06 -1.32513e-06 -1.01852e-06 1.09852e-05 -1.18193e-06 -6.29351e-08 1.92586e-06 2.89643e-05 -3.76768e-07 1.87795e-06 2.08805e-05 5.23815e-08 -1.08436e-07 -6.54077e-06 -7.14107e-07 -7.27167e-08 7.41058e-06 -8.93349e-08 -5.5356e-08 -1.06578e-07 -3.44164e-06 -5.23126e-06 -1.11763e-07 8.41458e-06 -1.1917e-07 3.10091e-06
internal_weight=326592 200659 40122 2522 2497 2447 2425 50 2403 37600 841 66 775 753 66 687 36759 203 663 36556 81 36475 36109 36014 366 318 127 48 35989 491
internal_count=326592 200659 40122 2522 2497 2447 2425 50 2403 37600 841 66 775 753 66 687 36759 203 663 36556 81 36475 36109 36014 366 318 127 48 35989 491
cat_boundaries=0 1 2
cat_threshold=1 4
is_linear=0
shrinkage=0.05


Tree=249
num_leaves=31
num_cat=1
split_feature=33 12 11 13 11 26 19 18 11 19 18 13 16 26 25 8 26 26 24 25 18 26 13 26 24 26 13 24 26 6
split_gain=5.91945e-07 7.56779e-07 9.60199e-07 6.07237e-06 4.7096e-06 4.85471e-06 3.06037e-06 4.07902e-06 2.23142e-06 1.04877e-05 1.53137e-05 2.13765e-06 2.35409e-06 9.10995e-07 1.19714e-05 3.89259e-06 6.95401e-06 3.04262e-06 2.85147e-06 4.20211e-06 2.01022e-06 4.64875e-06 3.64541e-06 4.61221e-06 3.43677e-06 2.03394e-06 7.95142e-06 9.70095e-06 1.97589e-06 2.04048e-06
threshold=1.0000000180025095e-35 0.47640000000000005 44.500000000000007 1.5000000000000002 45.500000000000007 8.5000000000000018 1.0000000180025095e-35 1.0000000180025095e-35 41.000000000000007 1.0000000180025095e-35 1.0000000180025095e-35 5.5000000000000009 1.0000000180025095e-35 3.0000000000000004 3.5000000000000004 85.000000000000014 7.5000000000000009 4.5000000000000009 4.5000000000000009 2.5000000000000004 1.0000000180025095e-35 6.5000000000000009 2.5000000000000004 12.500000000000002 4.5000000000000009 7.5000000000000009 1.5000000000000002 1.5000000000000002 14.000000000000002 0
decision_type=2 2 2 2 2 2 2 2 2 2 2 2 2 2 2 2 2 2 2 2 2 2 2 2 2 2 2 2 2 1
left_child=1 13 8 -4 6 -6 7 -5 -3 10 11 -10 -13 14 -1 16 -15 -17 19 -18 25 -22 23 -23 -24 26 -19 -28 29 -27
right_child=-2 2 3 4 5 -7 -8 -9 9 -11 -12 12 -14 15 -16 17 18 20 -20 -21 21 22 24 -25 -26 28 27 -29 -30 -31
leaf_value=-8.6666778626500779e-08 -8.4969237287049312e-08 1.0250901504908084e-07 2.1985222273917104e-05 9.3936653758021207e-08 -4.7437017775441263e-07 -2.4641744468161573e-05 8.4375996653840933e-06 7.7302585397906951e-06 1.8050487077354254e-05 -1.900817733258009e-05 -1.7932879294248243e-05 9.8959144452237528e-07 1.1866478598676623e-05 -2.8967748608794928e-05 3.5994252661823892e-05 -1.7236577928997578e-05 -3.9445545862394203e-06 -1.8523055619349785e-05 -6.5883637778386631e-06 1.4563916133540816e-05 -2.2280566723754324e-05 2.176372536896138e-05 -1.5212860136457227e-05 -3.0409138662787515e-07 1.8628936669091883e-06 -5.9323195797256844e-06 4.8427646803460234e-06 4.1249931503746971e-05 2.0353994588985135e-06 2.5920350372535388e-06
leaf_weight=50043 125933 145060 34 701 1983 21 230 233 35 87 85 144 76 29 23 25 92 24 274 46 29 29 68 129 52 191 77 24 704 111
leaf_count=50043 125933 145060 34 701 1983 21 230 233 35 87 85 144 76 29 23 25 92 24 274 46 29 29 68 129 52 191 77 24 704 111
internal_value=1.12698e-12 5.33283e-08 1.10735e-07 9.67206e-07 7.41634e-07 -7.27621e-07 3.27118e-06 1.99893e-06 9.1885e-08 -3.5173e-06 4.46547e-07 6.57302e-06 4.74706e-06 -1.10915e-07 -7.00914e-08 -1.18438e-06 -5.30212e-06 5.68471e-08 -3.63634e-06 2.22494e-06 3.57498e-07 -3.23068e-06 -1.24347e-06 3.74633e-06 -7.81337e-06 1.33148e-06 7.3467e-06 1.3494e-05 5.8406e-07 -2.7992e-06
internal_weight=326592 200659 148689 3202 3168 2004 1164 934 145487 427 340 255 220 51970 50066 1904 441 1463 412 138 1438 307 278 158 120 1131 125 101 1006 302
internal_count=326592 200659 148689 3202 3168 2004 1164 934 145487 427 340 255 220 51970 50066 1904 441 1463 412 138 1438 307 278 158 120 1131 125 101 1006 302
cat_boundaries=0 1
cat_threshold=4
is_linear=0
shrinkage=0.05


Tree=250
num_leaves=31
num_cat=1
split_feature=11 4 26 26 14 25 27 15 15 26 15 4 27 14 25 11 26 33 11 26 25 13 15 15 7 26 3 0 33 14
split_gain=5.38253e-07 8.34365e-07 1.20773e-06 5.51885e-06 1.88774e-05 2.12116e-06 2.52776e-06 1.5079e-06 1.01379e-06 9.97316e-07 1.48914e-06 1.84058e-06 9.4097e-07 1.7579e-06 7.71447e-07 7.30901e-07 1.5037e-06 3.36e-06 8.74939e-07 9.1214e-06 3.36914e-05 2.26193e-06 6.85002e-07 6.34067e-07 5.89608e-07 5.88708e-07 1.89716e-06 3.68659e-06 6.09536e-06 1.69708e-05
threshold=8.5000000000000018 79.500000000000014 1.0000000180025095e-35 3.0000000000000004 5.5000000000000009 1.5000000000000002 12.500000000000002 2.5000000000000004 2.5000000000000004 20.500000000000004 4.5000000000000009 81.500000000000014 18.500000000000004 2.5000000000000004 3.5000000000000004 7.5000000000000009 20.500000000000004 1.0000000180025095e-35 6.5000000000000009 5.5000000000000009 2.5000000000000004 2.5000000000000004 1.5000000000000002 2.5000000000000004 11.000000000000002 7.5000000000000009 1.5000000000000002 0 1.0000000180025095e-35 2.5000000000000004
decision_type=2 2 2 2 2 2 2 2 2 2 2 2 2 2 2 2 2 2 2 2 2 2 2 2 2 2 2 1 2 2
left_child=15 25 23 4 -4 6 8 22 -5 -9 11 -11 13 -7 -14 18 -17 -18 -1 -20 -21 -22 -8 -3 -16 -2 -27 28 29 -28
right_child=1 2 3 5 -6 12 7 9 -10 10 -12 -13 14 -15 24 16 17 -19 19 20 21 -23 -24 -25 -26 26 27 -29 -30 -31
leaf_value=-9.4418757534362036e-08 4.6317103147868342e-08 7.0844566298599125e-07 -7.9019054055606838e-08 -3.1297820400637152e-06 5.3947116421940417e-05 -2.315482169461365e-06 7.5788890267415953e-06 1.8449331250072957e-05 3.3637615701783259e-06 1.5182485367404298e-05 1.9975636457729707e-05 -4.8299490353437491e-06 -9.3784191607404007e-06 1.6449981558253057e-05 4.4957194131711735e-06 -9.6729433792681661e-07 -2.5227127445673217e-05 -6.102027991043239e-08 -9.281361285987492e-07 5.5398954860078552e-05 -7.6212057820157508e-08 -2.1784149312441602e-05 -2.1901287883498727e-06 -7.1861821319950044e-08 -4.0577072247364503e-07 -1.544091857627817e-07 -5.1338628769372013e-05 1.7378836721194524e-06 1.5799756030072851e-07 -6.4905529668774558e-06
leaf_weight=97713 194005 4350 61 99 22 26 38 41 153 20 20 27 23 24 65 933 21 36 436 34 28 21 34 6484 1094 20227 25 230 167 135
leaf_count=97713 194005 4350 61 99 22 26 38 41 153 20 20 27 23 24 65 933 21 36 436 34 28 21 34 6484 1094 20227 25 230 167 135
internal_value=1.06946e-12 4.24042e-08 4.38162e-07 1.65812e-06 1.42412e-05 1.03048e-06 4.04518e-06 8.57061e-06 8.12727e-07 1.23072e-05 8.54856e-06 3.68598e-06 -2.66218e-08 6.69194e-06 -3.10825e-07 -9.71669e-08 -1.44894e-06 -9.33274e-06 -8.35435e-08 1.96396e-06 1.71562e-05 -9.37961e-06 2.96574e-06 2.41442e-07 -1.30881e-07 1.92232e-08 -2.33681e-07 -3.11237e-06 -6.52387e-06 -1.34981e-05
internal_weight=326592 227370 12581 1747 83 1664 432 180 252 108 67 47 1232 50 1182 99222 990 57 98232 519 83 49 72 10834 1159 214789 20784 557 327 160
internal_count=326592 227370 12581 1747 83 1664 432 180 252 108 67 47 1232 50 1182 99222 990 57 98232 519 83 49 72 10834 1159 214789 20784 557 327 160
cat_boundaries=0 1
cat_threshold=1
is_linear=0
shrinkage=0.05


Tree=251
num_leaves=31
num_cat=1
split_feature=33 15 4 13 26 13 24 25 24 0 27 4 11 11 11 25 26 27 26 11 14 11 11 11 26 11 26 26 26 24
split_gain=4.9036e-07 6.89808e-07 1.49912e-06 1.31553e-05 3.81422e-05 5.05784e-06 3.11372e-05 4.41766e-06 5.20954e-06 6.9122e-06 4.48e-06 3.03256e-06 1.15751e-05 5.49875e-06 9.45989e-06 2.60427e-06 1.04257e-05 3.19407e-06 4.4889e-06 2.68478e-06 2.16191e-06 3.41718e-06 2.0132e-06 1.94093e-06 1.48161e-06 1.44626e-06 2.98783e-06 1.25811e-06 5.14777e-06 6.36467e-06
threshold=1.0000000180025095e-35 4.5000000000000009 39.000000000000007 1.5000000000000002 26.500000000000004 1.5000000000000002 3.5000000000000004 1.5000000000000002 4.5000000000000009 0 21.500000000000004 44.000000000000007 45.500000000000007 44.500000000000007 41.000000000000007 3.5000000000000004 8.5000000000000018 4.0000000000000009 8.5000000000000018 6.5000000000000009 1.5000000000000002 6.5000000000000009 51.000000000000007 6.5000000000000009 15.500000000000002 13.500000000000002 22.500000000000004 7.5000000000000009 5.5000000000000009 1.5000000000000002
decision_type=2 2 2 2 2 2 2 2 2 1 2 2 2 2 2 2 2 2 2 2 2 2 2 2 2 2 2 2 2 2
left_child=1 -1 3 4 -3 6 -4 22 9 -9 -11 27 13 14 15 17 -17 -13 23 -20 -18 -22 -5 -19 -21 -8 -27 28 -7 -30
right_child=-2 2 5 7 -6 11 25 8 -10 10 -12 12 -14 -15 -16 16 20 18 19 24 21 -23 -24 -25 -26 26 -28 -29 29 -31
leaf_value=9.4882718334482286e-08 -7.7335408513377347e-08 -7.0796139754328083e-05 5.3984374655204108e-05 -1.1641997316531841e-06 1.5276092542125463e-06 2.8488659986563792e-07 -1.187188064971592e-05 -3.0654407744419367e-06 -8.3590721401162132e-07 3.8240578851400643e-05 1.1107454237985779e-05 -3.4291766032907382e-07 -6.2835758721142156e-06 7.3417745090425493e-06 -1.7040540739852827e-05 -3.7586751442058414e-05 -1.4809208780914359e-05 1.7642669933825257e-05 -1.4536364719138616e-05 1.3766961856163107e-05 1.3067301570117706e-05 -4.0192367196391595e-06 7.6589421836679177e-07 6.4154517396592231e-06 -1.5933951918631379e-06 1.5708682639631826e-05 -6.6448025547145865e-07 -2.0027890176255774e-06 1.8672073488232857e-05 -6.8918635328632921e-06
leaf_weight=160537 125933 26 31 5961 61 21540 21 33 105 32 29 7898 870 233 85 23 27 51 35 20 40 109 1747 157 73 33 179 588 80 35
leaf_count=160537 125933 26 31 5961 61 21540 21 33 105 32 29 7898 870 233 85 23 27 51 35 20 40 109 1747 157 73 33 179 588 80 35
internal_value=1.01837e-12 4.85371e-08 -1.36902e-07 -7.49613e-07 -2.00864e-05 1.55513e-08 6.90777e-06 -5.36852e-07 6.81852e-06 1.53687e-05 2.53412e-05 -4.15521e-08 -7.83223e-07 -2.36393e-07 -4.43685e-07 -2.76398e-07 -5.92839e-06 -1.398e-07 4.63467e-06 -2.73243e-06 -1.79121e-06 5.67753e-07 -7.26748e-07 9.16828e-06 1.70991e-06 6.44357e-07 1.88417e-06 2.7925e-07 3.41215e-07 1.08917e-05
internal_weight=326592 200659 40122 7994 87 32128 264 7907 199 94 61 31864 9621 8751 8518 8433 199 8234 336 128 176 149 7708 208 93 233 212 22243 21655 115
internal_count=326592 200659 40122 7994 87 32128 264 7907 199 94 61 31864 9621 8751 8518 8433 199 8234 336 128 176 149 7708 208 93 233 212 22243 21655 115
cat_boundaries=0 1
cat_threshold=1
is_linear=0
shrinkage=0.05


Tree=252
num_leaves=31
num_cat=1
split_feature=11 4 11 11 24 13 13 17 23 12 15 15 4 25 4 11 11 24 33 24 27 24 33 14 6 27 33 25 33 13
split_gain=4.53645e-07 7.58596e-07 6.61953e-07 7.85125e-07 8.92944e-06 1.21684e-06 4.75542e-06 2.86293e-06 1.238e-06 4.5624e-07 6.91729e-07 2.07798e-06 3.03772e-06 1.91412e-06 1.88205e-06 1.68637e-06 1.55251e-06 1.68355e-06 3.04221e-06 4.03028e-06 2.3021e-06 9.54172e-07 4.86878e-06 1.0424e-05 9.05628e-07 8.62082e-07 8.19085e-07 8.10308e-07 7.48918e-07 2.6854e-06
threshold=8.5000000000000018 79.500000000000014 7.5000000000000009 6.5000000000000009 1.0000000180025095e-35 3.5000000000000004 5.5000000000000009 1.0000000180025095e-35 1.0000000180025095e-35 0.47640000000000005 2.5000000000000004 1.5000000000000002 44.000000000000007 1.0000000180025095e-35 44.000000000000007 47.500000000000007 47.500000000000007 1.0000000180025095e-35 1.0000000180025095e-35 4.5000000000000009 22.500000000000004 3.5000000000000004 1.0000000180025095e-35 2.5000000000000004 0 7.5000000000000009 1.0000000180025095e-35 3.5000000000000004 1.0000000180025095e-35 3.5000000000000004
decision_type=2 2 2 2 2 2 2 2 2 2 2 2 2 2 2 2 2 2 2 2 2 2 2 2 1 2 2 2 2 2
left_child=2 9 3 -1 5 8 7 -7 -5 10 11 12 15 -14 16 21 25 -18 19 20 -19 -2 23 -23 -21 -13 -16 28 29 -27
right_child=1 -3 -4 4 -6 6 -8 -9 -10 -11 -12 14 13 -15 26 -17 17 18 -20 24 -22 22 -24 -25 -26 27 -28 -29 -30 -31
leaf_value=-8.6540807125083098e-08 -8.4070552329815335e-07 4.1629003431037759e-07 -1.3756407922514745e-06 -1.4834201650816026e-05 2.5885978336425016e-05 4.8722152752946262e-06 -9.3559099507322752e-07 2.8975145086075247e-05 -3.9679190147199412e-08 6.271557637638232e-08 -2.360442712792387e-07 1.5981114678388082e-06 -4.4804554403871134e-06 8.0872009688070011e-07 3.581067440821242e-06 2.8020986134831781e-07 -2.03487494733494e-07 7.8959913236076321e-06 -8.8549393912070894e-08 -2.3183590043758658e-06 3.0459656465189677e-05 9.5479424761952437e-06 6.0973842952449786e-07 -3.3783525078823525e-05 6.2637671746023114e-06 -1.846878456548908e-05 -9.2230576971824403e-08 7.0452978510902758e-07 2.0452953573586805e-07 -3.4542413194079323e-07
leaf_weight=97713 3285 12581 990 26 36 28 376 22 31 153798 36666 2987 676 229 697 7744 7216 20 350 44 26 23 141 35 102 31 194 389 76 60
leaf_count=97713 3285 12581 990 26 36 28 376 22 31 153798 36666 2987 676 229 697 7744 7216 20 350 44 26 23 141 35 102 31 194 389 76 60
internal_value=9.66339e-13 3.8929e-08 -8.92038e-08 -7.62388e-08 1.86333e-06 7.28234e-08 9.90829e-07 1.54775e-05 -6.78806e-06 1.68256e-08 -9.8893e-08 1.0784e-07 -3.55412e-07 -3.14209e-06 5.68851e-07 -1.308e-07 3.94418e-07 -1.62293e-09 2.68593e-06 7.74358e-06 2.06494e-05 -1.04436e-06 -4.40627e-06 -1.66004e-05 3.67737e-06 1.26162e-06 2.78127e-06 -5.46136e-07 -3.45936e-06 -6.51932e-06
internal_weight=326592 227370 99222 98232 519 483 426 50 57 214789 60991 24325 12133 905 12192 11228 11301 7758 542 192 46 3484 199 58 146 3543 891 556 167 91
internal_count=326592 227370 99222 98232 519 483 426 50 57 214789 60991 24325 12133 905 12192 11228 11301 7758 542 192 46 3484 199 58 146 3543 891 556 167 91
cat_boundaries=0 1
cat_threshold=1
is_linear=0
shrinkage=0.05


Tree=253
num_leaves=31
num_cat=5
split_feature=33 15 11 25 6 15 24 14 24 12 8 0 13 13 3 11 8 13 6 13 24 24 3 11 13 6 15 13 0 24
split_gain=4.15261e-07 6.24049e-07 2.3013e-06 3.10963e-06 4.44785e-06 2.20651e-06 5.39802e-06 6.11572e-06 2.62262e-05 7.74461e-06 1.34956e-05 7.90695e-06 8.60242e-06 5.13723e-06 3.75643e-06 3.83846e-06 3.56791e-06 3.54082e-06 2.69705e-06 2.64825e-06 1.99716e-06 6.74748e-06 5.77429e-05 5.18899e-05 3.5466e-05 9.10805e-05 2.83349e-05 1.11889e-05 7.22495e-06 7.40732e-06
threshold=1.0000000180025095e-35 1.5000000000000002 10.500000000000002 3.5000000000000004 0 2.5000000000000004 1.5000000000000002 1.5000000000000002 2.5000000000000004 0.4472000000000001 85.000000000000014 1 2.5000000000000004 2.5000000000000004 1.5000000000000002 41.000000000000007 75.000000000000014 2.5000000000000004 2 3.5000000000000004 3.5000000000000004 1.0000000180025095e-35 1.5000000000000002 21.000000000000004 1.5000000000000002 3 4.5000000000000009 1.5000000000000002 4 2.5000000000000004
decision_type=2 2 2 2 1 2 2 2 2 2 2 1 2 2 2 2 2 2 1 2 2 2 2 2 2 1 2 2 1 2
left_child=1 2 3 -1 -5 6 13 9 -9 -8 11 17 -13 16 18 -16 -3 -11 19 -15 21 27 24 26 25 -23 -24 -7 29 -26
right_child=-2 5 -4 4 -6 20 7 8 -10 10 -12 12 -14 14 15 -17 -18 -19 -20 -21 -22 22 23 -25 28 -27 -28 -29 -30 -31
leaf_value=-1.2800976977085503e-06 -7.1167517719246765e-08 -2.6231400411704492e-05 -3.316288678606083e-08 -2.4992238446857837e-05 -6.652877952243823e-07 2.7114286747650782e-05 1.6222977174083408e-05 6.218525369149575e-05 4.2963927644703088e-06 1.5345656160766689e-06 -4.5262487112102629e-05 -3.6619530328607651e-05 -4.8471349032297442e-07 -9.0246312426784408e-06 1.272357071682368e-06 7.5944864846182074e-06 -4.5575543311894184e-06 2.6290054938726827e-05 5.7187350467071997e-07 -2.7747702183601762e-07 -1.282078457845427e-06 -0.00012329882732657895 5.1387081870676154e-05 0.00011431951892518556 4.1512160437971195e-05 1.6405302579057336e-05 -1.6785691096393511e-05 -2.1498270131937384e-08 7.8916965495602992e-07 6.4976794575066781e-06
leaf_weight=2470 125933 29 37484 34 42 38 38 20 900 52 22 28 40 87 5079 252 55 20 17516 16004 3047 20 35 20 23 28 27 116801 404 44
leaf_count=2470 125933 29 37484 34 42 38 38 20 900 52 22 28 40 87 5079 252 55 20 17516 16004 3047 20 35 20 23 28 27 116801 404 44
internal_value=9.19039e-13 4.4666e-08 -1.31966e-07 -1.58661e-06 -1.15484e-05 8.86841e-08 4.09741e-07 3.83216e-06 5.55485e-06 -4.09219e-06 -8.85748e-06 -3.13669e-06 -1.53638e-05 3.11511e-07 3.38157e-07 1.57121e-06 -1.20402e-05 8.41109e-06 1.42561e-07 -3.24771e-07 -1.82806e-08 1.45089e-08 5.29883e-06 4.42893e-05 -8.61514e-07 -4.18048e-05 2.16989e-05 -1.26728e-08 3.31104e-06 1.85176e-05
internal_weight=326592 200659 40030 2546 76 160629 40142 1120 920 200 162 140 68 39022 38938 5331 84 72 33607 16091 120487 117440 601 82 519 48 62 116839 471 67
internal_count=326592 200659 40030 2546 76 160629 40142 1120 920 200 162 140 68 39022 38938 5331 84 72 33607 16091 120487 117440 601 82 519 48 62 116839 471 67
cat_boundaries=0 1 2 3 4 5
cat_threshold=1 1 4 2 1
is_linear=0
shrinkage=0.05


Tree=254
num_leaves=31
num_cat=0
split_feature=11 4 26 26 14 25 27 15 26 15 4 27 14 15 25 15 11 26 33 11 14 13 26 26 13 7 8 15 26 3
split_gain=3.77023e-07 6.33221e-07 1.03527e-06 4.9566e-06 1.68343e-05 1.6576e-06 2.02606e-06 1.13135e-06 1.02695e-06 1.38932e-06 1.7199e-06 9.16977e-07 1.54863e-06 8.72882e-07 8.0398e-07 6.23935e-07 6.00965e-07 1.35954e-06 3.04174e-06 6.93977e-07 8.19727e-06 1.94388e-05 1.68624e-06 4.47848e-06 1.36913e-06 5.35751e-07 5.53179e-07 5.23245e-07 5.08922e-07 1.80526e-06
threshold=8.5000000000000018 79.500000000000014 1.0000000180025095e-35 3.0000000000000004 5.5000000000000009 1.5000000000000002 12.500000000000002 2.5000000000000004 20.500000000000004 4.5000000000000009 81.500000000000014 18.500000000000004 2.5000000000000004 2.5000000000000004 3.5000000000000004 1.5000000000000002 7.5000000000000009 20.500000000000004 1.0000000180025095e-35 6.5000000000000009 6.5000000000000009 6.5000000000000009 11.500000000000002 5.5000000000000009 2.5000000000000004 11.000000000000002 110.00000000000001 2.5000000000000004 7.5000000000000009 1.5000000000000002
decision_type=2 2 2 2 2 2 2 2 2 2 2 2 2 2 2 2 2 2 2 2 2 2 2 2 2 2 2 2 2 2
left_child=16 28 27 4 -4 6 13 15 -9 10 -10 12 -7 -5 -13 -8 19 -18 -19 -1 22 -22 23 -21 -24 26 -16 -3 -2 -30
right_child=1 2 3 5 -6 11 7 8 9 -11 -12 14 -14 -15 25 -17 17 18 -20 20 21 -23 24 -25 -26 -27 -28 -29 29 -31
leaf_value=-7.8654491650911248e-08 4.0486106936218181e-08 6.2235899625078282e-07 -8.8457460378776892e-08 -2.9722602751765711e-06 5.0930400423319294e-05 -1.841487154216828e-06 7.179325458357773e-06 1.7100774724584458e-05 1.3470417070493569e-05 1.8091438873852895e-05 -5.8747904000079468e-06 -9.5569053606279503e-06 1.5771660294679656e-05 3.0531226287826482e-06 9.9453708212105246e-07 -2.1440786891911131e-06 -8.4908592831097495e-07 -2.3926376022808699e-05 1.8237919737392382e-08 -8.7502117359059216e-07 5.6592101480002945e-05 -9.7035507038030628e-07 -8.7316913734980525e-07 2.1844529739768327e-05 -1.7592328131286194e-05 -3.7842143325624375e-07 1.0742506161808376e-05 -8.6485199629872497e-08 -1.4251962556853812e-07 -3.0279501856890279e-06
leaf_weight=97713 194005 4350 61 99 22 26 38 41 20 20 27 23 24 153 43 34 933 21 36 381 22 44 24 23 25 1094 22 6484 20227 557
leaf_count=97713 194005 4350 61 99 22 26 38 41 20 20 27 23 24 153 43 34 933 21 36 381 22 44 24 23 25 1094 22 6484 20227 557
internal_value=8.70649e-13 3.54895e-08 3.80259e-07 1.50976e-06 1.34346e-05 9.14951e-07 3.57995e-06 7.63147e-06 1.08681e-05 7.054e-06 2.35721e-06 -1.95296e-08 6.61282e-06 6.86008e-07 -3.00086e-07 2.77661e-06 -8.13222e-08 -1.30707e-06 -8.80346e-06 -6.8969e-08 1.75454e-06 1.82171e-05 -6.4398e-07 4.18419e-07 -9.40335e-06 -1.16387e-07 4.29385e-06 1.98125e-07 1.5295e-08 -2.19848e-07
internal_weight=326592 227370 12581 1747 83 1664 432 180 108 67 47 1232 50 252 1182 72 99222 990 57 98232 519 66 453 404 49 1159 65 10834 214789 20784
internal_count=326592 227370 12581 1747 83 1664 432 180 108 67 47 1232 50 252 1182 72 99222 990 57 98232 519 66 453 404 49 1159 65 10834 214789 20784
is_linear=0
shrinkage=0.05


Tree=255
num_leaves=31
num_cat=0
split_feature=15 15 4 8 8 13 4 11 33 4 24 26 25 27 11 33 26 24 26 4 26 24 24 25 14 24 4 33 25 8
split_gain=3.45323e-07 1.21002e-06 3.2724e-06 2.36333e-06 2.32803e-06 2.46966e-06 1.47457e-06 2.92174e-06 1.66524e-06 1.81222e-06 1.33582e-06 7.14285e-06 1.22689e-06 2.82988e-06 9.8792e-07 3.27304e-06 1.6592e-05 1.82253e-05 1.18971e-06 9.63864e-07 1.60423e-06 1.14535e-05 3.01094e-06 6.3391e-06 1.39915e-05 6.17759e-06 2.98578e-06 4.49806e-06 1.63146e-06 1.11079e-06
threshold=1.5000000000000002 2.5000000000000004 39.000000000000007 95.000000000000014 85.000000000000014 3.5000000000000004 44.000000000000007 41.000000000000007 1.0000000180025095e-35 76.000000000000014 1.0000000180025095e-35 7.5000000000000009 2.5000000000000004 26.500000000000004 13.500000000000002 1.0000000180025095e-35 3.0000000000000004 3.5000000000000004 22.500000000000004 39.000000000000007 9.5000000000000018 3.5000000000000004 4.5000000000000009 3.5000000000000004 3.5000000000000004 2.5000000000000004 37.000000000000007 1.0000000180025095e-35 2.5000000000000004 85.000000000000014
decision_type=2 2 2 2 2 2 2 2 2 2 2 2 2 2 2 2 2 2 2 2 2 2 2 2 2 2 2 2 2 2
left_child=19 2 4 14 5 12 10 -8 9 -9 -5 -12 13 -2 15 16 -4 -18 -19 20 21 29 25 24 -24 28 27 -25 -22 -1
right_child=1 -3 3 6 -6 -7 7 8 -10 -11 11 -13 -14 -15 -16 -17 17 18 -20 -21 22 -23 23 26 -26 -27 -28 -29 -30 -31
leaf_value=-9.5663813771281405e-07 -1.6007738529345181e-06 -3.643024827123545e-08 9.8893058544502524e-07 -9.1953632417658122e-08 -3.9595578191852936e-07 1.9415533214712465e-06 6.9704925551989094e-07 3.8013884530156401e-06 -1.6950956235526808e-07 1.1449658683405313e-05 2.9505522870465484e-05 1.1182638111580308e-06 5.828867520849866e-07 -1.7334365599796707e-05 -2.6697994882510305e-07 -5.083256586514537e-08 4.4802313286511536e-05 1.181483214840758e-05 -1.3570848568633665e-06 -2.6026604946210799e-08 7.8124873077671746e-06 -2.6820788001947183e-05 -4.1692192958972138e-05 3.1466099019217799e-05 -3.4625812029550448e-07 2.7544855909790538e-05 8.3876861139214299e-07 -5.4020449847089562e-07 -1.1762307754726615e-06 4.3079100305586362e-07
leaf_weight=6405 366 195880 2381 4167 2039 5874 3625 872 241 85 24 289 783 31 27547 16898 46 30 40 56367 99 42 28 21 76 30 318 23 103 1862
leaf_count=6405 366 195880 2381 4167 2039 5874 3625 872 241 85 24 289 783 31 27547 16898 46 30 40 56367 99 42 28 21 76 30 318 23 103 1862
internal_value=8.28843e-13 2.57214e-08 2.12049e-07 6.97728e-08 1.0921e-06 1.52223e-06 7.9782e-07 1.40452e-06 3.54523e-06 4.4807e-06 1.44674e-07 3.29492e-06 -5.65126e-07 -2.82934e-06 -7.45122e-08 1.98852e-07 1.88855e-06 2.0354e-05 4.28802e-06 -1.02772e-07 -5.83056e-07 -7.7646e-07 1.71923e-06 -5.97865e-07 -1.14779e-05 6.37341e-06 2.52788e-06 1.47355e-05 3.22913e-06 -6.44144e-07
internal_weight=326592 261218 65338 56245 9093 7054 9303 4823 1198 957 4480 313 1180 397 46942 19395 2497 116 70 65374 9007 8309 698 466 104 232 362 44 202 8267
internal_count=326592 261218 65338 56245 9093 7054 9303 4823 1198 957 4480 313 1180 397 46942 19395 2497 116 70 65374 9007 8309 698 466 104 232 362 44 202 8267
is_linear=0
shrinkage=0.05


Tree=256
num_leaves=31
num_cat=0
split_feature=11 12 11 11 15 25 15 26 23 11 26 15 15 15 25 13 13 13 26 15 15 31 26 26 33 13 11 26 33 11
split_gain=3.45999e-07 5.9581e-07 5.79346e-07 2.71295e-06 2.03666e-06 3.27352e-06 2.44042e-06 1.88405e-06 3.61186e-06 1.85237e-06 8.48403e-06 6.32687e-06 9.96756e-06 1.76122e-06 1.6947e-06 1.4036e-06 1.29463e-06 1.25173e-06 6.12654e-06 3.75396e-06 1.36466e-06 2.36308e-06 1.13528e-06 8.35341e-07 3.27485e-06 8.0385e-07 5.51848e-07 1.23943e-06 2.77712e-06 6.0276e-07
threshold=8.5000000000000018 0.47640000000000005 44.500000000000007 45.500000000000007 1.5000000000000002 1.0000000180025095e-35 4.5000000000000009 17.000000000000004 1.0000000180025095e-35 41.000000000000007 17.000000000000004 4.5000000000000009 1.5000000000000002 2.5000000000000004 4.5000000000000009 6.5000000000000009 5.5000000000000009 1.5000000000000002 22.500000000000004 1.5000000000000002 4.5000000000000009 1.0000000180025095e-35 7.5000000000000009 8.5000000000000018 1.0000000180025095e-35 5.5000000000000009 7.5000000000000009 20.500000000000004 1.0000000180025095e-35 6.5000000000000009
decision_type=2 2 2 2 2 2 2 2 2 2 2 2 2 2 2 2 2 2 2 2 2 2 2 2 2 2 2 2 2 2
left_child=26 -2 9 4 5 -4 7 22 -9 -3 11 12 16 -14 15 -8 -11 18 -5 -20 21 -21 -6 -19 -25 -13 29 -28 -29 -1
right_child=1 2 3 17 6 -7 14 8 -10 10 -12 25 13 -15 -16 -17 -18 23 19 20 -22 -23 -24 24 -26 -27 27 28 -30 -31
leaf_value=-7.5093481883666746e-08 -9.9684304671942858e-08 7.7859015036673586e-08 8.9853275332667586e-06 2.3864206741563976e-05 -1.2265930344547713e-07 -3.2505160092652674e-06 1.9792187889660932e-05 2.3757936279859374e-05 -4.5419219056151807e-07 -4.1944981410053865e-06 2.4348847182409374e-05 -7.5542927954136935e-06 8.4895567089566755e-06 2.7201926819895958e-07 -1.104004711755629e-06 6.2258026446215812e-06 -1.8162050400860609e-05 -4.3497025161634839e-07 -1.9779186729610129e-05 1.974830314887423e-05 -8.1224066929053161e-06 -2.8502826151824675e-08 -9.5820337203590643e-06 -2.2607573053045645e-05 2.3785868302367465e-07 -1.8440232088323684e-05 -8.1521030723134435e-07 -2.2860191633558964e-05 1.9166409062323615e-08 1.6333822835586797e-06
leaf_weight=97713 60991 161862 227 31 817 72 21 24 43 21 27 22 99 191 77 207 79 2260 22 23 20 44 33 21 62 74 933 21 36 519
leaf_count=97713 60991 161862 227 31 817 72 21 24 43 21 27 22 99 191 77 207 79 2260 22 23 20 44 33 21 62 74 933 21 36 519
internal_value=7.88924e-13 3.39979e-08 8.3003e-08 6.77161e-07 2.34007e-06 6.0389e-06 1.43503e-06 1.46391e-07 8.21881e-06 6.83516e-08 -2.93142e-06 -4.44699e-06 -1.61658e-06 3.07732e-06 5.30941e-06 7.47534e-06 -1.52289e-05 -3.41477e-07 4.25112e-06 -1.32691e-06 3.33918e-06 6.76055e-06 -4.89906e-07 -6.15896e-07 -5.54231e-06 -1.59455e-05 -7.79046e-08 -1.25249e-06 -8.41007e-06 -6.60669e-08
internal_weight=326592 227370 166379 4004 1521 299 1222 917 67 162375 513 486 390 290 305 228 100 2483 140 109 87 67 850 2343 83 96 99222 990 57 98232
internal_count=326592 227370 166379 4004 1521 299 1222 917 67 162375 513 486 390 290 305 228 100 2483 140 109 87 67 850 2343 83 96 99222 990 57 98232
is_linear=0
shrinkage=0.05


Tree=257
num_leaves=31
num_cat=4
split_feature=15 8 3 13 14 24 24 25 6 26 22 6 15 33 27 8 24 24 26 8 8 27 14 14 6 15 24 6 25 27
split_gain=3.26695e-07 8.36376e-07 6.29933e-07 1.47526e-06 2.8189e-06 1.08004e-06 6.67195e-06 6.75505e-07 1.19257e-06 7.77395e-07 2.17539e-06 5.60157e-07 5.21636e-07 8.19118e-07 1.24631e-06 5.51617e-06 3.3313e-06 1.00236e-05 5.29835e-05 1.46275e-05 1.58092e-05 1.26047e-05 1.18237e-05 1.31079e-05 8.66162e-06 5.61397e-06 6.05458e-06 1.85155e-05 5.52558e-06 7.14552e-06
threshold=4.5000000000000009 110.00000000000001 1.5000000000000002 1.5000000000000002 4.5000000000000009 1.5000000000000002 4.5000000000000009 1.0000000180025095e-35 0 20.500000000000004 1.0000000180025095e-35 1 1.5000000000000002 1.0000000180025095e-35 12.500000000000002 110.00000000000001 3.5000000000000004 1.5000000000000002 7.5000000000000009 95.000000000000014 75.000000000000014 34.000000000000007 3.5000000000000004 1.5000000000000002 2 2.5000000000000004 4.5000000000000009 3 2.5000000000000004 29.500000000000004
decision_type=2 2 2 2 2 2 2 2 1 2 2 1 2 2 2 2 2 2 2 2 2 2 2 2 1 2 2 1 2 2
left_child=12 -2 5 4 -4 11 -7 8 -5 10 -9 -3 -1 14 -14 16 17 28 -19 20 24 -21 23 -22 -20 -18 27 -27 29 -16
right_child=1 2 3 7 -6 6 -8 9 -10 -11 -12 -13 13 -15 15 -17 25 18 19 21 22 -23 -24 -25 -26 26 -28 -29 -30 -31
leaf_value=-9.7320672681119829e-08 -5.6548219937418713e-08 -1.1835782280604752e-06 -3.8741605871899467e-06 -4.7654313539169384e-06 1.6267363740585241e-05 -2.6018467645799164e-05 4.6796323482653586e-07 1.7598810472918558e-05 -1.2788668854075522e-06 -5.9292187567431636e-06 -1.3287001814354938e-07 5.0775721884369623e-07 1.0995837919364513e-07 -6.3378808011279812e-08 7.1903134461432717e-07 5.8132221636419956e-06 2.3543480705054014e-06 6.546228484550835e-05 1.8407338455290302e-05 -1.0625304769616509e-06 4.7804357018321758e-05 -5.3033643807793852e-05 5.2932957258077378e-05 1.4307532111956789e-06 -1.5878305283487342e-05 -3.9857574187776449e-05 -1.7057645192970648e-06 2.6095998746865064e-06 -1.3574527762482751e-05 2.9349978384826416e-05
leaf_weight=65374 61589 737 38 400 32 29 132 20 634 36 128 1458 114534 75478 2308 512 924 38 25 28 20 20 23 64 70 42 1744 66 67 22
leaf_count=65374 61589 737 38 400 32 29 132 20 634 36 128 1458 114534 75478 2308 512 924 38 25 28 20 20 23 64 70 42 1744 66 67 22
internal_value=7.49413e-13 -1.00097e-07 -8.36134e-07 -1.72525e-06 5.33339e-06 -3.50064e-07 -4.30288e-06 -2.13092e-06 -2.62763e-06 6.60418e-07 2.2633e-06 -6.01308e-08 2.49843e-08 6.57811e-08 1.46679e-07 8.50802e-07 3.85546e-07 1.64122e-06 1.04547e-05 2.09357e-06 7.98919e-06 -2.27172e-05 2.11693e-05 1.24721e-05 -6.85577e-06 -8.2897e-07 -2.41719e-06 -1.39054e-05 5.82282e-07 9.89366e-07
internal_weight=326592 65233 3644 1288 70 2356 161 1218 1034 184 148 2195 261359 195985 120507 5973 5461 2685 288 250 202 48 107 84 95 2776 1852 108 2397 2330
internal_count=326592 65233 3644 1288 70 2356 161 1218 1034 184 148 2195 261359 195985 120507 5973 5461 2685 288 250 202 48 107 84 95 2776 1852 108 2397 2330
cat_boundaries=0 1 2 3 4
cat_threshold=4 1 2 4
is_linear=0
shrinkage=0.05


Tree=258
num_leaves=31
num_cat=0
split_feature=15 4 8 13 22 4 11 25 11 11 13 25 13 3 27 24 24 13 26 25 33 12 13 33 12 33 25 26 4 27
split_gain=2.94843e-07 1.1283e-06 1.42304e-06 1.26439e-06 4.03632e-06 1.14306e-06 8.07233e-06 3.92629e-06 3.22162e-06 6.67324e-06 2.96883e-06 1.52947e-06 1.26675e-06 1.17419e-06 8.50958e-07 5.83697e-07 6.01326e-06 3.10338e-05 1.541e-06 6.03021e-07 1.70941e-06 4.85511e-07 1.68135e-06 9.21358e-06 1.14546e-05 6.77948e-07 4.01766e-06 2.06144e-05 4.3792e-06 3.08604e-06
threshold=4.5000000000000009 39.000000000000007 85.000000000000014 1.5000000000000002 1.0000000180025095e-35 44.000000000000007 45.500000000000007 1.0000000180025095e-35 44.500000000000007 41.000000000000007 4.5000000000000009 4.5000000000000009 6.5000000000000009 1.5000000000000002 7.5000000000000009 2.5000000000000004 1.5000000000000002 2.5000000000000004 7.5000000000000009 1.5000000000000002 1.0000000180025095e-35 0.76500000000000012 1.5000000000000002 1.0000000180025095e-35 0.73665000000000014 1.0000000180025095e-35 3.5000000000000004 8.5000000000000018 76.000000000000014 4.0000000000000009
decision_type=2 2 2 2 2 2 2 2 2 2 2 2 2 2 2 2 2 2 2 2 2 2 2 2 2 2 2 2 2 2
left_child=-1 2 15 4 -4 -3 8 14 9 21 -11 12 -10 -9 -8 16 19 -18 -17 -2 -21 22 23 24 -7 26 29 -28 -29 -23
right_child=1 5 3 -5 -6 6 7 13 11 10 -12 -13 -14 -15 -16 18 17 -19 -20 20 -22 25 -24 -25 -26 -27 27 28 -30 -31
leaf_value=2.3735056213562005e-08 -1.0725338908145018e-06 2.2189599253335358e-07 -2.3819321246041562e-05 8.4953041460639775e-07 1.5272870510558677e-07 3.4065067004782827e-06 -5.8146727580022371e-06 -4.7964970616677637e-07 1.8805405852617698e-05 4.2170988615453095e-06 -1.7320771949016489e-05 -1.0459770761643723e-06 5.9173395129619171e-06 9.019740653720395e-06 -1.4837910243335906e-05 1.3415877164452863e-05 -5.9887884322051836e-05 2.3177167322397838e-05 1.2242057048934053e-07 1.1245836170322339e-05 -8.1674139230446532e-08 -7.3959753822141192e-07 1.3303417519626259e-07 -1.0439362916336848e-07 4.9372188590021564e-05 -4.1946468723707849e-08 -5.2343991726798858e-05 1.622546641838512e-05 -6.0284721951976162e-06 6.1603355455314249e-06
leaf_weight=261359 6117 27142 22 1929 87 33 810 226 21 20 80 77 207 38 27 23 23 22 418 36 445 3941 5093 256 23 17803 23 29 93 169
leaf_count=261359 6117 27142 22 1929 87 33 810 226 21 20 80 77 207 38 27 23 23 22 418 36 445 3941 5093 256 23 17803 23 29 93 169
internal_value=7.11171e-13 -9.5092e-08 -6.10827e-07 5.53487e-07 -4.68567e-06 -1.12487e-08 -2.29689e-07 -4.42885e-06 -6.37906e-08 -1.20342e-07 -1.30132e-05 5.04676e-06 7.1044e-06 8.87687e-07 -6.10574e-06 -9.45789e-07 -1.06273e-06 -1.92783e-05 8.1573e-07 -9.38494e-07 7.66123e-07 -7.33954e-08 3.51303e-07 3.91426e-06 2.22853e-05 -1.77462e-07 -7.4446e-07 -8.92428e-06 -7.38602e-07 -4.55878e-07
internal_weight=326592 65233 9122 2038 109 56111 28969 1101 27868 27563 100 305 228 264 837 7084 6643 45 441 6598 481 27463 5405 312 56 22058 4255 145 122 4110
internal_count=326592 65233 9122 2038 109 56111 28969 1101 27868 27563 100 305 228 264 837 7084 6643 45 441 6598 481 27463 5405 312 56 22058 4255 145 122 4110
is_linear=0
shrinkage=0.05


Tree=259
num_leaves=31
num_cat=1
split_feature=11 4 26 26 14 25 27 15 26 15 4 27 14 15 25 15 11 26 33 11 24 26 13 23 7 14 26 3 0 33
split_gain=2.87564e-07 5.59964e-07 8.98355e-07 4.49818e-06 1.52167e-05 1.4455e-06 1.76189e-06 1.01642e-06 9.28955e-07 1.23541e-06 1.55739e-06 8.24832e-07 1.40934e-06 7.87954e-07 7.20053e-07 5.99477e-07 4.97691e-07 1.12125e-06 2.51116e-06 5.36379e-07 7.50656e-06 1.93502e-06 5.25881e-06 4.98038e-06 4.7405e-07 5.13148e-07 4.5427e-07 1.6745e-06 3.02855e-06 5.42859e-06
threshold=8.5000000000000018 79.500000000000014 1.0000000180025095e-35 3.0000000000000004 5.5000000000000009 1.5000000000000002 12.500000000000002 2.5000000000000004 20.500000000000004 4.5000000000000009 81.500000000000014 18.500000000000004 2.5000000000000004 2.5000000000000004 3.5000000000000004 1.5000000000000002 7.5000000000000009 20.500000000000004 1.0000000180025095e-35 6.5000000000000009 1.0000000180025095e-35 11.500000000000002 4.5000000000000009 1.0000000180025095e-35 11.000000000000002 3.5000000000000004 7.5000000000000009 1.5000000000000002 0 1.0000000180025095e-35
decision_type=2 2 2 2 2 2 2 2 2 2 2 2 2 2 2 2 2 2 2 2 2 2 2 2 2 2 2 2 1 2
left_child=16 26 -3 4 -4 6 13 15 -9 10 -10 12 -7 -5 -13 -8 19 -18 -19 -1 21 22 23 -21 25 -16 -2 -28 29 -29
right_child=1 2 3 5 -6 11 7 8 9 -11 -12 14 -14 -15 24 -17 17 18 -20 20 -22 -23 -24 -25 -26 -27 27 28 -30 -31
leaf_value=-6.8295203261873205e-08 3.5803932515275572e-08 1.8554476968064875e-07 -8.955257484200554e-08 -2.8450350633519148e-06 4.8416236975092698e-05 -1.8067608834826388e-06 6.8214467223457947e-06 1.6103260591856868e-05 1.2694009474216727e-05 1.6955951605268637e-05 -5.7145974736798692e-06 -9.0583419755010095e-06 1.4995630787476935e-05 2.8797279956170971e-06 3.9701553701795493e-07 -2.3173944478404501e-06 -7.7057324249792917e-07 -2.1735075071254478e-05 2.1174166035346313e-08 3.321479492550007e-05 2.3569032292572148e-05 -1.2396107659924385e-05 -1.0508495449951452e-06 -4.6380041919205503e-07 -3.7063431048611273e-07 9.4653780689231309e-06 -1.3567978565658163e-07 -1.2588418012455806e-05 1.4814749239324398e-06 2.9909456751776743e-07
leaf_weight=97713 194005 10834 61 99 22 26 38 41 20 20 27 23 24 153 39 34 933 21 36 23 36 30 409 21 1094 26 20227 160 230 167
leaf_count=97713 194005 10834 61 99 22 26 38 41 20 20 27 23 24 153 39 34 933 21 36 23 36 30 409 21 1094 26 20227 160 230 167
internal_value=6.74951e-13 3.09943e-08 3.55208e-07 1.40737e-06 1.27674e-05 8.40739e-07 3.3294e-06 7.10757e-06 1.01754e-05 6.54784e-06 2.11885e-06 -3.19099e-08 6.25839e-06 6.30714e-07 -2.97997e-07 2.50588e-06 -7.1022e-08 -1.18648e-06 -7.99429e-06 -5.97802e-08 1.54336e-06 -9.83027e-08 7.16121e-07 1.71409e-05 -1.24151e-07 4.02436e-06 1.20038e-08 -2.10155e-07 -2.91465e-06 -6.00672e-06
internal_weight=326592 227370 12581 1747 83 1664 432 180 108 67 47 1232 50 252 1182 72 99222 990 57 98232 519 483 453 44 1159 65 214789 20784 557 327
internal_count=326592 227370 12581 1747 83 1664 432 180 108 67 47 1232 50 252 1182 72 99222 990 57 98232 519 483 453 44 1159 65 214789 20784 557 327
cat_boundaries=0 1
cat_threshold=1
is_linear=0
shrinkage=0.05


Tree=260
num_leaves=31
num_cat=0
split_feature=15 15 4 8 13 8 4 12 33 4 24 26 25 27 12 33 26 24 26 26 26 4 26 24 24 25 25 24 4 33
split_gain=2.85718e-07 1.02072e-06 2.93112e-06 2.08628e-06 2.27118e-06 2.08195e-06 1.30803e-06 2.5689e-06 1.51803e-06 1.43221e-06 1.15273e-06 6.22415e-06 1.11451e-06 2.66685e-06 9.77728e-07 2.91319e-06 1.47643e-05 1.63185e-05 1.06951e-06 9.04166e-07 4.60044e-06 8.69788e-07 1.45819e-06 1.03339e-05 2.71752e-06 5.72094e-06 1.26268e-05 5.57532e-06 2.69481e-06 4.05964e-06
threshold=1.5000000000000002 2.5000000000000004 39.000000000000007 85.000000000000014 3.5000000000000004 95.000000000000014 44.000000000000007 0.67085000000000006 1.0000000180025095e-35 76.000000000000014 1.0000000180025095e-35 7.5000000000000009 2.5000000000000004 26.500000000000004 0.85835000000000006 1.0000000180025095e-35 3.0000000000000004 3.5000000000000004 22.500000000000004 26.500000000000004 30.500000000000004 39.000000000000007 9.5000000000000018 3.5000000000000004 4.5000000000000009 3.5000000000000004 2.5000000000000004 2.5000000000000004 37.000000000000007 1.0000000180025095e-35
decision_type=2 2 2 2 2 2 2 2 2 2 2 2 2 2 2 2 2 2 2 2 2 2 2 2 2 2 2 2 2 2
left_child=21 2 3 4 12 14 10 8 9 -8 -7 -12 13 -2 -4 16 -16 -18 -19 -9 -21 22 23 -1 27 26 -26 -24 29 -27
right_child=1 -3 5 -5 -6 6 7 19 -10 -11 11 -13 -14 -15 15 -17 17 18 -20 20 -22 -23 24 -25 25 28 -28 -29 -30 -31
leaf_value=-6.0843434675203295e-07 -1.5324851752312807e-06 -3.3687023713511365e-08 -2.670190390237206e-07 -3.8125106095192923e-07 1.8367312504205307e-06 -9.1761814549666584e-08 3.6111768397738139e-06 7.9417946560315522e-07 -2.2483336805601225e-07 1.0410444982185522e-05 2.7521486263519064e-05 1.0225919658875391e-06 5.2706531118232051e-07 -1.6806138355898459e-05 9.4188743734550748e-07 -3.9155889282990145e-08 4.2343342046597573e-05 1.1143395499857434e-05 -1.3454004920276931e-06 -2.0173234446291087e-05 2.3638728542269273e-06 -2.0578800960948891e-08 3.0797820712261531e-06 -2.5472786243578113e-05 -3.1711867293519221e-07 2.9905281934632167e-05 -3.9594988259393306e-05 2.6179806791333253e-05 8.0870442472883124e-07 -5.0122044893649458e-07
leaf_weight=8267 366 195880 27547 2039 5874 4167 872 3510 241 85 24 289 783 31 2381 16898 46 30 40 31 84 56367 202 42 76 21 28 30 318 23
leaf_count=8267 366 195880 27547 2039 5874 4167 872 3510 241 85 24 289 783 31 2381 16898 46 30 40 31 84 56367 202 42 76 21 28 30 318 23
internal_value=6.4038e-13 2.33964e-08 1.9453e-07 1.02743e-06 1.43461e-06 5.98768e-08 7.43211e-07 1.31462e-06 3.32191e-06 4.21508e-06 1.28052e-07 3.05446e-06 -5.67108e-07 -2.72514e-06 -7.55468e-08 1.96404e-07 1.79051e-06 1.92093e-05 4.00694e-06 6.51246e-07 -3.71135e-06 -9.34829e-08 -5.49726e-07 -7.34118e-07 1.64527e-06 -5.5603e-07 -1.08919e-05 6.06685e-06 2.4134e-06 1.4011e-05
internal_weight=326592 261218 65338 9093 7054 56245 9303 4823 1198 957 4480 313 1180 397 46942 19395 2497 116 70 3625 115 65374 9007 8309 698 466 104 232 362 44
internal_count=326592 261218 65338 9093 7054 56245 9303 4823 1198 957 4480 313 1180 397 46942 19395 2497 116 70 3625 115 65374 9007 8309 698 466 104 232 362 44
is_linear=0
shrinkage=0.05


Tree=261
num_leaves=31
num_cat=1
split_feature=12 11 11 15 25 15 26 23 11 26 15 15 15 25 26 24 26 15 26 15 15 6 24 14 15 15 4 25 8 4
split_gain=2.81081e-07 6.05306e-07 2.32165e-06 1.89734e-06 2.95262e-06 1.9895e-06 1.68162e-06 3.21078e-06 1.5524e-06 7.44398e-06 5.35781e-06 8.38768e-06 1.41684e-06 1.37912e-06 1.0235e-06 1.01663e-06 1.16114e-05 2.09934e-06 1.31828e-06 2.14249e-06 9.26087e-07 1.35868e-06 6.26693e-07 4.96389e-07 4.80077e-07 1.40952e-06 2.78346e-06 1.73376e-06 1.35709e-06 1.34354e-06
threshold=0.47640000000000005 44.500000000000007 45.500000000000007 1.5000000000000002 1.0000000180025095e-35 4.5000000000000009 17.000000000000004 1.0000000180025095e-35 41.000000000000007 17.000000000000004 1.5000000000000002 4.5000000000000009 2.5000000000000004 4.5000000000000009 7.5000000000000009 1.0000000180025095e-35 7.5000000000000009 1.5000000000000002 8.5000000000000018 2.5000000000000004 4.5000000000000009 0 4.5000000000000009 2.5000000000000004 2.5000000000000004 1.5000000000000002 44.000000000000007 1.0000000180025095e-35 85.000000000000014 44.000000000000007
decision_type=2 2 2 2 2 2 2 2 2 2 2 2 2 2 2 2 2 2 2 2 2 1 2 2 2 2 2 2 2 2
left_child=24 8 3 4 -3 6 14 -8 -2 10 -10 12 -12 -7 -5 18 -17 -18 -4 -20 21 23 -6 -19 25 26 28 -28 -1 -27
right_child=1 2 15 5 22 13 7 -9 9 -11 11 -13 -14 -15 -16 16 17 20 19 -21 -22 -23 -24 -25 -26 29 27 -29 -30 -31
leaf_value=-9.1063292159100697e-07 1.828934851551317e-08 8.5390166360023333e-06 -4.3395454159727342e-07 -1.1882804380877406e-07 2.1687948693246049e-07 6.7491852014586985e-06 2.2411036328170062e-05 -4.1723361577695402e-07 -1.446884083634359e-05 2.2818562576032021e-05 7.61255227226142e-06 -1.4292798926736814e-05 2.4207269495172307e-07 -9.9022077829534858e-07 -9.1004470780744949e-06 3.4953952394744194e-05 -1.3122469797544057e-05 4.7152724273241955e-06 2.6968349627054524e-06 -1.9679293001217959e-05 -6.3875499455251321e-06 -1.5583456918452692e-06 -9.6786150957465615e-06 1.5462444559362483e-05 -2.1105521174112787e-07 3.0773554308667525e-07 -4.2473593526320934e-06 7.8646023403688274e-07 2.7760772201270052e-07 2.3244081390428397e-06
leaf_weight=3484 261084 227 2252 817 48 228 24 43 100 27 99 96 191 77 33 25 32 21 20 23 31 57 24 22 36666 11301 676 229 7744 891
leaf_count=3484 261084 227 2252 817 48 228 24 43 100 27 99 96 191 77 33 25 32 21 20 23 31 57 24 22 36666 11301 676 229 7744 891
internal_value=6.1028e-13 2.22286e-08 6.32344e-07 2.17066e-06 5.74074e-06 1.29713e-06 1.33617e-07 7.76006e-06 1.28902e-08 -2.73492e-06 -4.15456e-06 -1.48246e-06 2.7582e-06 4.7953e-06 -4.67526e-07 -3.09975e-07 3.22492e-06 -1.6415e-06 -5.99544e-07 -9.27179e-06 1.16301e-06 3.50369e-06 -3.08162e-06 1.02138e-05 -9.67971e-08 7.54286e-08 -3.06105e-07 -2.97361e-06 -9.10982e-08 4.55115e-07
internal_weight=326592 265601 4004 1521 299 1222 917 67 261597 513 486 386 290 305 850 2483 188 163 2295 43 131 100 72 43 60991 24325 12133 905 11228 12192
internal_count=326592 265601 4004 1521 299 1222 917 67 261597 513 486 386 290 305 850 2483 188 163 2295 43 131 100 72 43 60991 24325 12133 905 11228 12192
cat_boundaries=0 1
cat_threshold=4
is_linear=0
shrinkage=0.05


Tree=262
num_leaves=31
num_cat=4
split_feature=11 12 33 27 26 14 27 8 0 15 4 17 0 17 4 26 25 17 14 15 11 11 27 17 6 27 3 14 10 14
split_gain=2.71454e-07 4.96802e-07 4.91784e-07 1.27978e-06 6.00874e-06 1.14987e-05 2.02582e-05 0.000136956 2.39399e-05 1.8633e-05 1.44555e-05 1.43073e-05 7.86201e-06 9.60815e-06 7.07282e-06 6.64089e-06 1.88036e-05 7.51602e-06 5.42996e-06 5.28276e-06 3.3697e-06 6.69624e-06 3.27776e-06 2.92638e-06 2.8804e-06 2.64875e-06 2.582e-06 2.56492e-06 2.20337e-06 2.14404e-06
threshold=8.5000000000000018 0.47640000000000005 1.0000000180025095e-35 7.5000000000000009 7.5000000000000009 1.5000000000000002 34.000000000000007 85.000000000000014 0 2.5000000000000004 39.000000000000007 1.0000000180025095e-35 1 1.0000000180025095e-35 39.000000000000007 5.5000000000000009 3.5000000000000004 1.0000000180025095e-35 5.5000000000000009 1.5000000000000002 45.500000000000007 41.000000000000007 23.500000000000004 1.0000000180025095e-35 2 29.500000000000004 1.5000000000000002 3.5000000000000004 3 3.5000000000000004
decision_type=2 2 2 2 2 2 2 2 1 2 2 2 1 2 2 2 2 2 2 2 2 2 2 2 1 2 2 2 1 2
left_child=-1 -2 3 -3 5 9 12 8 23 -5 -10 -12 15 25 18 16 17 19 -15 -7 21 24 -19 -8 -6 -14 -22 -23 -17 -30
right_child=1 2 -4 4 20 6 7 -9 10 -11 11 -13 13 14 -16 28 -18 22 -20 -21 26 27 -24 -25 -26 -27 -28 -29 29 -31
leaf_value=-6.900406183240315e-08 -9.1957214653770935e-08 7.8643406495174258e-08 -1.0889512214419848e-07 -4.4507328310360071e-05 2.871599358976738e-06 -3.5723810345585779e-06 4.5651411710423417e-05 0.00014275644381086749 -3.4309490911255128e-05 7.861771758013805e-06 1.8737148342619618e-05 -2.5306077441200616e-05 2.1200518957584794e-06 1.1087162673230406e-05 9.3993492087333033e-06 2.5197523722749181e-06 -4.9086640974564953e-05 -3.6658465392376004e-06 4.3378174984051538e-05 5.4270669006686646e-06 2.4478056002408268e-06 3.0099856050345927e-05 -2.0897123763931852e-05 2.1208217124997951e-05 -8.1558724161382832e-07 -1.6097588793075245e-05 -1.964885939229041e-05 7.9066274338401861e-06 2.5458972413616723e-05 7.031363781640755e-06
leaf_weight=99222 60991 129190 29873 33 609 227 25 20 36 35 54 28 400 23 272 37 20 571 30 579 20 23 29 24 4066 21 39 30 38 27
leaf_count=99222 60991 129190 29873 33 609 227 25 20 36 35 54 28 400 23 272 37 20 571 30 579 20 23 29 24 4066 21 39 30 38 27
internal_value=5.77963e-13 3.01135e-08 7.4862e-08 1.15076e-07 7.58414e-07 2.72985e-06 3.29027e-06 1.91097e-05 4.30166e-06 -1.75526e-05 -7.89751e-06 3.698e-06 1.98938e-06 6.19698e-06 1.26553e-05 -6.48481e-08 -9.46428e-07 -2.61646e-07 2.93651e-05 2.89248e-06 -2.83106e-07 -1.34915e-07 -4.49869e-06 3.36792e-05 -3.35267e-07 1.21133e-06 -1.21585e-05 1.75377e-05 1.226e-05 1.78044e-05
internal_weight=326592 227370 166379 136506 7316 2529 2461 187 167 68 118 82 2274 746 325 1528 1426 1406 53 806 4787 4728 600 49 4675 421 59 53 102 65
internal_count=326592 227370 166379 136506 7316 2529 2461 187 167 68 118 82 2274 746 325 1528 1426 1406 53 806 4787 4728 600 49 4675 421 59 53 102 65
cat_boundaries=0 1 2 3 4
cat_threshold=1 1 2 1
is_linear=0
shrinkage=0.05


Tree=263
num_leaves=31
num_cat=0
split_feature=15 4 8 4 11 25 11 11 27 24 3 27 7 23 27 22 24 24 14 26 25 33 26 25 24 33 11 26 25 33
split_gain=2.60116e-07 9.89264e-07 1.30236e-06 1.02094e-06 7.2274e-06 3.52578e-06 2.59709e-06 5.45242e-06 2.53328e-06 1.26946e-06 1.03627e-06 8.25934e-07 2.68717e-06 3.99867e-06 7.38897e-07 7.29352e-07 5.1009e-07 5.26782e-06 2.76535e-05 1.28425e-06 5.57089e-07 1.59079e-06 4.20142e-07 4.10231e-06 3.12951e-06 3.62654e-06 1.93119e-06 8.85518e-07 8.44427e-06 4.36192e-06
threshold=4.5000000000000009 39.000000000000007 85.000000000000014 44.000000000000007 45.500000000000007 1.0000000180025095e-35 44.500000000000007 41.000000000000007 20.500000000000004 4.5000000000000009 1.5000000000000002 29.500000000000004 11.000000000000002 1.0000000180025095e-35 7.5000000000000009 1.0000000180025095e-35 2.5000000000000004 1.5000000000000002 2.5000000000000004 7.5000000000000009 1.5000000000000002 1.0000000180025095e-35 7.5000000000000009 4.5000000000000009 4.5000000000000009 1.0000000180025095e-35 47.500000000000007 5.5000000000000009 1.0000000180025095e-35 1.0000000180025095e-35
decision_type=2 2 2 2 2 2 2 2 2 2 2 2 2 2 2 2 2 2 2 2 2 2 2 2 2 2 2 2 2 2
left_child=-1 2 16 22 6 14 7 -5 -9 15 -7 -4 13 -13 -6 -8 17 20 -19 -18 -2 -22 24 26 27 -26 -24 -3 -29 -30
right_child=1 3 11 4 5 10 9 8 -10 -11 -12 12 -14 -15 -16 -17 19 18 -20 -21 21 -23 23 -25 25 -27 -28 28 29 -31
leaf_value=2.2293419916247872e-08 -1.0145492781017492e-06 2.176195519260405e-07 8.0650929088089834e-07 -6.8614713911990938e-08 -5.5084133930870812e-06 -4.370182387265911e-07 6.6848331452327005e-06 -1.5744131596875378e-05 4.1512066945870176e-06 -6.5093912060850315e-06 8.4870348970118941e-06 -2.9897565989926989e-05 1.6754857808141848e-06 6.7155486189933628e-07 -1.3916558263763027e-05 1.2530896454493883e-07 1.2256730587978382e-05 2.2025486354819309e-05 -5.6385359482152606e-05 1.2110928001876883e-07 1.0862253364191727e-05 -6.5156465651076425e-08 -4.098187111920538e-06 2.6409072558029652e-07 2.7950974832823376e-05 -7.5813528042090186e-07 -1.4586135193894734e-05 1.5644532232828269e-05 -2.289664202332157e-05 -6.53764188622827e-08
leaf_weight=261359 6117 24209 1906 27463 810 226 229 80 20 24 38 20 89 23 27 52 23 22 23 418 36 445 203 2353 22 22 56 90 24 163
leaf_count=261359 6117 24209 1906 27463 810 226 229 80 20 24 38 20 89 23 27 52 23 22 23 418 36 445 203 2353 22 22 56 90 24 163
internal_value=5.52752e-13 -8.93168e-08 -5.72233e-07 -1.08089e-08 -2.17252e-07 -4.19057e-06 -6.02754e-08 -1.1105e-07 -1.17651e-05 4.52825e-06 8.47505e-07 5.41619e-07 -3.28324e-06 -1.35466e-05 -5.77964e-06 5.47097e-06 -8.92677e-07 -1.002e-06 -1.80512e-05 7.54033e-07 -8.85716e-07 7.52695e-07 2.0953e-07 -3.93319e-07 2.73723e-07 1.35964e-05 -6.36585e-06 2.49783e-07 3.06077e-06 -2.99559e-06
internal_weight=326592 65233 9122 56111 28969 1101 27868 27563 100 305 264 2038 132 43 837 281 7084 6643 45 441 6598 481 27142 2612 24530 44 259 24486 277 187
internal_count=326592 65233 9122 56111 28969 1101 27868 27563 100 305 264 2038 132 43 837 281 7084 6643 45 441 6598 481 27142 2612 24530 44 259 24486 277 187
is_linear=0
shrinkage=0.05


Tree=264
num_leaves=31
num_cat=0
split_feature=11 4 26 26 14 25 15 27 26 15 4 27 11 26 25 11 26 33 11 14 13 24 26 13 7 14 15 4 26 33
split_gain=2.46523e-07 4.67936e-07 7.84725e-07 3.76303e-06 1.27843e-05 1.30201e-06 1.59389e-06 1.22214e-06 8.45998e-07 1.11667e-06 1.41764e-06 7.51411e-07 1.26908e-06 6.77778e-07 6.46674e-07 4.57391e-07 1.02255e-06 2.29369e-06 4.64435e-07 7.2942e-06 1.69704e-05 3.5928e-06 1.90452e-06 5.61396e-06 4.08304e-07 4.63278e-07 3.96866e-07 3.79146e-07 4.10724e-06 8.66434e-06
threshold=8.5000000000000018 79.500000000000014 1.0000000180025095e-35 3.0000000000000004 5.5000000000000009 1.5000000000000002 2.5000000000000004 12.500000000000002 20.500000000000004 4.5000000000000009 81.500000000000014 18.500000000000004 16.500000000000004 20.500000000000004 3.5000000000000004 7.5000000000000009 20.500000000000004 1.0000000180025095e-35 6.5000000000000009 6.5000000000000009 6.5000000000000009 4.5000000000000009 11.500000000000002 4.5000000000000009 11.000000000000002 3.5000000000000004 2.5000000000000004 59.500000000000007 22.500000000000004 1.0000000180025095e-35
decision_type=2 2 2 2 2 2 2 2 2 2 2 2 2 2 2 2 2 2 2 2 2 2 2 2 2 2 2 2 2 2
left_child=15 27 26 4 -4 6 13 -8 -9 10 -10 12 -7 -5 -13 18 -17 -18 -1 21 -21 22 23 -20 25 -16 -3 -2 -29 -30
right_child=1 2 3 5 -6 11 7 8 9 -11 -12 14 -14 -15 24 16 17 -19 19 20 -22 -23 -24 -25 -26 -27 -28 28 29 -31
leaf_value=-6.2905277427952788e-08 2.2649717204902812e-08 5.3597008967824825e-07 -8.5846491934776687e-08 -2.3962123338532008e-06 4.4374382890633904e-05 -2.3252674964169277e-06 2.7357990220004584e-06 1.5339751918163086e-05 1.2099743307771861e-05 1.6116262722789544e-05 -5.4635426042497987e-06 -8.5939711623169661e-06 1.3619076735966912e-05 4.9167340548484356e-06 2.7628330558516795e-07 -7.3792289183366368e-07 -2.0768676837351887e-05 2.4149097141743269e-08 1.818303547414485e-05 5.2821912487905312e-05 -9.6181804048517905e-07 -2.0079183156232594e-05 -1.1946541920527428e-05 -9.4041490307822411e-07 -3.5599267058398565e-07 8.8927327851706647e-06 -8.1364140287164198e-08 -1.2641938104986575e-07 -2.0340449165952941e-05 3.6965145970465791e-07
leaf_weight=97713 208736 4350 61 129 22 24 153 41 20 20 27 23 26 42 39 933 21 36 43 22 44 23 30 357 1094 26 6484 5834 79 140
leaf_count=97713 208736 4350 61 129 22 24 153 41 20 20 27 23 26 42 39 933 21 36 43 22 44 23 30 357 1094 26 6484 5834 79 140
internal_value=5.23891e-13 2.86973e-08 3.25075e-07 1.30845e-06 1.16988e-05 7.90181e-07 3.15209e-06 5.61039e-06 9.68272e-06 6.22096e-06 2.0102e-06 -3.80208e-08 5.96579e-06 -6.0005e-07 -2.91989e-07 -6.57589e-08 -1.13511e-06 -7.63637e-06 -5.49818e-08 1.43678e-06 1.69661e-05 -8.25773e-07 2.04061e-07 1.11536e-06 -1.27239e-07 3.72286e-06 1.66504e-07 1.13373e-08 -3.78767e-07 -7.10112e-06
internal_weight=326592 227370 12581 1747 83 1664 432 261 108 67 47 1232 50 171 1182 99222 990 57 98232 519 66 453 430 400 1159 65 10834 214789 6053 219
internal_count=326592 227370 12581 1747 83 1664 432 261 108 67 47 1232 50 171 1182 99222 990 57 98232 519 66 453 430 400 1159 65 10834 214789 6053 219
is_linear=0
shrinkage=0.05


Tree=265
num_leaves=31
num_cat=1
split_feature=15 15 4 8 13 8 4 11 33 4 24 26 25 13 33 26 11 33 26 24 10 26 24 24 33 24 14 26 33 26
split_gain=2.45162e-07 8.429e-07 2.61858e-06 1.88683e-06 2.04861e-06 1.75877e-06 1.12052e-06 2.13713e-06 1.38338e-06 1.16087e-06 1.04034e-06 5.6173e-06 1.00707e-06 1.23197e-06 3.65912e-06 1.79324e-06 9.37408e-07 2.85385e-06 1.37442e-05 1.54749e-05 8.44037e-06 1.00527e-06 7.98827e-07 9.83422e-06 2.19825e-06 7.51685e-07 1.79729e-06 6.68955e-06 2.96432e-06 3.81644e-06
threshold=1.5000000000000002 2.5000000000000004 39.000000000000007 85.000000000000014 3.5000000000000004 95.000000000000014 44.000000000000007 41.000000000000007 1.0000000180025095e-35 76.000000000000014 1.0000000180025095e-35 7.5000000000000009 2.5000000000000004 2.5000000000000004 1.0000000180025095e-35 12.500000000000002 8.5000000000000018 1.0000000180025095e-35 3.0000000000000004 3.5000000000000004 0 22.500000000000004 3.5000000000000004 1.5000000000000002 1.0000000180025095e-35 1.5000000000000002 1.5000000000000002 7.5000000000000009 1.0000000180025095e-35 7.5000000000000009
decision_type=2 2 2 2 2 2 2 2 2 2 2 2 2 2 2 2 2 2 2 2 1 2 2 2 2 2 2 2 2 2
left_child=-1 2 3 4 12 16 10 22 9 -9 -7 -12 13 14 15 -2 17 18 -4 20 -20 -21 23 -8 -24 -18 27 -27 29 -28
right_child=1 -3 5 -5 -6 6 7 8 -10 -11 11 -13 -14 -15 -16 -17 25 -19 19 21 -22 -23 24 -25 -26 26 28 -29 -30 -31
leaf_value=-8.6594435854515137e-08 -2.8085953852582948e-05 -3.0201077489531755e-08 9.8353459720043067e-07 -3.752245714958658e-07 1.7335683129734433e-06 -1.0020979677147682e-07 6.6396922424809052e-07 3.3466342010317457e-06 -3.4809043529124389e-07 9.468013809322763e-06 2.6132375849859576e-05 9.5842631450307612e-07 4.9064625418397194e-07 -5.3371336254659507e-07 -1.0293197095475906e-07 -9.2822883743792772e-06 -3.31204044345041e-07 -3.2635895839642212e-08 6.2991849921198328e-05 1.1533391762895919e-05 1.9148514547850939e-05 -1.2476819097173576e-06 1.002970103599648e-05 -2.7627509615513192e-05 -8.2091728414432003e-08 -2.3322919101441847e-05 2.0302877176921661e-05 -2.1156717879967882e-07 -5.1000540005351409e-08 3.3886148953299189e-06
leaf_weight=65374 21 195880 2223 2039 5874 4167 3356 872 241 85 24 289 783 256 88 32 25834 16864 23 25 21 40 82 31 156 35 36 297 1091 453
leaf_count=65374 21 195880 2223 2039 5874 4167 3356 872 241 85 24 289 783 256 88 32 25834 16864 23 25 21 40 82 31 156 35 36 297 1091 453
internal_value=4.97413e-13 2.16723e-08 1.77186e-07 9.64428e-07 1.35166e-06 4.99143e-08 6.77975e-07 1.20685e-06 3.03769e-06 3.89033e-06 1.08613e-07 2.8887e-06 -5.4945e-07 -2.60082e-06 -6.35387e-06 -1.67328e-05 -7.45553e-08 1.94071e-07 1.83351e-06 1.91684e-05 4.20666e-05 3.66812e-06 6.01781e-07 4.05027e-07 3.4018e-06 -2.60404e-07 6.96217e-07 -2.648e-06 1.39893e-06 4.63384e-06
internal_weight=326592 261218 65338 9093 7054 56245 9303 4823 1198 957 4480 313 1180 397 141 53 46942 19196 2332 109 44 65 3625 3387 238 27746 1912 332 1580 489
internal_count=326592 261218 65338 9093 7054 56245 9303 4823 1198 957 4480 313 1180 397 141 53 46942 19196 2332 109 44 65 3625 3387 238 27746 1912 332 1580 489
cat_boundaries=0 1
cat_threshold=2
is_linear=0
shrinkage=0.05


Tree=266
num_leaves=31
num_cat=0
split_feature=12 11 11 15 25 15 24 23 11 24 15 15 26 24 15 13 26 15 15 22 26 13 26 33 26 24 15 11 11 26
split_gain=2.35342e-07 5.06512e-07 1.97999e-06 1.76569e-06 2.68699e-06 1.60891e-06 1.5316e-06 2.56666e-06 1.39954e-06 6.54442e-06 5.02435e-06 6.95665e-06 1.34106e-06 1.14568e-06 1.13546e-06 1.0861e-06 4.51369e-06 3.2098e-06 1.18951e-06 2.25126e-06 7.39191e-07 6.52462e-07 6.21782e-07 2.66042e-06 9.3441e-07 5.84918e-07 4.2601e-07 4.05386e-07 4.21793e-07 9.38167e-07
threshold=0.47640000000000005 44.500000000000007 45.500000000000007 1.5000000000000002 1.0000000180025095e-35 4.5000000000000009 2.5000000000000004 1.0000000180025095e-35 41.000000000000007 2.5000000000000004 1.5000000000000002 4.5000000000000009 7.5000000000000009 4.5000000000000009 2.5000000000000004 1.5000000000000002 22.500000000000004 1.5000000000000002 4.5000000000000009 1.0000000180025095e-35 4.5000000000000009 6.5000000000000009 7.5000000000000009 1.0000000180025095e-35 5.5000000000000009 4.5000000000000009 2.5000000000000004 8.5000000000000018 7.5000000000000009 20.500000000000004
decision_type=2 2 2 2 2 2 2 2 2 2 2 2 2 2 2 2 2 2 2 2 2 2 2 2 2 2 2 2 2 2
left_child=-1 8 3 4 -3 6 12 -8 27 10 21 14 26 20 -12 16 -4 -18 19 -19 -7 -10 24 -24 -17 -6 -5 28 -2 -30
right_child=1 2 15 5 25 13 7 -9 9 -11 11 -13 -14 -15 -16 22 17 18 -20 -21 -22 -23 23 -25 -26 -27 -28 -29 29 -31
leaf_value=-8.8571966230445454e-08 -5.2303159894468311e-08 8.1125127928821768e-06 2.0820848224121296e-05 -1.7408496059058526e-06 2.1356283260350517e-07 4.432116561505531e-06 1.8606202751596295e-05 -3.8739075011028988e-07 -7.1629909252806109e-06 1.9671201784471885e-05 6.7497227578911932e-06 -1.3188457993046062e-05 -1.0706074247155489e-05 -6.183544121303915e-06 1.4567396126614384e-07 -4.5895846841920431e-07 -1.7864204768226376e-05 1.9384064197093604e-05 -7.1877812285947587e-06 8.0814939257772339e-08 1.3786769662384241e-05 -1.6521984071005137e-05 -1.5710495198228662e-05 2.6561826938204297e-07 8.9000759855492917e-06 -9.346424705351335e-06 6.9540824955234903e-07 6.5704149221619555e-08 -7.0910111910977468e-07 -7.3167889001754976e-06
leaf_weight=60991 98232 227 31 268 48 258 29 46 25 31 99 95 31 24 190 2179 22 23 20 44 23 73 35 102 27 24 543 161862 933 57
leaf_count=60991 98232 227 31 268 48 258 29 46 25 31 99 95 31 24 190 2179 22 23 20 44 23 73 35 102 27 24 543 161862 933 57
internal_value=4.71377e-13 2.03397e-08 5.78449e-07 1.99907e-06 5.44307e-06 1.15639e-06 1.10066e-07 6.9568e-06 1.17973e-08 -2.59722e-06 -4.02942e-06 -1.45053e-06 -4.99797e-07 4.30222e-06 2.40796e-06 -2.91774e-07 3.9862e-06 -8.0164e-07 3.51303e-06 6.7073e-06 5.1978e-06 -1.41345e-05 -5.47393e-07 -3.81587e-06 -3.4441e-07 -2.9731e-06 -1.09668e-07 1.69237e-08 -6.26524e-08 -1.08954e-06
internal_weight=326592 265601 4004 1521 299 1222 917 75 261597 513 482 384 842 305 289 2483 140 109 87 67 281 98 2343 137 2206 72 811 261084 99222 990
internal_count=326592 265601 4004 1521 299 1222 917 75 261597 513 482 384 842 305 289 2483 140 109 87 67 281 98 2343 137 2206 72 811 261084 99222 990
is_linear=0
shrinkage=0.05


Tree=267
num_leaves=31
num_cat=0
split_feature=18 4 8 13 22 4 11 25 11 11 13 25 13 3 27 24 24 13 26 25 33 12 13 33 12 33 25 26 4 27
split_gain=2.25025e-07 8.9254e-07 1.18196e-06 1.03102e-06 3.67394e-06 8.98766e-07 6.50766e-06 3.17e-06 2.11453e-06 4.41986e-06 2.18799e-06 1.10385e-06 1.10892e-06 9.27122e-07 6.57451e-07 4.60283e-07 4.75429e-06 2.49574e-05 1.15895e-06 5.02815e-07 1.43597e-06 3.95665e-07 1.48356e-06 8.07421e-06 1.00995e-05 6.46293e-07 3.69568e-06 1.9324e-05 3.99302e-06 2.55922e-06
threshold=1.0000000180025095e-35 39.000000000000007 85.000000000000014 1.5000000000000002 1.0000000180025095e-35 44.000000000000007 45.500000000000007 1.0000000180025095e-35 44.500000000000007 41.000000000000007 4.5000000000000009 4.5000000000000009 6.5000000000000009 1.5000000000000002 7.5000000000000009 2.5000000000000004 1.5000000000000002 2.5000000000000004 7.5000000000000009 1.5000000000000002 1.0000000180025095e-35 0.76500000000000012 1.5000000000000002 1.0000000180025095e-35 0.73665000000000014 1.0000000180025095e-35 3.5000000000000004 8.5000000000000018 76.000000000000014 4.0000000000000009
decision_type=2 2 2 2 2 2 2 2 2 2 2 2 2 2 2 2 2 2 2 2 2 2 2 2 2 2 2 2 2 2
left_child=-1 2 15 4 -4 -3 8 14 9 21 -11 12 -10 -9 -8 16 19 -18 -17 -2 -21 22 23 24 -7 26 29 -28 -29 -23
right_child=1 5 3 -5 -6 6 7 13 11 10 -12 -13 -14 -15 -16 18 17 -19 -20 20 -22 25 -24 -25 -26 -27 27 28 -30 -31
leaf_value=2.0735137548644939e-08 -9.6282270699377136e-07 1.9823279885089619e-07 -2.2466207176628153e-05 7.866747197003998e-07 4.0441862218922954e-07 3.1400836509088884e-06 -5.2234089198014936e-06 -4.1036117756558392e-07 1.6782987950136887e-05 4.20015439431154e-06 -1.4289670580183157e-05 -1.0889282501826623e-06 4.7245055611711002e-06 8.0306503985196427e-06 -1.3154627231415363e-05 1.1644340180361684e-05 -5.3565312784643461e-05 2.0925161449915984e-05 1.159477592921529e-07 1.0321161203642582e-05 -6.0906043373964001e-08 -6.8999509410688365e-07 1.1751141881661079e-07 -9.2608143842376483e-08 4.6301305764759692e-05 -2.2484961203188245e-08 -5.059246734321198e-05 1.55705717494631e-05 -5.6794895822202956e-06 5.5934506553160129e-06
leaf_weight=261359 6117 27142 22 1929 87 33 810 226 21 20 80 77 207 38 27 23 23 22 418 36 445 3941 5093 256 23 17803 23 29 93 169
leaf_count=261359 6117 27142 22 1929 87 33 810 226 21 20 80 77 207 38 27 23 23 22 418 36 445 3941 5093 256 23 17803 23 29 93 169
internal_value=4.51287e-13 -8.3074e-08 -5.41775e-07 5.19344e-07 -4.21167e-06 -8.50279e-09 -2.022e-07 -3.97249e-06 -5.32446e-08 -9.906e-08 -1.05917e-05 4.08711e-06 5.83516e-06 8.04633e-07 -5.47925e-06 -8.47048e-07 -9.50892e-07 -1.71477e-05 7.17202e-07 -8.40426e-07 7.1613e-07 -6.08535e-08 3.2254e-07 3.66938e-06 2.0867e-05 -1.54799e-07 -7.08402e-07 -8.5536e-06 -6.28245e-07 -4.31625e-07
internal_weight=326592 65233 9122 2038 109 56111 28969 1101 27868 27563 100 305 228 264 837 7084 6643 45 441 6598 481 27463 5405 312 56 22058 4255 145 122 4110
internal_count=326592 65233 9122 2038 109 56111 28969 1101 27868 27563 100 305 228 264 837 7084 6643 45 441 6598 481 27463 5405 312 56 22058 4255 145 122 4110
is_linear=0
shrinkage=0.05


Tree=268
num_leaves=31
num_cat=0
split_feature=26 25 33 11 15 17 11 15 4 27 8 13 15 27 15 11 4 12 26 8 26 4 15 15 26 25 4 33 1 15
split_gain=2.27761e-07 9.1309e-07 1.13639e-06 4.54386e-06 9.71387e-06 5.96888e-06 7.46979e-06 4.9582e-06 4.74949e-06 3.3755e-06 3.04117e-06 2.99321e-06 2.84454e-06 4.2309e-06 2.66632e-06 2.56628e-06 2.33355e-06 2.07433e-06 1.99408e-06 1.85608e-06 1.56623e-06 1.28192e-06 1.06973e-06 3.06055e-06 1.02257e-06 9.34193e-07 1.44921e-05 2.16134e-05 7.14636e-06 4.16537e-06
threshold=7.5000000000000009 1.0000000180025095e-35 1.0000000180025095e-35 8.5000000000000018 2.5000000000000004 1.0000000180025095e-35 41.000000000000007 1.5000000000000002 44.000000000000007 23.500000000000004 85.000000000000014 2.5000000000000004 1.5000000000000002 21.500000000000004 4.5000000000000009 49.000000000000007 79.500000000000014 0.70415000000000016 17.000000000000004 95.000000000000014 12.500000000000002 39.000000000000007 1.5000000000000002 4.5000000000000009 11.500000000000002 3.5000000000000004 37.000000000000007 1.0000000180025095e-35 42.000000000000007 2.5000000000000004
decision_type=2 2 2 2 2 2 2 2 2 2 2 2 2 2 2 2 2 2 2 2 2 2 2 2 2 2 2 2 2 2
left_child=-1 2 3 4 7 10 9 -2 21 16 12 18 13 -5 -14 19 20 -11 -12 -13 -7 -8 -17 -24 -6 26 27 -3 -28 -30
right_child=1 25 -4 5 24 6 8 -9 -10 17 11 15 14 -15 -16 22 -18 -19 -20 -21 -22 -23 23 -25 -26 -27 28 -29 29 -31
leaf_value=1.3950357525141103e-08 -7.9629897936683856e-06 -4.944901042750537e-05 -1.2059296776762397e-07 -6.6151362068567889e-06 -1.5450137656556502e-05 1.1487967968409352e-05 3.0855007583252902e-06 1.6780013165993207e-05 -2.481667656541374e-05 3.6577767668464021e-06 1.8589523561190461e-06 1.3344528079986987e-05 -1.3424231893404334e-05 9.6392463503082494e-06 -4.3892359234735001e-06 -1.4390552984734409e-05 1.7153202354732414e-05 -1.8359538244112629e-05 2.09283339857463e-05 -5.0711101943596239e-07 3.8871789929364227e-06 -6.855296626728138e-06 6.226312256625829e-06 -1.3725584467465523e-05 -2.6790852309204637e-05 -8.9076678609037674e-08 1.6931114715846471e-06 4.1768454383237617e-06 3.2127778309766577e-05 7.9661913071929753e-06
leaf_weight=293799 40 34 2199 113 97 102 62 41 28 23 29 31 158 62 169 38 61 20 26 110 202 68 37 40 25 27796 1066 42 30 44
leaf_count=293799 40 34 2199 113 97 102 62 41 28 23 29 31 158 62 169 38 61 20 26 110 202 68 37 40 25 27796 1066 42 30 44
internal_value=4.25892e-13 -1.2498e-07 -8.55819e-07 -1.87779e-06 -8.86194e-06 -8.49668e-07 3.09283e-06 4.56125e-06 -6.13751e-06 6.66732e-06 -3.59438e-06 2.90848e-07 -6.00137e-06 -8.56441e-07 -8.75477e-06 -1.98278e-06 8.2283e-06 -6.58283e-06 1.08736e-05 2.53828e-06 6.43744e-06 -2.1143e-06 -7.52601e-06 -4.13831e-06 -1.77741e-05 -2.97329e-08 1.32678e-06 -1.98137e-05 2.73614e-06 1.77614e-05
internal_weight=326592 32793 3781 1582 203 1379 566 81 158 408 813 311 502 175 327 256 365 43 55 141 304 130 115 77 122 29012 1216 76 1140 74
internal_count=326592 32793 3781 1582 203 1379 566 81 158 408 813 311 502 175 327 256 365 43 55 141 304 130 115 77 122 29012 1216 76 1140 74
is_linear=0
shrinkage=0.05


Tree=269
num_leaves=31
num_cat=0
split_feature=15 4 26 24 24 25 14 24 4 33 25 23 4 11 11 11 25 25 13 8 13 24 33 25 26 33 13 4 4 26
split_gain=2.25134e-07 7.53014e-07 1.26058e-06 9.25791e-06 2.22255e-06 4.95388e-06 1.08478e-05 4.74004e-06 2.44078e-06 3.66728e-06 1.36263e-06 1.00812e-06 9.72424e-07 3.62664e-06 3.36084e-06 7.03713e-06 2.42327e-06 1.80688e-06 1.25098e-06 9.65447e-07 7.55169e-07 1.29003e-06 3.91605e-06 1.48431e-05 3.03654e-06 3.99419e-06 2.82581e-06 2.77635e-06 2.16207e-06 1.59628e-06
threshold=1.5000000000000002 39.000000000000007 9.5000000000000018 3.5000000000000004 4.5000000000000009 3.5000000000000004 3.5000000000000004 2.5000000000000004 37.000000000000007 1.0000000180025095e-35 2.5000000000000004 1.0000000180025095e-35 44.000000000000007 45.500000000000007 44.500000000000007 41.000000000000007 1.0000000180025095e-35 1.0000000180025095e-35 4.5000000000000009 85.000000000000014 4.5000000000000009 4.5000000000000009 1.0000000180025095e-35 4.5000000000000009 7.5000000000000009 1.0000000180025095e-35 2.5000000000000004 42.500000000000007 41.000000000000007 7.5000000000000009
decision_type=2 2 2 2 2 2 2 2 2 2 2 2 2 2 2 2 2 2 2 2 2 2 2 2 2 2 2 2 2 2
left_child=1 2 3 19 7 6 -6 10 9 -7 11 -4 20 14 15 -14 -16 -15 -17 -1 21 22 23 27 25 -23 28 29 -25 -3
right_child=-2 12 4 -5 5 8 -8 -9 -10 -11 -12 -13 13 17 16 18 -18 -19 -20 -21 -22 24 -24 26 -26 -27 -28 -29 -30 -31
leaf_value=-8.5131082675793683e-07 2.0768115347264071e-08 -1.1373090752673116e-06 1.0293474221818042e-05 -2.4094335626722612e-05 -3.6679748960263429e-05 2.844993716626916e-05 -2.7388308453916911e-07 2.4077257852089436e-05 7.7860166513143416e-07 -4.4987897119288229e-07 -1.2482779721861257e-06 -6.8539999877733265e-07 -1.1295965298883043e-07 -4.1587606417657489e-06 7.7022167767853465e-06 -2.4068612883419086e-06 -2.8253416976061391e-06 5.8274478522152461e-07 -1.580046879271755e-05 4.4216617437474653e-07 3.3913397858337036e-07 3.04050345584983e-05 -1.0071757268918536e-07 -6.5611215673429388e-06 6.1155212420446631e-07 -8.1629606473229835e-07 -3.9923254759990166e-05 1.0545419180826602e-05 -2.6677404190088377e-05 -7.8042321024239539e-06
leaf_weight=6405 261218 437 69 42 28 21 76 30 318 23 103 30 27545 841 227 22 72 264 84 1862 21273 20 3905 22 1421 21 22 44 34 113
leaf_count=6405 261218 437 69 42 28 21 76 30 318 23 103 30 27545 841 227 22 72 264 84 1862 21273 20 3905 22 1421 21 22 44 34 113
internal_value=4.02034e-13 -8.29821e-08 -5.07496e-07 -6.78938e-07 1.53335e-06 -4.57406e-07 -1.00755e-05 5.53204e-06 2.30579e-06 1.33432e-05 2.7778e-06 6.96654e-06 -1.51482e-08 -2.16498e-07 -1.05427e-07 -1.62441e-07 5.16715e-06 -3.02595e-06 -1.30207e-05 -5.59977e-07 1.99052e-07 -2.94403e-07 -7.07423e-07 -4.23299e-06 9.98614e-07 1.44136e-05 -2.47396e-05 -1.54021e-06 -1.87746e-05 -2.50706e-06
internal_weight=326592 65374 9007 8309 698 466 104 232 362 44 202 99 56367 29055 27950 27651 299 1105 106 8267 27312 6039 4577 672 1462 41 78 594 56 550
internal_count=326592 65374 9007 8309 698 466 104 232 362 44 202 99 56367 29055 27950 27651 299 1105 106 8267 27312 6039 4577 672 1462 41 78 594 56 550
is_linear=0
shrinkage=0.05


Tree=270
num_leaves=31
num_cat=1
split_feature=15 4 8 13 22 4 11 25 11 11 13 25 13 3 27 13 33 14 25 27 0 33 12 13 33 12 33 25 24 14
split_gain=2.04989e-07 8.12914e-07 1.06002e-06 9.28082e-07 3.31507e-06 8.10958e-07 5.86141e-06 2.8556e-06 1.90286e-06 3.98982e-06 1.97524e-06 9.93696e-07 9.89045e-07 8.36862e-07 5.61428e-07 4.1342e-07 4.70488e-06 1.47688e-05 1.30388e-06 1.80343e-06 5.32402e-06 8.90902e-06 3.57103e-07 1.33622e-06 7.27598e-06 9.12869e-06 5.71853e-07 3.33757e-06 1.3844e-05 5.1428e-06
threshold=4.5000000000000009 39.000000000000007 85.000000000000014 1.5000000000000002 1.0000000180025095e-35 44.000000000000007 45.500000000000007 1.0000000180025095e-35 44.500000000000007 41.000000000000007 4.5000000000000009 4.5000000000000009 6.5000000000000009 1.5000000000000002 7.5000000000000009 1.5000000000000002 1.0000000180025095e-35 4.5000000000000009 1.5000000000000002 16.500000000000004 0 1.0000000180025095e-35 0.76500000000000012 1.5000000000000002 1.0000000180025095e-35 0.73665000000000014 1.0000000180025095e-35 3.5000000000000004 3.5000000000000004 5.5000000000000009
decision_type=2 2 2 2 2 2 2 2 2 2 2 2 2 2 2 2 2 2 2 2 1 2 2 2 2 2 2 2 2 2
left_child=-1 2 15 4 -4 -3 8 14 9 22 -11 12 -10 -9 -8 16 17 -2 -17 20 -20 -22 23 24 25 -7 27 -24 -29 -30
right_child=1 5 3 -5 -6 6 7 13 11 10 -12 -13 -14 -15 -16 18 -18 -19 19 -21 21 -23 26 -25 -26 -27 -28 28 29 -31
leaf_value=1.9790467690657414e-08 -3.7332794631116226e-05 1.8825486118194518e-07 -2.1340887699559309e-05 7.4147569555521363e-07 3.8406045390907283e-07 2.9546503969179346e-06 -4.9639742666593887e-06 -3.9059650464976955e-07 1.5874625413354288e-05 3.9909865526510659e-06 -1.3576923593063838e-05 -1.0340770028382064e-06 4.486544276005589e-06 7.629008524944718e-06 -1.2293153661260107e-05 -9.1559727864398871e-07 1.9579050571738925e-07 7.4067971884990883e-06 -5.9067443539599179e-06 4.1836694854489248e-07 4.2748329228329987e-05 -1.301784677210094e-06 -4.0487997627201423e-07 1.1174035236339897e-07 -8.8566679867785336e-08 4.3988983594792209e-05 -2.2699152857983276e-08 -4.2813341436461391e-05 4.4134088272184395e-06 -2.0028897958062381e-05
leaf_weight=261359 35 27142 22 1929 87 33 810 226 21 20 80 77 207 38 27 6158 330 39 36 440 22 24 4110 5093 256 23 17803 24 93 28
leaf_count=261359 35 27142 22 1929 87 33 810 226 21 20 80 77 207 38 27 6158 330 39 36 440 22 24 4110 5093 256 23 17803 24 93 28
internal_value=3.83733e-13 -7.92895e-08 -5.17051e-07 4.87841e-07 -4.00079e-06 -8.12231e-09 -1.92114e-07 -3.77031e-06 -5.07484e-08 -9.42102e-08 -1.00633e-05 3.87691e-06 5.53545e-06 7.63741e-07 -5.2004e-06 -8.06149e-07 -2.35934e-06 -1.37538e-05 -7.12214e-07 1.68709e-06 8.49485e-06 1.97657e-05 -5.791e-08 3.06322e-07 3.48262e-06 1.9808e-05 -1.4716e-07 -6.67906e-07 -8.12333e-06 -1.24266e-06
internal_weight=326592 65233 9122 2038 109 56111 28969 1101 27868 27563 100 305 228 264 837 7084 404 74 6680 522 82 46 27463 5405 312 56 22058 4255 145 121
internal_count=326592 65233 9122 2038 109 56111 28969 1101 27868 27563 100 305 228 264 837 7084 404 74 6680 522 82 46 27463 5405 312 56 22058 4255 145 121
cat_boundaries=0 1
cat_threshold=1
is_linear=0
shrinkage=0.05


Tree=271
num_leaves=31
num_cat=3
split_feature=15 15 4 8 13 8 4 11 33 3 24 33 24 25 27 11 33 13 10 13 6 10 24 24 33 24 14 33 14 24
split_gain=2.08316e-07 7.37663e-07 2.38492e-06 1.70754e-06 1.80601e-06 1.56385e-06 9.85298e-07 1.88308e-06 1.26287e-06 9.50945e-07 9.41546e-07 1.98142e-06 2.69803e-06 8.68679e-07 2.331e-06 8.50941e-07 2.77252e-06 6.78443e-06 5.89703e-06 8.19198e-07 7.88526e-07 8.40291e-07 7.24379e-07 8.87653e-06 1.9833e-06 6.89448e-07 1.61583e-06 2.70458e-06 3.241e-06 1.11831e-05
threshold=1.5000000000000002 2.5000000000000004 39.000000000000007 85.000000000000014 3.5000000000000004 95.000000000000014 44.000000000000007 41.000000000000007 1.0000000180025095e-35 1.5000000000000002 1.0000000180025095e-35 1.0000000180025095e-35 4.5000000000000009 2.5000000000000004 26.500000000000004 7.5000000000000009 1.0000000180025095e-35 3.5000000000000004 0 4.5000000000000009 1 2 3.5000000000000004 1.5000000000000002 1.0000000180025095e-35 1.5000000000000002 1.5000000000000002 1.0000000180025095e-35 2.5000000000000004 4.5000000000000009
decision_type=2 2 2 2 2 2 2 2 2 2 2 2 2 2 2 2 2 2 1 2 1 1 2 2 2 2 2 2 2 2
left_child=-1 2 3 4 13 15 10 22 9 -9 -7 12 -12 14 -2 16 17 18 -4 20 21 -19 23 -8 -24 -17 -27 28 29 -28
right_child=1 -3 5 -5 -6 6 7 8 -10 -11 11 -13 -14 -15 -16 25 -18 19 -20 -21 -22 -23 24 -25 -26 26 27 -29 -30 -31
leaf_value=-7.982256238907287e-08 -1.290052210678582e-06 -2.8549881708232348e-08 3.5724375496741874e-05 -3.5765777337510484e-07 1.6437151252471305e-06 -9.6328719831214172e-08 6.2285313036669255e-07 2.7027755406543998e-06 -3.8420705474902613e-07 6.2460153332302486e-06 2.2805299666591359e-05 -3.6859898955299286e-07 4.0424258594085642e-06 4.6612675207689405e-07 -1.5569611542237148e-05 -3.1654385596316197e-07 -3.2254933410798845e-08 -5.0910416619098255e-06 4.6239393460772199e-06 1.1963760946048772e-06 1.2455536361244414e-05 8.7426374944777272e-06 9.5260779145486074e-06 -2.6255795930938483e-05 -7.8622900299653625e-08 -2.4922559961408776e-06 4.5935149464639843e-05 -5.49841266221526e-08 2.4500690911858931e-06 3.7346960372616035e-06
leaf_weight=65374 366 195880 27 2039 5874 4167 3356 697 241 260 24 194 95 783 31 26011 16832 21 35 2035 32 23 82 31 156 335 20 1097 401 73
leaf_count=65374 366 195880 27 2039 5874 4167 3356 697 241 260 24 194 95 783 31 26011 16832 21 35 2035 32 23 82 31 156 335 20 1097 401 73
internal_value=3.63638e-13 1.99773e-08 1.65459e-07 9.16758e-07 1.28514e-06 4.39988e-08 6.36235e-07 1.13217e-06 2.85076e-06 3.66541e-06 1.02332e-07 2.74712e-06 7.82653e-06 -4.99864e-07 -2.40508e-06 -7.3371e-08 1.84733e-07 1.86552e-06 1.81677e-05 1.38672e-06 6.4835e-06 2.1402e-06 5.64204e-07 3.76842e-07 3.23056e-06 -2.48954e-07 6.63858e-07 1.32841e-06 4.40043e-06 1.28101e-05
internal_weight=326592 261218 65338 9093 7054 56245 9303 4823 1198 957 4480 313 119 1180 397 46942 19005 2173 62 2111 76 44 3625 3387 238 27937 1926 1591 494 93
internal_count=326592 261218 65338 9093 7054 56245 9303 4823 1198 957 4480 313 119 1180 397 46942 19005 2173 62 2111 76 44 3625 3387 238 27937 1926 1591 494 93
cat_boundaries=0 1 2 3
cat_threshold=2 4 1
is_linear=0
shrinkage=0.05


Tree=272
num_leaves=31
num_cat=3
split_feature=26 11 33 24 25 11 13 8 33 11 15 17 8 15 11 15 27 15 0 13 0 17 15 15 0 15 8 25 24 33
split_gain=2.1491e-07 8.3142e-07 1.02516e-06 1.22296e-06 8.71181e-07 1.41779e-06 2.69679e-06 2.25318e-06 1.72024e-06 4.38795e-06 7.15873e-06 6.6352e-06 4.71269e-06 4.10257e-06 3.33766e-06 2.55438e-06 3.43645e-06 2.39445e-06 1.45293e-06 1.90893e-06 1.37153e-06 2.62035e-06 1.23254e-06 4.2276e-06 1.30415e-06 8.34252e-07 7.95168e-07 7.74891e-07 6.56363e-06 2.26735e-05
threshold=7.5000000000000009 81.000000000000014 1.0000000180025095e-35 4.5000000000000009 1.0000000180025095e-35 45.500000000000007 2.5000000000000004 95.000000000000014 1.0000000180025095e-35 8.5000000000000018 2.5000000000000004 1.0000000180025095e-35 85.000000000000014 1.5000000000000002 41.000000000000007 1.5000000000000002 21.500000000000004 4.5000000000000009 0 3.5000000000000004 1 1.0000000180025095e-35 2.5000000000000004 1.5000000000000002 2 4.5000000000000009 85.000000000000014 3.5000000000000004 4.5000000000000009 1.0000000180025095e-35
decision_type=2 2 2 2 2 2 2 2 2 2 2 2 2 2 2 2 2 2 1 2 1 2 2 2 1 2 2 2 2 2
left_child=-1 4 3 -3 5 7 -7 8 9 10 13 12 15 -2 18 16 -11 -17 -13 -20 -9 -22 23 -8 -24 -26 -12 28 -6 -30
right_child=1 2 -4 -5 27 6 22 20 -10 11 26 14 -14 -15 -16 17 -18 -19 19 -21 21 -23 24 -25 25 -27 -28 -29 29 -31
leaf_value=1.3551022570504226e-08 -9.6232312041268285e-06 1.320978032189097e-05 -6.4989016007643843e-08 1.8791031281621558e-06 2.5508684734858698e-06 1.7198858921825139e-06 -1.389500675729725e-05 1.1040385737555667e-06 -9.492647812545892e-08 -6.006875892367577e-06 -1.5313511175918394e-05 -2.781015394057884e-06 1.7950852675725897e-05 1.4256499928927264e-05 -1.0287822397003767e-05 -1.2726590065989213e-05 8.6421578324065677e-06 -4.1645928578776411e-06 1.2135549507417767e-05 3.6778162029804659e-06 1.2448204365050001e-06 1.6898550669058285e-05 -2.1650035064556593e-05 7.9121371606521749e-06 -5.0491974005090496e-06 -1.4044760554008044e-05 -2.5444266007980334e-05 -1.0293199128450403e-07 -4.5938570366388376e-05 1.9802546005280949e-06
leaf_weight=293799 35 42 125 55 1053 136 43 214 1991 113 86 43 22 37 36 158 62 169 112 165 62 47 21 46 76 39 25 27640 32 108
leaf_count=293799 35 42 125 55 1053 136 43 214 1991 113 86 43 22 37 36 158 62 169 112 165 62 47 21 46 76 39 25 27640 32 108
internal_value=3.47779e-13 -1.21403e-07 2.9281e-06 6.78517e-06 -1.42188e-07 -8.60369e-07 -3.83866e-06 -5.4199e-07 -9.62009e-07 -2.58606e-06 -9.63055e-06 -1.12112e-06 -4.69974e-06 2.6483e-06 4.14628e-06 -5.69239e-06 -8.16933e-07 -8.30158e-06 5.77012e-06 7.09755e-06 3.42933e-06 7.99459e-06 -7.1985e-06 -2.6239e-06 -1.01922e-05 -8.09987e-06 -1.75952e-05 -4.90807e-08 1.19857e-06 -8.97262e-06
internal_weight=326592 32793 222 97 32571 3738 361 3377 3054 1063 183 880 524 72 356 502 175 327 320 277 323 109 225 89 136 115 111 28833 1193 140
internal_count=326592 32793 222 97 32571 3738 361 3377 3054 1063 183 880 524 72 356 502 175 327 320 277 323 109 225 89 136 115 111 28833 1193 140
cat_boundaries=0 1 2 3
cat_threshold=1 1 1
is_linear=0
shrinkage=0.05


Tree=273
num_leaves=31
num_cat=1
split_feature=26 11 33 24 33 24 26 24 27 26 11 24 7 8 15 15 27 14 11 11 13 11 15 17 13 24 10 27 11 1
split_gain=1.93956e-07 7.50357e-07 9.25203e-07 1.10372e-06 5.79021e-07 2.4591e-06 1.53423e-05 4.38672e-06 1.15776e-05 9.50084e-06 8.42121e-06 6.60888e-06 1.21712e-05 5.09435e-06 3.35341e-06 2.54947e-06 4.58826e-06 3.41602e-05 4.07713e-06 2.33769e-06 2.36352e-06 2.22163e-06 7.44197e-06 3.88567e-06 1.17648e-05 6.9392e-06 7.5971e-06 6.30435e-06 7.25002e-06 4.90112e-06
threshold=7.5000000000000009 81.000000000000014 1.0000000180025095e-35 4.5000000000000009 1.0000000180025095e-35 2.5000000000000004 26.500000000000004 3.5000000000000004 26.500000000000004 17.000000000000004 41.000000000000007 4.5000000000000009 13.000000000000002 75.000000000000014 2.5000000000000004 2.5000000000000004 18.500000000000004 2.5000000000000004 43.000000000000007 21.000000000000004 2.5000000000000004 6.5000000000000009 2.5000000000000004 1.0000000180025095e-35 1.5000000000000002 1.5000000000000002 0 23.500000000000004 41.000000000000007 30.000000000000004
decision_type=2 2 2 2 2 2 2 2 2 2 2 2 2 2 2 2 2 2 2 2 2 2 2 2 2 2 1 2 2 2
left_child=-1 4 3 -3 5 6 21 8 14 -10 19 12 -9 -14 -7 16 17 18 -13 -11 -21 22 -2 24 -23 -26 -27 28 -25 -29
right_child=1 2 -4 -5 -6 7 -8 11 9 10 -12 15 13 -15 -16 -17 -18 -19 -20 20 -22 23 -24 27 25 26 -28 29 -30 -31
leaf_value=1.2873469724219135e-08 5.4974719406144891e-06 1.2549291074849732e-05 -6.1739566044138883e-08 1.7851479627366148e-06 -2.5330263497525812e-08 3.1974010786094324e-05 -3.4352901527907108e-05 1.8887232363340446e-05 -1.2413497475599319e-05 1.2348291066440912e-05 3.1763896695338194e-05 4.8667225200915713e-07 -4.3983100689122996e-05 -1.3895785367126606e-05 1.2834854675626654e-05 -1.0364103506223814e-06 1.9223826482303516e-06 -5.7341829576146735e-05 2.8467501840129006e-05 3.5571959597291428e-06 -1.801922940516802e-05 3.420981245740439e-05 -1.4587450935362975e-05 6.2956011683412487e-06 -4.5766194298208482e-06 3.4029914511393149e-05 -3.0157213007353885e-06 5.7606434645342894e-06 -5.3524763771642009e-06 -2.3493303045298247e-05
leaf_weight=293799 77 42 125 55 25626 37 36 20 95 28 30 30 24 34 60 2720 1732 26 23 30 22 21 115 510 975 25 31 22 181 41
leaf_count=293799 77 42 125 55 25626 37 36 20 95 28 30 30 24 34 60 2720 1732 26 23 30 22 21 115 510 975 25 31 22 181 41
internal_value=3.28944e-13 -1.15333e-07 2.78169e-06 6.44591e-06 -1.35078e-07 -5.40033e-07 -2.00198e-06 6.5465e-08 5.90334e-06 -8.30831e-07 9.17238e-06 -3.17056e-07 -1.47475e-05 -2.63457e-05 2.01354e-05 -6.86392e-08 1.38489e-06 -1.03992e-05 1.26293e-05 7.00562e-07 -5.57129e-06 -1.41908e-06 -6.53256e-06 -8.75454e-07 -2.83891e-06 -3.59354e-06 1.35225e-05 1.86401e-06 3.24451e-06 -1.32776e-05
internal_weight=326592 32793 222 97 32571 6945 2034 4911 302 205 110 4609 78 58 97 4531 1811 79 53 80 52 1998 192 1806 1052 1031 56 754 691 63
internal_count=326592 32793 222 97 32571 6945 2034 4911 302 205 110 4609 78 58 97 4531 1811 79 53 80 52 1998 192 1806 1052 1031 56 754 691 63
cat_boundaries=0 1
cat_threshold=2
is_linear=0
shrinkage=0.05


Tree=274
num_leaves=31
num_cat=1
split_feature=11 4 26 26 14 25 15 0 26 15 27 14 25 26 11 26 33 11 24 26 13 23 17 7 8 15 26 3 26 33
split_gain=1.90212e-07 3.71355e-07 6.20215e-07 3.54402e-06 1.1843e-05 9.46054e-07 1.2772e-06 8.48693e-07 1.01699e-06 1.28372e-06 6.92539e-07 1.2885e-06 5.72798e-07 5.18244e-07 3.63673e-07 7.90132e-07 1.99033e-06 3.91751e-07 6.68826e-06 1.61268e-06 3.96546e-06 4.30462e-06 3.74211e-07 3.21047e-07 4.18517e-07 3.16395e-07 3.00081e-07 1.39134e-06 2.50858e-06 7.9944e-06
threshold=8.5000000000000018 79.500000000000014 1.0000000180025095e-35 3.0000000000000004 5.5000000000000009 1.5000000000000002 2.5000000000000004 0 11.500000000000002 4.5000000000000009 18.500000000000004 2.5000000000000004 3.5000000000000004 20.500000000000004 7.5000000000000009 20.500000000000004 1.0000000180025095e-35 6.5000000000000009 1.0000000180025095e-35 11.500000000000002 4.5000000000000009 1.0000000180025095e-35 1.0000000180025095e-35 11.000000000000002 110.00000000000001 2.5000000000000004 7.5000000000000009 1.5000000000000002 22.500000000000004 1.0000000180025095e-35
decision_type=2 2 2 2 2 2 2 1 2 2 2 2 2 2 2 2 2 2 2 2 2 2 2 2 2 2 2 2 2 2
left_child=14 26 25 4 -4 6 13 -8 -9 -10 11 -7 -12 -5 17 22 -17 -1 19 20 21 -19 -16 24 -14 -3 -2 -28 -29 -30
right_child=1 2 3 5 -6 10 7 8 9 -11 12 -13 23 -15 15 16 -18 18 -20 -21 -22 -23 -24 -25 -26 -27 27 28 29 -31
leaf_value=-5.5429787574461287e-08 2.9086191117949342e-08 4.7814926852126897e-07 -9.5556417277964757e-08 -2.2555354340544746e-06 4.2696535324053422e-05 -1.993260733657875e-06 1.7598624628376191e-06 1.6550355082602308e-06 1.431321753912154e-05 1.3714772350155088e-06 -8.1026718362409159e-06 1.4072625299377251e-05 4.1001649521582972e-07 4.1391002344512565e-06 -1.4648571499109899e-06 -1.8959241684310009e-05 4.098308876463206e-07 2.9722201930860099e-05 2.2112420545757538e-05 -1.1454584755483666e-05 -1.0185648163030277e-06 -1.5883119626128712e-06 5.870072371255621e-07 -3.3706297697904512e-07 8.8888806617019749e-06 -7.3056014291534976e-08 -1.0293224801452676e-07 6.4904398431701258e-08 -1.9521892102867369e-05 3.7144066623235567e-07
leaf_weight=97713 194005 4350 61 129 22 26 119 49 66 27 23 24 43 42 568 21 36 23 36 30 409 21 365 1094 22 6484 20227 338 79 140
leaf_count=97713 194005 4350 61 129 22 26 119 49 66 27 23 24 43 42 568 21 36 23 36 30 409 21 365 1094 22 6484 20227 338 79 140
internal_value=3.12224e-13 2.52074e-08 2.89233e-07 1.16348e-06 1.12469e-05 6.60515e-07 2.67384e-06 4.87442e-06 7.4845e-06 1.05559e-05 -4.54578e-08 5.71836e-06 -2.89274e-07 -6.84923e-07 -5.77625e-08 -1.01128e-06 -6.72614e-06 -4.81527e-08 1.32191e-06 -2.2769e-07 5.15813e-07 1.47785e-05 -6.62145e-07 -1.3422e-07 3.27979e-06 1.4826e-07 9.74243e-09 -1.70819e-07 -2.63607e-06 -6.80469e-06
internal_weight=326592 227370 12581 1747 83 1664 432 261 142 93 1232 50 1182 171 99222 990 57 98232 519 483 453 44 933 1159 65 10834 214789 20784 557 219
internal_count=326592 227370 12581 1747 83 1664 432 261 142 93 1232 50 1182 171 99222 990 57 98232 519 483 453 44 933 1159 65 10834 214789 20784 557 219
cat_boundaries=0 1
cat_threshold=1
is_linear=0
shrinkage=0.05


Tree=275
num_leaves=31
num_cat=1
split_feature=12 11 11 19 25 18 26 23 11 26 19 18 16 24 26 24 26 19 18 6 26 16 26 24 14 16 11 25 27 16
split_gain=1.92688e-07 4.07521e-07 1.52942e-06 1.46669e-06 2.18638e-06 1.16348e-06 1.37993e-06 2.60557e-06 1.00049e-06 5.70535e-06 4.05417e-06 5.25798e-06 9.49124e-07 9.24411e-07 8.94598e-07 8.56114e-07 8.7036e-06 1.62437e-06 8.53605e-07 1.26795e-06 8.06873e-07 1.76524e-06 6.93403e-07 5.2735e-07 4.60883e-07 3.76876e-07 3.13248e-07 3.29088e-07 1.38153e-06 3.00752e-06
threshold=0.47640000000000005 44.500000000000007 45.500000000000007 1.0000000180025095e-35 1.0000000180025095e-35 1.0000000180025095e-35 17.000000000000004 1.0000000180025095e-35 41.000000000000007 17.000000000000004 1.0000000180025095e-35 1.0000000180025095e-35 1.0000000180025095e-35 4.5000000000000009 7.5000000000000009 1.0000000180025095e-35 7.5000000000000009 1.0000000180025095e-35 1.0000000180025095e-35 0 8.5000000000000018 1.0000000180025095e-35 4.5000000000000009 4.5000000000000009 2.5000000000000004 1.0000000180025095e-35 8.5000000000000018 3.5000000000000004 7.5000000000000009 1.0000000180025095e-35
decision_type=2 2 2 2 2 2 2 2 2 2 2 2 2 2 2 2 2 2 2 1 2 2 2 2 2 2 2 2 2 2
left_child=-1 8 3 5 -5 6 14 -8 26 10 11 12 -10 22 25 20 -17 18 19 24 -4 -22 -7 -6 -18 -3 -2 28 -28 -30
right_child=1 2 15 4 23 13 7 -9 9 -11 -12 -13 -14 -15 -16 16 17 -19 -20 -21 21 -23 -24 -25 -26 -27 27 -29 29 -31
leaf_value=-8.0144766501907261e-08 -5.4874364426058806e-08 6.4570511078482327e-07 -3.8198869827412827e-07 7.3144214608837825e-06 3.4045857730073221e-07 3.7375693903082409e-06 2.021643545049301e-05 -3.480872536318541e-07 1.8454890149678726e-07 2.0175990950385177e-05 -1.2410178287950658e-05 -1.1256230220387427e-05 6.2170330596872551e-06 -5.7442001245059751e-06 -8.5057984720013785e-06 3.0468393284536431e-05 4.6829132364629398e-06 -1.1314239479531807e-05 -5.9973391106752631e-06 -1.3911733260516613e-06 -1.6743137416102876e-05 3.5676761331160379e-06 1.279786454530119e-05 -8.7369007322498263e-06 1.5038596844037372e-05 -1.6372892739245792e-06 6.165697780569495e-08 -8.9804616489082646e-08 2.0016332139036792e-06 -6.2409868627261838e-07
leaf_weight=60991 99222 547 2252 227 48 258 24 43 191 27 100 96 99 24 33 25 21 32 31 57 23 20 23 24 22 270 126755 30566 2721 1820
leaf_count=60991 99222 547 2252 227 48 258 24 43 191 27 100 96 99 24 33 25 21 32 31 57 23 20 23 24 22 270 126755 30566 2721 1820
internal_value=2.99664e-13 1.84043e-08 5.19014e-07 1.76757e-06 4.90646e-06 9.99551e-07 1.0978e-07 7.01831e-06 1.0742e-08 -2.19518e-06 -3.43803e-06 -1.11363e-06 2.24391e-06 3.6747e-06 -4.34775e-07 -2.4581e-07 2.99803e-06 -1.21521e-06 1.25172e-06 3.49893e-06 -5.11537e-07 -7.29625e-06 4.47916e-06 -2.68533e-06 9.98117e-06 -1.08773e-07 1.50764e-08 5.79564e-08 9.23556e-08 9.49259e-07
internal_weight=326592 265601 4004 1521 299 1222 917 67 261597 513 486 386 290 305 850 2483 188 163 131 100 2295 43 281 72 43 817 261084 161862 131296 4541
internal_count=326592 265601 4004 1521 299 1222 917 67 261597 513 486 386 290 305 850 2483 188 163 131 100 2295 43 281 72 43 817 261084 161862 131296 4541
cat_boundaries=0 1
cat_threshold=4
is_linear=0
shrinkage=0.05


Tree=276
num_leaves=31
num_cat=1
split_feature=15 4 11 4 11 11 11 25 25 13 15 4 8 13 8 4 11 33 3 11 33 13 10 25 27 13 27 13 13 4
split_gain=1.82971e-07 6.88812e-07 9.4413e-07 8.73383e-07 3.22687e-06 2.73583e-06 5.82227e-06 1.97321e-06 1.64305e-06 1.04981e-06 6.74657e-07 2.16769e-06 1.55795e-06 1.56326e-06 1.36879e-06 8.61858e-07 1.67299e-06 1.14333e-06 8.11935e-07 7.74899e-07 2.2608e-06 5.91443e-06 4.31168e-06 7.51406e-07 2.12553e-06 7.22213e-07 1.2059e-06 6.3027e-07 5.9247e-07 2.56276e-06
threshold=1.5000000000000002 39.000000000000007 53.000000000000007 44.000000000000007 45.500000000000007 44.500000000000007 41.000000000000007 1.0000000180025095e-35 1.0000000180025095e-35 4.5000000000000009 2.5000000000000004 39.000000000000007 85.000000000000014 3.5000000000000004 95.000000000000014 44.000000000000007 41.000000000000007 1.0000000180025095e-35 1.5000000000000002 8.5000000000000018 1.0000000180025095e-35 3.5000000000000004 0 2.5000000000000004 26.500000000000004 4.5000000000000009 20.500000000000004 4.5000000000000009 3.5000000000000004 76.000000000000014
decision_type=2 2 2 2 2 2 2 2 2 2 2 2 2 2 2 2 2 2 2 2 2 2 1 2 2 2 2 2 2 2
left_child=1 2 -1 27 5 6 -5 -7 -6 -8 11 12 13 23 19 -16 28 18 -18 20 21 22 -13 24 -2 26 -23 -3 29 -17
right_child=10 3 -4 4 8 7 9 -9 -10 -11 -12 14 -14 -15 15 16 17 -19 -20 -21 -22 25 -24 -25 -26 -27 -28 -29 -30 -31
leaf_value=-7.2109193614936477e-07 -1.1419215379329798e-06 -2.5773733564845036e-07 6.0984668272764684e-07 -1.0241389627482454e-07 -3.9310712931481413e-06 6.9486998458288305e-06 -2.1201780741235282e-06 -2.5510615099082976e-06 5.903601703494133e-07 -1.4389710087839159e-05 -2.7685956419351655e-08 2.9969233641637518e-05 -3.4319385721714119e-07 1.5596032634266104e-06 9.6788351819127826e-08 -1.0540179441351844e-05 2.5654792111324022e-06 -3.9820269186004753e-07 5.8395168245904368e-06 -2.3672330020197177e-07 -2.5296754530707758e-08 9.6196688304942287e-06 4.3627255061957321e-06 4.6370178956371216e-07 -1.4777616589497251e-05 1.0362815072360548e-06 -4.3638388628356295e-06 3.2104200541490171e-07 8.0730281588460831e-07 2.0238668534312446e-07
leaf_weight=7381 366 6039 1626 27545 841 227 22 72 264 84 195880 31 2039 5874 4480 62 697 241 260 27746 16864 58 35 783 31 2187 21 21273 3032 531
leaf_count=7381 366 6039 1626 27545 841 227 22 72 264 84 195880 31 2039 5874 4480 62 697 241 260 27746 16864 58 35 783 31 2187 21 21273 3032 531
internal_value=2.82995e-13 -7.48093e-08 -4.80823e-07 -9.93164e-09 -2.00753e-07 -9.59818e-08 -1.47422e-07 4.66113e-06 -2.85084e-06 -1.18432e-05 1.87226e-08 1.57853e-07 8.74119e-07 1.22599e-06 4.2056e-08 5.96128e-07 1.05996e-06 2.67984e-06 3.45498e-06 -6.77504e-08 1.76484e-07 1.63567e-06 1.639e-05 -4.34721e-07 -2.20667e-06 1.20593e-06 5.90253e-06 1.93067e-07 5.24612e-07 -9.20782e-07
internal_weight=326592 65374 9007 56367 29055 27950 27651 299 1105 106 261218 65338 9093 7054 56245 9303 4823 1198 957 46942 19196 2332 66 1180 397 2266 79 27312 3625 593
internal_count=326592 65374 9007 56367 29055 27950 27651 299 1105 106 261218 65338 9093 7054 56245 9303 4823 1198 957 46942 19196 2332 66 1180 397 2266 79 27312 3625 593
cat_boundaries=0 1
cat_threshold=2
is_linear=0
shrinkage=0.05


Tree=277
num_leaves=31
num_cat=0
split_feature=12 11 11 15 25 15 24 23 26 13 33 25 13 11 24 15 15 15 13 24 26 33 26 13 15 15 15 4 25 8
split_gain=1.78597e-07 3.36788e-07 1.32868e-06 1.16003e-06 1.78082e-06 1.04792e-06 1.31892e-06 2.1925e-06 1.15826e-06 9.77783e-07 4.17019e-06 8.88404e-07 8.72522e-07 8.39478e-07 5.32429e-06 3.31943e-06 4.73713e-06 7.78771e-07 4.82035e-07 4.75933e-07 4.39967e-07 2.04862e-06 7.75954e-07 3.64565e-07 3.39695e-07 2.94961e-07 9.05323e-07 1.99962e-06 1.26041e-06 1.02982e-06
threshold=0.47640000000000005 44.500000000000007 45.500000000000007 1.5000000000000002 1.0000000180025095e-35 4.5000000000000009 2.5000000000000004 1.0000000180025095e-35 7.5000000000000009 1.5000000000000002 1.0000000180025095e-35 4.5000000000000009 6.5000000000000009 41.000000000000007 2.5000000000000004 1.5000000000000002 4.5000000000000009 2.5000000000000004 6.5000000000000009 4.5000000000000009 7.5000000000000009 1.0000000180025095e-35 5.5000000000000009 5.5000000000000009 2.5000000000000004 2.5000000000000004 1.5000000000000002 44.000000000000007 1.0000000180025095e-35 85.000000000000014
decision_type=2 2 2 2 2 2 2 2 2 2 2 2 2 2 2 2 2 2 2 2 2 2 2 2 2 2 2 2 2 2
left_child=25 13 3 4 -3 6 8 -8 24 10 -4 12 -7 -2 15 18 17 23 -15 -6 22 -22 -11 -17 -5 26 27 29 -29 -1
right_child=1 2 9 5 19 11 7 -9 -10 20 -12 -13 -14 14 -16 16 -18 -19 -20 -21 21 -23 -24 -25 -26 -27 -28 28 -30 -31
leaf_value=-7.7960770592529913e-07 1.4723240777382369e-08 6.6012652428171476e-06 2.0701874369667074e-05 -1.5508658618524459e-06 4.5098870238291511e-07 1.4771604072025402e-05 1.722955305389217e-05 -3.2509932205594732e-07 -9.9420370280577413e-06 -4.162299948945823e-07 -5.9183658943250016e-07 -1.1511723320021609e-06 4.0753748180577531e-06 -5.5230254729394802e-06 1.8075717942396765e-05 5.8712691458387545e-08 -1.0891645646264997e-05 1.0491883813301683e-07 -1.3567376299761236e-05 -8.1725028394430414e-06 -1.3669735022371502e-05 3.4959901032819145e-07 8.1124184395809631e-06 7.2433460445608945e-06 6.2462660483309117e-07 -1.6671878850555945e-07 3.6213140808180972e-07 -3.5949013334756325e-06 6.970951083959895e-07 2.5548635868823284e-07
leaf_weight=3484 261084 227 29 268 48 21 29 46 31 2179 111 77 207 25 31 23 95 190 73 24 35 102 27 76 543 36666 12192 676 229 7744
leaf_count=3484 261084 227 29 268 48 21 29 46 31 2179 111 77 207 25 31 23 95 190 73 24 35 102 27 76 543 36666 12192 676 229 7744
internal_value=2.67696e-13 1.77186e-08 4.72814e-07 1.63655e-06 4.42808e-06 9.53523e-07 1.09094e-07 6.4627e-06 -4.56844e-07 -2.40053e-07 3.819e-06 3.49235e-06 5.06055e-06 1.07529e-08 -2.00989e-06 -3.3017e-06 -1.20554e-06 1.97847e-06 -1.15152e-05 -2.42351e-06 -4.82591e-07 -3.23198e-06 -3.11845e-07 5.57419e-06 -9.42784e-08 -7.71588e-08 5.78385e-08 -2.47934e-07 -2.50886e-06 -6.56989e-08
internal_weight=326592 265601 4004 1521 299 1222 917 75 842 2483 140 305 228 261597 513 482 384 289 98 72 2343 137 2206 99 811 60991 24325 12133 905 11228
internal_count=326592 265601 4004 1521 299 1222 917 75 842 2483 140 305 228 261597 513 482 384 289 98 72 2343 137 2206 99 811 60991 24325 12133 905 11228
is_linear=0
shrinkage=0.05


Tree=278
num_leaves=31
num_cat=3
split_feature=12 11 33 27 26 14 27 8 0 15 4 17 0 17 4 26 25 17 14 15 27 24 26 4 12 6 17 11 25 24
split_gain=1.61184e-07 3.08388e-07 3.52101e-07 1.05475e-06 5.19414e-06 1.012e-05 1.7645e-05 0.0001188 2.13627e-05 1.60721e-05 1.1401e-05 1.22393e-05 7.14849e-06 8.52227e-06 6.38185e-06 5.91592e-06 1.69654e-05 6.8993e-06 4.90054e-06 4.64825e-06 2.95652e-06 2.65348e-06 2.22287e-05 1.517e-05 1.79139e-05 5.08359e-06 4.73487e-06 6.44234e-06 6.91473e-06 5.37191e-06
threshold=0.47640000000000005 8.5000000000000018 1.0000000180025095e-35 7.5000000000000009 7.5000000000000009 1.5000000000000002 34.000000000000007 85.000000000000014 0 2.5000000000000004 39.000000000000007 1.0000000180025095e-35 1 1.0000000180025095e-35 39.000000000000007 5.5000000000000009 3.5000000000000004 1.0000000180025095e-35 5.5000000000000009 1.5000000000000002 23.500000000000004 4.5000000000000009 22.500000000000004 84.000000000000014 0.71250000000000013 2 1.0000000180025095e-35 44.500000000000007 4.5000000000000009 2.5000000000000004
decision_type=2 2 2 2 2 2 2 2 1 2 2 2 1 2 2 2 2 2 2 2 2 2 2 2 2 1 2 2 2 2
left_child=-1 -2 3 -3 5 9 12 8 -8 -5 -10 -12 15 -14 18 16 17 19 -15 -7 -19 22 26 24 25 -24 29 28 -28 -6
right_child=1 2 -4 4 21 6 7 -9 10 -11 11 -13 13 14 -16 -17 -18 20 -20 -21 -22 -23 23 -25 -26 -27 27 -29 -30 -31
leaf_value=-7.3300837542169928e-08 -5.2934233956690277e-08 5.9391172302728848e-08 -9.7046924388147499e-08 -4.1552226883306343e-05 -4.1300396594918689e-06 -3.3615508233389353e-06 3.1758753115986e-05 0.00013295886139530922 -3.0972494591373507e-05 7.0850686201343448e-06 1.6691346536390485e-05 -2.4044767789226689e-05 1.1377687437559963e-06 1.0424238533469971e-05 8.8228503206183265e-06 1.1494978904840323e-05 -4.6696399695065336e-05 -3.5878176950062296e-06 4.1100701297788575e-05 5.0801510559406649e-06 -1.9952943618810769e-05 5.3599827303390241e-07 -3.4739214606815948e-05 6.6875045860115284e-06 -6.4069367008121321e-05 -4.1175641992154077e-06 5.7429274463977111e-06 -2.4196122172898395e-05 -1.2280194225579983e-05 8.6110903050935771e-06
leaf_weight=60991 99222 129190 29873 33 749 227 49 20 36 35 54 28 421 23 272 102 20 571 30 579 29 3203 23 32 31 33 543 21 59 93
leaf_count=60991 99222 129190 29873 33 749 227 49 20 36 35 54 28 421 23 272 102 20 571 30 579 29 3203 23 32 31 33 543 21 59 93
internal_value=2.53243e-13 1.68327e-08 5.8439e-08 9.24655e-08 6.76511e-07 2.50945e-06 3.0352e-06 1.77991e-05 4.00747e-06 -1.65183e-05 -7.51636e-06 2.78145e-06 1.82111e-06 5.83324e-06 1.19157e-05 -1.37686e-07 -9.69756e-07 -3.19306e-07 2.77883e-05 2.70265e-06 -4.3788e-06 -2.9184e-07 -1.96581e-06 -2.27482e-05 -3.35751e-05 -1.66943e-05 -2.77685e-07 3.0269e-06 3.97654e-06 -2.72277e-06
internal_weight=326592 265601 166379 136506 7316 2529 2461 187 167 68 118 82 2274 746 325 1528 1426 1406 53 806 600 4787 1584 119 87 56 1465 623 602 842
internal_count=326592 265601 166379 136506 7316 2529 2461 187 167 68 118 82 2274 746 325 1528 1426 1406 53 806 600 4787 1584 119 87 56 1465 623 602 842
cat_boundaries=0 1 2 3
cat_threshold=1 1 4
is_linear=0
shrinkage=0.05


Tree=279
num_leaves=31
num_cat=0
split_feature=15 4 8 13 31 4 11 4 25 24 31 11 11 13 25 13 4 27 24 24 13 8 33 14 25 33 24 33 24 33
split_gain=1.65395e-07 7.21393e-07 9.60688e-07 8.34667e-07 2.99678e-06 7.18436e-07 1.81094e-06 3.58787e-06 2.51401e-06 2.01157e-06 3.30946e-06 1.392e-06 2.91933e-06 1.6209e-06 8.00895e-07 7.82832e-07 6.98083e-07 4.40232e-07 4.15111e-07 4.49339e-06 2.11523e-05 5.91801e-07 1.12462e-06 5.65396e-07 4.28724e-07 1.26774e-06 3.82609e-07 1.11768e-06 4.13235e-06 2.59167e-07
threshold=4.5000000000000009 39.000000000000007 85.000000000000014 1.5000000000000002 1.0000000180025095e-35 42.500000000000007 45.500000000000007 44.000000000000007 1.0000000180025095e-35 3.5000000000000004 1.0000000180025095e-35 44.500000000000007 41.000000000000007 4.5000000000000009 4.5000000000000009 6.5000000000000009 59.500000000000007 7.5000000000000009 2.5000000000000004 1.5000000000000002 2.5000000000000004 75.000000000000014 1.0000000180025095e-35 5.5000000000000009 1.5000000000000002 1.0000000180025095e-35 2.5000000000000004 1.0000000180025095e-35 4.5000000000000009 1.0000000180025095e-35
decision_type=2 2 2 2 2 2 2 2 2 2 2 2 2 2 2 2 2 2 2 2 2 2 2 2 2 2 2 2 2 2
left_child=-1 2 18 4 -4 26 11 9 17 -8 -11 12 -7 -14 15 -13 -10 -9 19 24 -21 22 23 -20 -2 -26 -3 28 -28 -23
right_child=1 5 3 -5 -6 6 7 8 16 10 -12 14 13 -15 -16 -17 -18 -19 21 20 -22 29 -24 -25 25 -27 27 -29 -30 -31
leaf_value=1.7776649975409851e-08 -8.6306856390711198e-07 1.6943414757417133e-07 -2.027036145219344e-05 7.1357648566149427e-07 3.8534550363802454e-07 -5.4258970201592776e-08 9.4156216883207985e-07 -4.6958804712091852e-06 -3.6346741430448781e-07 -2.0394094865423542e-05 2.509706476158416e-07 1.4000207846991196e-05 4.1207178492186362e-06 -1.1793616267823382e-05 -1.0960602415772363e-06 3.8686364860041065e-06 6.9610565405080136e-06 -1.1185946991813749e-05 4.842592330741817e-06 -5.0130247117245432e-05 1.8446971956688107e-05 -3.7824797170917288e-06 -1.2988479646875502e-07 1.4530033104165342e-05 9.7121456039733155e-06 -4.2845411399136205e-08 2.097856241258948e-05 -7.0034488234374864e-08 1.7792653459726122e-06 -6.3958354950694761e-09
leaf_weight=261359 6117 20455 22 1929 87 31699 1125 810 226 30 55 21 20 80 77 207 38 27 61 23 22 65 144 20 36 445 30 785 426 151
leaf_count=261359 6117 20455 22 1929 87 31699 1125 810 226 30 55 21 20 80 77 207 38 27 61 23 22 65 144 20 36 445 30 785 426 151
internal_value=2.415e-13 -7.12218e-08 -4.83605e-07 4.73045e-07 -3.7837e-06 -4.18031e-09 -1.46235e-07 -1.49808e-06 -3.5634e-06 3.81188e-07 -7.03552e-06 -4.89227e-08 -8.1167e-08 -8.61075e-06 3.31284e-06 4.80181e-06 6.9082e-07 -4.90524e-06 -7.58825e-07 -8.57441e-07 -1.66036e-05 7.26686e-07 2.52131e-06 7.23455e-06 -7.50048e-07 6.87258e-07 2.21152e-07 1.07361e-06 3.04238e-06 -1.14272e-06
internal_weight=326592 65233 9122 2038 109 56111 34415 2311 1101 1210 85 32104 31799 100 305 228 264 837 7084 6643 45 441 225 81 6598 481 21696 1241 456 216
internal_count=326592 65233 9122 2038 109 56111 34415 2311 1101 1210 85 32104 31799 100 305 228 264 837 7084 6643 45 441 225 81 6598 481 21696 1241 456 216
is_linear=0
shrinkage=0.05


Tree=280
num_leaves=31
num_cat=3
split_feature=15 4 11 3 11 6 13 31 13 0 15 4 8 13 8 24 24 33 14 4 11 25 27 14 14 24 24 31 0 11
split_gain=1.52332e-07 5.87104e-07 8.13577e-07 7.64238e-07 4.28803e-06 1.88241e-06 1.57791e-06 1.41939e-06 2.26355e-06 1.33722e-06 5.72376e-07 1.9207e-06 1.41671e-06 1.39893e-06 1.18855e-06 7.84708e-07 4.54161e-06 2.58089e-06 1.38287e-06 1.1639e-06 1.46345e-06 8.07092e-07 7.43691e-07 1.80486e-06 1.09651e-06 7.37929e-07 4.53279e-06 1.46507e-05 6.76301e-06 7.48957e-07
threshold=1.5000000000000002 39.000000000000007 53.000000000000007 1.5000000000000002 41.000000000000007 0 4.5000000000000009 1.0000000180025095e-35 5.5000000000000009 1 2.5000000000000004 39.000000000000007 85.000000000000014 3.5000000000000004 95.000000000000014 2.5000000000000004 1.5000000000000002 1.0000000180025095e-35 5.5000000000000009 44.000000000000007 41.000000000000007 2.5000000000000004 34.000000000000007 2.5000000000000004 1.5000000000000002 1.5000000000000002 2.5000000000000004 1.0000000180025095e-35 2 7.5000000000000009
decision_type=2 2 2 2 2 1 2 2 2 1 2 2 2 2 2 2 2 2 2 2 2 2 2 2 2 2 2 2 1 2
left_child=1 2 -1 -3 -5 7 -7 8 -6 -10 11 12 13 -2 25 16 19 18 22 -16 -21 -22 23 -17 -24 29 27 28 -27 -13
right_child=10 3 -4 4 5 6 -8 -9 9 -11 -12 14 -14 -15 15 17 -18 -19 -20 20 21 -23 24 -25 -26 26 -28 -29 -30 -31
leaf_value=-6.6614007035261891e-07 -4.1599482886769631e-07 1.4777558723882927e-07 5.6935625183723915e-07 -1.4814048257864842e-07 -2.558739222215743e-05 1.2136875084252098e-05 -3.6051744245924057e-06 7.1393299626610123e-07 -3.6051744245924057e-06 -1.2958953190223561e-05 -2.5662925645763958e-08 1.309868533924355e-07 -3.4136452099621394e-07 1.470593377198842e-06 -9.8127281045479412e-08 5.6300903857788856e-06 -1.8083892372157027e-05 -8.4445305654658167e-08 2.3242687651266655e-07 5.4301080332164122e-07 3.2263770102755161e-06 -4.8384656462852445e-07 1.6961699235583764e-05 2.5781878684938422e-05 4.4955738494510943e-06 1.2992063927101853e-05 2.0847974586165972e-07 -7.7557793202657029e-08 5.0933997515774844e-05 -2.9114523637839152e-07
leaf_weight=7381 1180 32786 1626 23275 22 20 78 33 74 79 195880 17629 2039 5874 4189 25 33 405 60 3356 930 174 22 20 89 23 3121 134 24 26011
leaf_count=7381 1180 32786 1626 23275 22 20 78 33 74 79 195880 17629 2039 5874 4189 25 33 405 60 3356 930 174 22 20 89 23 3121 134 24 26011
internal_value=2.30674e-13 -6.82592e-08 -4.43101e-07 -8.36249e-09 -2.2545e-07 -6.10578e-06 -3.92511e-07 -8.79761e-06 -1.05912e-05 -8.4349e-06 1.70832e-08 1.45234e-07 8.1946e-07 1.155e-06 3.62335e-08 5.52538e-07 4.29724e-07 2.26956e-06 6.68333e-06 5.00362e-07 1.06249e-06 2.64161e-06 9.16444e-06 1.45864e-05 6.96634e-06 -6.60881e-08 6.54605e-07 8.34719e-06 3.23667e-05 -1.20619e-07
internal_weight=326592 65374 9007 56367 23581 306 98 208 175 153 261218 65338 9093 7054 56245 9303 8682 621 216 8649 4460 1104 156 45 111 46942 3302 181 47 43640
internal_count=326592 65374 9007 56367 23581 306 98 208 175 153 261218 65338 9093 7054 56245 9303 8682 621 216 8649 4460 1104 156 45 111 46942 3302 181 47 43640
cat_boundaries=0 1 2 3
cat_threshold=4 1 1
is_linear=0
shrinkage=0.05


Tree=281
num_leaves=31
num_cat=0
split_feature=12 11 11 15 25 15 26 23 13 33 24 26 26 11 26 15 15 13 15 24 26 33 26 15 13 13 11 11 26 33
split_gain=1.46924e-07 2.92254e-07 1.1623e-06 1.06282e-06 1.60667e-06 8.40564e-07 1.21052e-06 2.28419e-06 8.06317e-07 3.50652e-06 7.53824e-07 7.49758e-07 7.37617e-07 6.28392e-07 4.8135e-06 2.60936e-06 3.88868e-06 7.50162e-07 6.75161e-07 4.30083e-07 3.70267e-07 1.71425e-06 6.76291e-07 3.03775e-07 2.91685e-07 2.61865e-07 2.53853e-07 3.33354e-07 7.15369e-07 1.80581e-06
threshold=0.47640000000000005 44.500000000000007 45.500000000000007 1.5000000000000002 1.0000000180025095e-35 4.5000000000000009 17.000000000000004 1.0000000180025095e-35 1.5000000000000002 1.0000000180025095e-35 3.5000000000000004 7.5000000000000009 4.5000000000000009 41.000000000000007 17.000000000000004 1.5000000000000002 4.5000000000000009 5.5000000000000009 2.5000000000000004 4.5000000000000009 7.5000000000000009 1.0000000180025095e-35 5.5000000000000009 2.5000000000000004 5.5000000000000009 5.5000000000000009 8.5000000000000018 7.5000000000000009 20.500000000000004 1.0000000180025095e-35
decision_type=2 2 2 2 2 2 2 2 2 2 2 2 2 2 2 2 2 2 2 2 2 2 2 2 2 2 2 2 2 2
left_child=-1 13 3 4 -3 6 11 -8 9 -4 12 23 -7 26 15 17 18 -15 24 -6 22 -22 -10 -5 -17 -18 27 -2 -29 -30
right_child=1 2 8 5 19 10 7 -9 20 -11 -12 -13 -14 14 -16 16 25 -19 -20 -21 21 -23 -24 -25 -26 -27 -28 28 29 -31
leaf_value=-6.9983156390458136e-08 -4.0753351039150912e-08 6.2646451199761623e-06 1.8940548561031707e-05 -1.4654972051175721e-06 4.2501402610639619e-07 3.1418449797784406e-06 1.894636317748185e-05 -3.0820563837508862e-07 -3.8779163514799048e-07 -5.8537469266747735e-07 -5.1703867757169063e-06 -7.7804724276464906e-06 1.2679533835001747e-05 -1.6787786429566561e-06 1.8809752267164491e-05 2.8950650195601275e-07 -4.9486000162604885e-06 -1.2311005881616162e-05 1.3507970895037876e-07 -7.7725783133549453e-06 -1.2517207433120347e-05 3.0707093447337205e-07 7.5743343055971014e-06 5.841614157192024e-07 6.7160013713873928e-06 -1.1161830479977653e-05 5.1618407447961481e-08 -6.3065175776703605e-07 -1.8052897333594351e-05 3.9651879370062999e-07
leaf_weight=60991 98232 227 29 270 48 258 24 43 2179 111 25 33 22 21 27 23 22 79 191 24 35 102 27 547 76 74 161862 933 21 36
leaf_count=60991 98232 227 29 270 48 258 24 43 2179 111 25 33 22 21 27 23 22 79 191 24 35 102 27 547 76 74 161862 933 21 36
internal_value=2.18468e-13 1.60708e-08 4.40011e-07 1.52845e-06 4.20045e-06 8.74666e-07 1.18382e-07 6.58895e-06 -2.26731e-07 3.45928e-06 3.14848e-06 -3.91651e-07 3.89123e-06 9.58196e-09 -1.73866e-06 -2.88023e-06 -1.01547e-06 -1.00782e-05 1.87198e-06 -2.30752e-06 -4.46979e-07 -2.9692e-06 -2.9034e-07 -9.32043e-08 5.22298e-06 -9.73797e-06 1.3017e-08 -4.99538e-08 -9.62863e-07 -6.40063e-06
internal_weight=326592 265601 4004 1521 299 1222 917 67 2483 140 305 850 280 261597 513 486 386 100 290 72 2343 137 2206 817 99 96 261084 99222 990 57
internal_count=326592 265601 4004 1521 299 1222 917 67 2483 140 305 850 280 261597 513 486 386 100 290 72 2343 137 2206 817 99 96 261084 99222 990 57
is_linear=0
shrinkage=0.05


Tree=282
num_leaves=31
num_cat=5
split_feature=26 25 25 4 15 33 15 10 14 10 33 11 0 15 17 11 8 11 7 27 15 27 15 6 8 4 6 12 13 26
split_gain=1.45195e-07 7.01799e-07 1.28634e-06 1.1785e-05 1.62626e-05 7.8059e-06 9.15549e-06 5.77754e-06 2.108e-06 1.92181e-06 8.0533e-07 5.2522e-06 7.03712e-06 7.49359e-06 4.2551e-06 4.68468e-06 3.61814e-06 2.78688e-06 4.05168e-06 2.42897e-06 2.42105e-06 3.09793e-06 2.5838e-06 2.02615e-06 3.25037e-06 1.95157e-06 1.79798e-06 1.77902e-06 1.55342e-06 1.61694e-06
threshold=7.5000000000000009 1.5000000000000002 3.5000000000000004 37.000000000000007 2.5000000000000004 1.0000000180025095e-35 2.5000000000000004 0 6.5000000000000009 1 1.0000000180025095e-35 8.5000000000000018 2 2.5000000000000004 1.0000000180025095e-35 41.000000000000007 85.000000000000014 46.500000000000007 11.000000000000002 23.500000000000004 1.5000000000000002 21.500000000000004 4.5000000000000009 3 95.000000000000014 81.500000000000014 4 0.70415000000000016 2.5000000000000004 17.000000000000004
decision_type=2 2 2 2 2 2 2 1 2 1 2 2 1 2 2 2 2 2 2 2 2 2 2 1 2 2 1 2 2 2
left_child=-1 10 3 4 -3 6 7 -5 -8 -10 11 12 13 -2 16 19 20 18 -17 25 21 -13 -22 -18 -25 -16 -19 -21 29 -26
right_child=1 2 -4 5 -6 -7 8 -9 9 -11 -12 14 -14 -15 15 17 23 26 -20 27 22 -23 -24 24 28 -27 -28 -29 -30 -31
leaf_value=1.1138248348147419e-08 8.1400884561805026e-06 -4.3837645580424582e-05 -6.7174604774381023e-08 4.6790523504114391e-05 3.0081859209345069e-06 -1.87982097779239e-07 9.5721207183767799e-06 1.5291296708833338e-05 8.3148980753749668e-06 -7.3617142452744506e-06 -1.0724708632904889e-07 -5.2358918829483136e-06 -2.8398190136756869e-05 -1.3111757578616773e-05 4.9326324750936651e-06 2.1156040681737733e-07 -2.6205686393710163e-06 -5.287481164202061e-06 -2.9802055802935247e-05 3.2521092773253181e-06 -1.1543148441873466e-05 8.6729191846848885e-06 -3.4119158581233937e-06 2.3942535117384979e-05 1.2893491641769853e-06 1.4850646122093232e-05 6.6411571085564895e-06 -1.7137812246801332e-05 -9.3259988257456931e-07 1.8461015403877706e-05
leaf_weight=293799 69 32 27796 24 44 431 133 37 34 46 2422 113 38 104 382 22 174 83 23 23 191 62 200 20 29 57 51 20 107 26
leaf_count=293799 69 32 27796 24 44 431 133 37 34 46 2422 113 38 104 382 22 174 83 23 23 191 62 200 20 29 57 51 20 107 26
internal_value=2.07228e-13 -9.97877e-08 -1.09438e-08 1.99033e-06 -1.67164e-05 4.00694e-06 1.06055e-05 2.76844e-05 5.71436e-06 -6.99154e-07 -7.01992e-07 -1.50493e-06 -8.91511e-06 -4.63559e-06 -5.17219e-07 2.54439e-06 -2.71215e-06 -4.36288e-06 -1.51287e-05 5.10953e-06 -5.19622e-06 -3.08199e-07 -7.38395e-06 1.23725e-06 4.92549e-06 6.22039e-06 -7.47477e-07 -6.23158e-06 2.57771e-06 9.40686e-06
internal_weight=326592 32793 28577 781 76 705 274 61 213 80 4216 1794 211 173 1583 661 922 179 45 482 566 175 391 356 182 439 134 43 162 55
internal_count=326592 32793 28577 781 76 705 274 61 213 80 4216 1794 211 173 1583 661 922 179 45 482 566 175 391 356 182 439 134 43 162 55
cat_boundaries=0 1 2 3 4 5
cat_threshold=2 2 1 4 4
is_linear=0
shrinkage=0.05


Tree=283
num_leaves=31
num_cat=1
split_feature=15 4 13 22 24 25 25 0 27 8 13 4 11 4 25 24 22 11 11 13 25 26 3 13 8 26 14 27 24 26
split_gain=1.41519e-07 6.55124e-07 8.72072e-07 4.08876e-06 4.04705e-05 1.15029e-06 2.3189e-06 3.39657e-06 3.88841e-06 1.06028e-06 7.94454e-07 6.38813e-07 1.62479e-06 3.24364e-06 2.25431e-06 1.82005e-06 2.99784e-06 1.12553e-06 2.3646e-06 1.36341e-06 7.12291e-07 6.94001e-07 1.97761e-06 6.71845e-07 5.82378e-07 5.27284e-07 4.34563e-07 3.89305e-07 3.4413e-07 5.90121e-06
threshold=4.5000000000000009 39.000000000000007 1.5000000000000002 1.0000000180025095e-35 4.5000000000000009 1.5000000000000002 4.5000000000000009 0 21.500000000000004 85.000000000000014 2.5000000000000004 42.500000000000007 45.500000000000007 44.000000000000007 1.0000000180025095e-35 3.5000000000000004 1.0000000180025095e-35 44.500000000000007 41.000000000000007 4.5000000000000009 4.5000000000000009 17.000000000000004 1.5000000000000002 6.5000000000000009 75.000000000000014 26.500000000000004 6.5000000000000009 7.5000000000000009 2.5000000000000004 5.5000000000000009
decision_type=2 2 2 2 2 2 2 1 2 2 2 2 2 2 2 2 2 2 2 2 2 2 2 2 2 2 2 2 2 2
left_child=-1 2 3 4 -2 9 7 10 -9 -4 -7 28 17 15 27 -14 -17 18 -13 -20 23 22 -16 -19 -10 -23 -6 -15 -3 -30
right_child=1 11 5 -5 26 6 -8 8 24 -11 -12 12 13 14 21 16 -18 20 19 -21 -22 25 -24 -25 -26 -27 -28 -29 29 -31
leaf_value=1.6443494623866162e-08 -6.457997628954387e-05 1.614380355071031e-07 -8.182445786880782e-07 1.1226206647298664e-07 2.2516848435232768e-06 2.4656878450263718e-06 -2.0579748474247595e-07 2.3849560703378565e-05 -1.2498544204110938e-06 5.6725415501194918e-07 -7.8883524182060693e-06 -4.8546480034765492e-08 9.0344840491288408e-07 -4.4539380604997683e-06 1.959472605967499e-07 -1.9398484355406253e-05 2.5056711174122689e-07 1.2904766469392014e-05 3.9272123740374817e-06 -1.0668417562555988e-05 -1.1787299910509603e-06 -9.5741066418312318e-06 1.4866209507831459e-05 3.5188386391382664e-06 8.0762041766610454e-06 -6.6996979304197646e-07 9.5009176128502897e-06 -1.0557081259321423e-05 2.3308775805303572e-05 4.8560304249497829e-07
leaf_weight=261359 27 20455 6158 385 72 44 480 42 26 1780 32 31699 1125 810 154 30 55 21 20 80 77 23 27 207 47 60 29 27 29 1212
leaf_count=261359 27 20455 6158 385 72 44 480 42 26 1780 32 31699 1125 810 154 30 55 21 20 80 77 23 27 207 47 60 29 27 29 1212
internal_value=1.96023e-13 -6.58806e-08 -4.58867e-07 -2.46158e-06 -1.02032e-05 -3.39527e-07 1.64836e-06 6.30801e-06 1.17284e-05 -5.07563e-07 -1.89391e-06 -1.99266e-09 -1.35945e-07 -1.41643e-06 -3.38017e-06 3.70418e-07 -6.68439e-06 -4.37692e-08 -7.27634e-08 -7.74929e-06 2.97914e-06 6.48337e-07 2.38433e-06 4.38333e-06 4.75459e-06 -3.13738e-06 4.33315e-06 -4.65081e-06 2.10487e-07 1.01894e-06
internal_weight=326592 65233 9122 513 128 8609 671 191 115 7938 76 56111 34415 2311 1101 1210 85 32104 31799 100 305 264 181 228 73 83 101 837 21696 1241
internal_count=326592 65233 9122 513 128 8609 671 191 115 7938 76 56111 34415 2311 1101 1210 85 32104 31799 100 305 264 181 228 73 83 101 837 21696 1241
cat_boundaries=0 1
cat_threshold=1
is_linear=0
shrinkage=0.05


Tree=284
num_leaves=31
num_cat=1
split_feature=15 4 11 4 11 11 11 25 25 13 13 15 4 8 13 8 4 11 33 25 27 11 33 13 10 3 13 27 13 4
split_gain=1.43171e-07 5.32871e-07 7.37218e-07 6.92451e-07 2.64522e-06 2.00218e-06 3.97808e-06 1.44758e-06 1.28197e-06 6.37584e-07 5.35953e-07 5.18283e-07 1.74877e-06 1.281e-06 1.22432e-06 1.0609e-06 6.75333e-07 1.29893e-06 8.99808e-07 6.63663e-07 1.93729e-06 6.48764e-07 2.04543e-06 5.29224e-06 3.85102e-06 6.3463e-07 6.18736e-07 1.02901e-06 5.28673e-07 2.27768e-06
threshold=1.5000000000000002 39.000000000000007 53.000000000000007 44.000000000000007 45.500000000000007 44.500000000000007 41.000000000000007 1.0000000180025095e-35 1.0000000180025095e-35 4.5000000000000009 4.5000000000000009 2.5000000000000004 39.000000000000007 85.000000000000014 3.5000000000000004 95.000000000000014 44.000000000000007 41.000000000000007 1.0000000180025095e-35 2.5000000000000004 26.500000000000004 8.5000000000000018 1.0000000180025095e-35 3.5000000000000004 0 1.5000000000000002 4.5000000000000009 20.500000000000004 3.5000000000000004 76.000000000000014
decision_type=2 2 2 2 2 2 2 2 2 2 2 2 2 2 2 2 2 2 2 2 2 2 2 2 1 2 2 2 2 2
left_child=1 2 -1 10 5 6 -5 -7 -6 -8 -3 12 13 14 19 21 -17 28 25 20 -2 22 23 24 -14 -19 27 -25 29 -18
right_child=11 3 -4 4 8 7 9 -9 -10 -11 -12 -13 15 -15 -16 16 17 18 -20 -21 -22 -23 -24 26 -26 -27 -28 -29 -30 -31
leaf_value=-6.3559898530985092e-07 -1.0175459854994947e-06 -2.4406630577127028e-07 5.4049023579013541e-07 -9.0964399904461183e-08 -3.5325897344405784e-06 5.9447625523360264e-06 -2.2185016318353559e-06 -2.1919149597396074e-06 4.6124207795911032e-07 -1.1780325682290521e-05 2.8965321056368185e-07 -2.4114630155175796e-08 2.8339308318715167e-05 -3.2197745753069549e-07 1.3961561540899041e-06 8.0274966704009718e-08 -9.972798458633289e-06 2.2614705733287396e-06 -3.70416229806705e-07 4.7556546898891122e-07 -1.4035468901115126e-05 -2.1678205544749709e-07 -3.0626986071483237e-08 8.9235849686545033e-06 4.1393138235434887e-06 5.1560355258026487e-06 9.857133476777538e-07 -3.9936821416458337e-06 7.2819319629247419e-07 1.546543871655077e-07
leaf_weight=7381 366 6039 1626 27545 841 227 22 72 264 84 21273 195880 31 2039 5874 4480 62 697 241 783 31 27746 16864 58 35 260 2187 21 3032 531
leaf_count=7381 366 6039 1626 27545 841 227 22 72 264 84 21273 195880 31 2039 5874 4480 62 697 241 783 31 27746 16864 58 35 260 2187 21 3032 531
internal_value=1.86517e-13 -6.61748e-08 -4.23284e-07 -9.11152e-09 -1.79021e-07 -8.41619e-08 -1.28168e-07 3.98543e-06 -2.57841e-06 -9.7958e-06 1.71642e-07 1.65615e-08 1.38507e-07 7.81849e-07 1.10092e-06 3.44988e-08 5.2229e-07 9.3287e-07 2.36022e-06 -3.68774e-07 -2.03406e-06 -6.2172e-08 1.61302e-07 1.54925e-06 1.5506e-05 3.04787e-06 1.14274e-06 5.48988e-06 4.61156e-07 -9.04202e-07
internal_weight=326592 65374 9007 56367 29055 27950 27651 299 1105 106 27312 261218 65338 9093 7054 56245 9303 4823 1198 1180 397 46942 19196 2332 66 957 2266 79 3625 593
internal_count=326592 65374 9007 56367 29055 27950 27651 299 1105 106 27312 261218 65338 9093 7054 56245 9303 4823 1198 1180 397 46942 19196 2332 66 957 2266 79 3625 593
cat_boundaries=0 1
cat_threshold=2
is_linear=0
shrinkage=0.05


Tree=285
num_leaves=31
num_cat=4
split_feature=26 11 33 24 25 25 4 33 33 16 10 14 11 33 11 0 16 17 11 11 8 27 0 19 27 16 11 11 6 16
split_gain=1.29645e-07 6.46384e-07 8.0535e-07 9.00665e-07 6.51067e-07 1.04209e-06 9.31986e-06 1.42455e-05 6.34836e-06 8.30567e-06 5.31016e-06 1.66818e-06 1.77585e-06 8.22325e-07 4.74702e-06 6.31862e-06 6.60494e-06 3.85072e-06 4.67044e-06 6.63833e-06 3.06611e-06 2.45396e-06 3.5068e-06 2.18664e-06 2.80288e-06 2.32457e-06 2.02832e-06 2.75878e-06 1.45421e-06 1.40933e-06
threshold=7.5000000000000009 81.000000000000014 1.0000000180025095e-35 4.5000000000000009 1.5000000000000002 3.5000000000000004 37.000000000000007 1.0000000180025095e-35 1.0000000180025095e-35 1.0000000180025095e-35 0 6.5000000000000009 29.000000000000004 1.0000000180025095e-35 8.5000000000000018 1 1.0000000180025095e-35 1.0000000180025095e-35 44.500000000000007 49.000000000000007 85.000000000000014 20.500000000000004 2 1.0000000180025095e-35 21.500000000000004 1.0000000180025095e-35 45.500000000000007 37.500000000000007 3 1.0000000180025095e-35
decision_type=2 2 2 2 2 2 2 2 2 2 1 2 2 2 2 1 2 2 2 2 2 2 1 2 2 2 2 2 1 2
left_child=-1 4 3 -3 13 6 7 -6 9 11 -11 -8 -13 14 15 16 -2 20 21 -20 23 -19 -23 25 -25 -16 27 -22 -21 -28
right_child=1 2 -4 -5 5 -7 8 -9 -10 10 -12 12 -14 -15 17 -17 -18 18 19 28 26 22 -24 24 -26 -27 29 -29 -30 -31
leaf_value=1.0524903902003343e-08 -1.24547240182857e-05 1.1526629216567537e-05 -5.8335183746294208e-08 1.8029303822169656e-06 -4.0176806533054335e-05 -7.7084832795163248e-08 8.5803244401176931e-06 4.5810941873014601e-06 -1.9445076402286252e-07 4.4410186236139754e-05 1.3692200847050546e-05 1.1429695702893449e-05 -5.2540183293691877e-06 -9.368486877898586e-08 -3.2348372155865948e-06 -2.7013833775862094e-05 7.4972641730552e-06 8.6410947483801816e-06 -3.0973430148151239e-05 -5.1555875519018941e-06 2.5521222074766223e-06 -9.6429339988482877e-06 4.2416164765838838e-06 -4.9650195903099455e-06 8.2648633349069119e-06 -1.0947379630948272e-05 -8.6720172739953878e-06 2.1607729919734001e-05 6.5552919775144833e-06 6.3854022435684865e-07
leaf_weight=293799 104 42 125 55 32 27640 125 40 423 24 34 22 58 2404 200 38 69 215 22 75 139 56 242 113 62 191 62 22 41 118
leaf_count=293799 104 42 125 55 32 27640 125 40 423 24 34 22 58 2404 200 38 69 215 22 75 139 56 242 113 62 191 62 22 41 118
internal_value=1.7803e-13 -9.42929e-08 2.59454e-06 6.01319e-06 -1.1262e-07 -2.69262e-08 1.80208e-06 -1.53113e-05 3.59823e-06 9.69825e-06 2.64031e-05 4.972e-06 -6.65997e-07 -6.95779e-07 -1.514e-06 -8.55216e-06 -4.49699e-06 -5.60822e-07 2.37325e-06 -5.79216e-06 -2.66675e-06 4.56979e-06 1.63244e-06 -4.92322e-06 -2.77861e-07 -7.00235e-06 1.07859e-06 5.15599e-06 -1.0164e-06 -2.56843e-06
internal_weight=326592 32793 222 97 32571 28398 758 72 686 263 58 205 80 4173 1769 211 173 1558 651 138 907 513 298 566 175 391 341 161 116 180
internal_count=326592 32793 222 97 32571 28398 758 72 686 263 58 205 80 4173 1769 211 173 1558 651 138 907 513 298 566 175 391 341 161 116 180
cat_boundaries=0 1 2 3 4
cat_threshold=2 1 1 4
is_linear=0
shrinkage=0.05


Tree=286
num_leaves=31
num_cat=0
split_feature=15 4 26 24 27 25 25 33 25 24 13 8 26 8 4 11 11 11 25 25 13 13 24 33 25 26 33 13 4 24
split_gain=1.31944e-07 4.8917e-07 1.07565e-06 1.61975e-05 1.22825e-06 8.38336e-06 7.23221e-06 1.81435e-06 2.99505e-06 1.99476e-06 7.88909e-07 1.34855e-06 8.56092e-07 6.87527e-07 6.256e-07 2.3876e-06 1.80376e-06 3.59005e-06 1.30423e-06 1.15839e-06 5.75723e-07 4.80087e-07 1.09604e-06 3.09136e-06 1.21049e-05 2.8259e-06 3.6999e-06 2.66959e-06 2.29393e-06 1.66404e-06
threshold=1.5000000000000002 39.000000000000007 7.5000000000000009 3.5000000000000004 21.500000000000004 4.5000000000000009 2.5000000000000004 1.0000000180025095e-35 4.5000000000000009 1.5000000000000002 1.5000000000000002 75.000000000000014 17.000000000000004 85.000000000000014 44.000000000000007 45.500000000000007 44.500000000000007 41.000000000000007 1.0000000180025095e-35 1.0000000180025095e-35 4.5000000000000009 4.5000000000000009 4.5000000000000009 1.0000000180025095e-35 4.5000000000000009 7.5000000000000009 1.0000000180025095e-35 2.5000000000000004 42.500000000000007 2.5000000000000004
decision_type=2 2 2 2 2 2 2 2 2 2 2 2 2 2 2 2 2 2 2 2 2 2 2 2 2 2 2 2 2 2
left_child=1 2 3 13 5 6 -4 8 9 -6 -10 -12 -13 -1 21 16 17 -16 -18 -17 -19 22 23 24 28 26 -24 29 -3 -26
right_child=-2 14 4 -5 7 -7 -8 -9 10 -11 11 12 -14 -15 15 19 18 20 -20 -21 -22 -23 25 -25 27 -27 -28 -29 -30 -31
leaf_value=-6.9956965981309413e-07 1.5898950587876325e-08 -2.1906994206801756e-06 2.4028831362634472e-07 -4.0760069528914753e-05 8.8673082261220005e-06 1.9049651693249278e-05 -3.1596879346125206e-05 3.5131551936619463e-07 5.8748774158707187e-06 2.6811522777626084e-05 5.7236892618155774e-06 -1.3846001819454537e-05 -3.4675057695890046e-07 3.9699700659789082e-07 -8.665807829463681e-08 -3.3569345130642171e-06 5.6422409067640194e-06 -2.1057133742694781e-06 -2.081069538798867e-06 4.3951839280533944e-07 -1.1191835411799341e-05 2.7464431972240917e-07 2.9293730622157452e-05 -7.2146114400801174e-08 -9.5314921268522199e-06 5.8795086754332885e-07 -7.5541225247174481e-07 -3.702042310826735e-05 9.6737019785822763e-06 -2.7179451717529449e-05
leaf_weight=6346 261218 550 44 25 59 29 30 467 59 21 35 24 23 1845 27545 841 227 22 72 264 84 21273 20 3905 34 1421 21 22 44 22
leaf_count=6346 261218 550 44 25 59 29 30 467 59 21 35 24 23 1845 27545 841 227 22 72 264 84 21273 20 3905 34 1421 21 22 44 22
internal_value=1.69718e-13 -6.35273e-08 -4.0568e-07 -5.7522e-07 1.35531e-06 -3.73683e-06 -1.26667e-05 2.11765e-06 5.85014e-06 1.35777e-05 1.46573e-06 -1.70671e-06 -7.23999e-06 -4.52571e-07 -8.85406e-09 -1.70354e-07 -8.0232e-08 -1.22001e-07 3.78245e-06 -2.44991e-06 -9.30604e-06 1.62952e-07 -2.30494e-07 -6.11195e-07 -3.74362e-06 9.61347e-07 1.39027e-05 -2.22624e-05 -1.31185e-06 -1.64646e-05
internal_weight=326592 65374 9007 8216 791 103 74 688 221 80 141 82 47 8191 56367 29055 27950 27651 299 1105 106 27312 6039 4577 672 1462 41 78 594 56
internal_count=326592 65374 9007 8216 791 103 74 688 221 80 141 82 47 8191 56367 29055 27950 27651 299 1105 106 27312 6039 4577 672 1462 41 78 594 56
is_linear=0
shrinkage=0.05


Tree=287
num_leaves=31
num_cat=0
split_feature=15 4 13 33 26 25 25 7 33 27 24 33 8 4 11 4 25 24 22 11 11 13 24 26 26 3 33 27 24 26
split_gain=1.23462e-07 5.97667e-07 7.85528e-07 7.71634e-06 2.79479e-05 1.01239e-06 2.03017e-06 3.29588e-06 4.26622e-06 4.12321e-06 1.04806e-06 1.31264e-06 9.56172e-07 5.7638e-07 1.45949e-06 2.9237e-06 2.03571e-06 1.64234e-06 2.70575e-06 1.00769e-06 2.13462e-06 1.23086e-06 6.40126e-07 6.41606e-07 6.2713e-07 1.78253e-06 5.80465e-07 3.32131e-07 3.09679e-07 5.32566e-06
threshold=4.5000000000000009 39.000000000000007 1.5000000000000002 1.0000000180025095e-35 26.500000000000004 1.5000000000000002 4.5000000000000009 11.000000000000002 1.0000000180025095e-35 21.500000000000004 1.5000000000000002 1.0000000180025095e-35 85.000000000000014 42.500000000000007 45.500000000000007 44.000000000000007 1.0000000180025095e-35 3.5000000000000004 1.0000000180025095e-35 44.500000000000007 41.000000000000007 4.5000000000000009 3.5000000000000004 4.5000000000000009 17.000000000000004 1.5000000000000002 1.0000000180025095e-35 7.5000000000000009 2.5000000000000004 5.5000000000000009
decision_type=2 2 2 2 2 2 2 2 2 2 2 2 2 2 2 2 2 2 2 2 2 2 2 2 2 2 2 2 2 2
left_child=-1 2 3 4 -2 12 7 8 9 -7 -9 -12 -4 28 19 17 27 -16 -19 20 -15 -22 23 -21 25 -18 -26 -17 -3 -30
right_child=1 13 5 -5 -6 6 -8 10 -10 -11 11 -13 -14 14 15 16 24 18 -20 22 21 -23 -24 -25 26 -27 -28 -29 29 -31
leaf_value=1.5358667887501917e-08 -5.9314422973189868e-05 1.5478829634077606e-07 -7.763056383273037e-07 4.3359071183755279e-07 2.5943994463901976e-06 4.0302702072949617e-05 -1.9358793351724006e-07 -7.4940506010534594e-06 -1.8464936926778009e-08 1.0792521672932521e-05 1.3260083339802172e-05 -1.0851634516648382e-06 5.3941498160685527e-07 -4.4814550011472032e-08 8.6142285918716277e-07 -4.231356662201529e-06 1.9506034793972481e-07 -1.8425318006241773e-05 2.4198520422528835e-07 2.8054392861869663e-06 3.7329265069274698e-06 -1.0135111697309185e-05 -4.8459710415045269e-06 1.1700768887253203e-05 -8.533961943915832e-06 1.4122946460567483e-05 1.6962893510626946e-07 -9.8685548302320842e-06 2.2143220696997215e-05 4.6157500091113651e-07
leaf_weight=261359 26 20455 6158 426 61 20 480 32 35 29 23 52 1780 31699 1125 810 154 30 55 258 20 80 25 22 30 27 53 27 29 1212
leaf_count=261359 26 20455 6158 426 61 20 480 32 35 29 23 52 1780 31699 1125 810 154 30 55 258 20 80 25 22 30 27 53 27 29 1212
internal_value=1.59181e-13 -6.15344e-08 -4.36892e-07 -2.33764e-06 -1.59071e-05 -3.23629e-07 1.5413e-06 5.90123e-06 1.33142e-05 2.28375e-05 8.17177e-08 3.31405e-06 -4.81271e-07 -5.12344e-10 -1.2775e-07 -1.34135e-06 -3.20574e-06 3.55083e-07 -6.34647e-06 -4.03892e-08 -6.78237e-08 -7.3615e-06 2.8199e-06 3.50436e-06 6.22463e-07 2.2727e-06 -2.97625e-06 -4.4132e-06 2.01317e-07 9.68237e-07
internal_weight=326592 65233 9122 513 87 8609 671 191 84 49 107 75 7938 56111 34415 2311 1101 1210 85 32104 31799 100 305 280 264 181 83 837 21696 1241
internal_count=326592 65233 9122 513 87 8609 671 191 84 49 107 75 7938 56111 34415 2311 1101 1210 85 32104 31799 100 305 280 264 181 83 837 21696 1241
is_linear=0
shrinkage=0.05


Tree=288
num_leaves=31
num_cat=4
split_feature=26 25 25 4 33 33 15 10 14 10 24 33 12 0 15 17 8 0 12 15 27 15 27 12 12 12 4 13 3 12
split_gain=1.2263e-07 5.82536e-07 9.92755e-07 9.2873e-06 1.37753e-05 6.13753e-06 7.22377e-06 4.64994e-06 1.6536e-06 1.6983e-06 7.26999e-07 6.84855e-07 4.34989e-06 5.7024e-06 5.96188e-06 3.48902e-06 2.94498e-06 2.1894e-06 3.12011e-06 1.90434e-06 2.31986e-06 2.10119e-06 1.75535e-06 2.0982e-06 1.59061e-06 1.72748e-06 1.23889e-06 1.07468e-06 9.99251e-07 9.75352e-07
threshold=7.5000000000000009 1.5000000000000002 3.5000000000000004 37.000000000000007 1.0000000180025095e-35 1.0000000180025095e-35 2.5000000000000004 0 6.5000000000000009 1 1.5000000000000002 1.0000000180025095e-35 0.90555000000000019 2 2.5000000000000004 1.0000000180025095e-35 85.000000000000014 3 0.53125000000000011 1.5000000000000002 21.500000000000004 4.5000000000000009 23.500000000000004 0.73665000000000014 0.45835000000000009 0.67085000000000006 42.500000000000007 3.5000000000000004 1.5000000000000002 0.61550000000000005
decision_type=2 2 2 2 2 2 2 1 2 1 2 2 2 1 2 2 2 1 2 2 2 2 2 2 2 2 2 2 2 2
left_child=-1 11 3 4 -3 6 7 -5 -8 -10 -11 12 15 14 -14 16 19 22 26 20 -2 -21 23 29 -18 -26 -19 -20 -29 -17
right_child=1 2 -4 5 -6 -7 8 -9 9 10 -12 -13 13 -15 -16 17 24 18 27 21 -22 -23 -24 -25 25 -27 -28 28 -30 -31
leaf_value=1.0236162348379319e-08 -4.6396551946583993e-06 -3.8518281505998057e-05 -6.0161532483235145e-08 4.1699702239839102e-05 4.2935654922378795e-06 -1.8215080827630955e-07 8.4607717452943472e-06 1.344102005581639e-05 7.8373039928812755e-06 2.6736492145573723e-07 -1.2412489574951626e-05 -9.1902860734068737e-08 7.1232904771101822e-06 -2.5662856837458864e-05 -1.1832567003448976e-05 -3.5311424729419139e-07 -2.3053338588527241e-06 8.8506262608646e-07 1.1757865575584055e-05 -1.0401573633378634e-05 7.3964311773289816e-06 -3.0689422283103341e-06 -1.3498866712111254e-05 8.8340586886703469e-06 1.5798271518211289e-05 2.2902879837762587e-06 -9.6412510806942468e-06 2.9946595499086893e-06 1.0836131426523414e-05 -1.5108198810291165e-05
leaf_weight=293799 113 34 27796 24 42 431 133 37 34 20 26 2422 69 38 104 24 175 221 88 191 62 200 34 37 28 153 32 148 56 21
leaf_count=293799 113 34 27796 24 42 431 133 37 34 20 26 2422 69 38 104 24 175 221 88 191 62 200 34 37 28 153 32 148 56 21
internal_value=1.50268e-13 -9.17063e-08 -1.07627e-08 1.74736e-06 -1.48591e-05 3.53756e-06 9.38863e-06 2.45592e-05 5.04401e-06 -6.36364e-07 -6.89951e-06 -6.40361e-07 -1.38081e-06 -8.1245e-06 -4.27214e-06 -4.81935e-07 -2.46948e-06 2.2904e-06 3.61799e-06 -4.71059e-06 -3.75442e-07 -6.65087e-06 -3.94697e-06 1.35763e-08 1.09363e-06 4.37992e-06 -4.46329e-07 7.13947e-06 5.14722e-06 -7.23882e-06
internal_weight=326592 32793 28577 781 76 705 274 61 213 80 46 4216 1794 211 173 1583 922 661 545 566 175 391 116 82 356 181 253 292 204 45
internal_count=326592 32793 28577 781 76 705 274 61 213 80 46 4216 1794 211 173 1583 922 661 545 566 175 391 116 82 356 181 253 292 204 45
cat_boundaries=0 1 2 3 4
cat_threshold=2 2 1 1
is_linear=0
shrinkage=0.05


Tree=289
num_leaves=31
num_cat=1
split_feature=19 16 4 11 8 27 25 33 26 24 26 33 26 3 4 24 11 24 22 24 24 22 0 26 4 33 33 24 11 11
split_gain=1.24087e-07 4.7199e-07 1.58746e-06 1.1747e-06 9.38687e-07 9.34491e-07 1.82087e-06 2.08001e-06 1.28715e-06 7.2965e-07 6.94438e-06 2.29147e-06 1.2886e-06 1.21311e-06 7.49686e-07 2.17137e-06 1.2396e-06 1.11883e-06 6.53177e-07 6.41675e-07 4.05109e-06 1.30538e-05 6.01358e-06 1.7478e-06 1.44007e-05 1.65487e-06 1.13457e-06 2.26137e-06 1.0169e-06 6.00879e-07
threshold=1.0000000180025095e-35 1.0000000180025095e-35 39.000000000000007 43.000000000000007 95.000000000000014 21.500000000000004 1.5000000000000002 1.0000000180025095e-35 12.500000000000002 2.5000000000000004 26.500000000000004 1.0000000180025095e-35 9.5000000000000018 1.5000000000000002 44.000000000000007 1.0000000180025095e-35 41.000000000000007 1.0000000180025095e-35 1.0000000180025095e-35 1.5000000000000002 2.5000000000000004 1.0000000180025095e-35 0 7.5000000000000009 41.000000000000007 1.0000000180025095e-35 1.0000000180025095e-35 3.5000000000000004 7.5000000000000009 7.5000000000000009
decision_type=2 2 2 2 2 2 2 2 2 2 2 2 2 2 2 2 2 2 2 2 2 2 1 2 2 2 2 2 2 2
left_child=1 -1 3 5 19 -3 7 8 -7 10 14 12 -11 -14 15 -6 17 -16 -18 29 21 22 -21 24 -22 -26 27 -25 -29 -4
right_child=-2 2 4 -5 9 6 -8 -9 -10 11 -12 -13 13 -15 16 -17 18 -19 -20 20 23 -23 -24 26 25 -27 -28 28 -30 -31
leaf_value=-2.3398759604818899e-08 -6.1606864788941535e-08 1.3462705449738562e-06 1.1627717864501967e-07 -1.2151653327447255e-07 -1.0914442978552976e-07 -2.3585623421240601e-05 4.2199376461911732e-07 1.3217872356982787e-07 -7.0806960677684944e-06 1.6523820307965151e-05 -2.3641449246601575e-05 -7.0872467485169515e-08 1.3018328743628617e-06 9.3734079748546404e-06 5.028532157797349e-07 1.5296125921237115e-05 2.8878277645426648e-06 -1.0809893497439176e-05 -4.2600876911827504e-07 1.2289251951543796e-05 -3.249413496423831e-05 -6.6198813685142378e-08 4.8067242240297976e-05 -1.2944190846452409e-05 1.3610373130527127e-05 -1.4104053625619534e-07 -8.235557365982843e-10 -3.4277787348070311e-06 3.7175602264688464e-06 -2.6182888542525606e-07
leaf_weight=195880 65374 5565 17629 2736 4162 21 692 52 27 27 30 405 106 83 3338 23 930 22 177 23 37 134 24 23 26 138 2316 55 526 26011
leaf_count=195880 65374 5565 17629 2736 4162 21 692 52 27 27 30 405 106 83 3338 23 930 22 177 23 37 134 24 23 26 138 2316 55 526 26011
internal_value=1.45605e-13 1.54183e-08 1.3179e-07 7.44742e-07 3.26952e-08 1.11757e-06 -4.89374e-07 -6.79604e-06 -1.43016e-05 4.91532e-07 3.73104e-07 2.14723e-06 6.30616e-06 4.84649e-06 4.56372e-07 -2.44799e-08 9.06869e-07 4.28782e-07 2.35797e-06 -5.82373e-08 6.13811e-07 7.88617e-06 3.05589e-05 1.92056e-07 -4.3178e-06 2.03906e-06 5.02495e-07 2.43244e-06 3.04115e-06 -1.09088e-07
internal_weight=326592 261218 65338 9093 56245 6357 792 100 48 9303 8682 621 216 189 8652 4185 4467 3360 1107 46942 3302 181 47 3121 201 164 2920 604 581 43640
internal_count=326592 261218 65338 9093 56245 6357 792 100 48 9303 8682 621 216 189 8652 4185 4467 3360 1107 46942 3302 181 47 3121 201 164 2920 604 581 43640
cat_boundaries=0 1
cat_threshold=1
is_linear=0
shrinkage=0.05


Tree=290
num_leaves=31
num_cat=2
split_feature=11 33 24 24 26 26 26 17 25 0 14 6 15 26 15 13 11 15 15 15 15 8 8 15 15 8 8 14 15 26
split_gain=1.17886e-07 2.80843e-07 2.39885e-06 3.51213e-05 2.26567e-05 1.23293e-05 8.42268e-06 2.64665e-06 1.74902e-06 4.43502e-06 1.19837e-06 1.16482e-06 1.04956e-06 8.398e-07 5.55087e-06 2.50165e-06 4.84783e-06 4.63668e-06 9.58996e-07 8.84053e-07 9.86801e-07 5.64654e-07 5.53506e-07 4.0359e-07 4.02511e-07 9.61444e-07 5.59554e-07 3.96102e-07 2.49954e-07 1.92347e-07
threshold=8.5000000000000018 1.0000000180025095e-35 4.5000000000000009 1.5000000000000002 17.000000000000004 14.000000000000002 11.500000000000002 1.0000000180025095e-35 1.0000000180025095e-35 0 2.5000000000000004 1 4.5000000000000009 8.5000000000000018 2.5000000000000004 4.5000000000000009 6.5000000000000009 4.5000000000000009 1.5000000000000002 1.5000000000000002 2.5000000000000004 85.000000000000014 85.000000000000014 1.5000000000000002 4.5000000000000009 85.000000000000014 85.000000000000014 3.5000000000000004 4.5000000000000009 7.5000000000000009
decision_type=2 2 2 2 2 2 2 2 2 1 2 1 2 2 2 2 2 2 2 2 2 2 2 2 2 2 2 2 2 2
left_child=1 2 3 6 -5 -4 8 12 13 -10 -9 -8 -7 15 23 16 17 18 -1 21 22 -17 -21 -15 25 -22 -26 -14 -16 -2
right_child=29 -3 5 4 -6 7 11 10 9 -11 -12 -13 27 14 28 19 -18 -19 -20 20 24 -23 -24 -25 26 -27 -28 -29 -30 -31
leaf_value=5.1665965310392151e-06 3.4966227395655025e-08 -1.4002093455047475e-08 -3.7591400825056976e-05 7.9506845081182706e-05 1.221802655169901e-05 -4.8897372266765166e-07 -2.9783597052474286e-05 -1.6643740096257936e-05 -2.3947986678999419e-05 5.5468696245952746e-06 -4.5562847312144837e-06 -1.4321266926658452e-05 1.2333379184453336e-05 3.3815033020800913e-06 -1.3124642789603747e-05 -6.5525900936336259e-07 2.5371117114375992e-05 1.8107420874002856e-05 -3.6311773220728298e-06 1.3360368921610635e-06 -5.1675535480573936e-07 -2.4092323610172402e-06 -4.288375244161585e-07 1.1204946935094996e-05 -4.0968589019030335e-07 1.1196910165567e-06 -2.1830531270175368e-06 3.8343489026813368e-06 -7.6817139239621264e-06 -1.2001418803984639e-07
leaf_weight=42 205185 87039 26 22 29 120 21 29 26 25 70 29 26 32 66 1661 26 38 118 1657 3292 634 607 34 1650 1234 609 29 31 22185
leaf_count=42 205185 87039 26 22 29 120 21 29 26 25 70 29 26 32 66 1661 26 38 118 1657 3292 634 607 34 1650 1234 609 29 31 22185
internal_value=1.37872e-13 -4.54736e-08 -2.70316e-07 -1.58837e-07 4.12446e-05 -4.68599e-06 -3.373e-07 -1.56358e-06 -2.50396e-07 -9.48972e-06 -8.09705e-06 -2.08154e-05 2.1325e-06 -2.10228e-07 -3.77413e-06 -1.60011e-07 5.07254e-06 2.40707e-06 -1.32176e-06 -2.63333e-07 -4.10446e-08 -1.1398e-06 8.62857e-07 7.41176e-06 -3.42656e-07 -7.05833e-08 -8.87765e-07 7.85207e-06 -1.13852e-05 1.98444e-08
internal_weight=326592 99222 12183 11883 51 300 11832 274 11782 51 99 50 175 11731 163 11568 224 198 160 11344 9049 2295 2264 66 6785 4526 2259 55 97 227370
internal_count=326592 99222 12183 11883 51 300 11832 274 11782 51 99 50 175 11731 163 11568 224 198 160 11344 9049 2295 2264 66 6785 4526 2259 55 97 227370
cat_boundaries=0 1 2
cat_threshold=1 4
is_linear=0
shrinkage=0.05


Tree=291
num_leaves=31
num_cat=7
split_feature=12 11 33 27 26 13 24 6 14 15 27 1 0 12 0 0 17 14 27 17 11 24 26 6 12 6 15 15 27 0
split_gain=1.28787e-07 2.14948e-07 2.73676e-07 8.79267e-07 4.89871e-06 9.20217e-06 5.85243e-05 1.68765e-05 8.33108e-06 1.4253e-05 1.39785e-05 4.55283e-05 1.27167e-05 8.26558e-06 5.35183e-06 5.02733e-06 5.2578e-06 6.31182e-06 5.45713e-06 3.53734e-06 2.45195e-06 2.43551e-06 1.95038e-05 1.36849e-05 1.59935e-05 4.58395e-06 3.21557e-06 4.00741e-06 3.1575e-06 2.75353e-06
threshold=0.47640000000000005 8.5000000000000018 1.0000000180025095e-35 7.5000000000000009 7.5000000000000009 1.5000000000000002 1.5000000000000002 0 1.5000000000000002 2.5000000000000004 34.000000000000007 30.000000000000004 1 0.6583500000000001 2 3 1.0000000180025095e-35 3.5000000000000004 21.500000000000004 1.0000000180025095e-35 34.500000000000007 4.5000000000000009 22.500000000000004 4 0.71250000000000013 5 2.5000000000000004 1.5000000000000002 26.500000000000004 6
decision_type=2 2 2 2 2 2 2 1 2 2 2 2 1 2 1 1 2 2 2 2 2 2 2 1 2 1 2 2 2 1
left_child=-1 -2 3 -3 5 6 -5 -8 9 -7 15 -12 -13 14 -9 16 -10 -18 -19 -17 -20 22 26 -24 25 -25 27 -6 29 -29
right_child=1 2 -4 4 21 8 7 13 10 -11 11 12 -14 -15 -16 19 17 18 20 -21 -22 -23 23 24 -26 -27 -28 28 -30 -31
leaf_value=-6.5521697634093915e-08 -4.3199959535168591e-08 4.9582683079232173e-08 -8.729848790368955e-08 9.1780535079860362e-05 1.0096054069435923e-06 -3.9135040854241448e-05 -2.7391862669093016e-05 4.0761346173423123e-05 2.375909164387932e-06 6.6672473206251332e-06 -2.704188864949434e-05 3.012452566158922e-05 8.2437530675503836e-05 -1.1176078888555904e-05 8.3110411045102719e-06 1.8468653933625072e-06 1.5428386795170676e-05 -3.4521475964430497e-06 -3.2801842067071806e-05 8.8763517185851742e-06 -1.0180813784245402e-05 4.6573088687472739e-07 6.5596865422179464e-06 -3.2866214219804696e-05 -6.0494818253867001e-05 -3.7883220901483469e-06 1.3748867844170539e-06 8.5292367051200323e-06 -2.1154868346983627e-05 -7.7312667003914308e-06
leaf_weight=60991 99222 129190 29873 21 250 33 36 27 880 35 28 26 21 22 24 411 41 559 23 317 25 3203 32 23 31 33 950 30 38 197
leaf_count=60991 99222 129190 29873 21 250 33 36 27 880 35 28 26 21 22 24 411 41 559 23 317 25 3203 32 23 31 33 950 30 38 197
internal_value=1.29162e-13 1.50462e-08 4.97819e-08 7.97806e-08 6.13032e-07 2.39308e-06 1.53495e-05 6.24225e-07 1.69098e-06 -1.55603e-05 2.19424e-06 2.343e-05 5.34984e-05 1.44404e-05 2.54906e-05 1.48826e-06 -1.40935e-07 -3.55887e-06 -4.84137e-06 4.90778e-06 -2.10201e-05 -3.27377e-07 -1.93112e-06 -2.1398e-05 -3.16813e-05 -1.5731e-05 -3.49845e-07 -3.53139e-06 -7.81535e-06 -5.5823e-06
internal_weight=326592 265601 166379 136506 7316 2529 130 109 2399 68 2331 75 47 73 51 2256 1528 648 607 728 48 4787 1584 119 87 56 1465 515 265 227
internal_count=326592 265601 166379 136506 7316 2529 130 109 2399 68 2331 75 47 73 51 2256 1528 648 607 728 48 4787 1584 119 87 56 1465 515 265 227
cat_boundaries=0 1 2 3 4 5 6 7
cat_threshold=2 1 1 1 2 4 1
is_linear=0
shrinkage=0.05


Tree=292
num_leaves=31
num_cat=0
split_feature=12 11 11 15 24 13 33 15 24 32 26 25 13 11 24 15 15 15 22 13 15 13 26 33 26 26 13 15 15 12
split_gain=1.16231e-07 2.1217e-07 8.71364e-07 7.675e-07 1.20447e-06 7.06578e-07 3.11814e-06 5.90027e-07 1.14743e-06 1.90392e-06 9.14845e-07 6.2852e-07 5.57503e-07 3.97757e-07 4.34275e-06 1.95681e-06 2.97123e-06 5.2443e-07 3.54436e-07 3.04118e-07 2.72906e-07 2.70146e-07 2.61271e-07 1.33504e-06 5.97626e-07 2.3701e-07 1.98773e-07 1.89341e-07 5.92925e-07 9.16924e-07
threshold=0.47640000000000005 44.500000000000007 45.500000000000007 1.5000000000000002 4.5000000000000009 1.5000000000000002 1.0000000180025095e-35 4.5000000000000009 2.5000000000000004 1.0000000180025095e-35 7.5000000000000009 4.5000000000000009 6.5000000000000009 41.000000000000007 2.5000000000000004 1.5000000000000002 4.5000000000000009 2.5000000000000004 1.0000000180025095e-35 6.5000000000000009 2.5000000000000004 5.5000000000000009 7.5000000000000009 1.0000000180025095e-35 5.5000000000000009 22.500000000000004 5.5000000000000009 2.5000000000000004 1.5000000000000002 0.4472000000000001
decision_type=2 2 2 2 2 2 2 2 2 2 2 2 2 2 2 2 2 2 2 2 2 2 2 2 2 2 2 2 2 2
left_child=27 13 3 4 18 6 -4 8 10 -10 20 12 -9 -2 15 19 17 21 -3 -15 26 -17 24 -24 -7 -8 -5 28 29 -1
right_child=1 2 5 7 -6 22 25 11 9 -11 -12 -13 -14 14 -16 16 -18 -19 -20 -21 -22 -23 23 -25 -26 -27 -28 -29 -30 -31
leaf_value=1.3102306806512583e-07 1.1498040454364812e-08 5.3514853308448115e-06 1.7847506186908819e-05 1.5327476641383936e-06 -7.1536469780160889e-06 -3.6799285153748007e-07 -4.7428486700832416e-06 1.1748941965162799e-05 1.6088186884045713e-05 -2.7045999811138165e-07 -8.8289381364443075e-06 -1.2383248053107287e-06 3.1989398848963902e-06 -4.0955105068860581e-06 1.6757839225353946e-05 -2.1486662855908356e-07 -8.6105293312836076e-06 4.4797342716743806e-08 6.2246215459064551e-07 -1.0485091479495168e-05 5.6745394637782506e-07 5.9698006225517021e-06 -1.0952705158940393e-05 3.6460972036785087e-07 7.1167544269378093e-06 7.1244854526037885e-07 -2.0185283574392087e-06 -1.3400097523385682e-07 2.9217178961977219e-07 -7.6964730191998934e-07
leaf_weight=7653 261084 227 29 48 24 2179 26 21 29 46 31 77 207 25 31 23 95 190 48 73 543 76 35 102 27 85 220 36666 12192 4480
leaf_count=7653 261084 227 29 48 24 2179 26 21 29 46 31 77 207 25 31 23 95 190 48 73 543 76 35 102 27 85 220 36666 12192 4480
internal_value=1.25819e-13 1.42939e-08 3.7551e-07 1.31793e-06 3.58855e-06 -2.01787e-07 3.24873e-06 7.62357e-07 1.28727e-07 6.05488e-06 -3.99138e-07 2.6674e-06 3.98644e-06 8.76509e-09 -1.38213e-06 -2.54881e-06 -9.3939e-07 1.58226e-06 4.52606e-06 -8.8551e-06 -7.69135e-08 4.53296e-06 -4.07964e-07 -2.52668e-06 -2.76384e-07 -5.65369e-07 -1.38248e-06 -6.22456e-08 4.5914e-08 -2.01541e-07
internal_weight=326592 265601 4004 1521 299 2483 140 1222 917 75 842 305 228 261597 513 482 384 289 275 98 811 99 2343 137 2206 111 268 60991 24325 12133
internal_count=326592 265601 4004 1521 299 2483 140 1222 917 75 842 305 228 261597 513 482 384 289 275 98 811 99 2343 137 2206 111 268 60991 24325 12133
is_linear=0
shrinkage=0.05


Tree=293
num_leaves=31
num_cat=0
split_feature=18 4 13 7 22 25 25 7 27 24 8 8 21 14 4 11 4 25 24 13 11 11 13 25 26 3 13 26 27 24
split_gain=1.0769e-07 5.38612e-07 7.3195e-07 3.77942e-06 3.40535e-05 8.94374e-07 1.76874e-06 2.95233e-06 3.84445e-06 9.29653e-07 8.72667e-07 6.53061e-07 5.62354e-07 5.27665e-07 5.08293e-07 1.30862e-06 2.65023e-06 1.81241e-06 1.4789e-06 2.47633e-06 8.13739e-07 1.73223e-06 1.05686e-06 5.6724e-07 5.63862e-07 1.54717e-06 5.03147e-07 4.72851e-07 2.9974e-07 2.76004e-07
threshold=1.0000000180025095e-35 39.000000000000007 1.5000000000000002 11.000000000000002 1.0000000180025095e-35 1.5000000000000002 4.5000000000000009 11.000000000000002 21.500000000000004 1.5000000000000002 85.000000000000014 75.000000000000014 1.0000000180025095e-35 6.5000000000000009 42.500000000000007 45.500000000000007 44.000000000000007 1.0000000180025095e-35 3.5000000000000004 1.5000000000000002 44.500000000000007 41.000000000000007 4.5000000000000009 4.5000000000000009 17.000000000000004 1.5000000000000002 6.5000000000000009 26.500000000000004 7.5000000000000009 2.5000000000000004
decision_type=2 2 2 2 2 2 2 2 2 2 2 2 2 2 2 2 2 2 2 2 2 2 2 2 2 2 2 2 2 2
left_child=-1 2 3 4 -2 10 7 8 -7 -9 -4 -10 -11 -5 29 20 18 28 -17 -20 21 -16 -23 26 25 -19 -22 -26 -18 -3
right_child=1 14 5 13 -6 6 -8 9 11 12 -12 -13 -14 -15 15 16 17 24 19 -21 23 22 -24 -25 27 -27 -28 -29 -30 -31
leaf_value=1.4344127149015611e-08 -5.9812236073681832e-05 1.4606682356898009e-07 -7.3449510443502643e-07 5.3303806222605766e-07 2.5745132680314522e-07 2.851015478269731e-05 -1.7094139953766077e-07 -7.1249489224101126e-06 -1.9411075390962652e-06 8.0731635549113886e-06 5.2246063941939621e-07 9.2212020071632369e-06 -6.8063026959820029e-07 6.5780005025640696e-06 -4.0231059261309241e-08 8.2744411485893783e-07 -4.0098094159699866e-06 1.9806317309362328e-07 7.8619856749967848e-07 -1.6725372529435844e-05 1.1161495157942964e-05 3.6490668571786954e-06 -9.2013989706174472e-06 -1.176408500509456e-06 -8.9388920397071985e-06 1.3173932785758991e-05 3.0389930543606171e-06 -5.0686917821470461e-07 -9.3650695581109861e-06 9.1401465196862723e-07
leaf_weight=261359 27 20455 6158 257 187 26 480 32 20 32 1780 38 43 42 31699 1125 810 154 52 33 21 20 80 77 23 27 207 60 27 1241
leaf_count=261359 27 20455 6158 257 187 26 480 32 20 32 1780 38 43 42 31699 1125 810 154 52 33 21 20 80 77 23 27 207 60 27 1241
internal_value=1.19795e-13 -5.74698e-08 -4.13801e-07 -2.24858e-06 -7.32143e-06 -3.04469e-07 1.44839e-06 5.51792e-06 1.25339e-05 1.00539e-08 -4.52638e-07 5.37213e-06 3.05432e-06 1.38216e-06 4.59126e-10 -1.19027e-07 -1.26819e-06 -3.04324e-06 3.46958e-07 -6.01241e-06 -3.6305e-08 -6.09584e-08 -6.63131e-06 2.53403e-06 5.68906e-07 2.13369e-06 3.78712e-06 -2.84345e-06 -4.18256e-06 1.89993e-07
internal_weight=326592 65233 9122 513 214 8609 671 191 84 107 7938 58 75 299 56111 34415 2311 1101 1210 85 32104 31799 100 305 264 181 228 83 837 21696
internal_count=326592 65233 9122 513 214 8609 671 191 84 107 7938 58 75 299 56111 34415 2311 1101 1210 85 32104 31799 100 305 264 181 228 83 837 21696
is_linear=0
shrinkage=0.05


Tree=294
num_leaves=31
num_cat=1
split_feature=15 4 26 24 4 25 14 33 33 25 24 14 6 11 4 11 11 11 24 25 13 13 24 33 25 26 33 13 4 24
split_gain=1.04835e-07 4.2305e-07 9.54863e-07 1.45513e-05 7.97182e-07 6.1542e-06 6.07061e-06 2.60124e-06 1.63938e-06 2.27788e-06 1.59092e-06 6.50016e-07 8.84882e-07 5.96771e-07 5.38356e-07 2.1246e-06 1.46322e-06 2.99444e-06 1.08704e-06 1.0407e-06 4.44553e-07 4.19571e-07 1.00601e-06 2.82562e-06 1.07335e-05 2.67056e-06 3.48388e-06 2.24279e-06 2.00352e-06 1.18295e-06
threshold=1.5000000000000002 39.000000000000007 7.5000000000000009 3.5000000000000004 37.000000000000007 3.5000000000000004 4.5000000000000009 1.0000000180025095e-35 1.0000000180025095e-35 4.5000000000000009 1.5000000000000002 2.5000000000000004 0 51.000000000000007 44.000000000000007 45.500000000000007 44.500000000000007 41.000000000000007 4.5000000000000009 1.0000000180025095e-35 4.5000000000000009 4.5000000000000009 4.5000000000000009 1.0000000180025095e-35 4.5000000000000009 7.5000000000000009 1.0000000180025095e-35 2.5000000000000004 42.500000000000007 2.5000000000000004
decision_type=2 2 2 2 2 2 2 2 2 2 2 2 1 2 2 2 2 2 2 2 2 2 2 2 2 2 2 2 2 2
left_child=1 2 3 13 5 6 -4 -7 9 10 -6 -11 -13 -1 21 16 17 -16 -18 -17 -19 22 23 24 28 26 -24 29 -3 -26
right_child=-2 14 4 -5 8 7 -8 -9 -10 11 -12 12 -14 -15 15 19 18 20 -20 -21 -22 -23 25 -25 27 -27 -28 -29 -30 -31
leaf_value=-6.4842361430052487e-07 1.4171788933560861e-08 -2.1051781187369752e-06 -3.1857838665391322e-05 -3.8622605556156492e-05 8.1669944608882484e-06 1.7926596501638415e-05 2.604541719387227e-07 8.4106073406115234e-07 2.2842418669427381e-07 -3.7236643924515173e-06 2.4192206486380506e-05 1.3287442779983395e-05 1.4507887911652992e-06 3.7320717191638636e-07 -7.5926517659526624e-08 -3.1656599733626224e-06 4.2990358307716551e-06 -2.168727850072504e-06 -6.796681918785908e-06 4.3277964452541218e-07 -1.0152970268488086e-05 2.580102182376971e-07 2.8443207556847481e-05 -6.3588609476791536e-08 -9.8521482119822937e-06 5.6463284403931629e-07 -7.1552581732652656e-07 -3.4538873958147382e-05 8.9828077265834008e-06 -2.4731921770250085e-05
leaf_weight=6346 261218 550 28 25 59 28 31 109 381 39 21 20 75 1845 27545 841 275 22 24 264 84 21273 20 3905 34 1421 21 22 44 22
leaf_count=6346 261218 550 28 25 59 28 31 109 381 39 21 20 75 1845 27545 841 275 22 24 264 84 21273 20 3905 34 1421 21 22 44 22
internal_value=1.10044e-13 -5.66263e-08 -3.74816e-07 -5.34554e-07 1.28436e-06 -1.48125e-06 -1.49821e-05 4.333e-06 2.19538e-06 5.69731e-06 1.23736e-05 1.71146e-06 3.94272e-06 -4.18304e-07 -5.78219e-09 -1.55598e-07 -7.05847e-08 -1.08204e-07 3.40841e-06 -2.30594e-06 -8.49586e-06 1.53595e-07 -2.14219e-07 -5.78949e-07 -3.57371e-06 9.27621e-07 1.35082e-05 -2.10119e-05 -1.28385e-06 -1.56978e-05
internal_weight=326592 65374 9007 8216 791 196 59 137 595 214 80 134 95 8191 56367 29055 27950 27651 299 1105 106 27312 6039 4577 672 1462 41 78 594 56
internal_count=326592 65374 9007 8216 791 196 59 137 595 214 80 134 95 8191 56367 29055 27950 27651 299 1105 106 27312 6039 4577 672 1462 41 78 594 56
cat_boundaries=0 1
cat_threshold=1
is_linear=0
shrinkage=0.05


Tree=295
num_leaves=31
num_cat=2
split_feature=15 4 13 33 26 25 25 33 0 27 8 4 11 4 25 24 22 11 11 13 24 26 26 24 33 26 6 27 24 26
split_gain=9.97297e-08 4.86098e-07 6.60584e-07 6.75587e-06 2.42106e-05 8.07173e-07 1.59629e-06 2.74421e-06 4.79589e-06 2.20899e-06 7.87582e-07 4.58734e-07 1.18103e-06 2.39183e-06 1.6357e-06 1.33471e-06 2.33506e-06 7.344e-07 1.56333e-06 9.53817e-07 5.18261e-07 5.56193e-07 5.08886e-07 1.50297e-06 5.19211e-07 2.75447e-07 1.50096e-06 2.70515e-07 2.49093e-07 4.66474e-06
threshold=4.5000000000000009 39.000000000000007 1.5000000000000002 1.0000000180025095e-35 26.500000000000004 1.5000000000000002 4.5000000000000009 1.0000000180025095e-35 0 21.500000000000004 85.000000000000014 42.500000000000007 45.500000000000007 44.000000000000007 1.0000000180025095e-35 3.5000000000000004 1.0000000180025095e-35 44.500000000000007 41.000000000000007 4.5000000000000009 4.5000000000000009 4.5000000000000009 17.000000000000004 1.0000000180025095e-35 1.0000000180025095e-35 5.5000000000000009 1 7.5000000000000009 2.5000000000000004 5.5000000000000009
decision_type=2 2 2 2 2 2 2 2 1 2 2 2 2 2 2 2 2 2 2 2 2 2 2 2 2 2 1 2 2 2
left_child=-1 2 3 4 -2 10 7 8 -7 -10 -4 28 17 15 27 25 -17 18 -13 -20 21 -19 23 -16 -24 -14 -27 -15 -3 -30
right_child=1 11 5 -5 -6 6 -8 -9 9 -11 -12 12 13 14 22 16 -18 20 19 -21 -22 -23 24 -25 -26 26 -28 -29 29 -31
leaf_value=1.3803769325739422e-08 -5.5234671666627183e-05 1.3805489886666061e-07 -6.9847895587986592e-07 4.561685533873752e-07 2.3863286813019707e-06 -4.0255099768480498e-06 -1.6310292286917755e-07 -6.5851924384482987e-07 2.8694098628534451e-05 9.6413395865589525e-06 4.9562904051294384e-07 -3.8928099202567153e-08 5.8383531592549003e-07 -3.8100275430033551e-06 1.185208221412923e-07 -1.6933463042126579e-05 4.0802618782849597e-07 2.3447909365300848e-06 3.4659047105378702e-06 -8.7420379350078287e-06 -4.6458580679124378e-06 1.0459300648582703e-05 -7.9582905209463222e-06 1.2907687818852765e-05 2.7327481854266602e-07 -9.7042664177080256e-07 1.5006590428172438e-05 -8.8975248757008195e-06 2.0685168651809741e-05 3.9342270635568931e-07
leaf_weight=261359 26 20455 6158 426 61 33 480 97 32 29 1780 31699 1055 810 154 30 55 258 20 80 24 23 30 27 53 49 21 27 29 1212
leaf_count=261359 26 20455 6158 426 61 33 480 97 32 29 1780 31699 1055 810 154 30 55 258 20 80 24 23 30 27 53 49 21 27 29 1212
internal_value=1.06139e-13 -5.53049e-08 -3.93819e-07 -2.13686e-06 -1.48337e-05 -2.89954e-07 1.37526e-06 5.24132e-06 1.13294e-05 1.96362e-05 -4.30715e-07 -2.7242e-10 -1.13785e-07 -1.20549e-06 -2.89179e-06 3.28902e-07 -5.7125e-06 -3.51983e-08 -5.8619e-08 -6.30045e-06 2.40662e-06 3.00897e-06 5.39752e-07 2.0263e-06 -2.70199e-06 7.85363e-07 3.82268e-06 -3.97414e-06 1.79785e-07 8.67605e-07
internal_weight=326592 65233 9122 513 87 8609 671 191 94 61 7938 56111 34415 2311 1101 1210 85 32104 31799 100 305 281 264 181 83 1125 70 837 21696 1241
internal_count=326592 65233 9122 513 87 8609 671 191 94 61 7938 56111 34415 2311 1101 1210 85 32104 31799 100 305 281 264 181 83 1125 70 837 21696 1241
cat_boundaries=0 1 2
cat_threshold=1 4
is_linear=0
shrinkage=0.05


Tree=296
num_leaves=31
num_cat=1
split_feature=11 11 26 33 17 11 14 13 24 26 25 33 13 6 24 24 26 17 25 14 26 15 17 15 13 15 15 15 15 15
split_gain=9.94003e-08 2.57368e-07 4.57311e-07 1.33946e-06 3.49604e-07 3.45734e-07 5.86277e-06 1.35634e-05 3.29754e-06 1.57836e-06 1.09145e-06 2.53751e-07 2.07026e-06 6.79352e-06 7.21675e-07 8.16245e-06 2.07009e-06 1.72245e-06 1.09734e-06 1.07113e-06 7.60536e-07 5.00992e-06 7.15475e-07 6.87079e-07 4.76821e-07 4.1865e-06 8.66427e-07 5.39628e-07 1.04841e-06 3.63799e-07
threshold=8.5000000000000018 7.5000000000000009 14.000000000000002 1.0000000180025095e-35 1.0000000180025095e-35 6.5000000000000009 6.5000000000000009 6.5000000000000009 4.5000000000000009 5.5000000000000009 2.5000000000000004 1.0000000180025095e-35 1.5000000000000002 0 1.5000000000000002 4.5000000000000009 15.500000000000002 1.0000000180025095e-35 1.0000000180025095e-35 2.5000000000000004 8.5000000000000018 2.5000000000000004 1.0000000180025095e-35 4.5000000000000009 4.5000000000000009 4.5000000000000009 1.5000000000000002 1.5000000000000002 2.5000000000000004 1.5000000000000002
decision_type=2 2 2 2 2 2 2 2 2 2 2 2 2 1 2 2 2 2 2 2 2 2 2 2 2 2 2 2 2 2
left_child=1 5 4 -4 -3 11 8 -8 9 -7 -11 12 13 22 16 -16 18 23 20 -19 24 29 -1 -17 25 26 -14 -26 -29 -22
right_child=-2 2 3 -5 -6 6 7 -9 -10 10 -12 -13 14 -15 15 17 -18 19 -20 -21 21 -23 -24 -25 27 -27 -28 28 -30 -31
leaf_value=5.8739860655694473e-06 1.8222207184310186e-08 -1.2975688480289348e-06 -1.2444796978883233e-05 3.7870165751233539e-07 7.1934844175588702e-07 -8.747729230207682e-07 4.7230900996840904e-05 -8.5169329043889208e-07 -1.9220331585964468e-05 1.5394612287141004e-05 3.9168898266242735e-07 -1.1928256699197192e-08 4.9122406943795451e-06 -2.635389472231964e-05 2.4416079496505619e-05 -4.4956099515047759e-07 -1.3603662284430326e-05 -1.7191918977048425e-05 -8.4924578322898012e-06 -3.7356403372541539e-06 3.2164022513825332e-06 -1.0814708224005671e-05 -5.6612169646541587e-06 7.7903122744189476e-06 -9.1282323613312687e-07 1.7206884331244512e-05 -3.4501492860973652e-06 9.7801026990270173e-07 -3.3413793111815237e-07 1.0644168560247637e-05
leaf_weight=41 227370 549 32 56 353 381 22 44 23 27 22 86793 42 32 36 80 29 21 40 50 32 97 20 37 2056 38 118 2030 6087 34
leaf_count=41 227370 549 32 56 353 381 22 44 23 27 22 86793 42 32 36 80 29 21 40 50 32 97 20 37 2056 38 118 2030 6087 34
internal_value=1.01971e-13 -4.17564e-08 -8.43901e-07 -4.28439e-06 -5.08243e-07 -3.36722e-08 1.25341e-06 1.51758e-05 -7.75021e-07 2.11589e-07 8.65861e-06 -4.05085e-08 -2.67667e-07 -7.69587e-06 -2.03861e-07 2.60466e-06 -2.63194e-07 -1.572e-06 -2.26607e-07 -7.71567e-06 -1.9522e-07 -3.58405e-06 2.09195e-06 2.15621e-06 -1.41958e-07 2.28817e-06 -1.25502e-06 -1.89256e-07 -5.97964e-09 7.04283e-06
internal_weight=326592 99222 990 88 902 98232 519 66 453 430 49 97713 10920 93 10827 224 10603 188 10574 71 10534 163 61 117 10371 198 160 10173 8117 66
internal_count=326592 99222 990 88 902 98232 519 66 453 430 49 97713 10920 93 10827 224 10603 188 10574 71 10534 163 61 117 10371 198 160 10173 8117 66
cat_boundaries=0 1
cat_threshold=4
is_linear=0
shrinkage=0.05


Tree=297
num_leaves=31
num_cat=4
split_feature=26 11 25 25 4 15 0 11 10 8 14 15 26 24 11 23 17 11 8 8 4 0 17 27 27 11 25 4 0 17
split_gain=9.57862e-08 5.5013e-07 4.49286e-07 7.22918e-07 6.80417e-06 1.0813e-05 2.68791e-06 2.5512e-06 4.41075e-06 1.19109e-05 2.66429e-06 2.53994e-06 1.46273e-06 1.23617e-06 1.23507e-06 1.20967e-06 6.27538e-07 4.86521e-07 7.11792e-07 1.28564e-06 2.60742e-06 3.67279e-06 1.416e-06 3.06485e-06 1.43912e-06 1.04805e-06 1.34892e-06 1.51987e-06 8.39773e-07 1.62644e-06
threshold=7.5000000000000009 81.000000000000014 1.5000000000000002 3.5000000000000004 37.000000000000007 2.5000000000000004 0 16.500000000000004 1 75.000000000000014 6.5000000000000009 2.5000000000000004 9.5000000000000018 1.5000000000000002 29.000000000000004 1.0000000180025095e-35 1.0000000180025095e-35 76.000000000000014 95.000000000000014 85.000000000000014 81.500000000000014 2 1.0000000180025095e-35 16.500000000000004 20.500000000000004 45.500000000000007 1.0000000180025095e-35 39.000000000000007 3 1.0000000180025095e-35
decision_type=2 2 2 2 2 2 1 2 1 2 2 2 2 2 2 2 2 2 2 2 2 1 2 2 2 2 2 2 1 2
left_child=-1 2 17 4 5 -4 11 8 9 -8 12 -6 15 -12 -15 16 -9 18 19 -2 22 -22 23 -21 -24 28 27 -27 -20 -30
right_child=1 -3 3 -5 6 -7 7 10 -10 -11 13 -13 -14 14 -16 -17 -18 -19 25 20 21 -23 24 -25 -26 26 -28 -29 29 -31
leaf_value=9.0466703024762221e-09 -5.4820649094852458e-07 2.3995188601243113e-06 -3.5409512025991368e-05 -6.8547906607575809e-08 2.364045720335933e-05 3.7228531454740913e-06 -8.0653748817383082e-07 8.9665830663372098e-06 -6.8282265810163758e-07 4.6365567708483509e-05 1.7952454132893168e-07 4.305633892061717e-06 1.2499302989602549e-06 -1.7285587994686874e-05 -4.7520628837618036e-06 -3.6029026504861992e-07 2.0562810386763887e-05 -5.6407808579798322e-06 8.0006418284613145e-07 2.0398817616209966e-05 -2.1094758695679634e-06 -2.2916245014034518e-05 -1.5357863296230789e-05 -1.614452002307587e-06 5.4610210086001176e-07 2.4104517379441861e-06 8.4320255705132445e-06 -5.8947801341712201e-06 1.2158510369006526e-06 1.1942592740166727e-05
leaf_weight=293799 3275 222 31 27640 29 41 32 28 60 23 67 41 274 29 61 22 20 47 214 21 48 38 25 64 33 90 31 142 84 61
leaf_count=293799 3275 222 31 27640 29 41 32 28 60 23 67 41 274 29 61 22 20 47 214 21 48 38 25 64 33 90 31 142 84 61
internal_value=9.45008e-14 -8.105e-08 -9.79572e-08 -2.6771e-08 1.4966e-06 -1.31258e-05 3.03131e-06 1.97626e-06 8.69243e-06 1.892e-05 4.34621e-07 1.23158e-05 2.89789e-06 -4.96261e-06 -8.79064e-06 9.34849e-06 1.37983e-05 -5.82392e-07 -5.24771e-07 -8.01462e-07 -4.42335e-06 -1.13032e-05 -2.85839e-07 3.82412e-06 -6.30906e-06 1.03395e-06 -1.36397e-06 -2.67292e-06 2.79065e-06 5.72848e-06
internal_weight=326592 32793 32571 28398 758 72 686 616 115 55 501 70 344 157 90 70 48 4173 4126 3504 229 86 143 85 58 622 263 232 359 145
internal_count=326592 32793 32571 28398 758 72 686 616 115 55 501 70 344 157 90 70 48 4173 4126 3504 229 86 143 85 58 622 263 232 359 145
cat_boundaries=0 1 2 3 4
cat_threshold=1 2 1 1
is_linear=0
shrinkage=0.05


Tree=298
num_leaves=31
num_cat=4
split_feature=15 4 26 24 27 14 14 33 25 24 14 8 6 8 3 11 6 26 26 0 33 25 26 14 8 10 26 26 15 4
split_gain=9.30092e-08 3.86231e-07 8.70461e-07 1.31325e-05 7.80838e-07 6.64281e-06 6.18761e-06 1.31511e-06 2.16995e-06 1.32605e-06 7.04408e-07 2.72684e-06 7.97789e-07 5.38585e-07 4.83166e-07 2.64405e-06 1.36036e-06 1.33355e-06 9.79362e-07 6.35393e-07 5.14988e-07 2.15805e-06 2.81425e-06 2.14075e-06 1.19607e-06 1.13052e-06 1.76638e-06 9.83875e-07 3.76973e-07 1.40719e-06
threshold=1.5000000000000002 39.000000000000007 7.5000000000000009 3.5000000000000004 21.500000000000004 2.5000000000000004 4.5000000000000009 1.0000000180025095e-35 4.5000000000000009 1.5000000000000002 2.5000000000000004 75.000000000000014 0 85.000000000000014 1.5000000000000002 41.000000000000007 1 3.0000000000000004 4.5000000000000009 2 1.0000000180025095e-35 4.5000000000000009 15.500000000000002 1.5000000000000002 85.000000000000014 3 5.5000000000000009 8.5000000000000018 2.5000000000000004 39.000000000000007
decision_type=2 2 2 2 2 2 2 2 2 2 2 2 1 2 2 2 1 2 2 1 2 2 2 2 2 1 2 2 2 2
left_child=1 2 3 13 5 -4 -7 8 9 -6 11 -10 -12 -1 -3 20 18 -18 19 -17 21 25 -23 -24 -25 26 -16 -27 29 -2
right_child=28 14 4 -5 7 6 -8 -9 10 -11 12 -13 -14 -15 15 16 17 -19 -20 -21 -22 22 23 24 -26 27 -28 -29 -30 -31
leaf_value=-6.1805606649110117e-07 6.9445101006753292e-07 1.1939313575192452e-07 1.7450233456750948e-05 -3.6693527319584973e-05 7.7493973425959476e-06 -2.9313994647444427e-05 4.978828762293985e-07 3.308047536147501e-07 9.484242487122261e-06 2.237991691345087e-05 1.2612555983650965e-05 -1.4955631420889404e-05 1.3734938052796983e-06 3.5249318486500419e-07 -1.332692262520949e-06 -3.0520727791601608e-06 -2.8914701033500023e-06 1.1580402745039464e-05 -1.6813631128056642e-05 -8.9167831411645383e-06 1.0894845987154217e-08 -2.0379915788688432e-05 -1.6969546469108141e-05 6.4147128103372998e-06 -4.4442085122220481e-06 -3.5627638033134946e-08 -1.4018908443956338e-05 5.7495007689188546e-06 -2.1342029838751013e-08 2.4050404197377034e-08
leaf_weight=6346 9093 32786 29 25 59 28 46 467 21 21 20 25 75 1845 1368 96 78 20 23 89 17985 29 23 42 64 3661 28 75 195880 56245
leaf_count=6346 9093 32786 29 25 59 28 46 467 21 21 20 25 75 1845 1368 96 78 20 23 89 17985 29 23 42 64 3661 28 75 195880 56245
internal_value=9.12445e-14 -5.3337e-08 -3.57365e-07 -5.0988e-07 1.22679e-06 -2.83332e-06 -1.07823e-05 1.83462e-06 5.01237e-06 1.15899e-05 1.28044e-06 -3.7983e-06 3.73961e-06 -3.99443e-07 -4.75574e-09 -1.77367e-07 -4.79488e-06 6.19733e-08 -7.0832e-06 -5.87347e-06 -1.1666e-07 -5.50322e-07 -6.30588e-06 -3.14195e-06 -1.41617e-07 -3.73124e-07 -1.58714e-06 8.05085e-08 1.33485e-08 1.17349e-07
internal_weight=326592 65374 9007 8216 791 103 74 688 221 80 141 46 95 8191 56367 23581 306 98 208 185 23275 5290 158 129 106 5132 1396 3736 261218 65338
internal_count=326592 65374 9007 8216 791 103 74 688 221 80 141 46 95 8191 56367 23581 306 98 208 185 23275 5290 158 129 106 5132 1396 3736 261218 65338
cat_boundaries=0 1 2 3 4
cat_threshold=1 4 1 2
is_linear=0
shrinkage=0.05


Tree=299
num_leaves=31
num_cat=0
split_feature=12 4 17 25 13 18 19 25 17 33 27 25 25 27 24 24 33 26 33 26 14 14 7 33 33 8 8 33 27 14
split_gain=9.80751e-08 3.22869e-07 5.60171e-06 2.19626e-06 1.66587e-06 1.5742e-06 2.26355e-06 8.4192e-07 8.35083e-07 8.06365e-07 6.23138e-07 1.41978e-06 2.83126e-06 9.59873e-07 8.61033e-07 5.29606e-06 7.88061e-06 2.7748e-06 1.69877e-06 8.03514e-07 2.01971e-06 8.40329e-07 8.95455e-07 6.83373e-07 5.4134e-07 4.6929e-07 4.53565e-07 4.29339e-07 4.16273e-07 1.64152e-06
threshold=0.47640000000000005 44.000000000000007 1.0000000180025095e-35 4.5000000000000009 5.5000000000000009 1.0000000180025095e-35 1.0000000180025095e-35 1.0000000180025095e-35 1.0000000180025095e-35 1.0000000180025095e-35 16.500000000000004 4.5000000000000009 3.5000000000000004 18.500000000000004 4.5000000000000009 3.5000000000000004 1.0000000180025095e-35 14.000000000000002 1.0000000180025095e-35 5.5000000000000009 2.5000000000000004 2.5000000000000004 13.000000000000002 1.0000000180025095e-35 1.0000000180025095e-35 85.000000000000014 95.000000000000014 1.0000000180025095e-35 7.5000000000000009 2.5000000000000004
decision_type=2 2 2 2 2 2 2 2 2 2 2 2 2 2 2 2 2 2 2 2 2 2 2 2 2 2 2 2 2 2
left_child=1 8 5 4 -4 6 -3 -8 28 -7 -10 12 19 -13 15 23 -17 18 -16 20 25 26 -23 -15 -9 -12 -21 -5 -1 -30
right_child=-2 2 3 27 -6 9 7 24 10 -11 11 13 -14 14 17 16 -18 -19 -20 21 -22 22 -24 -25 -26 -27 -28 -29 29 -31
leaf_value=1.4997088469204438e-07 1.3130085053459463e-08 1.5461548858833248e-06 1.1906198524716925e-05 -4.91799885276123e-06 3.1034280254971238e-06 -3.5669930697130315e-06 -2.8916828729084508e-06 7.265528741603096e-06 -4.457832563478062e-07 8.1449665708296012e-08 -7.6869203326168643e-07 7.7214144626300126e-06 1.7376708347759027e-05 -7.3393361333273789e-06 -1.0495462186005803e-05 4.0685661515453832e-05 1.6660886179427813e-07 -2.7364323563340487e-07 -8.7718362253546165e-08 1.9582908786712021e-06 6.1884673897943588e-06 9.6848530895179227e-07 -4.7467292819071211e-06 2.2607693938210136e-08 -2.7263056078835341e-07 -1.1600237883158115e-05 1.1513254412791511e-05 -6.4064742281232717e-09 9.9014175628424574e-07 -8.169409022446084e-07
leaf_weight=27690 265601 891 56 50 1335 717 676 27 18656 192 20 38 30 32 121 20 30 850 58 27 188 253 94 2110 202 20 23 404 1755 4426
leaf_count=27690 265601 891 56 50 1335 717 676 27 18656 192 20 38 30 32 121 20 30 850 58 27 188 253 94 2110 202 20 23 404 1755 4426
internal_value=8.64659e-14 -5.71779e-08 3.47996e-07 2.47227e-06 3.45782e-06 -1.10091e-06 -2.42793e-07 -2.00407e-06 -8.98411e-08 -2.79636e-06 -3.25447e-07 2.48135e-07 2.37232e-06 -1.78787e-07 -2.7199e-07 2.88118e-07 1.63742e-05 -1.46515e-06 -7.12312e-06 1.65211e-06 4.01778e-06 2.93483e-07 -5.79728e-07 -8.73747e-08 6.16148e-07 -6.18446e-06 6.35357e-06 -5.47331e-07 6.71552e-08 -3.03848e-07
internal_weight=326592 60991 4550 1845 1391 2705 1796 905 56441 909 22570 3914 655 3259 3221 2192 50 1029 179 625 228 397 347 2142 229 40 50 454 33871 6181
internal_count=326592 60991 4550 1845 1391 2705 1796 905 56441 909 22570 3914 655 3259 3221 2192 50 1029 179 625 228 397 347 2142 229 40 50 454 33871 6181
is_linear=0
shrinkage=0.05


end of trees

feature_importances:
period_index=1771
teacher_week_load=1384
teacher_day_load=961
class_day_load=728
capacity_margin=694
week_number=419
class_week_load=383
total_student_count=347
has_hard_conflict=346
is_afternoon=343
day_of_week=332
capacity_ratio=289
room_capacity=166
teacher_title=153
class_group_count=136
course_type=113
is_early_period=102
is_evening=71
is_morning=70
teacher_max_weekly_hours=46
class_occupied_at_slot=35
room_occupied_at_slot=31
teacher_occupied_at_slot=28
room_building=25
total_hours=13
is_late_period=5
has_class_conflict=5
room_type=3
has_room_conflict=1

parameters:
[boosting: gbdt]
[objective: regression]
[metric: l2]
[tree_learner: serial]
[device_type: cpu]
[data_sample_strategy: bagging]
[data: ]
[valid: ]
[num_iterations: 300]
[learning_rate: 0.05]
[num_leaves: 31]
[num_threads: 10]
[seed: 42]
[deterministic: 0]
[force_col_wise: 0]
[force_row_wise: 0]
[histogram_pool_size: -1]
[max_depth: -1]
[min_data_in_leaf: 20]
[min_sum_hessian_in_leaf: 0.001]
[bagging_fraction: 0.9]
[pos_bagging_fraction: 1]
[neg_bagging_fraction: 1]
[bagging_freq: 0]
[bagging_seed: 400]
[bagging_by_query: 0]
[feature_fraction: 0.9]
[feature_fraction_bynode: 1]
[feature_fraction_seed: 30056]
[extra_trees: 0]
[extra_seed: 12879]
[early_stopping_round: 0]
[early_stopping_min_delta: 0]
[first_metric_only: 0]
[max_delta_step: 0]
[lambda_l1: 0]
[lambda_l2: 0]
[linear_lambda: 0]
[min_gain_to_split: 0]
[drop_rate: 0.1]
[max_drop: 50]
[skip_drop: 0.5]
[xgboost_dart_mode: 0]
[uniform_drop: 0]
[drop_seed: 17869]
[top_rate: 0.2]
[other_rate: 0.1]
[min_data_per_group: 100]
[max_cat_threshold: 32]
[cat_l2: 10]
[cat_smooth: 10]
[max_cat_to_onehot: 4]
[top_k: 20]
[monotone_constraints: ]
[monotone_constraints_method: basic]
[monotone_penalty: 0]
[feature_contri: ]
[forcedsplits_filename: ]
[refit_decay_rate: 0.9]
[cegb_tradeoff: 1]
[cegb_penalty_split: 0]
[cegb_penalty_feature_lazy: ]
[cegb_penalty_feature_coupled: ]
[path_smooth: 0]
[interaction_constraints: ]
[verbosity: 1]
[saved_feature_importance_type: 0]
[use_quantized_grad: 0]
[num_grad_quant_bins: 4]
[quant_train_renew_leaf: 0]
[stochastic_rounding: 1]
[linear_tree: 0]
[max_bin: 255]
[max_bin_by_feature: ]
[min_data_in_bin: 3]
[bin_construct_sample_cnt: 200000]
[data_random_seed: 175]
[is_enable_sparse: 1]
[enable_bundle: 1]
[use_missing: 1]
[zero_as_missing: 0]
[feature_pre_filter: 1]
[pre_partition: 0]
[two_round: 0]
[header: 0]
[label_column: ]
[weight_column: ]
[group_column: ]
[ignore_column: ]
[categorical_feature: 0,2,5,6,9,10]
[forcedbins_filename: ]
[precise_float_parser: 0]
[parser_config_file: ]
[objective_seed: 16083]
[num_class: 1]
[is_unbalance: 0]
[scale_pos_weight: 1]
[sigmoid: 1]
[boost_from_average: 1]
[reg_sqrt: 0]
[alpha: 0.9]
[fair_c: 1]
[poisson_max_delta_step: 0.7]
[tweedie_variance_power: 1.5]
[lambdarank_truncation_level: 30]
[lambdarank_norm: 1]
[label_gain: ]
[lambdarank_position_bias_regularization: 0]
[eval_at: ]
[multi_error_top_k: 1]
[auc_mu_weights: ]
[num_machines: 1]
[local_listen_port: 12400]
[time_out: 120]
[machine_list_filename: ]
[machines: ]
[gpu_platform_id: -1]
[gpu_device_id: -1]
[gpu_use_dp: 0]
[num_gpu: 1]

end of parameters

pandas_categorical:[["\u4e13\u4e1a\u6838\u5fc3\u8bfe", "\u4e13\u4e1a\u9009\u4fee\u8bfe"], ["UNKNOWN"], ["\u7535\u5b50\u4fe1\u606f\u4e0e\u8ba1\u7b97\u673a\u5de5\u7a0b\u7cfb"], ["\u526f\u6559\u6388", "\u6559\u6388", "\u8bb2\u5e08"], ["\u666e\u901a\u6559\u5ba4", "\u673a\u623f/\u5b9e\u9a8c\u5ba4", "\u673a\u623f\u5b9e\u9a8c\u5ba4", "\u9636\u68af\u6559\u5ba4"], ["\u7efc\u5408\u697cA\u5ea7", "\u7efc\u5408\u697cB\u5ea7", "\u7efc\u5408\u697cC\u5ea7"]]
