tree
version=v4
num_class=1
num_tree_per_iteration=1
label_index=0
max_feature_idx=33
objective=regression
feature_names=course_type total_hours required_room_type class_group_count total_student_count teacher_department teacher_title teacher_max_weekly_hours room_capacity room_type room_building capacity_margin capacity_ratio week_number day_of_week period_index is_morning is_afternoon is_evening is_early_period is_late_period teacher_occupied_at_slot class_occupied_at_slot room_occupied_at_slot teacher_day_load class_day_load teacher_week_load class_week_load is_capacity_enough is_room_type_match has_teacher_conflict has_class_conflict has_room_conflict has_hard_conflict
feature_infos=-1:0:1 [24:48] none [1:3] [36:120] none -1:2:0:1 [10:14] [60:120] -1:3:0:1:2 -1:0:2:1 [0:46] [1:2] [1:17] [1:5] [2:4] [0:1] [0:1] none [0:1] none none none none none none none none none none none none none none
tree_sizes=488 524 629 629 627 518 612 535 629 716 634 518 638 518 547 607 786 654 823 715 690 717 747 852 880 794 1251 1000 867 920 1008 1645 1494 1761 1682 1629 1959 1904 2047 2162 2077 2008 1973 2176 2036 2175 2085 2179 2081 2098 2261 2017 1925 2036 2389 2201 2248 2081 2022 2014 2145 2013 2062 2175 1927 2099 1946 2191 2265 2128 1961 1927 2177 2126 1949 2217 2206 2129 2185 2037 2103 2113 2395 2017 2361 2283 2205 2189 2126 2224 2293 2229 2006 2188 2197 2132 2213 2007 2223 2167 2194 2198 2322 2096 2110 2208 2118 2071 2202 2311 2017 1984 2093 2024 2086 2214 2319 1789 2316 1954 2064 1995 2015 2114 2376 2414 1974 2009 2049 2324 1993 2008 2335 2316 2239 2079 1986 2114 2223 2105 2256 2018 2240 2124 2311 2197 2216 2020 2094 2088 1951 2234 2130 1912 2297 2317 1929 2102 2213 2169 2098 2105 2219 1955 2093 2324 2061 2315 2213 2154 2121 2210 2240 2063 2299 1973 2247 2024 2178 2003 2094 2220 2323 2282 2068 1971 1996 2108 2210 2131 2209 2202 2290 2094 2126 2134 1979 1996 2022 2146 2210 2043 2153 2132 2211 2160 2176 2303 2099 2123 2174 2182 2213 2197 2180 2019 2096 2252 2210 2152 2150 2147 2191 2106 2274 2231 2175 2082 2190 2159 2060 2191 2229 2183 2178 2089 2009 2263 2191 2191 2097 2074 2264 2097 2161 2010 2110 2139 2282 2181 2100 2205 2162 2113 2253 2135 2127 2203 2068 2068 2122 2301 1995 2056 2171 2106 2279 2138 2118 2014 2281 2080 2104 1995 1996 2188 2197 2102 2010 2106 2088 2079 2120 2140 2117 2180 2166 2114 2219 2101 2205 2134 2105 2289 2185 2026 2148 2088 2081 2176

Tree=0
num_leaves=4
num_cat=0
split_feature=7 11 14
split_gain=0.366822 0.6 1.73472e-18
threshold=11.000000000000002 37.500000000000007 3.5000000000000004
decision_type=2 2 2
left_child=1 2 -1
right_child=-2 -3 -4
leaf_value=0.99022298419306121 0.99022298419306121 0.98165155480157051 0.99022298419306121
leaf_weight=25 499 35.00000011920929 24
leaf_count=25 499 32 24
internal_value=0.989708 0.986652 0.990223
internal_weight=583 84 49
internal_count=580 81 49
is_linear=0
shrinkage=1


Tree=1
num_leaves=4
num_cat=2
split_feature=12 6 10
split_gain=0.229271 0.643286 8.67362e-19
threshold=1.8826500000000002 0 1
decision_type=2 1 1
left_child=-1 -2 -3
right_child=1 2 -4
leaf_value=0.00048885080032050614 -0.0076540061570780403 0.00048885080032050614 0.00048885080032050614
leaf_weight=469 35.00000011920929 25 54
leaf_count=469 32 25 54
internal_value=3.80197e-11 -0.00201115 0.000488851
internal_weight=583 114 79
internal_count=580 111 79
cat_boundaries=0 1 2
cat_threshold=2 2
is_linear=0
shrinkage=0.05


Tree=2
num_leaves=5
num_cat=1
split_feature=7 11 0 8
split_gain=0.298779 0.488704 6.93889e-18 3.46945e-18
threshold=11.000000000000002 37.500000000000007 0 85.000000000000014
decision_type=2 2 1 2
left_child=1 -1 3 -2
right_child=2 -3 -4 -5
leaf_value=0.00046440823934972291 0.00046440823934972291 -0.0072713065112614411 0.00046440823934972291 0.00046440823934972291
leaf_weight=49 159 35.00000011920929 231 109
leaf_count=49 159 32 231 109
internal_value=-2.3323e-11 -0.00275881 0.000464408 0.000464408
internal_weight=583 84 499 268
internal_count=580 81 499 268
cat_boundaries=0 1
cat_threshold=1
is_linear=0
shrinkage=0.05


Tree=3
num_leaves=5
num_cat=1
split_feature=7 11 0 8
split_gain=0.269648 0.441055 6.93889e-18 3.46945e-18
threshold=11.000000000000002 37.500000000000007 0 85.000000000000014
decision_type=2 2 1 2
left_child=1 -1 3 -2
right_child=2 -3 -4 -5
leaf_value=0.00044118785299360755 0.00044118785299360755 -0.0069077407333416919 0.00044118785299360755 0.00044118785299360755
leaf_weight=49 159 35.00000011920929 231 109
leaf_count=49 159 32 231 109
internal_value=2.90739e-11 -0.00262087 0.000441188 0.000441188
internal_weight=583 84 499 268
internal_count=580 81 499 268
cat_boundaries=0 1
cat_threshold=1
is_linear=0
shrinkage=0.05


Tree=4
num_leaves=5
num_cat=1
split_feature=7 11 0 8
split_gain=0.243357 0.398052 6.93889e-18 3.46945e-18
threshold=11.000000000000002 37.500000000000007 0 75.000000000000014
decision_type=2 2 1 2
left_child=1 -1 3 -2
right_child=2 -3 -4 -5
leaf_value=0.00041912845335900784 0.00041912845335900784 -0.006562354137855414 0.00041912845335900784 0.00041912845335900784
leaf_weight=49 56 35.00000011920929 231 212
leaf_count=49 56 32 231 212
internal_value=-5.43138e-12 -0.00248982 0.000419128 0.000419128
internal_weight=583 84 499 268
internal_count=580 81 499 268
cat_boundaries=0 1
cat_threshold=1
is_linear=0
shrinkage=0.05


Tree=5
num_leaves=4
num_cat=0
split_feature=7 11 4
split_gain=0.21963 0.359242 6.93889e-18
threshold=11.000000000000002 37.500000000000007 84.000000000000014
decision_type=2 2 2
left_child=1 -1 -2
right_child=2 -3 -4
leaf_value=0.00039817201904952527 0.00039817201904952527 -0.0062342363383625704 0.00039817201904952527
leaf_weight=49 429 35.00000011920929 70
leaf_count=49 429 32 70
internal_value=-1.05433e-11 -0.00236533 0.000398172
internal_weight=583 84 499
internal_count=580 81 499
is_linear=0
shrinkage=0.05


Tree=6
num_leaves=5
num_cat=0
split_feature=7 11 11 11
split_gain=0.198216 0.324216 3.46945e-18 1.73472e-18
threshold=11.000000000000002 37.500000000000007 21.000000000000004 13.500000000000002
decision_type=2 2 2 2
left_child=1 -1 3 -2
right_child=2 -3 -4 -5
leaf_value=0.00037826341576874256 0.00037826341576874256 -0.0059225244299087381 0.00037826341576874256 0.00037826341576874256
leaf_weight=49 41 35.00000011920929 285 173
leaf_count=49 41 32 285 173
internal_value=-6.70936e-12 -0.00224706 0.000378263 0.000378263
internal_weight=583 84 499 214
internal_count=580 81 499 214
is_linear=0
shrinkage=0.05


Tree=7
num_leaves=4
num_cat=1
split_feature=12 6 8
split_gain=0.123889 0.347606 3.46945e-18
threshold=1.8826500000000002 0 110.00000000000001
decision_type=2 1 2
left_child=2 -2 -1
right_child=1 -3 -4
leaf_value=0.00035935025662183764 -0.00562639822065354 0.00035935025662183764 0.00035935025662183764
leaf_weight=398 35.00000011920929 79 71
leaf_count=398 32 79 71
internal_value=3.83392e-12 -0.00147838 0.00035935
internal_weight=583 114 469
internal_count=580 111 469
cat_boundaries=0 1
cat_threshold=2
is_linear=0
shrinkage=0.05


Tree=8
num_leaves=5
num_cat=1
split_feature=7 11 0 11
split_gain=0.161448 0.264076 3.46945e-18 1.73472e-18
threshold=11.000000000000002 37.500000000000007 0 27.000000000000004
decision_type=2 2 1 2
left_child=1 -1 -2 -4
right_child=2 -3 3 -5
leaf_value=0.00034138273913413291 0.00034138273913413291 -0.0053450784543749999 0.00034138273913413291 0.00034138273913413291
leaf_weight=49 268 35.00000011920929 170 61
leaf_count=49 268 32 170 61
internal_value=-9.42505e-12 -0.00202798 0.000341383 0.000341383
internal_weight=583 84 499 231
internal_count=580 81 499 231
cat_boundaries=0 1
cat_threshold=1
is_linear=0
shrinkage=0.05


Tree=9
num_leaves=6
num_cat=1
split_feature=7 11 0 13 13
split_gain=0.145707 0.238329 3.46945e-18 1.73472e-18 4.33681e-19
threshold=11.000000000000002 37.500000000000007 0 2.5000000000000004 11.500000000000002
decision_type=2 2 1 2 2
left_child=1 4 -2 -4 -1
right_child=2 -3 3 -5 -6
leaf_value=0.00032431359868496658 0.00032431359868496658 -0.0050778248733185875 0.00032431359868496658 0.00032431359868496658 0.00032431359868496658
leaf_weight=26 268 35.00000011920929 21 210 23
leaf_count=26 268 32 21 210 23
internal_value=-3.2748e-11 -0.00192658 0.000324314 0.000324314 0.000324314
internal_weight=583 84 499 231 49
internal_count=580 81 499 231 49
cat_boundaries=0 1
cat_threshold=1
is_linear=0
shrinkage=0.05


Tree=10
num_leaves=5
num_cat=0
split_feature=7 13 14 4
split_gain=0.1315 0.230822 0.0516332 3.46945e-18
threshold=11.000000000000002 8.5000000000000018 3.5000000000000004 86.500000000000014
decision_type=2 2 2 2
left_child=1 -1 -3 -2
right_child=3 2 -4 -5
leaf_value=-0.0050885941543605054 0.00030809792224317789 0.0016417419376988534 -0.0015779841259916799 0.00030809792224317789
leaf_weight=33.00000011920929 443 29.399999976158142 21.600000023841858 56
leaf_count=31 443 29 21 56
internal_value=1.93293e-11 -0.00183025 0.000278093 0.000308098
internal_weight=583 84 51 499
internal_count=580 81 50 499
is_linear=0
shrinkage=0.05


Tree=11
num_leaves=4
num_cat=0
split_feature=7 11 13
split_gain=0.118679 0.211482 0.000171956
threshold=11.000000000000002 37.500000000000007 11.500000000000002
decision_type=2 2 2
left_child=1 2 -1
right_child=-2 -3 -4
leaf_value=0.00046968938549980522 0.00029269303195178509 -0.0047071966900750686 0.00028200605985425091
leaf_weight=26 499 35.00000011920929 23
leaf_count=26 499 32 23
internal_value=2.79557e-12 -0.00173874 0.000381593
internal_weight=583 84 49
internal_count=580 81 49
is_linear=0
shrinkage=0.05


Tree=12
num_leaves=5
num_cat=0
split_feature=7 13 14 4
split_gain=0.107108 0.204197 0.0476583 1.73472e-18
threshold=11.000000000000002 8.5000000000000018 3.5000000000000004 81.500000000000014
decision_type=2 2 2 2
left_child=1 -1 -3 -2
right_child=3 2 -4 -5
leaf_value=-0.0047164615750621246 0.00027805836871266367 0.0016413264989313739 -0.0014519861590095292 0.00027805836871266367
leaf_weight=33.00000011920929 380 29.399999976158142 21.600000023841858 119
leaf_count=31 380 29 21 119
internal_value=-1.47366e-11 -0.0016518 0.000331218 0.000278058
internal_weight=583 84 51 499
internal_count=580 81 50 499
is_linear=0
shrinkage=0.05


Tree=13
num_leaves=4
num_cat=0
split_feature=7 11 14
split_gain=0.0966649 0.187685 0.000288824
threshold=11.000000000000002 37.500000000000007 3.5000000000000004
decision_type=2 2 2
left_child=1 2 -1
right_child=-2 -3 -4
leaf_value=0.00030932427477091553 0.00026415544562041759 -0.0043656704639003256 0.00055215811977783844
leaf_weight=25 499 35.00000011920929 24
leaf_count=25 499 32 24
internal_value=4.0336e-12 -0.00156921 0.000428263
internal_weight=583 84 49
internal_count=580 81 49
is_linear=0
shrinkage=0.05


Tree=14
num_leaves=4
num_cat=0
split_feature=7 13 13
split_gain=0.0872401 0.18043 0.0447549
threshold=11.000000000000002 8.5000000000000018 12.500000000000002
decision_type=2 2 2
left_child=1 -1 -3
right_child=-2 2 -4
leaf_value=-0.0043715481333220611 0.00025094768498092892 0.0018602897601034719 -0.0011020766750075141
leaf_weight=33.00000011920929 499 25.399999976158142 25.600000023841858
leaf_count=31 499 25 25
internal_value=4.87227e-12 -0.00149075 0.000373298
internal_weight=583 84 51
internal_count=580 81 50
is_linear=0
shrinkage=0.05


Tree=15
num_leaves=5
num_cat=0
split_feature=7 11 14 4
split_gain=0.0787342 0.166765 0.000186669 1.73472e-18
threshold=11.000000000000002 37.500000000000007 3.5000000000000004 84.000000000000014
decision_type=2 2 2 2
left_child=1 2 -1 -2
right_child=3 -3 -4 -5
leaf_value=0.00037103556364309045 0.00023840030189603567 -0.0040522237835535872 0.00056625765767724559 0.00023840030189603567
leaf_weight=25 429 35.00000011920929 24 70
leaf_count=25 429 32 24 70
internal_value=-1.60995e-11 -0.00141621 0.000466655 0.0002384
internal_weight=583 84 49 499
internal_count=580 81 49 499
is_linear=0
shrinkage=0.05


Tree=16
num_leaves=7
num_cat=2
split_feature=12 6 6 13 14 11
split_gain=0.059548 0.16119 0.00041111 0.000955991 9.98508e-05 8.67362e-19
threshold=1.8826500000000002 0 1 8.5000000000000018 3.5000000000000004 36.000000000000007
decision_type=2 1 1 2 2 2
left_child=2 -2 3 -1 -5 -4
right_child=1 -3 5 4 -6 -7
leaf_value=0.00056457273458363486 -0.003849612525191946 0.0002264802809804678 0.0002264802809804678 0.00016458871587587964 0.00029795258492231369 0.0002264802809804678
leaf_weight=32 35.00000011920929 79 325 32 25 55
leaf_count=32 32 79 325 32 25 55
internal_value=-1.51507e-11 -0.00102495 0.000249135 0.000345865 0.000223082 0.00022648
internal_weight=583 114 469 89 57 380
internal_count=580 111 469 89 57 380
cat_boundaries=0 1 2
cat_threshold=2 2
is_linear=0
shrinkage=0.05


Tree=17
num_leaves=5
num_cat=1
split_feature=7 13 14 6
split_gain=0.0637999 0.156883 0.0466018 7.01797e-07
threshold=11.000000000000002 8.5000000000000018 3.5000000000000004 0
decision_type=2 2 2 1
left_child=1 -1 -3 -2
right_child=3 2 -4 -5
leaf_value=-0.0039610961929917475 0.00020825084473472091 0.001758827942049758 -0.0013000058045455501 0.00021515625994652512
leaf_weight=33.00000011920929 40 29.399999976158142 21.600000023841858 459
leaf_count=31 40 29 21 459
internal_value=-2.9004e-12 -0.00127484 0.000463322 0.000214603
internal_weight=583 84 51 499
internal_count=580 81 50 499
cat_boundaries=0 1
cat_threshold=2
is_linear=0
shrinkage=0.05


Tree=18
num_leaves=7
num_cat=2
split_feature=7 13 13 6 0 14
split_gain=0.0575795 0.141587 0.042572 6.33375e-07 8.67362e-19 4.33681e-19
threshold=11.000000000000002 8.5000000000000018 12.500000000000002 0 1 1.5000000000000002
decision_type=2 2 2 1 1 2
left_child=1 -1 -3 -2 -5 -6
right_child=3 2 -4 4 5 -7
leaf_value=-0.0037630418828697209 0.00019783830095548182 0.0018904289710443591 -0.00099878718626973022 0.00020439845975488426 0.00020439845975488426 0.00020439845975488426
leaf_weight=33.00000011920929 40 25.399999976158142 25.600000023841858 228 57 174
leaf_count=31 40 25 25 228 57 174
internal_value=-2.34827e-11 -0.0012111 0.000440156 0.000203873 0.000204398 0.000204398
internal_weight=583 84 51 499 459 231
internal_count=580 81 50 499 459 231
cat_boundaries=0 1 2
cat_threshold=2 1
is_linear=0
shrinkage=0.05


Tree=19
num_leaves=6
num_cat=1
split_feature=7 11 13 6 4
split_gain=0.0519654 0.131963 0.00252914 5.7162e-07 1.73472e-18
threshold=11.000000000000002 37.500000000000007 9.5000000000000018 0 76.000000000000014
decision_type=2 2 2 1 2
left_child=1 2 -1 -2 -5
right_child=3 -3 -4 4 -6
leaf_value=0.00093915789232899751 0.00018794638774124908 -0.0034954235583699654 0.00021327575419231187 0.00019417853327468039 0.00019417853327468039
leaf_weight=21 40 35.00000011920929 28 329 130
leaf_count=21 40 32 28 329 130
internal_value=2.43214e-11 -0.00115055 0.000524368 0.000193679 0.000194179
internal_weight=583 84 49 499 459
internal_count=580 81 49 499 459
cat_boundaries=0 1
cat_threshold=2
is_linear=0
shrinkage=0.05


Tree=20
num_leaves=6
num_cat=3
split_feature=12 6 6 13 10
split_gain=0.0450675 0.119195 0.000833988 0.00211204 4.61444e-05
threshold=1.8826500000000002 0 1 8.5000000000000018 2
decision_type=2 1 1 2 1
left_child=2 -2 3 -1 -5
right_child=1 -3 -4 4 -6
leaf_value=0.00067958799336338422 -0.0033206526928436664 0.00018446961184963586 0.00018446961184963586 0.00012458742734182765 0.00021468738404413067
leaf_weight=32 35.00000011920929 79 380 27 30
leaf_count=32 32 79 380 27 30
internal_value=8.64628e-12 -0.000891664 0.000216737 0.000354509 0.000172008
internal_weight=583 114 469 89 57
internal_count=580 111 469 89 57
cat_boundaries=0 1 2 3
cat_threshold=2 2 4
is_linear=0
shrinkage=0.05


Tree=21
num_leaves=6
num_cat=1
split_feature=7 11 14 6 11
split_gain=0.0419042 0.108012 0.000325491 4.01761e-06 8.67362e-19
threshold=11.000000000000002 37.500000000000007 3.5000000000000004 0 10.500000000000002
decision_type=2 2 2 1 2
left_child=1 2 -1 -2 -5
right_child=3 -3 -4 4 -6
leaf_value=0.00035587508813478058 0.00015872393414610998 -0.0031546202620280801 0.00061366243511050324 0.00017524613067507744 0.00017524613067507744
leaf_weight=25 40 35.00000011920929 24 21 438
leaf_count=25 40 32 24 21 438
internal_value=-4.38305e-12 -0.00103318 0.000482138 0.000173922 0.000175246
internal_weight=583 84 49 499 459
internal_count=580 81 49 499 459
cat_boundaries=0 1
cat_threshold=2
is_linear=0
shrinkage=0.05


Tree=22
num_leaves=6
num_cat=1
split_feature=7 13 13 6 11
split_gain=0.0378185 0.122061 0.0404237 3.62589e-06 8.67362e-19
threshold=11.000000000000002 8.5000000000000018 12.500000000000002 0 39.500000000000007
decision_type=2 2 2 1 2
left_child=1 -1 -3 -2 -5
right_child=3 2 -4 4 -6
leaf_value=-0.0033509635894552743 0.00015078773780260237 0.0019648600906962462 -0.00085051659687366838 0.00016648381715640427 0.00016648381715640427
leaf_weight=33.00000011920929 40 25.399999976158142 25.600000023841858 399 60
leaf_count=31 40 25 25 399 60
internal_value=7.01887e-12 -0.000981519 0.000551651 0.000165226 0.000166484
internal_weight=583 84 51 499 459
internal_count=580 81 50 499 459
cat_boundaries=0 1
cat_threshold=2
is_linear=0
shrinkage=0.05


Tree=23
num_leaves=8
num_cat=4
split_feature=12 6 7 14 6 0 0
split_gain=0.035425 0.0926366 0.00201709 0.000215116 3.21873e-06 4.33681e-19 1.0842e-19
threshold=1.8826500000000002 0 11.000000000000002 3.5000000000000004 1 2 3
decision_type=2 1 2 2 1 1 1
left_child=2 -2 3 -1 -4 -6 -3
right_child=1 6 4 -5 5 -7 -8
leaf_value=0.00039309041108936076 -0.0029318942987684037 0.00015815963270142676 0.00014324835152365267 0.00060266019572736702 0.00015815963270142676 0.00015815963270142676 0.00015815963270142676
leaf_weight=25 35.00000011920929 47 40 24 181 199 32
leaf_count=25 32 47 40 24 181 199 32
internal_value=1.65338e-11 -0.000790541 0.000192157 0.000495737 0.00015674 0.00015816 0.00015816
internal_weight=583 114 469 49 420 380 79
internal_count=580 111 469 49 420 380 79
cat_boundaries=0 1 2 3 4
cat_threshold=2 2 1 1
is_linear=0
shrinkage=0.05


Tree=24
num_leaves=8
num_cat=2
split_feature=12 6 7 13 6 11 12
split_gain=0.031971 0.0836045 0.00182042 0.00280601 2.9049e-06 4.33681e-19 1.0842e-19
threshold=1.8826500000000002 0 11.000000000000002 9.5000000000000018 1 18.500000000000004 1.9246000000000001
decision_type=2 1 2 2 1 2 2
left_child=2 -2 3 -1 -4 -6 -3
right_child=1 6 4 -5 5 -7 -8
leaf_value=0.00090785389738379143 -0.0027852999962728366 0.00015025164466351271 0.00013608593377284706 0.0001432720503154477 0.00015025164466351271 0.00015025164466351271 0.00015025164466351271
leaf_weight=21 35.00000011920929 20 40 28 130 250 59
leaf_count=21 32 20 40 28 130 250 59
internal_value=-1.49163e-11 -0.000751014 0.000182549 0.00047095 0.000148903 0.000150252 0.000150252
internal_weight=583 114 469 49 420 380 79
internal_count=580 111 469 49 420 380 79
cat_boundaries=0 1 2
cat_threshold=2 2
is_linear=0
shrinkage=0.05


Tree=25
num_leaves=7
num_cat=2
split_feature=12 6 6 13 13 13
split_gain=0.0288539 0.0754531 0.000754076 0.00258163 0.000183916 4.33681e-19
threshold=1.8826500000000002 0 1 8.5000000000000018 12.500000000000002 16.500000000000004
decision_type=2 1 1 2 2 2
left_child=2 -2 3 -1 -5 -4
right_child=1 -3 5 4 -6 -7
leaf_value=0.00066383190896885942 -0.0026460346915175756 0.00014273906126618385 0.00014273906126618385 -1.4938261925375889e-05 0.00017125194798508245 0.00014273906126618385
leaf_weight=32 35.00000011920929 79 357 21 36 23
leaf_count=32 32 79 357 21 36 23
internal_value=3.9737e-12 -0.000713463 0.000173422 0.000304427 0.000102656 0.000142739
internal_weight=583 114 469 89 57 380
internal_count=580 111 469 89 57 380
cat_boundaries=0 1 2
cat_threshold=2 2
is_linear=0
shrinkage=0.05


Tree=26
num_leaves=12
num_cat=3
split_feature=12 13 10 13 7 13 6 0 4 11 14
split_gain=0.0260406 0.0708303 0.105033 0.0643402 0.00158845 0.00240898 8.30633e-06 4.33681e-19 2.1684e-19 2.1684e-19 1.0842e-19
threshold=1.8826500000000002 8.5000000000000018 0 13.500000000000002 11.000000000000002 9.5000000000000018 1 2 86.500000000000014 17.500000000000004 2.5000000000000004
decision_type=2 2 1 2 2 2 1 1 2 2 2
left_child=4 2 -2 -3 5 -1 -6 8 10 -9 -8
right_child=1 3 -4 -5 6 -7 7 9 -10 -11 -12
leaf_value=0.00083896634563903466 -0.0040189364731721619 0.0021041714877390485 0.00013560211518779398 -0.001441166016161362 0.00011164814291987568 0.00013053819857304917 0.00013560211518779398 0.00013560211518779398 0.00013560211518779398 0.00013560211518779398 0.00013560211518779398
leaf_weight=21 29.00000011920929 31.399999976158142 32 21.600000023841858 40 28 50 50 56 149 75
leaf_count=21 27 31 32 21 40 28 50 50 56 149 75
internal_value=8.11213e-13 -0.00067779 -0.00183951 0.000659279 0.000164751 0.00043415 0.000133321 0.000135602 0.000135602 0.000135602 0.000135602
internal_weight=583 114 61 53 469 49 420 380 181 199 125
internal_count=580 111 59 52 469 49 420 380 181 199 125
cat_boundaries=0 1 2 3
cat_threshold=4 2 1
is_linear=0
shrinkage=0.05


Tree=27
num_leaves=9
num_cat=2
split_feature=7 13 13 12 13 10 6 13
split_gain=0.0235978 0.0992553 0.0366891 1.58139e-05 3.60922e-05 4.63617e-05 7.49646e-06 4.33681e-19
threshold=11.000000000000002 8.5000000000000018 12.500000000000002 1.8826500000000002 8.5000000000000018 0 1 3.5000000000000004
decision_type=2 2 2 2 2 1 1 2
left_child=1 -1 -3 6 5 -5 -2 -8
right_child=3 2 -4 4 -6 -7 7 -9
leaf_value=-0.002911981667286585 0.00010606573574477806 0.0019535686787291689 -0.00072860484124604103 0.00012882200535386802 0.00011410289735067636 0.00023268547374755144 0.00012882200535386802 0.00012882200535386802
leaf_weight=33.00000011920929 40 25.399999976158142 25.600000023841858 21 36 22 51 329
leaf_count=31 40 25 25 21 36 22 51 329
internal_value=5.79081e-12 -0.000775322 0.000607223 0.000130515 0.000151039 0.000181961 0.000126655 0.000128822
internal_weight=583 84 51 499 79 43 420 380
internal_count=580 81 50 499 79 43 420 380
cat_boundaries=0 1 2
cat_threshold=1 2
is_linear=0
shrinkage=0.05


Tree=28
num_leaves=8
num_cat=3
split_feature=12 6 7 13 13 10 6
split_gain=0.0227088 0.0620486 0.00180766 0.00274173 3.25732e-05 4.18414e-05 6.76556e-06
threshold=1.8826500000000002 0 11.000000000000002 9.5000000000000018 8.5000000000000018 1 2
decision_type=2 1 2 2 2 1 1
left_child=2 -2 3 -1 5 -3 -4
right_child=1 4 6 -5 -6 -7 -8
leaf_value=0.00087310927864607611 -0.0023854673679029352 0.00012238090857863426 0.00010076244885567575 0.00011733517011245048 0.00010839775342093264 0.00022105119423940778 0.00012238090857863426
leaf_weight=21 35.00000011920929 21 40 28 36 22 380
leaf_count=21 32 21 40 28 36 22 380
internal_value=1.56851e-11 -0.000632947 0.000153851 0.000441238 0.000143487 0.000172863 0.000120322
internal_weight=583 114 469 49 79 43 420
internal_count=580 111 469 49 79 43 420
cat_boundaries=0 1 2 3
cat_threshold=2 1 2
is_linear=0
shrinkage=0.05


Tree=29
num_leaves=8
num_cat=1
split_feature=12 13 12 13 7 13 6
split_gain=0.0204947 0.0612818 0.0927874 0.0575831 0.00163141 0.00247441 6.10592e-06
threshold=1.8826500000000002 8.5000000000000018 1.9246000000000001 13.500000000000002 11.000000000000002 9.5000000000000018 0
decision_type=2 2 2 2 2 2 1
left_child=4 2 -2 -3 5 -1 -6
right_child=1 3 -4 -5 6 -7 -8
leaf_value=0.00082945381291210651 -0.0037303292673440155 0.0020093011631683189 0.0001745308909448795 -0.0013447042811409972 9.5724325365154083e-05 0.00011146840832744992 0.00011626186314970255
leaf_weight=21 29.00000011920929 31.399999976158142 32 21.600000023841858 40 28 380
leaf_count=21 27 31 32 21 40 28 380
internal_value=1.68083e-11 -0.000601299 -0.00168188 0.000642386 0.000146158 0.000419176 0.000114306
internal_weight=583 114 61 53 469 49 420
internal_count=580 111 59 52 469 49 420
cat_boundaries=0 1
cat_threshold=2
is_linear=0
shrinkage=0.05


Tree=30
num_leaves=9
num_cat=1
split_feature=12 13 12 13 7 13 6 4
split_gain=0.0184965 0.0553069 0.0837407 0.0519687 0.00147235 0.00223316 5.51059e-06 4.33681e-19
threshold=1.8826500000000002 8.5000000000000018 1.9246000000000001 13.500000000000002 11.000000000000002 9.5000000000000018 0 84.000000000000014
decision_type=2 2 2 2 2 2 1 2
left_child=4 2 -2 -3 5 -1 -6 -8
right_child=1 3 -4 -5 6 -7 7 -9
leaf_value=0.00078798109953779553 -0.003543813470314028 0.0019088360746825992 0.00016580433857598111 -0.0012774691348850932 9.0938109060516588e-05 0.0001058949889349086 0.00011044876882806421 0.00011044876882806421
leaf_weight=21 29.00000011920929 31.399999976158142 32 21.600000023841858 40 28 310 70
leaf_count=21 27 31 32 21 40 28 310 70
internal_value=-2.32831e-11 -0.000571234 -0.00159778 0.000610266 0.00013885 0.000398218 0.000108591 0.000110449
internal_weight=583 114 61 53 469 49 420 380
internal_count=580 111 59 52 469 49 420 380
cat_boundaries=0 1
cat_threshold=2
is_linear=0
shrinkage=0.05


Tree=31
num_leaves=16
num_cat=1
split_feature=7 13 14 12 12 13 13 4 4 11 1 4 12 14 10
split_gain=0.0174841 0.0778401 0.0451107 8.94654e-05 0.000364642 9.70301e-05 1.77025e-06 4.69208e-06 1.09042e-06 1.51128e-06 9.3763e-08 7.85979e-08 1.72907e-07 7.82786e-08 9.22233e-09
threshold=11.000000000000002 8.5000000000000018 3.5000000000000004 1.8826500000000002 1.9246000000000001 8.5000000000000018 8.5000000000000018 39.000000000000007 81.500000000000014 17.500000000000004 42.000000000000007 86.500000000000014 1.6002500000000002 3.5000000000000004 0
decision_type=2 2 2 2 2 2 2 2 2 2 2 2 2 2 1
left_child=1 -1 -3 6 -5 -6 7 -2 -9 -10 -8 12 13 -12 -14
right_child=3 2 -4 4 5 -7 10 8 9 -11 11 -13 14 -15 -16
leaf_value=-0.0025595418480190662 7.7189809997521702e-05 0.0018315862664889078 -0.0011779137971610681 0.00034566043119411917 0.00015751412411191268 2.8810035264878362e-05 0.00010492632864043117 0.00010492632864043117 0.00010492632864043117 8.639329118357802e-05 0.00011194663415865406 0.00010492632864043117 0.00010635445825755597 0.00010772438198771505 0.00010492632864043117
leaf_weight=33.00000011920929 21 29.399999976158142 21.600000023841858 20 32 27 115 114 22 22 23 36 20 21 26
leaf_count=31 21 29 21 20 32 27 115 114 22 22 23 36 20 21 26
internal_value=2.49604e-12 -0.000667371 0.000556974 0.000112343 0.000161159 9.86156e-05 0.000103161 9.93945e-05 0.000102346 9.56598e-05 0.000105959 0.000106901 0.000107691 0.000109931 0.000105547
internal_weight=583 84 51 499 79 59 420 179 158 44 241 126 90 44 46
internal_count=580 81 50 499 79 59 420 179 158 44 241 126 90 44 46
cat_boundaries=0 1
cat_threshold=2
is_linear=0
shrinkage=0.05


Tree=32
num_leaves=15
num_cat=3
split_feature=12 6 6 13 13 12 13 4 4 13 1 11 13 10
split_gain=0.0161828 0.0486365 0.000727502 0.00330615 0.000371312 0.000329089 8.75696e-05 3.15462e-09 7.96761e-10 1.30011e-09 9.09102e-11 1.4715e-10 1.9098e-10 8.15311e-12
threshold=1.8826500000000002 0 1 8.5000000000000018 12.500000000000002 1.9246000000000001 8.5000000000000018 39.000000000000007 81.500000000000014 8.5000000000000018 42.000000000000007 29.000000000000004 9.5000000000000018 2
decision_type=2 1 1 2 2 2 2 2 2 2 2 2 2 1
left_child=2 -2 3 -1 -5 -3 -7 -4 10 -10 -9 12 -12 -13
right_child=1 5 7 4 -6 6 -8 8 9 -11 11 13 -14 -15
leaf_value=0.00066527498393043061 -0.0020859088890521566 0.00032837741076946264 0.00010028164600953461 -0.00013687109300614491 0.00012768387058107085 0.00014963841804274127 2.7369535355656238e-05 9.968001395463944e-05 0.00010005568462499494 9.968001395463944e-05 9.9655467784032234e-05 9.964546113605462e-05 9.9439578618676892e-05 9.968001395463944e-05
leaf_weight=32 35.00000011920929 20 25 21 36 32 27 147 37 61 20 31 21 38
leaf_count=32 32 20 25 21 36 32 27 147 37 61 20 31 21 38
internal_value=7.32681e-12 -0.000534315 0.000129876 0.000258552 3.02163e-05 0.000153101 9.36849e-05 9.97388e-05 9.97005e-05 9.98218e-05 9.96543e-05 9.96199e-05 9.95449e-05 9.96645e-05
internal_weight=583 114 469 89 57 79 59 380 355 98 257 110 41 69
internal_count=580 111 469 89 57 79 59 380 355 98 257 110 41 69
cat_boundaries=0 1 2 3
cat_threshold=2 2 2
is_linear=0
shrinkage=0.05


Tree=33
num_leaves=18
num_cat=3
split_feature=12 6 7 14 12 14 6 4 4 11 1 11 15 10 1 1 3
split_gain=0.014605 0.0438944 0.00158525 0.000357917 0.000297003 6.80956e-05 1.22268e-05 2.84707e-09 7.19074e-10 9.38044e-10 8.20443e-11 1.32802e-10 7.75113e-12 7.35767e-12 3.25782e-12 3.26801e-14 1.0842e-19
threshold=1.8826500000000002 0 11.000000000000002 3.5000000000000004 1.9246000000000001 2.5000000000000004 1 39.000000000000007 81.500000000000014 17.500000000000004 42.000000000000007 29.000000000000004 2.5000000000000004 2 42.000000000000007 42.000000000000007 1.5000000000000002
decision_type=2 1 2 2 2 2 1 2 2 2 2 2 2 1 2 2 2
left_child=2 -2 3 -1 -3 -6 -4 -8 10 15 16 12 -12 -13 -11 -10 -9
right_child=1 4 6 -5 5 -7 7 8 9 14 11 13 -14 -15 -16 -17 -18
leaf_value=0.00026010673542623409 -0.0019816138421412405 0.00031195853021927179 6.568956281626015e-05 0.00053042995440174916 0.00016401091241277754 5.0533794535276214e-05 9.5267564989626408e-05 9.469601209275425e-05 9.4686620286665857e-05 9.4984880045310345e-05 9.4546429768559484e-05 9.4663188041698557e-05 9.4589922809973359e-05 9.469601209275425e-05 9.5011793208591965e-05 9.4689181688326331e-05 9.469601209275425e-05
leaf_weight=25 35.00000011920929 20 40 24 20 39 25 115 20 22 21 31 20 38 23 33 32
leaf_count=25 32 20 40 24 20 39 25 115 20 22 21 31 20 38 23 33 32
internal_value=-1.78198e-11 -0.000507599 0.000123382 0.00039251 0.000145446 8.90006e-05 9.1984e-05 9.47518e-05 9.47155e-05 9.48308e-05 9.46716e-05 9.46389e-05 9.45676e-05 9.46813e-05 9.49986e-05 9.46882e-05 9.4696e-05
internal_weight=583 114 469 49 79 59 420 380 355 98 257 110 41 69 45 53 147
internal_count=580 111 469 49 79 59 420 380 355 98 257 110 41 69 45 53 147
cat_boundaries=0 1 2 3
cat_threshold=2 2 2
is_linear=0
shrinkage=0.05


Tree=34
num_leaves=17
num_cat=4
split_feature=12 13 10 14 6 13 13 4 4 13 1 11 13 10 11 10
split_gain=0.013181 0.0481142 0.0711239 0.0505035 0.000592555 0.00300021 0.000354079 2.5695e-09 6.48971e-10 1.18211e-09 7.40387e-11 1.19848e-10 1.7191e-10 6.63899e-12 1.46482e-12 5.42101e-20
threshold=1.8826500000000002 8.5000000000000018 0 3.5000000000000004 1 8.5000000000000018 12.500000000000002 39.000000000000007 81.500000000000014 8.5000000000000018 42.000000000000007 29.000000000000004 9.5000000000000018 2 17.500000000000004 3
decision_type=2 2 1 2 1 2 2 2 2 2 2 2 2 1 2 1
left_child=4 2 -2 -3 5 -1 -7 -6 10 -10 15 12 -12 -13 -11 -9
right_child=1 3 -4 -5 7 6 -8 8 9 14 11 13 -14 -15 -16 -17
leaf_value=0.00062079105575776341 -0.0032331417567179458 0.0021116720219876511 0.00018562014010967687 -0.0009770115657370662 9.0504187624901536e-05 -0.0001473353850694063 0.00011100749753596676 8.9961208868771794e-05 9.03121881640038e-05 8.9961593602633778e-05 8.99441764340736e-05 8.993002909025359e-05 8.9739348983303426e-05 8.9961208868771794e-05 8.9946095249615618e-05 8.9961208868771794e-05
leaf_weight=32 29.00000011920929 27.399999976158142 32 25.600000023841858 25 21 36 71 37 31 20 31 21 38 30 76
leaf_count=32 27 27 32 25 25 21 36 71 37 31 20 31 21 38 30 76
internal_value=5.69472e-12 -0.000482219 -0.00143969 0.00061978 0.000117213 0.000233343 1.58285e-05 9.00142e-05 8.99797e-05 9.00892e-05 8.9938e-05 8.9907e-05 8.98393e-05 8.99472e-05 8.9954e-05 8.99612e-05
internal_weight=583 114 61 53 469 89 57 380 355 98 257 110 41 69 61 147
internal_count=580 111 59 52 469 89 57 380 355 98 257 110 41 69 61 147
cat_boundaries=0 1 2 3 4
cat_threshold=4 2 2 4
is_linear=0
shrinkage=0.05


Tree=35
num_leaves=16
num_cat=2
split_feature=12 13 12 13 6 13 13 4 4 13 1 13 11 11 10
split_gain=0.0118959 0.043423 0.0646012 0.0469153 0.00053478 0.00270769 0.000319556 2.31895e-09 5.8567e-10 1.06685e-09 6.68287e-11 1.11653e-10 2.00008e-10 1.32214e-12 4.58241e-14
threshold=1.8826500000000002 8.5000000000000018 1.9246000000000001 13.500000000000002 0 8.5000000000000018 12.500000000000002 39.000000000000007 81.500000000000014 8.5000000000000018 42.000000000000007 8.5000000000000018 29.000000000000004 17.500000000000004 1
decision_type=2 2 2 2 1 2 2 2 2 2 2 2 2 2 1
left_child=4 2 -2 -3 5 -1 -7 -6 10 -10 -9 14 -13 -11 -12
right_child=1 3 -4 -5 7 6 -8 8 9 13 11 12 -14 -15 -16
leaf_value=0.00058975151168851883 -0.0030769423390947857 0.0018226097983497606 0.00018128464616893326 -0.0012048168711138634 8.5978978546336296e-05 -0.00013996861647077216 0.00010545712494705287 8.5463153664022687e-05 8.5796578787267208e-05 8.5463515114820297e-05 8.5466134425422018e-05 8.5250100971240075e-05 8.5436911965524297e-05 8.5448790923692289e-05 8.5469208554261267e-05
leaf_weight=32 29.00000011920929 31.399999976158142 32 21.600000023841858 25 21 36 147 37 31 22 23 38 30 27
leaf_count=32 27 31 32 21 25 21 36 147 37 31 22 23 38 30 27
internal_value=-1.66174e-11 -0.000458108 -0.00136771 0.000588791 0.000111352 0.000221676 1.50371e-05 8.55135e-05 8.54808e-05 8.55848e-05 8.54411e-05 8.54116e-05 8.53665e-05 8.54563e-05 8.54678e-05
internal_weight=583 114 61 53 469 89 57 380 355 98 257 110 61 61 49
internal_count=580 111 59 52 469 89 57 380 355 98 257 110 61 61 49
cat_boundaries=0 1 2
cat_threshold=2 1
is_linear=0
shrinkage=0.05


Tree=36
num_leaves=20
num_cat=4
split_feature=7 13 14 12 13 14 6 13 11 12 6 1 11 11 11 10 6 8 11
split_gain=0.0110763 0.0605743 0.0390298 0.00016997 0.000610561 0.000109966 3.19805e-05 1.42747e-09 1.41835e-09 1.99681e-09 3.52091e-09 6.71397e-11 8.10139e-11 1.783e-10 6.08444e-11 1.26403e-11 1.04507e-11 2.4288e-13 6.54446e-14
threshold=11.000000000000002 8.5000000000000018 3.5000000000000004 1.8826500000000002 8.5000000000000018 2.5000000000000004 0 8.5000000000000018 21.000000000000004 1.7083500000000003 1 42.000000000000007 29.000000000000004 15.500000000000002 17.500000000000004 2 3 95.000000000000014 36.000000000000007
decision_type=2 2 2 2 2 2 1 2 2 2 1 2 2 2 2 1 1 2 2
left_child=1 -1 -3 6 5 -5 -2 8 14 10 -10 16 13 -13 -8 -16 17 -9 -14
right_child=3 2 -4 4 -6 -7 7 11 9 -11 -12 12 18 -15 15 -17 -18 -19 -20
leaf_value=-0.0022003597556854385 3.4235961211379615e-05 0.0017344679850555102 -0.0010648517037109687 0.00036200822796672583 4.7862387469245328e-06 0.00020204756320232436 8.116088881108322e-05 8.1189995398744941e-05 8.1267192929416251e-05 8.1192302675316889e-05 8.2132911484222862e-05 8.1190298078581702e-05 8.1166586906258621e-05 8.0998994787384221e-05 8.122339764108452e-05 8.1276269629597674e-05 8.1151226913789295e-05 8.1184340632279166e-05 8.1170152671719814e-05
leaf_weight=33.00000011920929 40 29.399999976158142 21.600000023841858 22 36 21 38 64 23 31 24 21 31 29 26 20 24 27 22
leaf_count=31 40 29 21 22 36 21 38 64 23 31 24 21 31 29 26 20 24 27 22
internal_value=-3.78805e-12 -0.000531182 0.000548874 8.94175e-05 0.000156702 0.000283888 7.67615e-05 8.12379e-05 8.13503e-05 8.15038e-05 8.17093e-05 8.11543e-05 8.1125e-05 8.10793e-05 8.12077e-05 8.12464e-05 8.11806e-05 8.11883e-05 8.11681e-05
internal_weight=583 84 51 499 79 43 420 380 162 78 47 218 103 50 84 46 115 91 53
internal_count=580 81 50 499 79 43 420 380 162 78 47 218 103 50 84 46 115 91 53
cat_boundaries=0 1 2 3 4
cat_threshold=2 4 4 4
is_linear=0
shrinkage=0.05


Tree=37
num_leaves=20
num_cat=6
split_feature=12 14 6 6 0 10 11 4 8 1 11 11 4 4 10 11 10 12 14
split_gain=0.0104476 0.035613 0.0697085 0.000591666 0.00106866 0.000150991 8.94589e-05 1.94926e-09 5.01921e-10 8.79811e-11 5.62038e-11 5.77362e-11 4.38772e-11 4.30042e-11 5.8853e-12 5.16629e-14 1.51201e-14 3.71374e-15 3.57651e-17
threshold=1.8826500000000002 1.5000000000000002 0 1 2 3 21.000000000000004 39.000000000000007 110.00000000000001 42.000000000000007 29.000000000000004 17.500000000000004 81.500000000000014 84.000000000000014 4 17.500000000000004 5 1.4907500000000002 2.5000000000000004
decision_type=2 2 1 1 1 1 2 2 2 2 2 2 2 2 1 2 1 2 2
left_child=3 -2 -3 4 6 -4 -1 -5 9 12 11 -11 15 -10 -12 -9 -17 -18 -19
right_child=1 2 5 7 -6 -7 -8 8 13 10 14 -13 -14 -15 -16 16 17 18 -20
leaf_value=0.00015150030764440696 0.0015467721074329396 -0.0028181769711050314 -7.3729262626527447e-06 7.7602697303518658e-05 0.00046337201521964746 0.00015199973782901432 2.7488188397210953e-05 7.713156073198964e-05 7.7211893221829092e-05 7.7101852678294704e-05 7.7101815634617401e-05 7.7002020940805478e-05 7.7196488661381119e-05 7.7300318067004411e-05 7.713173216741001e-05 7.7128189796995798e-05 7.7129106422693574e-05 7.7129863149655821e-05 7.7129778620819078e-05
leaf_weight=33 19 30.00000011920929 23 25 30 42 26 30 20 28 31 30 30 44 35 27 29 22 29
leaf_count=33 19 27 23 25 30 42 26 30 20 28 31 30 30 44 35 27 29 22 29
internal_value=2.97029e-12 -0.000429318 -0.000824536 0.000104354 0.000220397 9.56063e-05 9.68509e-05 7.7176e-05 7.71459e-05 7.7118e-05 7.70861e-05 7.70502e-05 7.71417e-05 7.72727e-05 7.71177e-05 7.71297e-05 7.71292e-05 7.71296e-05 7.71298e-05
internal_weight=583 114 95 469 89 65 59 380 355 291 124 58 167 64 66 137 107 80 51
internal_count=580 111 92 469 89 65 59 380 355 291 124 58 167 64 66 137 107 80 51
cat_boundaries=0 1 2 3 4 5 6
cat_threshold=2 2 1 2 2 1
is_linear=0
shrinkage=0.05


Tree=38
num_leaves=21
num_cat=4
split_feature=12 13 10 14 6 13 14 4 4 13 1 11 13 10 11 13 10 11 12 12
split_gain=0.009429 0.0374922 0.0554308 0.0432163 0.000533978 0.00306212 0.000350309 1.7592e-09 4.55283e-10 8.82887e-10 5.05652e-11 8.68027e-11 1.15097e-10 5.4271e-12 1.8094e-12 1.21246e-13 8.82081e-14 9.37487e-15 6.52329e-15 1.92094e-15
threshold=1.8826500000000002 8.5000000000000018 0 3.5000000000000004 1 8.5000000000000018 3.5000000000000004 39.000000000000007 81.500000000000014 8.5000000000000018 42.000000000000007 29.000000000000004 9.5000000000000018 2 17.500000000000004 8.5000000000000018 3 19.500000000000004 1.3794500000000001 1.4907500000000002
decision_type=2 2 1 2 1 2 2 2 2 2 2 2 2 1 2 2 1 2 2 2
left_child=4 2 -2 -3 5 -1 -7 -6 10 -10 15 12 -12 -13 -11 16 -9 -18 -17 -20
right_child=1 3 -4 -5 7 6 -8 8 9 14 11 13 -14 -15 -16 18 17 -19 19 -21
leaf_value=0.00060080268103774876 -0.0028363306544833423 0.0019449979150902978 0.00018178879608967693 -0.00091217619871343373 7.372256042435766e-05 -0.0001199303327666712 0.00012986720970366151 7.3268646850589331e-05 7.3573007751759651e-05 7.3271901196529792e-05 7.3256234172731639e-05 7.3246723754451644e-05 7.3088635967689619e-05 7.3274914450992485e-05 7.3254676147674526e-05 7.3274898459203537e-05 7.327329505988885e-05 7.3271818109788001e-05 7.3273484700952065e-05 7.3274066380690783e-05
leaf_weight=32 29.00000011920929 27.399999976158142 32 25.600000023841858 25 32 25 22 37 31 20 31 21 38 30 20 21 22 22 40
leaf_count=32 27 27 32 25 25 32 25 22 37 31 20 31 21 38 30 20 21 22 22 40
internal_value=3.63423e-12 -0.000407852 -0.00125305 0.000564929 9.91367e-05 0.000209377 -1.037e-05 7.33172e-05 7.32886e-05 7.33803e-05 7.32536e-05 7.3228e-05 7.31704e-05 7.32622e-05 7.32634e-05 7.32728e-05 7.32712e-05 7.32725e-05 7.32741e-05 7.32739e-05
internal_weight=583 114 61 53 469 89 57 380 355 98 257 110 41 69 61 147 65 43 82 62
internal_count=580 111 59 52 469 89 57 380 355 98 257 110 41 69 61 147 65 43 82 62
cat_boundaries=0 1 2 3 4
cat_threshold=4 2 2 1
is_linear=0
shrinkage=0.05


Tree=39
num_leaves=22
num_cat=2
split_feature=12 13 12 13 7 13 6 4 4 11 13 1 13 11 13 13 10 4 11 12 12
split_gain=0.00850967 0.0338367 0.0504531 0.0415438 0.0014048 0.00287921 4.03589e-05 1.58768e-09 4.10887e-10 7.97249e-10 1.41177e-09 4.56342e-11 8.00886e-11 1.39168e-10 2.41265e-11 1.09434e-13 7.96299e-14 1.62569e-14 8.43886e-15 5.87559e-15 1.75786e-15
threshold=1.8826500000000002 8.5000000000000018 1.9246000000000001 13.500000000000002 11.000000000000002 9.5000000000000018 0 39.000000000000007 81.500000000000014 17.500000000000004 10.500000000000002 42.000000000000007 8.5000000000000018 29.000000000000004 8.5000000000000018 8.5000000000000018 1 44.000000000000007 19.500000000000004 1.3794500000000001 1.4907500000000002
decision_type=2 2 2 2 2 2 1 2 2 2 2 2 2 2 2 2 1 2 2 2 2
left_child=4 2 -2 -3 5 -1 -6 -8 11 14 -11 15 17 -14 -10 16 -9 -13 -18 -17 -21
right_child=1 3 -4 -5 6 -7 7 8 9 10 -12 12 13 -15 -16 19 18 -19 -20 20 -22
leaf_value=0.00079009354424973335 -0.0027009167501087158 0.0016977218953602418 0.00017850178778644477 -0.0011511250061354325 1.685025985352695e-05 1.5603247759697428e-05 7.0036432240158316e-05 6.9605213833380156e-05 6.9539841603149068e-05 7.01524155870588e-05 6.959216325017421e-05 6.961530947592109e-05 6.9431299040013041e-05 6.9587128267525463e-05 6.9608305761170006e-05 6.9611152575816952e-05 6.9609629212036021e-05 6.9613456485214943e-05 6.9608227931894362e-05 6.9609808005307889e-05 6.9610364444088195e-05
leaf_weight=21 29.00000011920929 31.399999976158142 32 21.600000023841858 40 28 25 22 22 22 23 20 23 38 31 20 21 29 22 22 40
leaf_count=21 27 31 32 21 40 28 25 22 22 22 23 20 23 38 31 20 21 29 22 22 40
internal_value=7.26348e-13 -0.000387459 -0.0011904 0.000536682 9.41799e-05 0.000347528 6.46226e-05 6.96513e-05 6.96242e-05 6.97113e-05 6.98661e-05 6.9591e-05 6.95666e-05 6.95284e-05 6.95799e-05 6.96092e-05 6.96077e-05 6.96142e-05 6.96089e-05 6.96104e-05 6.96102e-05
internal_weight=583 114 61 53 469 49 420 380 355 98 45 257 110 61 53 147 65 49 43 82 62
internal_count=580 111 59 52 469 49 420 380 355 98 45 257 110 61 53 147 65 49 43 82 62
cat_boundaries=0 1 2
cat_threshold=2 1
is_linear=0
shrinkage=0.05


Tree=40
num_leaves=21
num_cat=2
split_feature=7 13 14 12 13 14 6 4 4 13 1 13 12 12 13 10 4 12 13 12
split_gain=0.00775802 0.0461973 0.0329971 0.000191761 0.000913865 0.000112688 3.64239e-05 1.43289e-09 3.70825e-10 7.63697e-10 4.11862e-11 7.22776e-11 1.25602e-10 2.97634e-12 9.8711e-14 7.18443e-14 1.46873e-14 5.31961e-15 1.82181e-15 1.55574e-15
threshold=11.000000000000002 8.5000000000000018 3.5000000000000004 1.8826500000000002 8.5000000000000018 2.5000000000000004 0 39.000000000000007 81.500000000000014 8.5000000000000018 42.000000000000007 8.5000000000000018 1.6002500000000002 1.2178500000000001 8.5000000000000018 1 44.000000000000007 1.3794500000000001 5.5000000000000009 1.4907500000000002
decision_type=2 2 2 2 2 2 1 2 2 2 2 2 2 2 2 1 2 2 2 2
left_child=1 -1 -3 6 5 -5 -2 -8 10 -10 14 16 -13 -11 15 -9 -12 -16 -17 -19
right_child=3 2 -4 4 -6 -7 7 8 9 13 11 12 -14 -15 17 18 -18 19 -20 -21
leaf_value=-0.0019022462199953607 1.6007746453396975e-05 0.0015887871605785372 -0.00098511628671311144 0.00038098487010839485 -3.9555475167516211e-05 0.0002190570660223741 6.653461209498346e-05 6.6124954504299567e-05 6.6404948262749501e-05 6.6127889271404953e-05 6.6134543740190569e-05 6.5959733657781848e-05 6.610777299532569e-05 6.6105797304771838e-05 6.6130596387665712e-05 6.6128770982765641e-05 6.6132782476729362e-05 6.6129320872608909e-05 6.6128118487540635e-05 6.6129844344686714e-05
leaf_weight=33.00000011920929 40 29.399999976158142 21.600000023841858 22 36 21 25 22 37 31 20 23 38 30 20 23 29 22 20 40
leaf_count=31 40 29 21 22 36 21 25 22 37 31 20 23 38 30 20 23 29 22 20 40
internal_value=8.59761e-12 -0.000444551 0.000498663 7.48343e-05 0.000146302 0.000301904 6.13915e-05 6.61687e-05 6.6143e-05 6.62257e-05 6.61114e-05 6.60883e-05 6.6052e-05 6.6117e-05 6.61287e-05 6.61273e-05 6.61335e-05 6.61299e-05 6.61285e-05 6.61297e-05
internal_weight=583 84 51 499 79 43 420 380 355 98 257 110 61 61 147 65 49 82 43 62
internal_count=580 81 50 499 79 43 420 380 355 98 257 110 61 61 147 65 49 82 43 62
cat_boundaries=0 1 2
cat_threshold=2 1
is_linear=0
shrinkage=0.05


Tree=41
num_leaves=21
num_cat=5
split_feature=12 14 6 7 13 13 6 13 11 12 6 12 12 10 6 11 11 13 12 13
split_gain=0.00749647 0.0302626 0.0545091 0.00145431 0.00322028 0.00050838 3.28726e-05 1.13512e-09 1.17509e-09 1.54331e-09 2.71548e-09 8.89032e-11 8.33429e-11 5.71606e-11 1.26597e-10 2.91664e-11 6.32227e-11 2.18288e-13 1.15831e-13 8.02486e-16
threshold=1.8826500000000002 1.5000000000000002 0 11.000000000000002 9.5000000000000018 8.5000000000000018 1 8.5000000000000018 21.000000000000004 1.7083500000000003 2 1.2105000000000004 1.4202000000000001 3 4 23.000000000000004 34.500000000000007 10.500000000000002 1.2270500000000002 5.5000000000000009
decision_type=2 2 1 2 2 2 1 2 2 2 1 2 2 1 1 2 2 2 2 2
left_child=3 -2 -3 4 -1 -4 -5 8 11 10 -10 -8 -13 14 -9 17 -17 -15 -19 -14
right_child=1 2 5 6 -6 -7 7 13 9 -11 -12 12 19 15 -16 16 -18 18 -20 -21
leaf_value=0.00081421428892229284 0.0014579502550125319 -0.0024909302617473197 0.00023212476488908816 1.5207359392661603e-05 -4.8649416255232482e-06 -4.7838308862136569e-05 6.274945480981842e-05 6.2811108621056464e-05 6.2892696840445637e-05 6.2826444064417194e-05 6.3652974737730492e-05 6.294665712630376e-05 6.2821873871143905e-05 6.2815957062412056e-05 6.2668904188442344e-05 6.2723347024681671e-05 6.282226348827993e-05 6.281953149785599e-05 6.2823641492286704e-05 6.2821425963193185e-05
leaf_weight=21 19 30.00000011920929 31 40 28 34 24 34 23 31 24 20 20 20 29 30 35 30 40 20
leaf_count=21 19 27 31 40 28 34 24 34 23 31 24 20 20 20 29 30 35 30 40 20
internal_value=6.03543e-12 -0.000363662 -0.000727985 8.83955e-05 0.000346169 8.56825e-05 5.83219e-05 6.28603e-05 6.29606e-05 6.31003e-05 6.32809e-05 6.28308e-05 6.28633e-05 6.27858e-05 6.27456e-05 6.28021e-05 6.27766e-05 6.28206e-05 6.28219e-05 6.28216e-05
internal_weight=583 114 95 469 49 65 420 380 162 78 47 84 60 218 63 155 65 90 70 40
internal_count=580 111 92 469 49 65 420 380 162 78 47 84 60 218 63 155 65 90 70 40
cat_boundaries=0 1 2 3 4 5
cat_threshold=2 2 4 2 4
is_linear=0
shrinkage=0.05


Tree=42
num_leaves=20
num_cat=3
split_feature=12 13 10 13 7 13 6 4 8 13 1 11 11 4 10 13 4 4 11
split_gain=0.00676556 0.0296372 0.0430188 0.0370821 0.00131251 0.0029063 2.96675e-05 1.20251e-09 3.36015e-10 5.90047e-10 5.70132e-11 4.208e-11 3.93406e-11 2.40815e-11 4.16391e-12 1.83425e-13 2.43724e-14 3.87856e-15 1.11398e-15
threshold=1.8826500000000002 8.5000000000000018 0 13.500000000000002 11.000000000000002 9.5000000000000018 1 39.000000000000007 110.00000000000001 8.5000000000000018 42.000000000000007 29.000000000000004 17.500000000000004 81.500000000000014 2 8.5000000000000018 41.000000000000007 41.000000000000007 17.500000000000004
decision_type=2 2 1 2 2 2 1 2 2 2 2 2 2 2 1 2 2 2 2
left_child=4 2 -2 -3 5 -1 -6 -8 10 -10 13 12 -12 15 -13 16 -9 -17 -19
right_child=1 3 -4 -5 6 -7 7 8 9 -11 11 14 -14 -15 -16 17 -18 18 -20
leaf_value=0.00077350357259135881 -0.0024917383929090732 0.0016163379547541599 0.00016708809672536518 -0.0010751866256372012 1.4446991845034062e-05 -4.6216901474898418e-06 6.0052459361031662e-05 5.9679947424166168e-05 5.9975134165681631e-05 5.9667722372388526e-05 5.96567416713307e-05 5.9659148551403518e-05 5.9574334494148691e-05 5.9730517095886169e-05 5.9684312436729679e-05 5.9682222233866077e-05 5.9677897510921646e-05 5.9683207946363841e-05 5.9682707302272316e-05
leaf_weight=21 29.00000011920929 31.399999976158142 32 21.600000023841858 40 28 25 29 27 37 28 31 30 30 35 34 29 20 25
leaf_count=21 27 31 32 21 40 28 25 29 27 37 28 31 30 30 35 34 29 20 25
internal_value=5.09255e-12 -0.000345479 -0.00109694 0.000519415 8.39757e-05 0.000328861 5.54058e-05 5.97173e-05 5.96937e-05 5.97974e-05 5.96709e-05 5.96452e-05 5.96141e-05 5.96899e-05 5.96725e-05 5.96811e-05 5.96789e-05 5.96826e-05 5.96829e-05
internal_weight=583 114 61 53 469 49 420 380 355 64 291 124 58 167 66 137 58 79 45
internal_count=580 111 59 52 469 49 420 380 355 64 291 124 58 167 66 137 58 79 45
cat_boundaries=0 1 2 3
cat_threshold=4 2 2
is_linear=0
shrinkage=0.05


Tree=43
num_leaves=22
num_cat=1
split_feature=7 13 14 11 13 13 4 6 13 4 8 13 1 13 11 4 11 13 4 4 4
split_gain=0.00579335 0.0380639 0.0287434 0.000141211 0.0006583 0.00151515 0.000114074 2.93055e-05 1.12252e-05 1.84656e-05 3.72747e-10 4.58969e-10 4.54903e-11 3.36128e-11 3.23149e-11 2.40135e-11 1.66531e-12 1.60161e-13 2.19945e-14 3.00244e-15 5.64727e-16
threshold=11.000000000000002 8.5000000000000018 3.5000000000000004 37.500000000000007 8.5000000000000018 13.500000000000002 41.000000000000007 0 16.500000000000004 39.000000000000007 110.00000000000001 9.5000000000000018 42.000000000000007 8.5000000000000018 29.000000000000004 81.500000000000014 29.000000000000004 8.5000000000000018 41.000000000000007 41.000000000000007 44.000000000000007
decision_type=2 2 2 2 2 2 2 1 2 2 2 2 2 2 2 2 2 2 2 2 2
left_child=1 -1 -3 7 6 -6 -5 -2 9 -9 12 -12 15 16 -15 17 -14 18 -11 -19 -21
right_child=3 2 -4 4 5 -7 -8 8 -10 10 11 -13 13 14 -16 -17 -18 19 -20 20 -22
leaf_value=-0.0017073275995938071 6.4598272949682955e-06 0.0014894440977045319 -0.00091283416508668711 0.00017656948644192503 -0.00028070433950051668 0.00030317030410515145 0.00032646644527134912 1.3641140389221687e-05 8.8703919512530172e-05 5.6695950153315888e-05 5.70067873923108e-05 5.6683815042064952e-05 5.6683568717827178e-05 5.6603675775770696e-05 5.66753042221535e-05 5.6747979501129271e-05 5.6701555900696309e-05 5.6698124972172081e-05 5.6694002805984228e-05 5.6698605079542506e-05 5.669897218467668e-05
leaf_weight=33.00000011920929 33 29.399999976158142 21.600000023841858 30 25 20 22 27 24 29 22 22 22 31 32 28 31 30 29 22 20
leaf_count=31 33 29 21 30 25 20 22 27 24 29 22 22 22 31 32 28 31 30 29 22 20
internal_value=-1.97e-12 -0.000384159 0.000472009 6.46681e-05 0.000118816 -2.12045e-05 0.000239987 5.16026e-05 5.56397e-05 5.33396e-05 5.67102e-05 5.68453e-05 5.66885e-05 5.66647e-05 5.66401e-05 5.6706e-05 5.66941e-05 5.66969e-05 5.6695e-05 5.66985e-05 5.66988e-05
internal_weight=583 84 51 499 97 45 52 402 369 345 318 44 274 116 63 158 53 130 58 72 42
internal_count=580 81 50 499 97 45 52 402 369 345 318 44 274 116 63 158 53 130 58 72 42
cat_boundaries=0 1
cat_threshold=2
is_linear=0
shrinkage=0.05


Tree=44
num_leaves=21
num_cat=3
split_feature=12 14 6 7 13 13 6 12 12 8 0 13 13 1 13 4 13 13 4 4
split_gain=0.00594944 0.0261969 0.0449556 0.00133905 0.00318657 0.000578204 2.32051e-05 6.82538e-08 8.58999e-08 8.03993e-08 2.07757e-07 7.00227e-09 3.13996e-10 6.83742e-11 3.05115e-11 2.39943e-11 1.37465e-12 1.20306e-13 1.74122e-14 2.13256e-15
threshold=1.8826500000000002 1.5000000000000002 0 11.000000000000002 9.5000000000000018 8.5000000000000018 1 1.5672500000000003 1.7083500000000003 110.00000000000001 2 15.500000000000002 13.500000000000002 42.000000000000007 8.5000000000000018 81.500000000000014 7.5000000000000009 8.5000000000000018 41.000000000000007 41.000000000000007
decision_type=2 2 1 2 2 2 1 2 2 2 1 2 2 2 2 2 2 2 2 2
left_child=3 -2 -3 4 -1 -4 -5 9 -9 11 -11 13 16 15 -15 17 -10 18 -8 -19
right_child=1 2 5 6 -6 -7 7 8 12 10 -12 -13 -14 14 -16 -17 -18 19 -20 -21
leaf_value=0.00079168573664944802 0.0013708638177424865 -0.0022639567190847528 0.00023216682194258958 1.366656622849405e-05 -2.3095642765318708e-05 -6.6403604304308397e-05 5.386115055820294e-05 5.6862154023667036e-05 5.386670551767262e-05 5.3885805372817397e-05 4.7809083612678063e-05 5.2978962776251139e-05 5.3628764263438907e-05 5.3849390083500615e-05 5.3771866951137789e-05 5.3915181734527534e-05 5.3849402254193346e-05 5.3863211302086718e-05 5.3859402500425609e-05 5.3863831976008034e-05
leaf_weight=21 19 30.00000011920929 31 40 28 34 29 34 24 39 22 26 22 22 30 26 22 25 28 31
leaf_count=21 19 27 31 40 28 34 29 34 24 39 22 26 22 22 30 26 22 25 28 31
internal_value=1.86779e-11 -0.000323972 -0.00066294 7.87481e-05 0.000326096 7.59915e-05 4.98908e-05 5.37039e-05 5.48101e-05 5.3298e-05 5.16942e-05 5.37488e-05 5.37841e-05 5.38536e-05 5.38047e-05 5.38719e-05 5.38584e-05 5.38619e-05 5.38603e-05 5.38636e-05
internal_weight=583 114 95 469 49 65 420 380 102 278 61 217 68 191 52 139 46 113 57 56
internal_count=580 111 92 469 49 65 420 380 102 278 61 217 68 191 52 139 46 113 57 56
cat_boundaries=0 1 2 3
cat_threshold=2 2 1
is_linear=0
shrinkage=0.05


Tree=45
num_leaves=22
num_cat=2
split_feature=12 13 12 14 7 13 6 12 11 12 13 11 13 1 12 3 14 13 13 10 11
split_gain=0.00536938 0.0259138 0.0352694 0.0349532 0.00120849 0.00287588 2.09426e-05 6.15991e-08 2.59837e-07 7.75247e-08 7.07976e-09 5.122e-10 2.83384e-10 7.98845e-11 2.40577e-11 6.80912e-11 2.20039e-11 1.24081e-12 6.94328e-14 1.70977e-14 2.97111e-15
threshold=1.8826500000000002 8.5000000000000018 1.9246000000000001 3.5000000000000004 11.000000000000002 9.5000000000000018 0 1.5672500000000003 34.500000000000007 1.7083500000000003 15.500000000000002 31.000000000000004 13.500000000000002 42.000000000000007 1.2178500000000001 1.5000000000000002 3.5000000000000004 7.5000000000000009 8.5000000000000018 1 19.500000000000004
decision_type=2 2 2 2 2 2 1 2 2 2 2 2 2 2 2 2 2 2 2 1 2
left_child=4 2 -2 -3 5 -1 -6 8 10 -9 11 13 17 14 -8 18 -15 -11 19 -16 -20
right_child=1 3 -4 -5 6 -7 7 9 -10 12 -12 -13 -14 16 15 -17 -18 -19 20 -21 -22
leaf_value=0.00075210145386379402 -0.0022733850712601069 0.001742107262254035 0.0001340813450042333 -0.00082743696216557939 1.2983238702872768e-05 -2.1940861396225437e-05 5.1132746254249162e-05 5.4019046194084432e-05 4.5418629650322893e-05 5.1173370593460277e-05 5.0385496797389352e-05 5.142202891875059e-05 5.0947324647991492e-05 5.1080662524327641e-05 5.1168534376371944e-05 5.1266886293888093e-05 5.113890716422568e-05 5.1156931228681721e-05 5.1170845240862537e-05 5.1166589837521312e-05 5.1170048536732799e-05
leaf_weight=21 29.00000011920929 27.399999976158142 32 25.600000023841858 40 28 24 34 22 24 32 20 22 31 26 22 34 22 22 20 25
leaf_count=21 27 27 32 25 40 28 24 34 22 24 32 20 22 31 26 22 34 22 22 20 25
internal_value=-5.02952e-12 -0.000307774 -0.00101045 0.000500969 7.48107e-05 0.000309792 4.73962e-05 5.10187e-05 5.06331e-05 5.20696e-05 5.10812e-05 5.11806e-05 5.10949e-05 5.11569e-05 5.11783e-05 5.11878e-05 5.11111e-05 5.11655e-05 5.11691e-05 5.11677e-05 5.11704e-05
internal_weight=583 114 61 53 469 49 420 380 278 102 256 224 68 204 139 115 65 46 93 46 47
internal_count=580 111 59 52 469 49 420 380 278 102 256 224 68 204 139 115 65 46 93 46 47
cat_boundaries=0 1 2
cat_threshold=2 4
is_linear=0
shrinkage=0.05


Tree=46
num_leaves=21
num_cat=2
split_feature=12 13 10 13 7 13 6 12 11 12 13 11 13 1 4 14 13 13 4 11
split_gain=0.00484586 0.0233872 0.0333278 0.0332478 0.00109067 0.00259548 1.89007e-05 5.55932e-08 2.34503e-07 6.9966e-08 6.38947e-09 4.62258e-10 2.55754e-10 7.20958e-11 2.18796e-11 1.98588e-11 1.11984e-12 1.29637e-13 5.57013e-14 1.72061e-14
threshold=1.8826500000000002 8.5000000000000018 0 13.500000000000002 11.000000000000002 9.5000000000000018 1 1.5672500000000003 34.500000000000007 1.7083500000000003 15.500000000000002 31.000000000000004 13.500000000000002 42.000000000000007 81.500000000000014 3.5000000000000004 7.5000000000000009 8.5000000000000018 41.000000000000007 18.500000000000004
decision_type=2 2 1 2 2 2 1 2 2 2 2 2 2 2 2 2 2 2 2 2
left_child=4 2 -2 -3 5 -1 -6 8 10 -9 11 13 16 14 17 -15 -11 18 -8 -19
right_child=1 3 -4 -5 6 -7 7 9 -10 12 -12 -13 -14 15 -16 -17 -18 19 -20 -21
leaf_value=0.00071449639009577893 -0.0021876075279348576 0.0015145858945139169 0.00015265398260453367 -0.0010339913280646206 1.2334076163824648e-05 -2.0843815374454217e-05 4.8609708178916884e-05 5.1318094483576716e-05 4.3147697975986048e-05 4.8614702730750048e-05 4.7866223303572043e-05 4.8850927269086244e-05 4.8399959103500642e-05 4.852662968914956e-05 4.8660722117906871e-05 4.8581962490810415e-05 4.8599085262553257e-05 4.8612500988663391e-05 4.8606581653335267e-05 4.8610743639680254e-05
leaf_weight=21 29.00000011920929 31.399999976158142 32 21.600000023841858 40 28 29 34 22 24 32 20 22 31 26 34 22 26 28 30
leaf_count=21 27 31 32 21 40 28 29 34 22 24 32 20 22 31 26 34 22 26 28 30
internal_value=-1.3893e-11 -0.000292385 -0.000959929 0.00047592 7.10701e-05 0.000294302 4.50264e-05 4.84677e-05 4.81014e-05 4.94661e-05 4.85271e-05 4.86215e-05 4.85402e-05 4.8599e-05 4.86194e-05 4.85556e-05 4.86072e-05 4.86099e-05 4.86082e-05 4.86116e-05
internal_weight=583 114 61 53 469 49 420 380 278 102 256 224 68 204 139 65 46 113 57 56
internal_count=580 111 59 52 469 49 420 380 278 102 256 224 68 204 139 65 46 113 57 56
cat_boundaries=0 1 2
cat_threshold=4 2
is_linear=0
shrinkage=0.05


Tree=47
num_leaves=22
num_cat=2
split_feature=12 13 12 13 7 13 6 12 11 12 13 11 13 1 12 3 11 13 13 10 4
split_gain=0.00437339 0.021107 0.0307243 0.0300062 0.000984326 0.00234242 1.70579e-05 5.01728e-08 2.11639e-07 6.31443e-08 5.76651e-09 4.17189e-10 2.30819e-10 6.50663e-11 2.31815e-11 6.03244e-11 1.50941e-11 1.01078e-12 5.56636e-14 1.52742e-14 2.09604e-15
threshold=1.8826500000000002 8.5000000000000018 1.9246000000000001 13.500000000000002 11.000000000000002 9.5000000000000018 0 1.5672500000000003 34.500000000000007 1.7083500000000003 15.500000000000002 31.000000000000004 13.500000000000002 42.000000000000007 1.2178500000000001 1.5000000000000002 17.500000000000004 7.5000000000000009 8.5000000000000018 1 41.000000000000007
decision_type=2 2 2 2 2 2 1 2 2 2 2 2 2 2 2 2 2 2 2 1 2
left_child=4 2 -2 -3 5 -1 -6 8 10 -9 11 13 17 14 -8 18 -15 -11 19 -16 -20
right_child=1 3 -4 -5 6 -7 7 9 -10 12 -12 -13 -14 16 15 -17 -18 -19 20 -21 -22
leaf_value=0.00067877158788698063 -0.002090684580854056 0.0014388565545567901 0.00015631116566510174 -0.00098229189602407323 1.1717373417923227e-05 -1.9801623420789841e-05 4.6143701062343711e-05 4.8752188997562321e-05 4.0990313440984626e-05 4.6183968273301919e-05 4.5472911278920949e-05 4.6408381167566403e-05 4.5979961049108006e-05 4.6148104133623605e-05 4.617967542099695e-05 4.6272181630642581e-05 4.6099209942406525e-05 4.6169130787761377e-05 4.6181009733118117e-05 4.6177837502909825e-05 4.6181678904262795e-05
leaf_weight=21 29.00000011920929 31.399999976158142 32 21.600000023841858 40 28 24 34 22 24 32 20 22 38 26 22 27 22 25 20 22
leaf_count=21 27 31 32 21 40 28 24 34 22 24 32 20 22 38 26 22 27 22 25 20 22
internal_value=-1.48015e-12 -0.000277766 -0.000911933 0.000452124 6.75166e-05 0.000279587 4.27751e-05 4.60443e-05 4.56963e-05 4.69928e-05 4.61008e-05 4.61905e-05 4.61132e-05 4.61691e-05 4.61884e-05 4.61977e-05 4.61278e-05 4.61769e-05 4.61801e-05 4.61789e-05 4.61813e-05
internal_weight=583 114 61 53 469 49 420 380 278 102 256 224 68 204 139 115 65 46 93 46 47
internal_count=580 111 59 52 469 49 420 380 278 102 256 224 68 204 139 115 65 46 93 46 47
cat_boundaries=0 1 2
cat_threshold=2 4
is_linear=0
shrinkage=0.05


Tree=48
num_leaves=21
num_cat=2
split_feature=7 13 13 12 13 14 6 6 11 12 12 11 13 13 11 13 12 13 4 13
split_gain=0.00399559 0.0277246 0.024656 0.000181238 0.00135763 0.000125609 1.53947e-05 4.6173e-08 1.14081e-07 2.12155e-08 7.13865e-08 2.71073e-09 1.32766e-09 1.27985e-09 3.5656e-10 2.20115e-10 4.78873e-11 9.64355e-12 3.78327e-13 2.00122e-14
threshold=11.000000000000002 8.5000000000000018 12.500000000000002 1.8826500000000002 8.5000000000000018 2.5000000000000004 0 1 36.000000000000007 1.5672500000000003 1.7083500000000003 31.000000000000004 14.500000000000002 13.500000000000002 25.500000000000004 11.500000000000002 1.2270500000000002 4.5000000000000009 42.500000000000007 8.5000000000000018
decision_type=2 2 2 2 2 2 1 1 2 2 2 2 2 2 2 2 2 2 2 2
left_child=1 -1 -3 6 5 -5 -2 8 12 11 -11 13 14 17 16 -12 -8 -9 19 -18
right_child=3 2 -4 4 -6 -7 7 9 -10 10 15 -13 -14 -15 -16 -17 18 -19 -20 -21
leaf_value=-0.0014482861388875278 1.1131503706565127e-05 0.0015153553127418638 -0.00068341496926239704 0.00039633098666937177 -0.00010334756112165957 0.00022537127882796563 4.3951743943828416e-05 4.3803475564345716e-05 4.0665047789742762e-05 4.6957367781682744e-05 4.3871093553856814e-05 4.4284002069616693e-05 4.3480480380821978e-05 4.337717740175625e-05 4.366083816248214e-05 4.3653912871377547e-05 4.3870286409449026e-05 4.3846179435674388e-05 4.3863328617243541e-05 4.3872048055553544e-05
leaf_weight=33.00000011920929 40 25.399999976158142 25.600000023841858 22 36 21 22 20 36 28 28 28 30 21 21 20 38 39 21 28
leaf_count=31 40 25 25 22 36 21 22 20 36 28 28 28 30 21 21 20 38 39 21 28
internal_value=-1.0069e-11 -0.000319034 0.000411659 5.37051e-05 0.000123184 0.000312839 4.06364e-05 4.37421e-05 4.32081e-05 4.4311e-05 4.4951e-05 4.38606e-05 4.37803e-05 4.37124e-05 4.38495e-05 4.37806e-05 4.38858e-05 4.38317e-05 4.38692e-05 4.3871e-05
internal_weight=583 84 51 499 79 43 420 380 196 184 76 108 160 80 130 48 109 59 87 66
internal_count=580 81 50 499 79 43 420 380 196 184 76 108 160 80 130 48 109 59 87 66
cat_boundaries=0 1 2
cat_threshold=2 4
is_linear=0
shrinkage=0.05


Tree=49
num_leaves=22
num_cat=5
split_feature=14 12 6 11 7 13 13 6 13 6 1 6 8 13 11 4 13 10 4 14 12
split_gain=0.00388749 0.0125272 0.0335974 0.00746085 0.00101931 0.000821248 0.000296825 5.17678e-05 1.70852e-05 1.93608e-05 1.34435e-05 4.78233e-05 4.98484e-08 3.9868e-08 5.51462e-08 1.06283e-08 3.25534e-09 1.18326e-09 9.19697e-10 4.86268e-10 2.76157e-11
threshold=1.5000000000000002 1.8826500000000002 0 37.500000000000007 11.000000000000002 8.5000000000000018 6.5000000000000009 1 8.5000000000000018 2 42.000000000000007 3 95.000000000000014 13.500000000000002 31.000000000000004 79.500000000000014 15.500000000000002 4 41.000000000000007 3.5000000000000004 1.3077000000000003
decision_type=2 2 1 2 2 2 2 1 2 1 2 1 2 2 2 2 2 1 2 2 2
left_child=3 4 -3 6 -2 -4 -1 -8 10 -10 12 19 17 14 18 16 -15 -6 -11 -12 -20
right_child=1 2 5 -5 8 -7 7 -9 9 13 11 -13 -14 15 -16 -17 -18 -19 20 -21 -22
leaf_value=0.00020451816477968046 0.00030503444773785307 -0.0019606554057770751 0.00024833847344252132 0.0010446679572244952 4.1677596290474355e-05 -0.00010749240446945326 4.1616401867941027e-05 -4.6372553788387451e-05 9.0690982102861872e-05 4.2007343261502684e-05 4.2105163031789875e-05 -4.0058702017694453e-05 3.8953506737016143e-05 4.1696130609770695e-05 4.4611385901984965e-05 4.0131804528825273e-05 4.0900861759754747e-05 4.2179463586459562e-05 4.1662618362655245e-05 4.1778795421123511e-05 4.1580523684388028e-05
leaf_weight=24 40 30.00000011920929 31 24 23 34 35 32 23 25 21 29 20 31 23 26 22 24 21 25 20
leaf_count=24 40 27 31 24 23 34 35 32 23 25 21 29 20 31 23 26 22 24 21 25 20
internal_value=2.23945e-11 -6.40024e-05 -0.000576589 0.000260462 6.65491e-05 6.22116e-05 5.36383e-05 -4.08174e-07 3.79022e-05 4.76675e-05 2.47672e-05 1.02263e-05 4.10442e-05 4.17774e-05 4.2503e-05 4.09598e-05 4.1366e-05 4.19339e-05 4.17683e-05 4.19278e-05 4.16226e-05
internal_weight=583 468 95 115 373 65 91 67 333 191 142 75 67 168 89 79 53 47 66 46 41
internal_count=580 465 92 115 373 65 91 67 333 191 142 75 67 168 89 79 53 47 66 46 41
cat_boundaries=0 1 2 3 4 5
cat_threshold=2 4 2 1 4
is_linear=0
shrinkage=0.05


Tree=50
num_leaves=23
num_cat=2
split_feature=7 13 13 13 11 13 11 11 4 4 11 4 4 8 4 1 13 0 11 15 13 6
split_gain=0.00304789 0.0239803 0.0221806 0.000171517 0.000548184 0.000442558 0.00134283 0.000533964 0.000271266 2.48103e-05 2.38917e-05 1.31771e-05 1.83043e-06 2.51044e-06 2.6978e-07 2.37142e-07 6.9421e-08 1.66909e-08 1.41871e-08 1.67054e-08 1.27739e-09 1.12319e-09
threshold=11.000000000000002 8.5000000000000018 12.500000000000002 13.500000000000002 37.500000000000007 9.5000000000000018 37.500000000000007 37.500000000000007 41.000000000000007 39.000000000000007 31.000000000000004 41.000000000000007 81.500000000000014 110.00000000000001 81.500000000000014 42.000000000000007 6.5000000000000009 0 25.500000000000004 3.5000000000000004 11.500000000000002 1
decision_type=2 2 2 2 2 2 2 2 2 2 2 2 2 2 2 2 2 1 2 2 2 1
left_child=1 -1 -3 5 11 7 10 9 -9 -2 15 -5 16 -14 21 20 18 -18 19 -11 -7 -13
right_child=3 2 -4 4 -6 6 -8 8 -10 12 -12 14 13 -15 -16 -17 17 -19 -20 -21 -22 -23
leaf_value=-0.0013288748459016741 -1.8576026438192154e-05 0.0014477477532075331 -0.00063772766802409648 8.1274583975880831e-05 0.00033717389218509199 4.0130853515372362e-05 -0.00040155505518090325 0.00010814761401214186 0.00033205189365617118 3.9451526078794689e-05 -1.4911080749394992e-05 3.9447121205739683e-05 1.7061484350751226e-05 4.0010664220476016e-05 4.568166109190012e-05 4.5460750698111951e-05 4.1613738184146909e-05 3.9728834114309093e-05 3.715289235317513e-05 3.7559509510174391e-05 3.9613181210230471e-05 3.9921081392094493e-05
leaf_weight=33.00000011920929 24 25.399999976158142 25.600000023841858 29 20 22 22 31 24 28 24 25 26 22 30 31 23 24 23 20 26 25
leaf_count=31 24 25 25 29 20 22 22 31 24 28 24 25 26 22 30 31 23 24 23 20 26 25
internal_value=9.06936e-12 -0.000278642 0.000400921 4.69056e-05 9.65511e-05 2.95968e-05 -4.69598e-05 6.86563e-05 0.000205851 2.89419e-05 2.8779e-05 5.24002e-05 3.5812e-05 2.75799e-05 4.19332e-05 4.2052e-05 3.91607e-05 4.06512e-05 3.81739e-05 3.86632e-05 3.98504e-05 3.96841e-05
internal_weight=583 84 51 499 129 370 125 245 55 190 103 109 166 48 80 79 118 47 71 48 48 50
internal_count=580 81 50 499 129 370 125 245 55 190 103 109 166 48 80 79 118 47 71 48 48 50
cat_boundaries=0 1 2
cat_threshold=1 4
is_linear=0
shrinkage=0.05


Tree=51
num_leaves=21
num_cat=5
split_feature=14 12 6 11 13 13 6 13 13 14 6 6 6 8 13 13 11 11 12 12
split_gain=0.00341796 0.0109766 0.0292953 0.00641372 0.000700319 0.00041013 0.00202043 0.000380444 0.000289077 5.73073e-05 0.000123278 7.87359e-05 4.26942e-05 3.01362e-07 1.14261e-07 1.01098e-07 3.23865e-08 2.13902e-08 1.46341e-08 2.71868e-09
threshold=1.5000000000000002 1.8826500000000002 0 37.500000000000007 8.5000000000000018 8.5000000000000018 1 9.5000000000000018 6.5000000000000009 3.5000000000000004 2 3 4 110.00000000000001 13.500000000000002 13.500000000000002 21.000000000000004 27.000000000000004 1.4372000000000003 1.4202000000000001
decision_type=2 2 1 2 2 2 1 2 2 2 1 1 1 2 2 2 2 2 2 2
left_child=3 5 -3 8 -4 6 -2 -7 -1 11 -11 -9 -10 16 -12 -13 19 -18 -16 -8
right_child=1 2 4 -5 -6 7 13 9 12 10 14 15 -14 -15 18 -17 17 -19 -20 -21
leaf_value=0.00020136289240326735 0.00050071412858007289 -0.0018322468848735219 0.00022855174592545919 0.00097132169360823663 -0.00010003820541040862 -0.00018965016468428075 3.8319777813740076e-05 -6.6817302770990266e-05 3.7293238565325735e-05 0.0001767163321346743 4.0147370325300746e-05 3.9152699471928946e-05 -4.2613388995960125e-05 3.2446306249767076e-05 3.7289289254906839e-05 3.5451094757133567e-05 4.0868947343412967e-05 3.8612200850842613e-05 3.5465576928056015e-05 3.7632922313230883e-05
leaf_weight=24 29 30.00000011920929 31 24 34 20 25 24 35 20 37 39 32 24 22 35 21 21 22 34
leaf_count=24 29 27 31 24 34 20 25 24 35 20 37 39 32 24 22 35 21 21 22 34
internal_value=2.36238e-11 -6.00129e-05 -0.000539827 0.000244227 5.66739e-05 6.21918e-05 0.000124715 1.82261e-05 5.24653e-05 3.91182e-05 6.55484e-05 1.18789e-05 -8.71121e-07 3.74826e-05 3.80995e-05 3.74019e-05 3.86794e-05 3.97406e-05 3.63774e-05 3.7924e-05
internal_weight=583 468 95 115 65 373 154 219 91 199 101 98 67 125 81 74 101 42 44 59
internal_count=580 465 92 115 65 373 154 219 91 199 101 98 67 125 81 74 101 42 44 59
cat_boundaries=0 1 2 3 4 5
cat_threshold=2 2 2 2 4
is_linear=0
shrinkage=0.05


Tree=52
num_leaves=20
num_cat=5
split_feature=14 12 6 11 7 13 13 6 13 6 6 1 13 10 13 11 12 12 13
split_gain=0.00308471 0.00990637 0.026439 0.00578838 0.000932441 0.000632038 0.000260892 3.85315e-05 2.22938e-05 2.05542e-05 1.67285e-05 5.90308e-05 4.37479e-07 1.88501e-07 1.47143e-07 1.52973e-07 5.48779e-08 9.49833e-09 2.75605e-09
threshold=1.5000000000000002 1.8826500000000002 0 37.500000000000007 11.000000000000002 8.5000000000000018 6.5000000000000009 1 8.5000000000000018 2 3 42.000000000000007 10.500000000000002 4 13.500000000000002 25.500000000000004 1.4372000000000003 1.5672500000000003 15.500000000000002
decision_type=2 2 1 2 2 2 2 1 2 1 1 2 2 1 2 2 2 2 2
left_child=3 4 -3 6 -2 -4 -1 -8 10 -10 17 13 -11 -12 15 -14 18 -6 -16
right_child=1 2 5 -5 8 -7 7 -9 9 12 11 -13 14 -15 16 -17 -18 -19 -20
leaf_value=0.00019129475410106052 0.00028717866422084626 -0.0017406345462177811 0.00021712414980415377 0.00092275558442148997 3.6245587870252094e-05 -9.5036305377588562e-05 3.5428576520644125e-05 -4.0482720305590195e-05 8.716786036055293e-05 4.2241612682119012e-05 2.969904068907324e-05 -5.5351877757669262e-05 3.5645676111109937e-05 3.5795535768556878e-05 3.5747746258731122e-05 4.1024117235792802e-05 3.2728428029966182e-05 3.7539499285428425e-05 3.4945201914524656e-05
leaf_weight=24 40 30.00000011920929 31 24 37 34 35 32 23 30 21 29 39 32 23 20 36 23 20
leaf_count=24 40 27 31 24 37 34 35 32 23 30 21 29 39 32 23 20 36 23 20
internal_value=2.0173e-11 -5.70123e-05 -0.000512836 0.000232015 5.90822e-05 5.38402e-05 4.98421e-05 -8.27565e-07 3.16833e-05 4.28382e-05 1.66791e-05 1.99918e-06 3.67693e-05 3.33799e-05 3.55796e-05 3.74689e-05 3.41687e-05 3.67416e-05 3.53745e-05
internal_weight=583 468 95 115 373 65 91 67 333 191 142 82 168 53 138 59 79 60 43
internal_count=580 465 92 115 373 65 91 67 333 191 142 82 168 53 138 59 79 60 43
cat_boundaries=0 1 2 3 4 5
cat_threshold=2 4 2 1 1
is_linear=0
shrinkage=0.05


Tree=53
num_leaves=21
num_cat=3
split_feature=14 12 6 11 7 13 13 6 6 4 13 12 12 11 13 12 4 13 4 13
split_gain=0.00278395 0.0089405 0.0238612 0.00522402 0.000841528 0.000570414 0.000235455 4.11565e-05 2.02533e-05 5.32697e-06 2.08442e-07 2.00496e-07 1.9905e-07 2.02022e-07 1.66826e-07 1.06747e-07 5.18507e-08 1.298e-08 9.82346e-09 9.21394e-09
threshold=1.5000000000000002 1.8826500000000002 0 37.500000000000007 11.000000000000002 8.5000000000000018 6.5000000000000009 1 2 42.500000000000007 13.500000000000002 1.5672500000000003 1.4724500000000003 25.500000000000004 7.5000000000000009 1.7083500000000003 79.500000000000014 9.5000000000000018 42.500000000000007 3.5000000000000004
decision_type=2 2 1 2 2 2 2 1 1 2 2 2 2 2 2 2 2 2 2 2
left_child=3 4 -3 6 -2 -4 -1 -8 -6 -9 11 12 13 17 -14 -13 18 19 -12 -10
right_child=1 2 5 -5 8 -7 7 9 10 -11 16 15 14 -15 -16 -17 -18 -19 -20 -21
leaf_value=0.00018173001168785658 0.00027281973263598047 -0.0016536030728475132 0.00020626795143940518 0.00087661780708003789 -3.2742057737777944e-06 -9.0284488739117107e-05 4.8424222824486119e-05 -1.4404501278130782e-05 3.4134586652119951e-05 -5.0460488855605947e-05 3.2517139472821286e-05 4.0935608835536105e-05 2.95249939442548e-05 3.8994239174130872e-05 3.5376641677603835e-05 3.62876530076998e-05 3.0631365734734577e-05 3.3607994100748333e-05 3.3908871228049978e-05 3.5542725079442159e-05
leaf_weight=24 40 30.00000011920929 31 24 40 34 26 21 21 20 21 21 29 34 21 30 26 32 32 26
leaf_count=24 40 27 31 24 40 34 26 21 21 20 21 21 29 34 21 30 26 32 32 26
internal_value=6.54711e-12 -5.41617e-05 -0.000487194 0.000220415 5.61281e-05 5.11482e-05 4.735e-05 -7.86187e-07 3.00991e-05 -3.19928e-05 3.46552e-05 3.54655e-05 3.46094e-05 3.57717e-05 3.19827e-05 3.82015e-05 3.24602e-05 3.43847e-05 3.33574e-05 3.49136e-05
internal_weight=583 468 95 115 373 65 91 67 333 41 293 214 163 113 50 51 79 79 53 47
internal_count=580 465 92 115 373 65 91 67 333 41 293 214 163 113 50 51 79 79 53 47
cat_boundaries=0 1 2 3
cat_threshold=2 1 2
is_linear=0
shrinkage=0.05


Tree=54
num_leaves=24
num_cat=2
split_feature=13 15 12 13 14 12 12 11 13 11 13 12 15 4 10 13 12 12 0 4 12 3 13
split_gain=0.00260561 0.0168118 0.0243649 0.00612241 0.00641375 0.0191372 0.0170639 0.0175205 0.00547704 0.00793931 0.000475129 0.00014694 6.76796e-05 6.90015e-05 5.92152e-05 5.32405e-05 7.20814e-05 5.07305e-05 2.91799e-05 4.93237e-06 9.39224e-07 6.05154e-07 2.0668e-08
threshold=5.5000000000000009 2.5000000000000004 1.5672500000000003 6.5000000000000009 2.5000000000000004 1.8826500000000002 1.8826500000000002 39.500000000000007 4.5000000000000009 37.500000000000007 7.5000000000000009 1.1906500000000004 3.5000000000000004 39.000000000000007 0 8.5000000000000018 1.2178500000000001 1.5672500000000003 1 41.000000000000007 1.3423500000000002 1.5000000000000002 12.500000000000002
decision_type=2 2 2 2 2 2 2 2 2 2 2 2 2 2 1 2 2 2 1 2 2 2 2
left_child=1 2 -1 -2 5 15 10 -8 9 14 -6 -12 13 -13 -3 -5 -17 -14 -18 -20 -15 22 -22
right_child=3 8 -4 4 6 -7 7 -9 -10 -11 11 12 17 20 -16 16 18 -19 19 -21 21 -23 -24
leaf_value=0.00012876170127459443 0.00069423371538115529 0.00013320685240862738 -0.0022762719559049501 7.6528461431735198e-05 0.00027257791240117515 0.0015161100247949076 -0.0020485896050121874 -7.0299126167336235e-05 -0.00045917743379898963 0.0012396196826011873 -8.9347563126856205e-05 -6.2431798990777076e-05 4.1089675341349757e-05 2.3557301610708239e-05 2.5948239040336641e-05 -8.6330036653883076e-05 4.7522548610638638e-05 0.00014174010873483936 -3.1219136290019384e-05 3.8962778489803894e-06 3.3877696841955186e-05 4.3192383818677628e-05 3.1823504347509397e-05
leaf_weight=22 35 22 20.200000047683716 24 20 25.399999976158142 21.800000071525574 23 25.600000023841858 20 28 24 31 20 31 22 38 21 20 20 25 20 24
leaf_count=22 35 22 19 24 20 25 21 23 25 20 28 24 31 20 31 22 38 21 20 20 25 20 24
internal_value=1.75089e-11 -0.000187326 -0.00102246 5.96462e-05 5.10159e-06 0.00026577 -0.000145961 -0.00103295 0.000170105 0.000390785 4.05985e-05 1.65592e-05 3.45313e-05 1.28083e-05 7.04707e-05 9.65179e-06 -6.39861e-06 8.1737e-05 1.61461e-05 -1.36614e-05 3.30978e-05 3.58631e-05 3.28716e-05
internal_weight=583 140.8 42.2 442.2 407.2 149.4 257.8 44.8 98.6 73 213 193 165 113 53 124 100 52 78 40 89 69 49
internal_count=580 139 41 441 406 149 257 44 98 73 213 193 165 113 53 124 100 52 78 40 89 69 49
cat_boundaries=0 1 2
cat_threshold=4 1
is_linear=0
shrinkage=0.05


Tree=55
num_leaves=22
num_cat=1
split_feature=13 7 13 14 12 7 13 12 12 12 13 12 15 11 1 6 12 4 13 3 1
split_gain=0.00235157 0.0178398 0.00552547 0.00578841 0.0172713 0.0167652 0.000323206 0.000671959 0.000451233 0.000151835 4.80496e-05 6.50535e-05 2.65816e-05 2.91082e-05 2.51221e-05 2.06787e-05 6.64934e-06 3.27056e-06 1.54472e-06 8.96973e-07 5.54306e-07
threshold=5.5000000000000009 11.000000000000002 6.5000000000000009 2.5000000000000004 1.8826500000000002 11.000000000000002 13.500000000000002 1.9246000000000001 1.7639000000000002 1.8826500000000002 8.5000000000000018 1.2178500000000001 2.5000000000000004 31.000000000000004 42.000000000000007 0 1.4035500000000003 41.000000000000007 3.5000000000000004 1.5000000000000002 42.000000000000007
decision_type=2 2 2 2 2 2 2 2 2 2 2 2 2 2 2 1 2 2 2 2 2
left_child=1 -1 -2 4 10 -5 7 12 20 15 -4 -12 -7 19 17 16 -3 -13 -17 -14 -8
right_child=2 9 3 5 -6 6 8 -9 -10 -11 11 14 13 -15 -16 18 -18 -19 -20 -21 -22
leaf_value=-0.0015692707056856976 0.00065952203823144379 2.8761819110648641e-05 7.2702041992063956e-05 -0.0010685541154117123 0.0014403044957403792 -5.0526462776664027e-07 2.852148428549602e-05 -0.00027946104994043709 0.00028133575461753129 0.00016231019523426466 -8.2013535641387787e-05 -2.4235495022201741e-05 2.6537036961492373e-05 9.8647364053328559e-05 4.5988367330412277e-05 7.3496151309462649e-06 6.6275377516181576e-05 3.7014644476585092e-06 -1.043898416711549e-05 3.9881533448351552e-05 3.83965437692866e-05
leaf_weight=19.800000071525574 35 27 24 40.800000071525574 25.399999976158142 36 30 20 27 24 22 22 34 23 36 26 21 20 23 20 27
leaf_count=18 35 27 24 40 25 36 30 20 27 24 22 22 34 23 36 26 21 20 23 20 27
internal_value=-1.07769e-11 -0.00017796 5.66639e-05 4.84649e-06 0.000252481 -0.000138663 3.61741e-05 -1.23205e-05 0.000112957 4.9709e-05 9.1692e-06 -6.07868e-06 3.4961e-05 5.15426e-05 1.53388e-05 2.18489e-05 4.5174e-05 -1.09322e-05 -1.00014e-06 3.14794e-05 3.31991e-05
internal_weight=583 140.8 442.2 407.2 149.4 257.8 217 133 84 121 124 100 113 77 78 97 48 42 49 54 57
internal_count=580 139 441 406 149 257 217 133 84 121 124 100 113 77 78 97 48 42 49 54 57
cat_boundaries=0 1
cat_threshold=1
is_linear=0
shrinkage=0.05


Tree=56
num_leaves=23
num_cat=3
split_feature=12 13 13 10 7 13 13 6 1 6 13 3 11 12 13 14 12 12 4 13 13 8
split_gain=0.0023268 0.0183381 0.0266812 0.018052 0.00123775 0.00239854 3.60648e-05 3.24273e-05 2.33504e-05 2.10036e-05 9.69351e-06 9.33471e-06 6.2123e-06 6.00103e-06 2.54262e-06 1.16914e-06 4.82242e-07 3.14222e-07 2.25197e-07 1.46633e-07 1.02176e-08 5.22243e-09
threshold=1.8826500000000002 8.5000000000000018 13.500000000000002 0 11.000000000000002 9.5000000000000018 8.5000000000000018 1 42.000000000000007 2 5.5000000000000009 1.5000000000000002 36.000000000000007 1.4035500000000003 5.5000000000000009 1.5000000000000002 1.2105000000000004 1.6441500000000002 44.000000000000007 10.500000000000002 14.500000000000002 65.000000000000014
decision_type=2 2 2 1 2 2 2 1 2 1 2 2 2 2 2 2 2 2 2 2 2 2
left_child=4 3 -3 -2 5 -1 7 10 11 -8 13 14 15 -6 -9 18 -17 19 -11 -18 21 -21
right_child=1 2 -4 -5 6 -7 9 8 -10 12 -12 -13 -14 -15 -16 16 17 -19 -20 20 -22 -23
leaf_value=0.00069099371764986292 -0.0016972484109715206 0.0014081880213280397 -0.00087488183215342547 2.5112577606023479e-05 2.732372856742047e-05 -1.5897644776227287e-05 7.9573668620508655e-05 2.8373555747530983e-05 -4.8451303849684672e-05 3.6376153584569689e-05 5.896890538029506e-06 -2.0474740180092071e-05 8.2061550347134478e-06 6.2961607372493577e-05 3.9973646198632195e-06 3.6662290976555265e-05 3.4153390914157384e-05 2.3711154305298503e-05 4.3789568423692674e-05 3.0418196576647463e-05 2.8778102150130451e-05 2.9334201099118221e-05
leaf_weight=21 29.00000011920929 31.399999976158142 21.600000023841858 32 27 28 23 23 33 20 28 27 30 21 20 27 21 21 21 25 33 20
leaf_count=21 27 31 21 32 27 28 23 23 33 20 28 27 30 21 20 27 21 21 21 25 33 20
internal_value=1.19328e-12 -0.000202605 0.000477729 -0.000793715 4.92472e-05 0.000287056 2.15029e-05 4.5021e-06 -1.37784e-05 3.413e-05 2.92769e-05 2.56744e-06 2.93355e-05 4.29153e-05 1.70358e-05 3.27072e-05 3.06249e-05 2.92664e-05 4.01733e-05 3.04448e-05 2.94464e-05 2.99364e-05
internal_weight=583 114 53 61 469 49 420 179 103 241 76 70 218 48 43 188 147 120 41 99 78 45
internal_count=580 111 52 59 469 49 420 179 103 241 76 70 218 48 43 188 147 120 41 99 78 45
cat_boundaries=0 1 2 3
cat_threshold=4 1 2
is_linear=0
shrinkage=0.05


Tree=57
num_leaves=21
num_cat=3
split_feature=13 13 11 13 14 7 6 13 11 11 13 6 11 10 11 13 4 11 15 14
split_gain=0.00215337 0.00531297 0.0228197 0.00512522 0.00521059 0.0152247 0.0151484 0.000355467 0.000475321 0.000431707 0.000215988 0.000303349 0.000117872 4.60485e-05 5.85943e-05 1.6242e-05 1.08839e-05 6.07195e-07 4.17097e-07 1.97269e-07
threshold=2.5000000000000004 5.5000000000000009 37.500000000000007 6.5000000000000009 2.5000000000000004 11.000000000000002 0 13.500000000000002 36.000000000000007 39.500000000000007 3.5000000000000004 1 36.000000000000007 2 21.000000000000004 9.5000000000000018 42.500000000000007 21.000000000000004 3.5000000000000004 1.5000000000000002
decision_type=2 2 2 2 2 2 1 2 2 2 2 1 2 1 2 2 2 2 2 2
left_child=-1 2 10 -3 6 -6 -5 9 16 13 -2 -12 18 15 -15 -7 -9 -18 19 -8
right_child=1 3 -4 4 5 7 12 8 -10 -11 11 -13 -14 14 -16 -17 17 -19 -20 -21
leaf_value=0.0003691395077849676 1.8975795697210392e-05 0.00063116505534188553 -0.0014882708584282233 0.0013480249146831668 -0.001021652399468737 8.3328103821259003e-05 3.6316800651547966e-05 7.1324815177252859e-05 0.00031763157500487674 -0.00022210136660512285 5.098676927445922e-05 0.00030790408889987266 -7.6706911427355687e-05 2.6020074820783183e-05 -7.9711520156706684e-05 2.7881063111375886e-05 3.366872136081968e-05 2.1495611763384661e-05 4.0726052296425534e-05 3.0720341085050738e-05
leaf_weight=37 26 35 30.800000071525574 25.399999976158142 40.800000071525574 25 32 22 21 22 20 27 31 38 20 28 21 20 30 31
leaf_count=37 26 35 29 25 40 25 32 22 21 22 20 27 31 38 20 28 21 20 30 31
internal_value=3.63923e-12 -2.50149e-05 -0.000346939 5.05519e-05 6.46585e-07 -0.000135512 0.000235597 3.10993e-05 0.000111623 -1.97581e-05 0.00013461 0.000198578 7.72851e-06 2.0346e-05 -1.04391e-05 5.40353e-05 4.2954e-05 2.77306e-05 3.58737e-05 3.3563e-05
internal_weight=583 546 103.8 442.2 407.2 257.8 149.4 217 84 133 73 47 124 111 58 53 63 41 93 63
internal_count=580 543 102 441 406 257 149 217 84 133 73 47 124 111 58 53 63 41 93 63
cat_boundaries=0 1 2 3
cat_threshold=2 1 1
is_linear=0
shrinkage=0.05


Tree=58
num_leaves=21
num_cat=4
split_feature=14 12 6 11 7 13 13 6 13 6 1 13 6 13 4 13 11 12 11 4
split_gain=0.00198775 0.00662412 0.0172805 0.00409992 0.00136867 0.000583737 0.000201603 5.59779e-05 3.61301e-05 2.52266e-05 2.75871e-05 7.9483e-06 7.12622e-06 5.80946e-06 2.7027e-06 1.51545e-06 2.35994e-06 2.08668e-07 1.65571e-07 9.70432e-08
threshold=1.5000000000000002 1.8826500000000002 0 37.500000000000007 11.000000000000002 8.5000000000000018 6.5000000000000009 1 8.5000000000000018 2 42.000000000000007 5.5000000000000009 3 5.5000000000000009 84.000000000000014 13.500000000000002 34.500000000000007 1.5672500000000003 17.500000000000004 79.500000000000014
decision_type=2 2 1 2 2 2 2 1 2 1 2 2 1 2 2 2 2 2 2 2
left_child=3 4 -3 6 -2 -4 -1 -8 9 13 11 -11 -10 14 -6 17 18 19 -17 -14
right_child=1 2 5 -5 8 -7 7 -9 12 10 -12 -13 15 -15 -16 16 -18 -19 -20 -21
leaf_value=0.00015727506875956959 0.00032551559757848736 -0.001411121531680737 0.00019654803623017224 0.00076757889231278875 4.5506513833970531e-05 -0.00010344774790984743 3.2088006597145331e-05 -5.9408951437944785e-05 5.627497461832916e-05 1.9297635892009433e-05 -6.0361919456446581e-05 -1.9434938798650154e-05 2.8073899440455421e-05 -4.9449314246885475e-07 1.951278597516648e-05 3.0593227565987033e-05 7.6488866294642903e-06 3.5298606103010988e-05 2.4946666726955791e-05 3.1932044709849706e-05
leaf_weight=24 40 30.00000011920929 31 24 20 34 35 32 23 27 29 26 39 20 20 20 22 22 37 28
leaf_count=24 40 27 31 24 20 34 35 32 23 27 29 26 39 20 20 20 22 22 37 28
internal_value=6.26662e-13 -4.5766e-05 -0.000418504 0.000186248 4.91673e-05 3.96272e-05 3.29296e-05 -1.1612e-05 1.59723e-05 -3.12867e-06 -2.11557e-05 2.9675e-07 3.0173e-05 2.15083e-05 3.25096e-05 2.65995e-05 2.15591e-05 3.10736e-05 2.69279e-05 2.96863e-05
internal_weight=583 468 95 115 373 65 91 67 333 142 82 53 191 60 40 168 79 89 57 67
internal_count=580 465 92 115 373 65 91 67 333 142 82 53 191 60 40 168 79 89 57 67
cat_boundaries=0 1 2 3 4
cat_threshold=2 4 1 2
is_linear=0
shrinkage=0.05


Tree=59
num_leaves=20
num_cat=2
split_feature=13 13 12 13 14 12 12 12 13 13 6 13 7 13 6 8 13 12 12
split_gain=0.00189465 0.00469651 0.0223989 0.00461716 0.00465449 0.014981 0.0145617 0.0145729 0.000448459 0.000194386 0.000235791 0.000134338 6.54591e-05 4.94346e-05 7.38586e-05 8.36222e-05 2.38687e-06 1.94925e-06 1.15684e-06
threshold=2.5000000000000004 5.5000000000000009 1.8826500000000002 6.5000000000000009 2.5000000000000004 1.8826500000000002 1.8826500000000002 1.9722000000000002 7.5000000000000009 3.5000000000000004 0 9.5000000000000018 11.000000000000002 8.5000000000000018 1 95.000000000000014 13.500000000000002 1.4372000000000003 1.4372000000000003
decision_type=2 2 2 2 2 2 2 2 2 2 1 2 2 2 1 2 2 2 2
left_child=-1 2 9 -3 5 13 8 -8 -6 -2 -11 -10 -13 -5 -15 -16 17 -14 -18
right_child=1 3 -4 4 6 -7 7 -9 11 10 -12 12 16 14 15 -17 18 -19 -20
leaf_value=0.00034625437932649024 1.0362141754874891e-05 0.00059866798409659956 -0.0015405553661008891 6.0111313420444879e-05 0.0002692426905468892 0.0013285403516272126 -0.0018741256130648705 -6.9902968370234188e-05 -6.8117790506221366e-05 4.536934233328793e-05 0.0002685301053761264 0.00012234764273584699 2.6398325237952286e-05 3.627448828853163e-05 -9.0462618959463726e-06 -0.00012869475141759842 2.7407655771209026e-05 4.3884444166906179e-05 1.4808501701476678e-05
leaf_weight=37 27 35 27.800000071525574 24 20 25.399999976158142 21.800000071525574 23 35 20 29 21 34 37 40 23 38 30 35
leaf_count=37 27 35 26 24 20 25 21 23 35 20 29 21 34 37 40 23 38 30 35
internal_value=4.08551e-12 -2.34641e-05 -0.000326136 4.75837e-05 2.16386e-07 0.000222275 -0.000128471 -0.000947851 4.38681e-05 0.000118086 0.000177444 2.05132e-05 4.01466e-05 -4.33066e-06 -1.97967e-05 -5.27275e-05 2.75465e-05 3.45949e-05 2.1367e-05
internal_weight=583 546 103.8 442.2 407.2 149.4 257.8 44.8 213 76 49 193 158 124 100 63 137 64 73
internal_count=580 543 102 441 406 149 257 44 213 76 49 193 158 124 100 63 137 64 73
cat_boundaries=0 1 2
cat_threshold=1 1
is_linear=0
shrinkage=0.05


Tree=60
num_leaves=22
num_cat=5
split_feature=13 7 14 7 13 0 11 11 10 14 10 11 13 13 6 3 11 10 11 15 4
split_gain=0.00181826 0.0107375 0.00330506 0.0150123 0.00752049 0.00183182 0.000400561 0.00032396 0.000233342 6.14707e-05 0.000107871 4.90161e-05 2.3081e-05 0.000117547 1.48257e-05 5.39885e-06 3.88489e-06 3.57875e-06 3.54151e-07 4.53241e-07 1.12036e-07
threshold=8.5000000000000018 11.000000000000002 4.5000000000000009 11.000000000000002 13.500000000000002 0 37.500000000000007 38.500000000000007 1 3.5000000000000004 2 34.500000000000007 5.5000000000000009 6.5000000000000009 3 1.5000000000000002 23.000000000000004 4 17.500000000000004 2.5000000000000004 41.000000000000007
decision_type=2 2 2 2 2 1 2 2 1 2 1 2 2 2 1 2 2 1 2 2 2
left_child=1 -1 3 -2 5 -4 12 9 -8 11 -11 18 14 -14 15 -3 -15 -16 -5 -20 -21
right_child=2 6 4 7 -6 -7 8 -9 -10 10 -12 -13 13 16 17 -17 -18 -19 19 20 -22
leaf_value=-0.00094167952734708956 0.0011516803499282686 4.2820910346649944e-05 0.00058226529290550388 3.6002016592343959e-05 -0.00076922058059206004 -8.6353410283447304e-05 5.9208925625669855e-05 -0.00017784653537091801 0.00027507174333247044 0.00016081181084186741 1.8852454791584707e-05 -3.7418918641792105e-05 -0.00012150182318873705 -1.1703558153260083e-06 -3.181719239364611e-05 9.0183440921396986e-06 2.6693039117989514e-05 -3.6844002492076609e-06 3.5183437392805465e-05 2.9458059325406798e-05 2.4675381822210815e-05
leaf_weight=33.00000011920929 33.399999976158142 21 20 36 33.600000023841858 21 31 20 21 23 32 33 25 29 20 27 22 26 27 25 24
leaf_count=31 33 21 20 36 33 21 31 20 21 23 32 33 25 29 20 27 22 26 27 25 24
internal_value=-1.1123e-11 -0.000100145 7.78569e-05 0.000163974 -0.000214664 0.000239802 2.49475e-05 1.40222e-05 0.000146384 3.32091e-05 7.82173e-05 1.6137e-05 -1.21979e-05 -3.26874e-05 4.36804e-06 2.3807e-05 1.08491e-05 -1.5916e-05 3.19168e-05 2.99818e-05 2.71155e-05
internal_weight=583 255 328 253.4 74.6 41 222 220 52 200 55 145 170 76 94 48 51 46 112 76 49
internal_count=580 253 327 253 74 41 222 220 52 200 55 145 170 76 94 48 51 46 112 76 49
cat_boundaries=0 1 2 3 4 5
cat_threshold=1 1 1 1 4
is_linear=0
shrinkage=0.05


Tree=61
num_leaves=20
num_cat=2
split_feature=13 13 12 13 14 7 12 13 12 12 6 11 13 6 8 15 11 12 15
split_gain=0.00169937 0.00403902 0.0198776 0.00435815 0.00402931 0.0136149 0.0131482 0.00040736 0.000655051 0.000542058 0.000200688 0.000102245 5.27568e-05 7.87045e-05 7.4626e-05 2.76571e-05 3.45222e-05 1.60411e-06 2.53427e-07
threshold=2.5000000000000004 5.5000000000000009 1.8826500000000002 6.5000000000000009 2.5000000000000004 11.000000000000002 1.8826500000000002 13.500000000000002 1.9246000000000001 1.7639000000000002 0 23.000000000000004 8.5000000000000018 1 95.000000000000014 2.5000000000000004 31.000000000000004 1.3423500000000002 3.5000000000000004
decision_type=2 2 2 2 2 2 2 2 2 2 1 2 2 1 2 2 2 2 2
left_child=-1 2 10 -3 6 -6 12 8 15 17 -2 -12 -5 -14 -15 -7 18 -9 -17
right_child=1 3 -4 4 5 7 -8 9 -10 -11 11 -13 13 14 -16 16 -18 -19 -20
leaf_value=0.00032792541403339146 9.1840422458387501e-06 0.0005790689166834844 -0.001446940338623495 5.8533482600372137e-05 -0.00096007182013814409 -8.4681689385332804e-06 0.0012406423396167075 4.5235319911236211e-05 -0.00028273269650526346 0.00030621809495709452 0.00023929600809944013 9.1276902248864649e-05 3.3865407356249828e-05 -1.674517987563462e-05 -0.00012977459102884219 2.5399819298185964e-05 9.5920996808791139e-05 2.7846773577443348e-05 1.8306677534383199e-05
leaf_weight=37 28 35 27.800000071525574 24 40.800000071525574 36 25.399999976158142 21 20 27 28 20 37 40 23 34 23 36 20
leaf_count=37 28 35 26 24 40 36 25 21 20 27 28 20 37 40 23 34 23 36 20
internal_value=-1.24783e-11 -2.22221e-05 -0.000302909 4.36651e-05 -2.35437e-06 -0.000122088 0.000204254 3.54687e-05 -1.89744e-05 0.00012167 0.000115566 0.000177621 -8.0387e-06 -2.4016e-05 -5.80099e-05 2.77085e-05 4.46222e-05 3.42531e-05 2.27727e-05
internal_weight=583 546 103.8 442.2 407.2 257.8 149.4 217 133 84 76 48 124 100 63 113 77 57 54
internal_count=580 543 102 441 406 257 149 217 133 84 76 48 124 100 63 113 77 57 54
cat_boundaries=0 1 2
cat_threshold=4 1
is_linear=0
shrinkage=0.05


Tree=62
num_leaves=21
num_cat=4
split_feature=13 12 12 12 13 6 13 14 6 6 13 13 13 12 8 14 14 0 8 11
split_gain=0.00166462 0.0100182 0.0140551 0.00357006 0.0233539 0.00345767 0.000418629 0.000116051 0.000250846 0.000214611 2.71789e-05 0.000152879 1.40279e-05 5.16677e-06 4.17787e-06 3.01735e-06 1.99801e-06 1.89071e-06 8.94474e-07 5.71985e-07
threshold=8.5000000000000018 1.8826500000000002 1.9246000000000001 1.8826500000000002 13.500000000000002 0 9.5000000000000018 3.5000000000000004 1 2 5.5000000000000009 6.5000000000000009 2.5000000000000004 1.4907500000000002 110.00000000000001 4.5000000000000009 2.5000000000000004 3 75.000000000000014 21.000000000000004
decision_type=2 2 2 2 2 1 2 2 1 1 2 2 2 2 2 2 2 1 2 2
left_child=1 5 -3 6 -5 -1 -2 9 -9 -8 12 -12 -7 -14 16 -10 18 -13 -11 -17
right_child=3 2 -4 4 -6 10 7 8 15 14 11 17 13 -15 -16 19 -18 -19 -20 -21
leaf_value=0.00055485952601657122 -0.00018114854096243759 -0.0014519720043761459 6.7796581174661699e-05 0.0013207547854172802 -0.00081521733582077746 -2.4816718359943481e-05 -0.00012741987107049149 0.00022263151113293135 1.48848644107019e-05 2.8072514749400207e-05 -0.00014002192425929632 2.3221709919122684e-05 7.0129374492082846e-06 3.7190920770428973e-05 3.7153006633161565e-06 4.0033658955334906e-05 1.8585944380644648e-05 3.9340412942894752e-06 3.9804693324185797e-05 2.8363745262876842e-05
leaf_weight=32 28 29.00000011920929 32 31.399999976158142 21.600000023841858 27 29 20 39 33 24 24 37 23 20 21 32 27 32 21
leaf_count=32 28 27 32 31 21 27 29 20 39 33 24 24 37 23 20 21 32 27 32 21
internal_value=-9.00893e-12 -9.5821e-05 -0.000654716 7.4495e-05 0.000450245 7.99141e-05 2.07763e-06 2.28482e-05 6.40543e-05 -5.65738e-06 -1.39023e-05 -3.59598e-05 5.11286e-06 1.85812e-05 2.45231e-05 2.48994e-05 2.88133e-05 1.30106e-05 3.38484e-05 3.41987e-05
internal_weight=583 255 61 328 53 194 275 247 101 146 162 75 87 60 117 81 97 51 65 42
internal_count=580 253 59 327 52 194 275 247 101 146 162 75 87 60 117 81 97 51 65 42
cat_boundaries=0 1 2 3 4
cat_threshold=2 2 2 1
is_linear=0
shrinkage=0.05


Tree=63
num_leaves=22
num_cat=4
split_feature=13 13 12 13 13 11 12 13 7 6 13 6 6 11 14 14 13 14 4 11 6
split_gain=0.00161552 0.0034723 0.0168362 0.00403686 0.00385916 0.017682 0.00322198 0.0210769 0.000508764 0.000334481 0.000178091 0.000216538 8.50394e-06 6.95096e-06 1.33475e-06 1.96973e-06 8.61332e-07 7.08262e-07 4.91655e-07 2.45755e-07 8.48783e-08
threshold=2.5000000000000004 5.5000000000000009 1.8826500000000002 6.5000000000000009 8.5000000000000018 37.500000000000007 1.8826500000000002 13.500000000000002 11.000000000000002 0 3.5000000000000004 1 2 36.000000000000007 1.5000000000000002 4.5000000000000009 10.500000000000002 2.5000000000000004 44.000000000000007 25.500000000000004 3
decision_type=2 2 2 2 2 2 2 2 2 1 2 1 1 2 2 2 2 2 2 2 1
left_child=-1 2 10 -3 5 9 8 -8 -6 -5 -2 -12 -10 14 18 16 -16 -18 -14 20 -19
right_child=1 3 -4 4 6 -7 7 -9 12 -11 11 -13 13 -15 15 -17 17 19 -20 -21 -22
leaf_value=0.00031973340417214394 1.0319079727331108e-07 0.00055471400297912106 -0.0013347953653990961 2.0456105709888141e-05 -0.00017908975192660687 -0.0015152242615143778 0.0012547170321320876 -0.00077445643676625616 5.6433821420954625e-05 0.00026303372188219023 3.3461110101598029e-05 0.00024731693116838619 3.0400582036236299e-05 2.1169659642813107e-06 3.1560476955270305e-05 3.5788321042058962e-05 2.7643305353800926e-05 1.7518367151395702e-05 4.1354448850532735e-05 1.2980878323105572e-05 2.1862462678903039e-05
leaf_weight=37 27 35 27.800000071525574 27 34 22.200000047683716 31.399999976158142 21.600000023841858 23 30 20 29 20 30 21 37 24 23 21 20 22
leaf_count=37 27 35 26 27 34 22 31 21 23 30 20 29 20 30 21 37 24 23 21 20 22
internal_value=-8.44988e-13 -2.16669e-05 -0.000281918 3.94233e-05 -4.86742e-06 -0.000318114 7.07702e-05 0.000427733 1.97375e-06 0.000148129 0.000103213 0.000160029 2.7518e-05 2.44672e-05 2.80338e-05 2.58088e-05 2.2452e-05 2.03028e-05 3.60111e-05 1.75925e-05 1.96421e-05
internal_weight=583 546 103.8 442.2 407.2 79.2 328 53 275 57 76 49 241 218 188 147 110 89 41 65 45
internal_count=580 543 102 441 406 79 327 52 275 57 76 49 241 218 188 147 110 89 41 65 45
cat_boundaries=0 1 2 3 4
cat_threshold=4 1 2 4
is_linear=0
shrinkage=0.05


Tree=64
num_leaves=20
num_cat=5
split_feature=14 12 6 12 7 13 13 13 6 13 13 6 13 6 12 14 13 14 10
split_gain=0.00153744 0.00424255 0.0126284 0.0033364 0.00145371 0.000940668 0.000119262 5.4069e-05 5.20485e-05 4.80031e-05 1.56698e-05 1.75703e-05 8.95931e-06 7.29788e-06 2.06464e-06 1.45809e-06 1.13494e-06 5.126e-07 9.81776e-08
threshold=1.5000000000000002 1.8826500000000002 0 1.8099500000000004 11.000000000000002 8.5000000000000018 6.5000000000000009 7.5000000000000009 1 4.5000000000000009 8.5000000000000018 2 2.5000000000000004 3 1.7639000000000002 4.5000000000000009 10.500000000000002 2.5000000000000004 4
decision_type=2 2 1 2 2 2 2 2 1 2 2 1 2 1 2 2 2 2 1
left_child=3 4 -3 7 -2 -4 9 -1 -9 12 11 -8 -6 -12 15 16 -15 -18 -19
right_child=1 2 5 -5 6 -7 10 8 -10 -11 13 -13 -14 14 -16 -17 17 18 -20
leaf_value=5.4256235197499338e-05 0.00032052928112534577 -0.0011870999338742102 0.000252289329247076 0.00058833020087728407 -4.247827506016778e-05 -0.00012853489983279039 2.4300583304052867e-05 5.3584125827696611e-06 -9.203015898769398e-05 -8.9364326450359427e-05 5.361212995763788e-05 -4.0452179478052136e-05 -3.3145808558288083e-06 3.3342184213411418e-05 1.0627630602427347e-05 3.4488329613948839e-05 2.6707321914095112e-05 1.5697045057971049e-05 1.9735541889745305e-05
leaf_weight=25 40 30.00000011920929 31 33 23 34 22 34 23 37 23 20 40 21 26 37 23 27 34
leaf_count=25 40 27 31 33 23 34 22 34 23 37 23 20 40 21 26 37 23 27 34
internal_value=8.02261e-12 -4.02496e-05 -0.00033855 0.000163798 3.5725e-05 5.3089e-05 1.51428e-06 -7.05002e-06 -3.39387e-05 -4.41606e-05 2.11172e-05 -6.53407e-06 -1.76124e-05 2.71976e-05 2.35814e-05 2.59532e-05 2.29456e-05 2.03464e-05 1.7948e-05
internal_weight=583 468 95 115 373 65 333 82 57 100 233 42 63 191 168 142 105 84 61
internal_count=580 465 92 115 373 65 333 82 57 100 233 42 63 191 168 142 105 84 61
cat_boundaries=0 1 2 3 4 5
cat_threshold=2 4 4 2 1
is_linear=0
shrinkage=0.05


Tree=65
num_leaves=21
num_cat=2
split_feature=13 13 15 14 7 12 10 4 7 11 13 13 13 12 11 6 1 14 11 13
split_gain=0.00144079 0.00307346 0.023203 0.00243312 0.018897 0.00530311 0.00866869 0.00192715 0.000698937 0.00025497 0.000106601 6.24084e-05 9.75051e-06 3.51032e-06 1.83485e-06 9.53369e-07 3.00235e-06 2.69463e-06 8.18099e-07 2.47799e-07
threshold=2.5000000000000004 4.5000000000000009 2.5000000000000004 2.5000000000000004 11.000000000000002 1.8826500000000002 0 42.500000000000007 11.000000000000002 37.500000000000007 6.5000000000000009 7.5000000000000009 8.5000000000000018 1.7639000000000002 17.500000000000004 1 42.000000000000007 4.5000000000000009 23.000000000000004 13.500000000000002
decision_type=2 2 2 2 2 2 1 2 2 2 2 2 2 2 2 1 2 2 2 2
left_child=-1 2 -2 4 -3 8 -7 -4 -5 11 -10 -6 -12 15 -13 19 17 -17 -16 -14
right_child=1 3 7 5 9 6 -8 -9 10 -11 12 14 13 -15 18 16 -18 -19 -20 -21
leaf_value=0.00030194720492471717 -0.0015047804224279434 0.0015652337451017167 0.00072542527036386587 0.00024975090482792653 -5.8889585800768284e-05 -0.0011589090883579341 8.3383295568637556e-05 5.5786391435090495e-05 -8.0078828694886111e-05 -0.00016767182282637807 -4.3649120133330031e-06 3.7368256424088037e-05 2.1313782925811694e-05 7.2338107450129677e-06 1.6299380058626414e-05 1.6573713134372764e-05 4.8579748302775745e-05 4.0267216681968428e-05 2.6817682144036025e-05 2.8124027217431417e-05
leaf_weight=37 26.200000047683716 21.399999976158142 21 34 28 26.400000095367432 30 22 31 25 33 25 34 22 36 30 21 20 38 22
leaf_count=37 25 21 21 34 28 25 30 22 31 25 33 25 34 22 36 30 21 20 38 22
internal_value=3.08339e-13 -2.04616e-05 -0.00033185 2.47315e-05 0.000174137 -6.06572e-05 -0.000498115 0.000382819 3.92321e-05 -2.17148e-05 5.6281e-06 7.01691e-06 2.02265e-05 2.5673e-05 2.56571e-05 2.88671e-05 3.27145e-05 2.60511e-05 2.17007e-05 2.39892e-05
internal_weight=583 546 69.2 476.8 173.4 303.4 56.4 43 247 152 213 127 182 149 99 127 71 50 74 56
internal_count=580 543 68 475 173 302 55 43 247 152 213 127 182 149 99 127 71 50 74 56
cat_boundaries=0 1 2
cat_threshold=4 1
is_linear=0
shrinkage=0.05


Tree=66
num_leaves=20
num_cat=3
split_feature=14 11 12 6 7 14 6 15 11 10 4 14 15 12 14 11 14 8 14
split_gain=0.00123322 0.00352935 0.00348288 0.0108042 0.0011585 0.000756491 3.04891e-05 2.63474e-05 9.56334e-06 4.9254e-06 8.30126e-06 3.09466e-06 2.14838e-06 1.72538e-06 3.15545e-06 7.43492e-07 1.20974e-06 3.7188e-07 3.22031e-08
threshold=1.5000000000000002 37.500000000000007 1.8826500000000002 0 11.000000000000002 3.5000000000000004 1 3.5000000000000004 25.500000000000004 2 44.000000000000007 3.5000000000000004 2.5000000000000004 1.2583500000000003 3.5000000000000004 34.500000000000007 4.5000000000000009 65.000000000000014 4.5000000000000009
decision_type=2 2 2 1 2 2 1 2 2 1 2 2 2 2 2 2 2 2 2
left_child=1 7 4 -4 -2 -5 -6 8 -1 12 11 -11 -8 14 -12 16 -15 -14 -13
right_child=2 -3 3 5 6 -7 9 -9 -10 10 13 18 17 15 -16 -17 -18 -19 -20
leaf_value=1.0013722694265196e-05 0.00028703642969048817 0.00068606584488103799 -0.0010912016363294854 -0.00014015578433048046 -3.8698128107625963e-05 0.00020431205386459524 2.9636776162078604e-05 -3.121835724221345e-05 5.2728878272318981e-05 -2.2027839804650284e-05 1.4483893989693441e-05 2.7991577326247354e-07 8.680483093987026e-06 1.289703368456685e-05 -1.1155626409509708e-05 9.1413592282620044e-06 2.7779249351376416e-05 1.7301258228805884e-05 -2.4366770200382842e-06
leaf_weight=38 40 24 30.00000011920929 28 40 37 28 33 20 30 28 20 29 36 21 33 22 22 24
leaf_count=38 40 24 27 28 40 37 28 33 20 30 28 20 29 36 21 33 22 22 24
internal_value=-4.94472e-12 0.0001467 -3.6048e-05 -0.000306325 3.27892e-05 5.59259e-05 2.24904e-06 4.44938e-06 2.47431e-05 7.8391e-06 3.90031e-06 -9.64483e-06 1.85088e-05 1.10599e-05 3.49553e-06 1.5133e-05 1.8542e-05 1.23992e-05 -1.20186e-06
internal_weight=583 115 468 95 373 65 333 91 58 293 214 74 79 140 49 91 58 51 44
internal_count=580 115 465 92 373 65 333 91 58 293 214 74 79 140 49 91 58 51 44
cat_boundaries=0 1 2 3
cat_threshold=2 2 2
is_linear=0
shrinkage=0.05


Tree=67
num_leaves=22
num_cat=4
split_feature=13 13 15 13 13 6 12 13 4 7 11 13 4 6 11 0 13 8 11 15 10
split_gain=0.00128152 0.00271557 0.0205724 0.0018465 0.0104237 0.00652682 0.00337246 0.0188855 0.0017145 0.000722483 0.000220129 3.87068e-05 1.0899e-05 8.19718e-06 1.11174e-05 1.18662e-06 8.50673e-07 4.37201e-07 3.88672e-07 2.39592e-07 8.76584e-08
threshold=2.5000000000000004 4.5000000000000009 2.5000000000000004 7.5000000000000009 8.5000000000000018 0 1.8826500000000002 13.500000000000002 42.500000000000007 11.000000000000002 37.500000000000007 6.5000000000000009 44.000000000000007 1 36.000000000000007 2 10.500000000000002 75.000000000000014 16.500000000000004 2.5000000000000004 3
decision_type=2 2 2 2 2 1 2 2 2 2 2 2 2 1 2 1 2 2 2 2 1
left_child=-1 2 -2 5 -5 -3 9 -8 -4 -6 11 12 -7 -11 15 18 -17 20 -15 -20 -18
right_child=1 3 8 4 6 10 7 -9 -10 13 -12 -13 -14 14 -16 16 17 -19 19 -21 -22
leaf_value=0.00028477006442797673 -0.0014164382363892937 0.00093999001969750093 0.00068409586747293367 -0.00079016557542757658 -0.00022327207347830956 -0.00010045503101082433 0.0012108978608053374 -0.00070989593010105444 5.2481777877553469e-05 5.1325444616415314e-05 0.00014517216113745237 5.9117256038613659e-06 -4.8881092654829408e-05 2.5256087072193622e-05 -8.3251721783502354e-06 3.6751551736167381e-05 2.0732020295161585e-05 3.1037050687770646e-05 1.3830970546342028e-05 2.0364039578958505e-05 2.4782532016294735e-05
leaf_weight=37 26.200000047683716 23.600000023841858 21 40.200000047683716 34 20 31.399999976158142 21.600000023841858 22 23 20 24 21 25 30 22 22 26 23 36 34
leaf_count=37 25 23 21 40 34 20 31 21 22 23 20 24 21 25 30 22 22 26 23 36 34
internal_value=7.08446e-13 -1.92976e-05 -0.000311995 2.31828e-05 -3.0255e-05 0.00020436 6.28803e-05 0.000428084 0.000360944 -7.50434e-06 1.14366e-07 -4.45188e-05 -7.40391e-05 2.29359e-05 1.99407e-05 2.44512e-05 2.80212e-05 2.56789e-05 2.00312e-05 1.78172e-05 2.31913e-05
internal_weight=583 546 69.2 476.8 368.2 108.6 328 53 43 275 85 65 41 241 218 188 104 82 84 59 56
internal_count=580 543 68 475 367 108 327 52 43 275 85 65 41 241 218 188 104 82 84 59 56
cat_boundaries=0 1 2 3 4
cat_threshold=2 2 1 2
is_linear=0
shrinkage=0.05


Tree=68
num_leaves=23
num_cat=3
split_feature=13 13 11 13 14 7 6 13 11 11 15 11 13 11 11 0 14 13 15 6 3 8
split_gain=0.00115657 0.00256049 0.012976 0.00363421 0.00337279 0.0118328 0.0103114 0.000512793 0.00070865 0.000533757 0.000258998 0.000213556 8.46587e-05 9.65757e-05 5.1575e-05 4.04039e-05 3.83554e-05 7.22421e-07 5.73813e-07 4.51974e-07 3.74042e-07 1.29899e-07
threshold=2.5000000000000004 5.5000000000000009 37.500000000000007 6.5000000000000009 2.5000000000000004 11.000000000000002 0 13.500000000000002 36.000000000000007 39.500000000000007 2.5000000000000004 36.000000000000007 9.5000000000000018 29.000000000000004 25.500000000000004 1 4.5000000000000009 9.5000000000000018 3.5000000000000004 2 1.5000000000000002 65.000000000000014
decision_type=2 2 2 2 2 2 1 2 2 2 2 2 2 2 2 1 2 2 2 1 2 2
left_child=-1 2 10 -3 6 -6 -5 9 16 12 -2 17 14 21 -7 -12 19 -8 20 -9 -19 -14
right_child=1 3 -4 4 5 7 11 8 -10 -11 15 -13 13 -15 -16 -17 -18 18 -20 -21 -22 -23
leaf_value=0.00027053155348324721 0.00024793333267063224 0.00052304388739035602 -0.0011024688342832999 0.0010989298977298646 -0.00089866125257717893 1.741709032690627e-05 3.8282391469692814e-05 9.536671790383047e-06 0.00037769664003506131 -0.0002566341468826233 1.1361213977646981e-05 -0.00012052114597017568 1.8985497795424803e-05 -0.00011445978285337332 0.00012613351995355515 0.00010512464903513319 9.7483309357249671e-05 2.1263616620742073e-05 3.5213807963633115e-05 1.9910335443758718e-05 3.0235486961568573e-05 1.3669007712451275e-05
leaf_weight=37 26 35 30.800000071525574 25.399999976158142 40.800000071525574 24 25 21 21 22 27 31 27 20 20 20 21 26 21 21 21 20
leaf_count=37 26 35 29 25 40 24 25 21 21 22 27 31 27 20 20 20 21 26 21 21 21 20
internal_value=-3.72803e-12 -1.83327e-05 -0.000241816 3.41268e-05 -7.89705e-06 -0.000117443 0.000181131 2.9441e-05 0.000126157 -3.16427e-05 0.000121308 -6.86941e-06 1.29502e-05 -2.24359e-05 6.68336e-05 5.12605e-05 4.23101e-05 3.10145e-05 2.83425e-05 1.47235e-05 2.52723e-05 1.67232e-05
internal_weight=583 546 103.8 442.2 407.2 257.8 149.4 217 84 133 73 124 111 67 44 47 63 93 68 42 47 47
internal_count=580 543 102 441 406 257 149 217 84 133 73 124 111 67 44 47 63 93 68 42 47 47
cat_boundaries=0 1 2 3
cat_threshold=2 1 1
is_linear=0
shrinkage=0.05


Tree=69
num_leaves=21
num_cat=2
split_feature=13 13 15 12 12 12 14 7 7 0 10 14 13 12 4 4 12 12 13 12
split_gain=0.00106171 0.00864904 0.00632537 0.0136824 0.00686485 0.00299503 0.0183844 0.000524492 0.000375246 0.000667401 0.000281797 1.79796e-05 4.98951e-06 7.80806e-06 1.28993e-06 2.2671e-06 5.13686e-07 1.50044e-06 1.41712e-06 7.25097e-07
threshold=8.5000000000000018 7.5000000000000009 2.5000000000000004 1.7639000000000002 1.8826500000000002 1.8826500000000002 3.5000000000000004 11.000000000000002 13.000000000000002 0 1 2.5000000000000004 15.500000000000002 1.4372000000000003 81.500000000000014 86.500000000000014 1.4907500000000002 1.3794500000000001 11.500000000000002 1.7639000000000002
decision_type=2 2 2 2 2 2 2 2 2 1 1 2 2 2 2 2 2 2 2 2
left_child=1 2 3 10 8 7 -7 -2 9 -4 -1 -10 14 -14 16 -16 17 -9 -18 -20
right_child=5 -3 4 -5 -6 6 -8 12 11 -11 -12 -13 13 -15 15 -17 18 -19 19 -21
leaf_value=-1.6153161395777716e-05 -0.000190676477016977 -0.00074963835868170181 -3.9025615365062546e-07 -0.0014426281676689044 0.00081314013355824287 0.0013037768089643022 -0.00055975660454970165 2.3325637660794506e-05 -0.00010317356347513852 0.00035335773890437855 0.00023564911589937765 -4.2740888449088747e-05 2.4383340927737732e-05 -1.4006024518773933e-05 3.932938479270628e-05 1.9023320298098649e-05 3.0710844437249539e-05 5.6453668366884817e-06 2.2277478722874852e-05 9.9867543804066384e-06
leaf_weight=20 34 40.200000047683716 40 20.200000047683716 37.600000023841858 27.399999976158142 25.600000023841858 30 20 20 25 32 27 26 28 27 33 20 30 20
leaf_count=20 34 40 40 19 37 27 25 30 20 20 25 32 27 26 28 27 33 20 30 20
internal_value=4.16911e-12 -7.65253e-05 4.94484e-05 -0.000361548 0.000228572 5.94938e-05 0.000403655 -6.83549e-06 3.23247e-05 0.000117526 0.000123737 -6.59842e-05 1.91006e-05 5.55082e-06 2.29205e-05 2.9361e-05 2.02571e-05 1.62535e-05 2.26689e-05 1.73612e-05
internal_weight=583 255 214.8 65.2 149.6 328 53 275 112 60 45 52 241 53 188 55 133 50 83 50
internal_count=580 253 213 64 149 327 52 275 112 60 45 52 241 53 188 55 133 50 83 50
cat_boundaries=0 1 2
cat_threshold=1 1
is_linear=0
shrinkage=0.05


Tree=70
num_leaves=20
num_cat=3
split_feature=14 12 6 11 7 13 13 13 6 15 4 13 13 11 12 14 13 12 10
split_gain=0.00103607 0.00319886 0.00903909 0.00289361 0.00135127 0.000942884 0.00014891 0.000131256 0.000112145 6.32305e-05 5.2298e-05 3.44063e-06 1.13431e-05 2.62532e-06 2.18424e-06 1.15304e-06 1.75795e-06 2.59805e-06 7.36971e-07
threshold=1.5000000000000002 1.8826500000000002 0 37.500000000000007 11.000000000000002 8.5000000000000018 8.5000000000000018 6.5000000000000009 1 2.5000000000000004 41.000000000000007 9.5000000000000018 7.5000000000000009 21.000000000000004 1.7639000000000002 4.5000000000000009 13.500000000000002 1.4372000000000003 2
decision_type=2 2 1 2 2 2 2 2 1 2 2 2 2 2 2 2 2 2 1
left_child=3 4 -3 6 -2 -4 -1 9 -8 -6 -11 12 -9 -12 15 16 17 -13 -18
right_child=1 2 5 -5 7 -7 8 11 -10 10 13 14 -14 -15 -16 -17 18 -19 -20
leaf_value=8.2929544338627685e-05 0.00030751634592888881 -0.0010099680557450928 0.00023871186131145807 0.00062284097299804373 1.1346572864567862e-05 -0.00014256076127126376 2.4771354057722621e-05 3.0544819889076856e-06 -0.00011933851691773507 -0.00013618029238980102 -5.5784269384078121e-05 1.3669220204588561e-05 4.8871703100823135e-05 -3.1894494231496735e-05 3.9685818819634731e-06 2.7362835046785354e-05 4.4441779979164357e-06 3.4802964924333188e-05 1.603704300139035e-05
leaf_weight=37 40 30.00000011920929 31 24 31 34 27 22 27 23 23 33 35 23 27 35 26 26 29
leaf_count=37 40 27 31 24 31 34 27 22 27 23 23 33 35 23 27 35 26 26 29
internal_value=9.96103e-12 -3.30411e-05 -0.000292064 0.000134463 3.29297e-05 3.9277e-05 5.66022e-06 -5.36671e-08 -4.72836e-05 -4.79701e-05 -7.46197e-05 2.05113e-05 3.11879e-05 -4.38394e-05 1.70536e-05 1.94247e-05 1.69876e-05 2.29824e-05 1.05568e-05
internal_weight=583 468 95 115 373 65 91 333 54 100 69 233 57 46 176 149 114 59 55
internal_count=580 465 92 115 373 65 91 333 54 100 69 233 57 46 176 149 114 59 55
cat_boundaries=0 1 2 3
cat_threshold=2 4 1
is_linear=0
shrinkage=0.05


Tree=71
num_leaves=20
num_cat=6
split_feature=14 12 6 11 7 10 6 15 11 0 10 8 14 11 15 3 11 11 10
split_gain=0.000935049 0.00288697 0.00815779 0.00261148 0.00121952 0.000813781 4.22491e-05 3.39224e-05 1.2371e-05 1.01054e-05 5.02579e-06 4.86496e-06 2.8856e-06 2.57177e-06 1.58551e-06 3.37933e-06 5.55291e-06 1.67586e-06 1.07587e-07
threshold=1.5000000000000002 1.8826500000000002 0 37.500000000000007 11.000000000000002 1 2 2.5000000000000004 23.000000000000004 3 4 75.000000000000014 4.5000000000000009 18.500000000000004 2.5000000000000004 1.5000000000000002 25.500000000000004 31.000000000000004 5
decision_type=2 2 1 2 2 1 1 2 2 1 1 2 2 2 2 2 2 2 1
left_child=3 4 -3 7 -2 -4 -6 -1 -9 11 -11 -8 13 -12 17 -16 -17 -13 -15
right_child=1 2 5 -5 6 -7 9 8 -10 10 12 14 -14 18 15 16 -18 -19 -20
leaf_value=5.4978674583253455e-05 0.00029214053043688184 -0.00095947000748129686 -0.00020175842269647707 0.00059169892207743642 -4.8252474207401982e-05 0.00016823322517406529 3.7566084930321354e-05 -3.0863706610944065e-05 1.3438743004948824e-05 1.2223102846580398e-05 -6.347243944891608e-07 9.8383702646495542e-06 2.9287805748911501e-06 -1.8889138909099319e-05 -5.4611468901081642e-06 -2.3024037297793919e-06 3.2140364535734986e-05 2.8925472893997326e-05 -2.3700880241709197e-05
leaf_weight=25 40 30.00000011920929 23 24 40 42 22 40 26 41 23 23 37 26 30 22 25 23 21
leaf_count=25 40 27 23 24 40 42 22 40 26 41 23 23 37 26 30 22 25 23 21
internal_value=-8.37096e-12 -3.13891e-05 -0.000277461 0.00012774 3.12832e-05 3.73131e-05 -5.09836e-08 5.37721e-06 -1.34112e-05 6.52942e-06 -2.66164e-06 1.59106e-05 -8.36514e-06 -1.43348e-05 1.20373e-05 7.64963e-06 1.60182e-05 1.93819e-05 -2.10391e-05
internal_weight=583 468 95 115 373 65 333 91 66 293 148 145 107 70 123 77 47 46 47
internal_count=580 465 92 115 373 65 333 91 66 293 148 145 107 70 123 77 47 46 47
cat_boundaries=0 1 2 3 4 5 6
cat_threshold=2 2 2 1 2 1
is_linear=0
shrinkage=0.05


Tree=72
num_leaves=22
num_cat=4
split_feature=13 13 11 13 13 11 7 13 13 11 11 6 15 0 11 13 11 13 10 15 0
split_gain=0.000960736 0.00223367 0.0113442 0.00331407 0.00276927 0.0157252 0.00261609 0.0151849 0.000665016 0.0021757 0.000731617 0.000258103 0.000227748 3.2449e-05 2.17768e-05 1.81589e-05 3.8975e-06 1.41228e-06 4.92452e-07 4.56421e-07 3.26811e-07
threshold=2.5000000000000004 5.5000000000000009 37.500000000000007 6.5000000000000009 8.5000000000000018 37.500000000000007 11.000000000000002 11.500000000000002 13.500000000000002 37.500000000000007 37.500000000000007 0 2.5000000000000004 1 31.000000000000004 16.500000000000004 33.000000000000007 10.500000000000002 2 2.5000000000000004 3
decision_type=2 2 2 2 2 2 2 2 2 2 2 1 2 1 2 2 2 2 1 2 1
left_child=-1 2 12 -3 5 11 7 -6 9 14 15 -5 -2 -14 17 16 18 -8 -10 -19 -20
right_child=1 3 -4 4 6 -7 8 -9 10 -11 -12 -13 13 -15 -16 -17 -18 19 20 -21 -22
leaf_value=0.00024656606503806357 0.00023282243074880592 0.00049917493880327266 -0.0010301619697504717 5.4341508931193622e-05 0.0014419856354870356 -0.0014021224616318326 2.9383384701629567e-05 -0.00031912215917503527 2.9133779789844994e-05 -0.00050191518350038678 0.00035660363600982238 0.00026743067429985481 1.263971544260669e-05 9.6667491161497312e-05 -2.8136729608410529e-05 6.4079991097269867e-05 -1.8470344581477218e-06 2.2409019997708542e-05 1.4989562623668462e-05 1.3314772238388556e-05 2.3920269103698609e-05
leaf_weight=37 26 35 30.800000071525574 27 20.399999976158142 22.200000047683716 35 30.600000023841858 20 25 20 30 27 20 29 26 22 22 20 37 21
leaf_count=37 26 35 29 27 20 22 35 30 20 25 20 30 27 20 29 26 22 22 20 37 21
internal_value=6.74046e-12 -1.67087e-05 -0.000225443 3.22887e-05 -7.84155e-06 -0.000273194 5.62314e-05 0.000385321 -4.3591e-06 -7.66877e-05 7.86226e-05 0.000166494 0.000114082 4.83962e-05 9.74064e-06 2.76169e-05 1.61947e-05 2.14262e-05 2.27015e-05 1.67058e-05 1.95638e-05
internal_weight=583 546 103.8 442.2 407.2 79.2 328 51 277 148 129 57 73 47 123 109 83 94 61 59 41
internal_count=580 543 102 441 406 79 327 50 277 148 129 57 73 47 123 109 83 94 61 59 41
cat_boundaries=0 1 2 3 4
cat_threshold=4 1 4 1
is_linear=0
shrinkage=0.05


Tree=73
num_leaves=21
num_cat=1
split_feature=13 13 12 13 13 10 12 13 7 14 15 7 13 11 7 11 11 11 13 14
split_gain=0.000867064 0.00201589 0.0115628 0.00315961 0.00821129 0.0081117 0.00295087 0.0170631 0.000651794 0.00028823 0.000195975 5.23068e-05 7.48434e-06 1.30897e-05 2.02657e-06 3.76751e-06 1.99089e-06 5.02759e-07 9.58695e-07 3.10768e-07
threshold=2.5000000000000004 5.5000000000000009 1.8826500000000002 7.5000000000000009 8.5000000000000018 0 1.8826500000000002 13.500000000000002 11.000000000000002 3.5000000000000004 2.5000000000000004 13.000000000000002 15.500000000000002 21.000000000000004 13.000000000000002 34.500000000000007 25.500000000000004 23.000000000000004 11.500000000000002 2.5000000000000004
decision_type=2 2 2 2 2 1 2 2 2 2 2 2 2 2 2 2 2 2 2 2
left_child=-1 2 10 5 -5 -3 8 -8 -6 -7 -2 -12 14 -14 15 17 19 18 -10 -16
right_child=1 3 -4 4 6 9 7 -9 12 -11 11 -13 13 -15 16 -17 -18 -19 -20 -21
leaf_value=0.00023423775855917485 0.00021315962881932071 0.0011889879732871122 -0.0010867146316890731 -0.00070370527683336276 -0.00021735911928665114 -8.5565457982283999e-05 0.0011391211161437848 -0.00068664714603140862 3.0414550898664557e-05 0.00014953303809716351 8.8297334441292679e-05 -1.6809983862913213e-05 2.1656166924609959e-05 -2.8479756996524014e-05 2.5047517859396369e-05 4.2368515729462023e-05 4.2732202726054107e-06 1.4332728680225652e-05 1.679611489505208e-05 1.7660403921451818e-05
leaf_weight=37 27 20 27.800000071525574 40.200000047683716 34 32 31.399999976158142 21.600000023841858 24 22 29 20 30 23 24 26 27 24 28 35
leaf_count=37 27 20 26 40 34 32 31 21 24 22 29 20 30 23 24 26 27 24 28 35
internal_value=1.15835e-11 -1.58732e-05 -0.000214171 3.06742e-05 -2.92429e-05 0.000328803 5.34198e-05 0.000395034 -1.24186e-05 1.02154e-05 0.000104996 4.53964e-05 1.64941e-05 -1.00932e-07 2.11725e-05 2.59393e-05 1.5519e-05 2.03188e-05 2.30815e-05 2.06653e-05
internal_weight=583 546 103.8 442.2 368.2 74 328 53 275 54 76 49 241 53 188 102 86 76 52 59
internal_count=580 543 102 441 367 74 327 52 275 54 76 49 241 53 188 102 86 76 52 59
cat_boundaries=0 1
cat_threshold=4
is_linear=0
shrinkage=0.05


Tree=74
num_leaves=20
num_cat=4
split_feature=14 11 12 6 13 7 13 13 6 13 13 13 13 11 8 0 14 17 10
split_gain=0.000862189 0.00254488 0.00214159 0.00734618 0.00120016 0.00105277 0.000205067 0.000116012 9.42959e-05 8.49339e-05 8.4589e-05 8.30477e-06 2.1319e-05 4.98971e-06 2.28673e-06 1.23984e-06 1.02926e-06 8.69468e-07 4.4259e-08
threshold=1.5000000000000002 37.500000000000007 1.8826500000000002 0 8.5000000000000018 11.000000000000002 6.5000000000000009 8.5000000000000018 1 4.5000000000000009 2.5000000000000004 9.5000000000000018 7.5000000000000009 21.000000000000004 110.00000000000001 2 4.5000000000000009 1.0000000180025095e-35 3
decision_type=2 2 2 1 2 2 2 2 1 2 2 2 2 2 2 1 2 2 1
left_child=1 7 5 -4 -5 -2 9 -1 -9 10 -7 12 -8 -12 15 17 18 -13 -17
right_child=2 -3 3 4 -6 6 11 8 -10 -11 13 14 -14 -15 -16 16 -18 -19 -20
leaf_value=7.0071891408391627e-05 0.00026620527522027261 0.00058066699910644577 -0.00088927407706072305 0.00028163056037644105 -0.00014852476340499433 -0.00010626019413947411 -1.5525913940192286e-06 2.1211092920296966e-05 -0.00011093352578528641 -0.0001252970436031024 -3.5815515911963308e-06 1.3544752969859734e-05 6.1259852269098954e-05 3.1737378882326085e-05 2.6921189209767336e-05 1.1305087846267271e-05 2.6373269931701502e-05 2.6893399512445266e-06 1.438471039948906e-05
leaf_weight=37 40 24 30.00000011920929 31 34 23 22 27 27 37 20 35 35 20 33 20 21 39 28
leaf_count=37 40 24 27 31 34 23 22 27 27 37 20 35 35 20 33 20 21 39 28
internal_value=-3.87842e-12 0.000122662 -3.01414e-05 -0.000242079 5.66262e-05 2.38374e-05 -5.27585e-06 1.86983e-06 -4.48612e-05 -6.51686e-05 -2.9855e-05 2.04292e-05 3.70165e-05 1.40779e-05 1.50572e-05 1.23193e-05 1.71408e-05 7.82366e-06 1.31015e-05
internal_weight=583 115 468 95 65 373 333 91 54 100 63 233 57 40 176 143 69 74 48
internal_count=580 115 465 92 65 373 333 91 54 100 63 233 57 40 176 143 69 74 48
cat_boundaries=0 1 2 3 4
cat_threshold=2 4 1 2
is_linear=0
shrinkage=0.05


Tree=75
num_leaves=22
num_cat=1
split_feature=13 13 11 16 6 13 7 12 13 13 12 12 13 13 11 11 1 14 11 14 16
split_gain=0.000802885 0.00401367 0.00955869 0.00555992 0.0132874 0.0124087 0.00291008 0.000904181 0.00079523 0.00076791 0.00284214 0.000875037 4.78382e-05 4.89743e-05 1.37462e-05 6.56964e-06 3.55383e-06 1.08925e-06 4.59603e-07 4.03695e-07 1.47175e-07
threshold=9.5000000000000018 7.5000000000000009 36.000000000000007 1.0000000180025095e-35 0 4.5000000000000009 11.000000000000002 1.8826500000000002 8.5000000000000018 13.500000000000002 1.8513000000000004 1.8513000000000004 5.5000000000000009 2.5000000000000004 31.000000000000004 31.000000000000004 42.000000000000007 3.5000000000000004 17.500000000000004 3.5000000000000004 1.0000000180025095e-35
decision_type=2 2 2 2 1 2 2 2 2 2 2 2 2 2 2 2 2 2 2 2 2
left_child=1 3 8 4 -1 -5 -2 12 -3 10 15 14 13 -6 18 17 -15 20 -11 -20 -8
right_child=6 2 -4 5 7 -7 9 -9 -10 11 -12 -13 -14 16 -16 -17 -18 -19 19 -21 -22
leaf_value=0.0012781951355624159 0.00043796730623039048 0.00017307469769058605 -0.0013056633814617243 -0.0010144779422506616 -0.00010397165287507786 0.00036531191918811603 1.6632832719349407e-05 0.00024623988031332076 -0.00022187765233684333 2.4775754809525097e-05 -0.00058422937280132217 0.00032058068341186681 -0.00011615432720592414 -2.4582167388871315e-05 -2.4353549535286825e-05 4.5250479359476066e-05 5.2248488225359328e-06 7.0506548875146704e-06 1.248747819396346e-05 2.1357721510392602e-05 2.2213891123187969e-05
leaf_weight=24.600000023841858 43 26 20.200000047683716 33.200000047683716 21 32 27 30 25 24 24 29 34 20 24 22 20 31 29 23 21
leaf_count=24 42 26 20 32 21 32 27 30 25 24 24 29 34 20 24 22 20 31 29 23 21
internal_value=-3.10862e-12 -5.9794e-05 -0.000385132 4.80461e-05 0.000215983 -0.00033728 5.75794e-05 6.93919e-06 -2.05294e-05 -6.81696e-06 -9.51348e-05 7.87623e-05 -6.86295e-05 -4.21402e-05 8.63497e-06 2.10857e-05 -9.67866e-06 1.43563e-05 1.90524e-05 1.64109e-05 1.90745e-05
internal_weight=583 286 71.2 214.8 149.6 65.2 297 125 51 254 125 129 95 61 100 101 40 79 76 52 48
internal_count=580 284 71 213 149 64 296 125 51 254 125 129 95 61 100 101 40 79 76 52 48
cat_boundaries=0 1
cat_threshold=2
is_linear=0
shrinkage=0.05


Tree=76
num_leaves=22
num_cat=2
split_feature=13 13 12 13 10 13 12 13 7 15 13 10 13 11 13 11 14 13 14 12 12
split_gain=0.000837223 0.00175347 0.0103698 0.00260856 0.00739696 0.007143 0.00290139 0.0160374 0.000735727 0.000270011 0.000255395 3.42538e-05 1.01953e-05 1.39286e-05 4.72767e-06 3.70897e-06 2.73708e-06 5.35696e-07 2.9511e-07 4.73462e-08 3.98709e-08
threshold=2.5000000000000004 5.5000000000000009 1.8826500000000002 7.5000000000000009 0 8.5000000000000018 1.8826500000000002 13.500000000000002 11.000000000000002 2.5000000000000004 6.5000000000000009 1 15.500000000000002 21.000000000000004 9.5000000000000018 36.000000000000007 1.5000000000000002 13.500000000000002 3.5000000000000004 1.3794500000000001 1.4202000000000001
decision_type=2 2 2 2 1 2 2 2 2 2 2 1 2 2 2 2 2 2 2 2 2
left_child=-1 2 9 4 -3 -5 8 -8 -7 -2 -6 -11 14 -14 -10 16 -16 18 19 -18 -19
right_child=1 3 -4 5 10 6 7 -9 12 11 -12 -13 13 -15 15 -17 17 20 -20 -21 -22
leaf_value=0.00023017158498594262 0.00022867594749119169 0.0011201162636280061 -0.0010268440893428565 -0.00065568798259419076 -0.00013176669245180877 -0.00023254993729471393 0.00111058456195717 -0.00065945751926749121 4.3144813757449316e-05 -1.6514968176904535e-05 8.813473933925355e-05 6.7961061670221822e-05 1.8979112342094597e-05 -3.2738270582068135e-05 2.981911074365834e-05 3.7114079801224017e-05 1.0703173247748056e-05 1.8058343117776201e-05 6.0358018427822658e-06 1.4143602456897497e-05 1.5012473271608108e-05
leaf_weight=37 27 20 27.800000071525574 40.200000047683716 23 34 31.399999976158142 21.600000023841858 22 21 31 28 30 23 27 23 20 22 33 20 21
leaf_count=37 27 20 26 40 23 34 31 21 22 21 31 28 30 23 27 23 20 22 33 20 21
internal_value=-6.08053e-12 -1.55977e-05 -0.000200539 2.78145e-05 0.000298701 -2.66276e-05 5.04706e-05 0.000389209 -1.48135e-05 0.000101715 -5.52698e-06 3.1757e-05 1.59045e-05 -3.46428e-06 2.13648e-05 1.84783e-05 1.5481e-05 1.21436e-05 9.53585e-06 1.24234e-05 1.65708e-05
internal_weight=583 546 103.8 442.2 74 368.2 328 53 275 76 54 49 241 53 188 166 143 116 73 40 43
internal_count=580 543 102 441 74 367 327 52 275 76 54 49 241 53 188 166 143 116 73 40 43
cat_boundaries=0 1 2
cat_threshold=4 1
is_linear=0
shrinkage=0.05


Tree=77
num_leaves=22
num_cat=4
split_feature=14 11 12 6 13 4 14 13 13 13 6 14 6 0 12 11 13 14 13 12 12
split_gain=0.000811915 0.00240741 0.0018015 0.00670418 0.00124552 0.000389494 0.000962857 0.000105662 9.86655e-05 0.000153962 0.000145704 9.53605e-05 8.95062e-05 6.776e-05 1.54102e-05 1.13657e-05 1.70382e-06 1.55872e-06 1.34476e-06 1.39971e-06 1.69669e-07
threshold=1.5000000000000002 37.500000000000007 1.8826500000000002 0 8.5000000000000018 39.000000000000007 3.5000000000000004 8.5000000000000018 6.5000000000000009 8.5000000000000018 1 3.5000000000000004 2 3 1.4724500000000003 24.500000000000004 10.500000000000002 4.5000000000000009 13.500000000000002 1.4372000000000003 1.4035500000000003
decision_type=2 2 2 1 2 2 2 2 2 2 1 2 1 1 2 2 2 2 2 2 2
left_child=1 7 5 -4 -5 6 -2 -1 13 11 -11 -10 -9 15 -15 -7 -12 18 20 -20 -18
right_child=2 -3 3 4 -6 8 -8 12 9 10 16 -13 -14 14 -16 -17 17 -19 19 -21 -22
leaf_value=6.6636391337040644e-05 -9.7165684711888813e-05 0.00056449454408114734 -0.00084190041734019748 0.00029093990658199593 -0.00014726934673757678 2.3203106251284702e-05 0.00030214304352840478 3.7645118780866534e-05 0.00018110398971202813 -0.0001140139454107087 2.5155018485949969e-05 2.6701497590693181e-05 -9.4401385793003805e-05 -6.4354067399108322e-05 -0.00012378056373563596 -2.8222700778066861e-05 1.1538996614035569e-05 1.9893283732878779e-05 9.2337517600071819e-06 -7.3790356942654839e-06 1.8051855886369594e-05
leaf_weight=37 26 24 30.00000011920929 31 34 21 36 21 20 26 27 20 33 24 20 22 20 38 32 21 20
leaf_count=37 26 24 27 31 34 21 36 21 20 26 27 20 33 24 20 22 20 38 32 21 20
internal_value=-4.31472e-12 0.000119032 -2.92494e-05 -0.000223632 6.17228e-05 2.02582e-05 0.000134691 1.54778e-06 -2.55475e-06 1.49965e-05 -4.33095e-06 0.000103903 -4.305e-05 -4.77442e-05 -9.13661e-05 -3.10777e-06 1.37181e-05 1.13609e-05 7.8746e-06 2.65133e-06 1.47954e-05
internal_weight=583 115 468 95 65 373 62 91 311 224 184 40 54 87 44 43 158 131 93 53 40
internal_count=580 115 465 92 65 373 62 91 311 224 184 40 54 87 44 43 158 131 93 53 40
cat_boundaries=0 1 2 3 4
cat_threshold=2 2 1 1
is_linear=0
shrinkage=0.05


Tree=78
num_leaves=22
num_cat=3
split_feature=13 13 6 13 14 7 12 11 13 12 12 13 6 8 13 12 4 10 11 11 12
split_gain=0.000736059 0.00154851 0.0095244 0.00241654 0.00289337 0.010849 0.00988849 0.000442194 0.000440181 0.00103155 0.000803615 0.000144242 0.000114767 9.83643e-05 8.7802e-05 9.76355e-05 3.48346e-05 1.53021e-05 1.08804e-05 4.69872e-06 2.02186e-06
threshold=2.5000000000000004 5.5000000000000009 0 6.5000000000000009 2.5000000000000004 11.000000000000002 1.8826500000000002 36.000000000000007 13.500000000000002 1.9246000000000001 1.7639000000000002 8.5000000000000018 1 95.000000000000014 9.5000000000000018 1.4907500000000002 42.500000000000007 2 21.000000000000004 21.000000000000004 1.4202000000000001
decision_type=2 2 1 2 2 2 2 2 2 2 2 2 1 2 2 2 2 1 2 2 2
left_child=-1 2 -2 -3 6 -6 11 18 9 14 20 -5 -13 17 15 -7 -16 -14 -4 -18 -10
right_child=1 3 7 4 5 8 -8 -9 10 -11 -12 12 13 -15 16 -17 19 -19 -20 -21 -22
leaf_value=0.00021581794296523455 -0.00096132354134518649 0.00042485421257359643 1.0316427263508862e-05 9.2954878914497393e-05 -0.00085759536451378597 1.1687941514537671e-05 0.0010657628570919259 0.00029681253125256102 2.2578130149097933e-05 -0.00035649734374601397 0.00034539685115372843 2.6353918435012711e-05 -6.8140982984914449e-05 -0.000166982802013239 -5.2171468428241501e-05 0.00015585074888804231 6.6169589315125317e-06 -6.2901453202357523e-06 5.6025935681764565e-05 4.0064585699015188e-05 3.6006941809318965e-06
leaf_weight=37 28.800000071525574 35 30 24 40.800000071525574 23 25.399999976158142 22 32 20 27 37 20 23 24 24 21 20 23 21 25
leaf_count=37 27 35 30 24 40 23 25 22 32 20 27 37 20 23 24 24 21 20 23 21 25
internal_value=4.15082e-12 -1.4625e-05 -0.000188422 2.61712e-05 -8.09677e-06 -0.000109558 0.000166982 0.000108373 3.10863e-05 -2.55076e-05 0.000120693 -1.71227e-05 -4.35413e-05 -8.45909e-05 3.30747e-05 8.5303e-05 -4.11822e-06 -3.72156e-05 3.01526e-05 2.33408e-05 1.42547e-05
internal_weight=583 546 103.8 442.2 407.2 257.8 149.4 75 217 133 84 124 100 63 113 47 66 40 53 42 57
internal_count=580 543 102 441 406 257 149 75 217 133 84 124 100 63 113 47 66 40 53 42 57
cat_boundaries=0 1 2 3
cat_threshold=2 1 2
is_linear=0
shrinkage=0.05


Tree=79
num_leaves=21
num_cat=5
split_feature=14 11 12 6 10 4 14 15 0 15 10 11 11 10 12 12 12 14 15 14
split_gain=0.000650443 0.00199356 0.00165383 0.00554841 0.000786261 0.00045773 0.000873557 3.61843e-05 2.22392e-05 1.87148e-05 4.19949e-05 2.81528e-05 1.35043e-05 1.14574e-05 7.56326e-06 7.35649e-06 1.39508e-05 5.14363e-06 4.75724e-06 2.10259e-06
threshold=1.5000000000000002 37.500000000000007 1.8826500000000002 0 1 39.000000000000007 3.5000000000000004 2.5000000000000004 2 2.5000000000000004 3 17.500000000000004 23.000000000000004 4 1.4372000000000003 1.3077000000000003 1.7639000000000002 3.5000000000000004 3.5000000000000004 3.5000000000000004
decision_type=2 2 2 1 1 2 2 2 1 2 1 2 2 1 2 2 2 2 2 2
left_child=1 7 5 -4 -5 6 -2 -1 9 11 -11 -7 -9 17 -13 -12 -17 -10 19 -15
right_child=2 -3 3 4 -6 8 -8 12 13 10 15 14 -14 18 -16 16 -18 -19 -20 -21
leaf_value=5.0858312519267206e-05 -7.5535765347030273e-05 0.00051190948585523686 -0.00077488137722062523 -0.00018782449769787492 0.00017585733384337454 7.3665411131831047e-05 0.00030480557473614079 -3.8009269173926443e-05 -5.3339865219944239e-05 -6.6457771440168884e-05 -1.3546013422621235e-05 -1.1870408917065315e-05 8.2779422357886622e-06 -6.8411474728691251e-06 2.8473427158002908e-05 4.1488432553398312e-05 -6.6522972701932305e-06 -2.2918415870111805e-05 1.1203028708013545e-05 -2.7202217903063037e-05
leaf_weight=25 26 24 30.00000011920929 23 42 23 36 40 24 22 22 26 26 32 21 34 27 33 26 21
leaf_count=25 26 24 27 23 42 23 36 40 24 22 22 26 26 32 21 34 27 33 26 21
internal_value=-1.14376e-11 0.00010654 -2.61798e-05 -0.000212425 4.71699e-05 2.12554e-05 0.000145308 -3.70181e-07 -3.47531e-06 8.31158e-06 -5.03894e-06 2.83374e-05 -1.97749e-05 -1.86423e-05 6.15556e-06 1.12408e-05 2.01802e-05 -3.57274e-05 -6.31499e-06 -1.49087e-05
internal_weight=583 115 468 95 65 373 62 91 311 175 105 70 66 136 47 83 61 57 79 53
internal_count=580 115 465 92 65 373 62 91 311 175 105 70 66 136 47 83 61 57 79 53
cat_boundaries=0 1 2 3 4 5
cat_threshold=2 2 1 4 4
is_linear=0
shrinkage=0.05


Tree=80
num_leaves=21
num_cat=4
split_feature=13 13 15 6 13 12 13 12 7 13 13 13 12 8 15 1 6 12 10 10
split_gain=0.000755303 0.00620828 0.00481451 0.0133905 0.0104052 0.00265687 0.0148216 0.000801406 0.000497795 7.81191e-05 6.3465e-05 1.194e-05 1.34647e-05 2.12421e-05 2.79002e-06 1.95548e-06 1.41028e-06 1.4167e-06 5.76202e-07 2.93111e-07
threshold=8.5000000000000018 7.5000000000000009 2.5000000000000004 0 4.5000000000000009 1.8826500000000002 13.500000000000002 1.8826500000000002 11.000000000000002 5.5000000000000009 2.5000000000000004 13.500000000000002 1.4372000000000003 75.000000000000014 3.5000000000000004 42.000000000000007 1 1.4724500000000003 2 3
decision_type=2 2 2 1 2 2 2 2 2 2 2 2 2 2 2 2 1 2 1 1
left_child=1 2 4 -4 -1 8 -7 9 -2 10 -5 14 18 -14 16 -12 19 -18 -13 -10
right_child=5 -3 3 7 -6 6 -8 -9 11 -11 15 12 13 -15 -16 -17 17 -19 -20 -21
leaf_value=-0.00093650584336139929 -0.00019139378004825525 -0.00063482729478590567 0.0012647836609236815 -0.00011907635849811848 0.0003269929679390771 0.0010678222363582253 -0.00063380199852204079 0.00021389513664568465 1.659997932446935e-05 -0.00014327080033955795 -2.2791331502958201e-05 1.3073283538687973e-05 1.3993499556692831e-05 -4.706246813514424e-05 3.5395221918536535e-05 -6.8094351263425784e-07 3.301917188218795e-05 1.6186449982342312e-05 2.3351274327675736e-05 8.4296622330641742e-06
leaf_weight=33.200000047683716 34 40.200000047683716 24.600000023841858 21 32 31.399999976158142 21.600000023841858 30 21 34 20 25 29 28 35 20 25 25 30 23
leaf_count=32 34 40 24 21 32 31 21 30 21 34 20 25 29 28 35 20 25 25 30 23
internal_value=-1.04682e-11 -6.45451e-05 4.21837e-05 0.000198458 -0.000316384 5.01799e-05 0.00037433 -1.13952e-05 -1.22927e-05 -8.25395e-05 -4.86893e-05 1.29746e-05 1.03065e-06 -1.59989e-05 2.33446e-05 -1.17361e-05 1.88577e-05 2.46028e-05 1.86795e-05 1.23291e-05
internal_weight=583 255 214.8 149.6 65.2 328 53 125 275 95 61 241 112 57 129 40 94 50 55 44
internal_count=580 253 213 149 64 327 52 125 275 95 61 241 112 57 129 40 94 50 55 44
cat_boundaries=0 1 2 3 4
cat_threshold=2 1 1 1
is_linear=0
shrinkage=0.05


Tree=81
num_leaves=21
num_cat=0
split_feature=13 13 12 15 7 12 13 7 13 4 11 13 13 13 13 11 15 12 1 7
split_gain=0.000724892 0.00292623 0.00174867 0.00135543 0.0088293 0.00195722 0.0103879 0.000393963 0.000455788 0.000368491 0.000153302 7.05944e-05 3.78801e-05 3.29856e-05 8.88984e-06 2.2846e-05 2.93652e-06 1.52236e-06 1.44528e-06 4.78363e-07
threshold=3.5000000000000004 4.5000000000000009 1.5672500000000003 2.5000000000000004 11.000000000000002 1.8826500000000002 8.5000000000000018 11.000000000000002 6.5000000000000009 41.000000000000007 36.000000000000007 2.5000000000000004 8.5000000000000018 8.5000000000000018 13.500000000000002 34.500000000000007 3.5000000000000004 1.2583500000000003 42.000000000000007 13.000000000000002
decision_type=2 2 2 2 2 2 2 2 2 2 2 2 2 2 2 2 2 2 2 2
left_child=2 -2 11 4 -3 7 -7 -5 -9 -6 13 -1 -10 -11 16 19 18 -15 -14 -16
right_child=1 3 -4 5 9 6 -8 8 12 10 -12 -13 14 17 15 -17 -18 -19 -20 -21
leaf_value=-9.6236900814498466e-05 -0.00043535460168137551 0.0010304862879724798 0.00050802870499192865 0.00019210711556557467 -0.00015759542464955894 -0.0010602230074311843 0.00026535252450897987 -0.00017856788229740536 6.6166129820489106e-05 -6.2084869587124568e-05 0.0001408673692663876 3.0559830844614899e-05 6.2493737787008285e-06 2.4433835819763771e-05 1.0545658128299133e-05 -4.5459154985326764e-05 3.3625460985474224e-05 6.7401777883905226e-06 2.3427229973549404e-05 1.9742076467317079e-05
leaf_weight=21 39.200000047683716 23.399999976158142 23 28 37 25.800000071525574 34.600000023841858 33 39 20 23 23 25 20 26 21 35 31 24 31
leaf_count=21 38 23 23 28 37 25 34 33 39 20 23 23 25 20 26 21 35 31 24 31
internal_value=-1.05885e-11 -2.00902e-05 0.000154725 1.40506e-05 0.000135869 -4.42894e-05 -0.00030087 1.48613e-05 -6.34758e-06 -2.39325e-05 2.86795e-05 -2.99568e-05 2.19274e-05 -7.66303e-06 1.12773e-05 -8.77574e-07 2.2564e-05 1.36789e-05 1.4663e-05 1.55472e-05
internal_weight=583 516 67 476.8 154.4 322.4 60.4 262 234 131 94 44 201 71 162 78 84 51 49 57
internal_count=580 513 67 475 154 321 59 262 234 131 94 44 201 71 162 78 84 51 49 57
is_linear=0
shrinkage=0.05


Tree=82
num_leaves=24
num_cat=2
split_feature=13 13 14 11 7 14 11 13 13 13 11 4 11 13 13 13 11 11 14 14 6 10 8
split_gain=0.000654215 0.00264092 0.00170886 0.00682232 0.00496063 0.00815445 0.00159309 0.000494061 0.000430207 0.000402471 0.000533257 0.00028802 0.000220474 0.000103193 7.2305e-05 5.77519e-05 0.000151268 0.000147953 2.09655e-06 1.76015e-06 2.68839e-06 9.23406e-07 9.63107e-08
threshold=3.5000000000000004 4.5000000000000009 4.5000000000000009 37.500000000000007 11.000000000000002 2.5000000000000004 34.500000000000007 6.5000000000000009 5.5000000000000009 8.5000000000000018 38.500000000000007 41.000000000000007 36.000000000000007 2.5000000000000004 11.500000000000002 12.500000000000002 36.000000000000007 31.000000000000004 3.5000000000000004 1.5000000000000002 0 1 65.000000000000014
decision_type=2 2 2 2 2 2 2 2 2 2 2 2 2 2 2 2 2 2 2 2 1 1 2
left_child=6 -2 4 11 5 -3 13 8 -6 12 15 -4 -9 -1 -13 17 18 19 21 -11 -21 -17 -23
right_child=1 2 3 -5 7 -7 -8 9 -10 10 -12 14 -14 -15 -16 16 -18 -19 -20 20 -22 22 -24
leaf_value=-9.5964368996316227e-05 -0.00041358685578741188 0.0012629812925972325 0.00019758736045332625 -0.00090124409854622017 -2.0523100671277424e-07 -7.6803971750355276e-05 0.00050783515062427064 5.4240208454367743e-05 -0.00030281857179943473 3.591974257558052e-05 -0.00025701337261125446 -6.9893052932457072e-05 0.00024865117660374385 5.3954642279071174e-05 4.5241271594325862e-05 5.8701101310858082e-06 0.00015866248937700654 -0.00011938430904774578 -3.0230131865020367e-06 4.8527430436706711e-06 2.9917941767211153e-05 1.6280521195236966e-05 2.0978520660719371e-05
leaf_weight=22 39.200000047683716 21.399999976158142 25 24.200000047683716 23 24.200000047683716 21 35 24 21 20 25 25 24 30 22 21 25 24 20 23 24 20
leaf_count=22 38 21 25 23 23 24 21 35 24 21 20 25 25 24 30 22 21 25 24 20 23 24 20
internal_value=-1.07549e-11 -1.90857e-05 1.33481e-05 -0.000165648 6.34055e-05 0.000551955 0.000146989 -4.72253e-06 -0.000154731 2.04575e-05 -1.08481e-05 5.68699e-05 0.000135245 -1.77458e-05 -7.09251e-06 1.37684e-05 3.78271e-05 -1.62374e-05 9.63214e-06 2.40544e-05 1.82597e-05 1.4234e-05 1.8416e-05
internal_weight=583 516 476.8 104.2 372.6 45.6 67 327 47 280 220 80 60 46 55 200 111 89 90 64 43 66 44
internal_count=580 513 475 103 372 45 67 327 47 280 220 80 60 46 55 200 111 89 90 64 43 66 44
cat_boundaries=0 1 2
cat_threshold=1 1
is_linear=0
shrinkage=0.05


Tree=83
num_leaves=20
num_cat=2
split_feature=13 13 6 13 14 7 12 13 12 12 11 13 6 13 4 4 11 11 12
split_gain=0.000606666 0.00106606 0.00845178 0.00226317 0.00238875 0.00998503 0.0082366 0.000408381 0.000974408 0.000783311 0.000401039 0.000159637 0.000128998 0.00010373 8.2277e-05 3.73722e-05 8.98485e-06 8.3953e-06 1.52966e-06
threshold=2.5000000000000004 5.5000000000000009 0 6.5000000000000009 2.5000000000000004 11.000000000000002 1.8826500000000002 13.500000000000002 1.9246000000000001 1.7639000000000002 36.000000000000007 8.5000000000000018 1 8.5000000000000018 79.500000000000014 42.500000000000007 31.000000000000004 21.000000000000004 1.4202000000000001
decision_type=2 2 1 2 2 2 2 2 2 2 2 2 1 2 2 2 2 2 2
left_child=-1 2 -2 -3 6 -6 11 8 13 18 17 -5 -13 -7 -14 -15 -17 -4 -9
right_child=1 3 10 4 5 7 -8 9 -10 -11 -12 12 14 15 -16 16 -18 -19 -20
leaf_value=0.00019593231949870273 -0.00088556179416996036 0.00040639612524371064 3.018688294654718e-05 9.4267810770058225e-05 -0.00082241491528638178 0.00010408765805810358 0.00096677104835249405 1.861169996999479e-05 -0.00034605465305503463 0.0003383039282939367 0.00030155915532800877 2.4774289424287319e-05 -4.8024083615671725e-05 -4.4505241523187702e-05 -0.00016568750585671904 9.3277580100252168e-06 5.2889933112965085e-05 7.0338363360386447e-05 2.105032310282695e-06
leaf_weight=37 28.800000071525574 35 30 24 40.800000071525574 35 25.399999976158142 32 20 27 22 37 39 29 24 29 20 23 25
leaf_count=37 27 35 30 24 40 35 25 32 20 27 22 37 39 29 24 29 20 23 25
internal_value=-6.20464e-12 -1.32775e-05 -0.000157481 2.05721e-05 -1.25906e-05 -0.000104781 0.00014649 3.01476e-05 -2.43637e-05 0.000116457 0.000122103 -2.15352e-05 -4.93279e-05 3.25727e-05 -9.28482e-05 4.82713e-07 2.71082e-05 4.76111e-05 1.13719e-05
internal_weight=583 546 103.8 442.2 407.2 257.8 149.4 217 133 84 75 124 100 113 63 78 49 53 57
internal_count=580 543 102 441 406 257 149 217 133 84 75 124 100 113 63 78 49 53 57
cat_boundaries=0 1 2
cat_threshold=2 1
is_linear=0
shrinkage=0.05


Tree=84
num_leaves=24
num_cat=0
split_feature=13 13 1 7 13 12 12 13 13 13 13 13 12 12 12 13 11 13 4 12 11 4 4
split_gain=0.000566176 0.00468752 0.00620446 0.0026139 0.0258743 0.00174672 0.000662809 0.00138462 0.00017759 0.000788419 0.000186895 0.000184315 0.000252566 0.000126153 0.000109454 8.72508e-05 5.32392e-05 3.77315e-05 8.70206e-06 4.09955e-06 3.07218e-06 1.21609e-06 2.52149e-07
threshold=14.500000000000002 13.500000000000002 42.000000000000007 11.000000000000002 9.5000000000000018 1.8513000000000004 1.9246000000000001 7.5000000000000009 6.5000000000000009 5.5000000000000009 2.5000000000000004 8.5000000000000018 1.6441500000000002 1.6441500000000002 1.5672500000000003 7.5000000000000009 25.500000000000004 15.500000000000002 44.000000000000007 1.3794500000000001 31.000000000000004 79.500000000000014 42.500000000000007
decision_type=2 2 2 2 2 2 2 2 2 2 2 2 2 2 2 2 2 2 2 2 2 2 2
left_child=1 3 -3 4 -1 16 8 -8 9 10 -5 12 15 20 19 -10 17 -2 -19 -12 21 22 -13
right_child=5 2 -4 6 -6 -7 7 -9 11 -11 14 13 -14 -15 -16 -17 -18 18 -20 -21 -22 -23 -24
leaf_value=-0.00043664441725896797 8.192122240870959e-05 0.00013059400401289168 -0.0010664065513848085 -8.7197937245946393e-05 0.001647114800557385 0.00052554945541032798 3.8845885676521535e-05 -0.00050248606130480771 -3.8825188468243665e-05 -0.00029026753484056548 3.1207364977490214e-05 1.6628541551826119e-05 0.00024908476028031147 -0.00010037460969425201 0.0001513125767814927 0.00010709722762840101 -6.2871709187242055e-05 -2.2779459507091817e-05 2.2790574160518938e-05 1.982840767595917e-06 4.0180694757054884e-05 2.676025234928477e-05 9.660342993811356e-06
leaf_weight=41.00000011920929 22 20 23.600000023841858 30 23.399999976158142 20 27 21 21 26 30 37 20 26 23 20 21 20 22 20 20 29 20
leaf_count=39 22 20 23 30 23 20 27 21 21 26 30 37 20 26 23 20 21 20 22 20 20 29 20
internal_value=6.54897e-12 -2.30936e-05 -0.000517324 2.65114e-05 0.000320498 0.000105131 -2.46581e-05 -0.000197987 1.17971e-06 -4.4239e-05 1.78653e-05 3.15373e-05 0.000103415 -1.67891e-06 6.1042e-05 3.23565e-05 6.20899e-06 2.88761e-05 1.09056e-06 1.95176e-05 2.25295e-05 1.84245e-05 1.41836e-05
internal_weight=583 478 43.6 434.4 64.4 105 370 48 322 129 103 193 61 132 73 41 85 64 42 50 106 86 57
internal_count=580 475 43 432 62 105 370 48 322 129 103 193 61 132 73 41 85 64 42 50 106 86 57
is_linear=0
shrinkage=0.05


Tree=85
num_leaves=23
num_cat=1
split_feature=13 12 13 4 13 7 13 13 13 13 15 13 13 11 4 11 13 13 6 4 15 8
split_gain=0.000570161 0.00106328 0.0100767 0.01389 0.0131699 0.000595415 0.0016266 0.000204681 0.000370987 0.000311505 0.000164545 0.00010476 2.10346e-05 4.13998e-05 1.91581e-05 5.32193e-06 2.78828e-06 1.7103e-06 1.23376e-06 7.49409e-07 6.94627e-07 1.17591e-07
threshold=2.5000000000000004 1.8826500000000002 8.5000000000000018 41.000000000000007 13.500000000000002 11.000000000000002 9.5000000000000018 7.5000000000000009 5.5000000000000009 6.5000000000000009 2.5000000000000004 8.5000000000000018 14.500000000000002 34.500000000000007 44.000000000000007 36.000000000000007 13.500000000000002 10.500000000000002 0 76.000000000000014 2.5000000000000004 75.000000000000014
decision_type=2 2 2 2 2 2 2 2 2 2 2 2 2 2 2 2 2 2 1 2 2 2
left_child=-1 5 3 -3 -4 6 -2 8 10 -10 -7 -9 15 19 -12 16 17 18 -13 -14 -19 -22
right_child=1 2 4 -5 -6 7 -8 11 9 -11 14 12 13 -15 -16 -17 -18 20 -20 -21 21 -23
leaf_value=0.00018994584943111232 0.00051796877911935253 0.00015069240163519191 0.00097978419319016095 -0.001499936105981774 -0.00062422538096498391 0.00012942543835379184 -6.4161636185287675e-05 0.00011652348569311602 -0.00027575415979999189 -3.5410107635211069e-05 -6.8866713272655038e-05 1.7637966311667697e-05 9.6004107764916363e-06 -6.8975139038229832e-05 -3.7753450879580881e-06 4.693995356121931e-05 3.5738117605013451e-05 1.8922792176251987e-05 3.4452729373697366e-05 2.1071793718382047e-05 5.9978304133914034e-06 1.1289131922846235e-05
leaf_weight=37 21 26 31.399999976158142 25.00000011920929 21.600000023841858 24 28 28 26 28 20 24 35 20 26 23 26 27 20 24 21 21
leaf_count=37 21 26 31 23 21 24 28 28 26 28 20 24 35 20 26 23 26 27 20 24 21 21
internal_value=9.80473e-12 -1.28718e-05 -0.000156716 -0.000658439 0.000326075 2.09739e-05 0.000185323 4.82534e-07 -5.26643e-05 -0.000151131 2.3296e-05 2.49814e-05 1.43459e-05 -6.80716e-06 -3.20759e-05 2.46612e-05 2.09748e-05 1.75779e-05 2.5281e-05 1.42667e-05 1.26658e-05 8.64348e-06
internal_weight=583 546 104 51 53 442 49 393 124 54 70 269 241 79 46 162 139 113 44 59 69 42
internal_count=580 543 101 49 52 442 49 393 124 54 70 269 241 79 46 162 139 113 44 59 69 42
cat_boundaries=0 1
cat_threshold=1
is_linear=0
shrinkage=0.05


Tree=86
num_leaves=22
num_cat=1
split_feature=13 13 1 7 13 12 12 13 12 13 13 13 15 14 13 13 12 8 15 14 6
split_gain=0.000558244 0.00412566 0.00557672 0.00242709 0.0225285 0.00171328 0.000746809 0.00140557 0.000180643 0.000259806 0.000222639 0.000264021 0.00017551 0.00012287 5.34985e-05 5.32274e-05 1.80212e-05 1.67399e-05 2.92425e-06 1.98844e-06 1.21615e-06
threshold=14.500000000000002 13.500000000000002 42.000000000000007 11.000000000000002 9.5000000000000018 1.8513000000000004 1.9246000000000001 7.5000000000000009 1.8513000000000004 7.5000000000000009 5.5000000000000009 6.5000000000000009 2.5000000000000004 3.5000000000000004 2.5000000000000004 8.5000000000000018 1.4372000000000003 75.000000000000014 3.5000000000000004 3.5000000000000004 0
decision_type=2 2 2 2 2 2 2 2 2 2 2 2 2 2 2 2 2 2 2 2 1
left_child=1 3 -3 4 -1 13 8 -8 9 10 12 -12 -5 16 -14 -11 -2 -16 19 20 -17
right_child=5 2 -4 6 -6 -7 7 -9 -10 15 11 -13 14 -15 17 18 -18 -19 -20 -21 -22
leaf_value=-0.0003996023306044069 -1.464025855905557e-05 0.00012767061480190023 -0.0010071616516450447 8.5177402471689955e-05 0.0015447683201356955 0.00052076637752179516 2.8932822654799869e-05 -0.00051648083054238838 0.00010566299655742165 0.0001009501880616881 -0.00027617138905704702 -3.3890053126252376e-05 -0.00012851425091780369 8.004729459250538e-05 -6.4607835665810855e-05 1.325865656405728e-05 -7.4187200683203033e-05 -2.0614985102008137e-06 3.3578715517774759e-05 6.6469557910910657e-06 2.8331872632136879e-05
leaf_weight=41.00000011920929 27 20 23.600000023841858 29 23.399999976158142 20 27 21 37 25 22 23 21 34 20 23 24 23 33 34 32
leaf_count=39 27 20 23 29 23 20 27 21 37 25 22 23 21 34 20 23 24 23 33 34 32
internal_value=1.03517e-11 -2.29313e-05 -0.000486596 2.3606e-05 0.000306893 0.000104392 -2.57012e-05 -0.000209686 1.7251e-06 -1.17686e-05 -6.10396e-05 -0.000152339 -1.68626e-05 6.42151e-06 -6.30995e-05 3.44858e-05 -4.26623e-05 -3.11528e-05 2.08661e-05 1.61524e-05 2.20285e-05
internal_weight=583 478 43.6 434.4 64.4 105 370 48 322 285 138 45 93 85 64 147 51 43 122 89 55
internal_count=580 475 43 432 62 105 370 48 322 285 138 45 93 85 64 147 51 43 122 89 55
cat_boundaries=0 1
cat_threshold=4
is_linear=0
shrinkage=0.05


Tree=87
num_leaves=22
num_cat=2
split_feature=13 12 13 4 13 13 6 6 13 13 13 13 15 13 11 12 12 14 13 14 14
split_gain=0.000530857 0.00096306 0.00878378 0.0124066 0.011759 0.000399316 0.00208901 0.000343792 0.00104469 0.000228227 0.000298703 0.000204302 9.24995e-05 1.88891e-05 3.2994e-05 6.88225e-06 2.08146e-06 1.62351e-06 1.08169e-06 6.45658e-07 5.91627e-07
threshold=2.5000000000000004 1.8826500000000002 8.5000000000000018 41.000000000000007 13.500000000000002 8.5000000000000018 0 1 13.500000000000002 7.5000000000000009 5.5000000000000009 6.5000000000000009 2.5000000000000004 14.500000000000002 31.000000000000004 1.6002500000000002 1.3575000000000002 2.5000000000000004 10.500000000000002 3.5000000000000004 3.5000000000000004
decision_type=2 2 2 2 2 2 1 1 2 2 2 2 2 2 2 2 2 2 2 2 2
left_child=-1 5 3 -3 -4 6 -2 8 -7 10 12 -12 -8 15 19 16 17 -9 -18 -15 -14
right_child=1 2 4 -5 -6 7 9 13 -10 -11 11 -13 20 14 -16 -17 18 -19 -20 -21 -22
leaf_value=0.00018328200884924799 0.00044399976727618198 0.00014695549487861662 0.00091913942418262807 -0.0014130435434777449 -0.00059651619477616563 -0.00032964562142296928 0.00012786638413672335 3.3528323391302752e-05 9.9059944612370747e-05 0.00013449009044658549 -0.00023065991651189202 -3.0164970532361486e-05 -9.9097876682208165e-06 1.8971812441420229e-05 -5.9018963482863597e-05 4.0654259570753015e-05 2.9352008410073311e-07 1.5401906748593318e-05 1.4293754119338505e-05 7.4712567884884978e-06 2.2519038475365959e-06
leaf_weight=37 32 26 31.399999976158142 25.00000011920929 21.600000023841858 30 20 21 27 24 24 27 20 26 23 36 22 30 37 23 20
leaf_count=37 32 26 31 23 21 30 20 21 27 24 24 27 20 26 23 36 22 30 37 23 20
internal_value=7.85531e-13 -1.24202e-05 -0.000149317 -0.00061775 0.000301438 1.97909e-05 8.07762e-05 -1.72438e-05 -0.000126575 -5.32119e-06 -3.55507e-05 -0.000124516 4.00695e-05 1.13427e-05 -9.6157e-06 2.16783e-05 1.5468e-05 2.28657e-05 9.07333e-06 1.35736e-05 -3.82894e-06
internal_weight=583 546 104 51 53 442 167 275 57 135 111 51 60 218 72 146 110 51 59 49 40
internal_count=580 543 101 49 52 442 167 275 57 135 111 51 60 218 72 146 110 51 59 49 40
cat_boundaries=0 1 2
cat_threshold=2 2
is_linear=0
shrinkage=0.05


Tree=88
num_leaves=21
num_cat=3
split_feature=13 13 15 6 13 14 7 13 0 11 13 11 11 13 13 13 14 14 14 6
split_gain=0.000541157 0.00577636 0.00432521 0.0139197 0.00872819 0.00180621 0.00748037 0.00480486 0.00168322 0.000725895 0.00056613 0.00187625 0.000377548 4.81382e-05 8.47322e-05 1.25447e-05 5.71323e-06 3.00166e-06 2.39624e-06 1.20129e-06
threshold=7.5000000000000009 8.5000000000000018 2.5000000000000004 0 4.5000000000000009 4.5000000000000009 11.000000000000002 13.500000000000002 1 37.500000000000007 13.500000000000002 36.000000000000007 36.000000000000007 5.5000000000000009 2.5000000000000004 14.500000000000002 3.5000000000000004 2.5000000000000004 1.5000000000000002 2
decision_type=2 2 2 1 2 2 2 2 1 2 2 2 2 2 2 2 2 2 2 1
left_child=2 -2 4 -4 -1 6 -3 8 -7 13 11 16 15 14 -5 -12 18 -17 -8 -20
right_child=1 5 3 9 -6 7 10 -9 -10 -11 12 -13 -14 -15 -16 17 -18 -19 19 -21
leaf_value=-0.00084474422078011178 -0.0006024845510574742 0.00079341467859779546 0.0012983832960929945 -0.00013125263974957522 0.00031246482712958827 0.00050783018117726896 3.3093759087093458e-05 -0.00062697388955160584 -0.00013309502608622315 0.00019435156941386488 5.2813398535924711e-05 -0.00048942443087150386 0.0002369465208849525 -0.0001270119318501055 -6.6785185691305045e-06 1.9846871560010492e-05 -7.2094011746533701e-06 -3.7061152962421819e-06 6.7203481994511093e-06 2.3160850996646335e-05
leaf_weight=33.200000047683716 40.200000047683716 33.399999976158142 24.600000023841858 21 32 20 26 33.600000023841858 21 34 20 23 27 31 39 24 24 31 25 20
leaf_count=32 40 33 24 21 32 20 26 33 21 34 20 23 27 31 39 24 24 31 25 20
internal_value=5.42757e-12 -3.67936e-05 6.30699e-05 0.00021119 -0.000276789 3.2538e-05 9.62004e-05 -0.000183709 0.000179551 -2.76947e-06 -9.64938e-06 -8.42214e-05 7.66202e-05 -7.64191e-05 -5.02795e-05 1.89027e-05 1.38804e-05 6.57155e-06 2.10093e-05 1.40272e-05
internal_weight=583 368.2 214.8 149.6 65.2 328 253.4 74.6 41 125 220 118 102 91 60 75 95 55 71 45
internal_count=580 367 213 149 64 327 253 74 41 125 220 118 102 91 60 75 95 55 71 45
cat_boundaries=0 1 2 3
cat_threshold=2 1 1
is_linear=0
shrinkage=0.05


Tree=89
num_leaves=22
num_cat=1
split_feature=13 13 12 14 12 7 14 13 13 11 12 13 4 13 13 12 11 13 13 6 14
split_gain=0.000549199 0.00176623 0.00137796 0.00127575 0.00599701 0.00324642 0.00569543 0.000480143 0.000398852 0.000510999 0.000328269 0.000325635 0.000257366 0.000115224 7.21712e-05 0.000206516 0.000125656 7.12467e-05 5.52782e-06 4.3931e-06 2.709e-06
threshold=3.5000000000000004 4.5000000000000009 1.5672500000000003 4.5000000000000009 1.8826500000000002 11.000000000000002 2.5000000000000004 6.5000000000000009 8.5000000000000018 38.500000000000007 1.8513000000000004 5.5000000000000009 41.000000000000007 13.500000000000002 12.500000000000002 1.6441500000000002 36.000000000000007 2.5000000000000004 14.500000000000002 0 2.5000000000000004
decision_type=2 2 2 2 2 2 2 2 2 2 2 2 2 2 2 2 2 2 2 1 2
left_child=2 -2 17 5 12 6 -3 11 10 14 -9 -7 -5 -14 15 19 18 -1 -16 -10 -20
right_child=1 3 -4 4 -6 7 -8 8 9 -11 -12 -13 13 -15 16 -17 -18 -19 20 -21 -22
leaf_value=-9.585184012567404e-05 -0.00034010843731713188 0.001041737764876566 0.0004483026127791559 0.00020333796808038392 -0.00085438571966692592 -1.6266019615020765e-05 -7.7961195849420484e-05 5.0448012450196516e-05 9.8290501051862187e-06 -0.00025014008802827449 0.00029564714412637323 -0.0002795441199850757 -5.2890972523932252e-05 9.0378240668581819e-05 3.1661638508272256e-05 -0.00015566820182443951 0.0001519566765290663 3.1529295764535756e-05 1.8854528055574825e-05 3.5345961560852705e-05 -3.5208095178243256e-06
leaf_weight=21 39.200000047683716 21.399999976158142 23 22 23.200000047683716 23 24.200000047683716 39 31 20 21 24 36 23 35 21 21 23 24 37 31
leaf_count=21 38 21 23 22 22 23 24 39 31 20 21 24 36 23 35 21 21 23 24 37 31
internal_value=-6.47157e-12 -1.74869e-05 0.000134675 9.03734e-06 -0.000145621 5.22885e-05 0.000447512 -2.82519e-06 2.19976e-05 -9.16692e-06 0.000136268 -0.000150706 5.73835e-05 2.95974e-06 1.49304e-05 -1.86127e-05 4.18253e-05 -2.92662e-05 1.6128e-05 2.37133e-05 6.24297e-06
internal_weight=583 516 67 476.8 104.2 372.6 45.6 327 280 220 60 47 81 59 200 89 111 44 90 68 55
internal_count=580 513 67 475 103 372 45 327 280 220 60 47 81 59 200 89 111 44 90 68 55
cat_boundaries=0 1
cat_threshold=1
is_linear=0
shrinkage=0.05


Tree=90
num_leaves=23
num_cat=4
split_feature=13 13 15 6 12 15 12 14 12 12 6 12 10 14 10 13 13 13 12 12 12 14
split_gain=0.000534132 0.00531363 0.0039533 0.0127113 0.00847067 0.00169555 0.00485489 0.00309888 0.00516559 0.00417508 0.000817261 0.000705238 0.000230534 7.8218e-05 4.68723e-05 3.94252e-05 8.65428e-05 9.38007e-06 8.9571e-06 6.13645e-06 2.11549e-06 4.51993e-07
threshold=7.5000000000000009 8.5000000000000018 2.5000000000000004 0 1.7639000000000002 3.5000000000000004 1.8513000000000004 4.5000000000000009 1.5672500000000003 1.8826500000000002 1 1.8826500000000002 2 1.5000000000000002 3 5.5000000000000009 2.5000000000000004 14.500000000000002 1.5470500000000003 1.4907500000000002 1.3794500000000001 3.5000000000000004
decision_type=2 2 2 1 2 2 2 2 2 2 1 2 1 2 1 2 2 2 2 2 2 2
left_child=2 -2 4 -4 12 7 13 9 -9 10 -3 15 -1 -7 -15 16 -5 18 20 -19 -12 -18
right_child=1 5 3 11 -6 6 -8 8 -10 -11 17 -13 -14 14 -16 -17 21 19 -20 -21 -22 -23
leaf_value=-6.9532994712062655e-06 -0.00057911376122283034 -0.0002728815680711705 0.0012432009687077094 -0.00012507983954578993 -0.0011128792819855449 -7.0883302978472787e-05 0.00085849500021802018 2.5275504588629202e-05 -0.001025526896122293 0.00063230811100351144 1.8121403848060771e-05 0.00021114723572585113 0.00022079665871569889 8.8288938968617003e-05 -4.1646447103770564e-06 -0.00011007717128396669 -5.0488101805967744e-06 1.0115897139877978e-05 4.8660358455284347e-05 -2.767106696930049e-05 -1.1887897956156573e-06 5.5812559912737928e-06
leaf_weight=20 40.200000047683716 32 24.600000023841858 21 20.200000047683716 20 22 29 19.600000023841858 26.399999976158142 37 30 25 29 26 34 20 22 21 21 23 20
leaf_count=20 40 32 24 21 19 20 22 29 19 26 37 30 25 29 26 34 20 22 21 21 23 20
internal_value=1.46213e-11 -3.6554e-05 6.26592e-05 0.000204268 -0.000262259 2.99426e-05 0.000205374 -4.37235e-05 -0.000398505 5.0807e-05 -4.76009e-05 -1.93876e-07 0.000119574 1.37924e-05 4.45836e-05 -6.69332e-05 -4.28857e-05 1.05361e-05 2.05558e-05 -8.3382e-06 1.07192e-05 2.66223e-07
internal_weight=583 368.2 214.8 149.6 65.2 328 97 231 48.6 182.4 156 125 45 75 55 95 61 124 81 43 60 40
internal_count=580 367 213 149 64 327 97 230 48 182 156 125 45 75 55 95 61 124 81 43 60 40
cat_boundaries=0 1 2 3 4
cat_threshold=2 2 1 1
is_linear=0
shrinkage=0.05


Tree=91
num_leaves=22
num_cat=2
split_feature=13 13 10 13 13 12 15 11 14 11 12 10 13 13 13 13 13 14 8 13 12
split_gain=0.00050191 0.00160791 0.00125728 0.00121329 0.00479555 0.00395765 0.00153023 0.00487143 0.00279674 0.00491662 0.00376801 0.000308112 0.00030342 0.00018999 0.000290375 0.000184978 0.000102222 0.000119869 5.16691e-05 2.38894e-05 2.20815e-05
threshold=3.5000000000000004 4.5000000000000009 0 7.5000000000000009 8.5000000000000018 1.8826500000000002 3.5000000000000004 37.500000000000007 4.5000000000000009 25.500000000000004 1.8826500000000002 1 12.500000000000002 6.5000000000000009 5.5000000000000009 2.5000000000000004 13.500000000000002 3.5000000000000004 65.000000000000014 14.500000000000002 1.4372000000000003
decision_type=2 2 1 2 2 2 2 2 2 2 2 1 2 2 2 2 2 2 2 2 2
left_child=2 -2 -1 5 -5 13 8 16 10 -10 11 12 -6 14 -3 -4 -8 -18 -13 20 -20
right_child=1 3 15 4 6 -7 7 -9 9 -11 -12 18 -14 -15 -16 -17 17 -19 19 -21 -22
leaf_value=0.00042832494614033394 -0.00032454040072500256 6.838911876548082e-05 -0.00012143742234608607 -0.00055015807202482049 -0.00029272777944806008 0.0007442544689235948 -4.6960035888332641e-05 0.00089035863027675077 3.4861807153933552e-05 -0.00099030424000411273 0.00060069269331571571 -4.8580328440467015e-05 -4.1307013191271835e-05 9.7261581493057755e-05 -0.00016414002607705009 8.4452762748696842e-05 -1.4929261743375157e-05 0.00015610795780958143 1.5203496904460141e-05 -1.896607512511158e-05 8.0806442747416446e-05
leaf_weight=23 39.200000047683716 25 24 40.200000047683716 21 22.600000023841858 36 20 29 19.600000023841858 26.399999976158142 34 28 32 29 20 21 20 29 21 23
leaf_count=23 38 25 24 40 21 22 36 20 29 19 26 34 28 32 29 20 21 20 29 21 23
internal_value=8.44535e-12 -1.67171e-05 0.000128747 8.59052e-06 -3.47263e-05 0.000155453 2.84455e-05 0.000195106 -4.15374e-05 -0.00037858 4.82667e-05 -4.52208e-05 -0.000149059 7.2137e-07 -5.64876e-05 -2.7851e-05 1.45206e-05 6.85035e-05 2.33113e-06 2.60433e-05 4.42202e-05
internal_weight=583 516 67 476.8 368.2 108.6 328 97 231 48.6 182.4 156 49 86 54 44 77 41 107 73 52
internal_count=580 513 67 475 367 108 327 97 230 48 182 156 49 86 54 44 77 41 107 73 52
cat_boundaries=0 1 2
cat_threshold=4 4
is_linear=0
shrinkage=0.05


Tree=92
num_leaves=21
num_cat=7
split_feature=14 12 6 11 10 7 6 11 6 0 8 11 11 10 14 11 14 16 14 10
split_gain=0.000340452 0.00137602 0.00369043 0.00120338 0.000903242 0.00055352 5.47608e-05 5.20329e-05 3.78966e-05 4.01159e-05 1.87931e-05 8.88695e-06 5.7749e-06 5.40225e-06 4.86167e-06 3.38354e-06 4.58028e-06 3.63831e-06 1.54684e-06 1.03298e-06
threshold=1.5000000000000002 1.8826500000000002 0 37.500000000000007 1 11.000000000000002 2 23.000000000000004 3 4 75.000000000000014 19.500000000000004 21.000000000000004 5 3.5000000000000004 15.500000000000002 4.5000000000000009 1.0000000180025095e-35 3.5000000000000004 6
decision_type=2 2 1 2 1 2 1 2 1 1 2 2 2 1 2 2 2 2 2 1
left_child=3 5 -3 6 -4 -2 11 -8 -7 10 -10 -1 13 18 -15 -12 17 -17 -11 -14
right_child=1 2 4 -5 -6 8 7 -9 9 12 15 -13 19 14 -16 16 -18 -19 -20 -21
leaf_value=5.8074350781680558e-05 0.00020006917897262612 -0.00064753892263754635 -0.00022897968706472413 0.0003920258433936397 0.00016081887330247335 -4.2433662811163232e-05 -9.7524255872248557e-05 8.8312712487886134e-06 7.0703553059171435e-05 -3.5568181147027644e-05 5.598046363016253e-06 1.3357870309846476e-05 -6.5237904241907282e-07 1.1795645794056607e-05 -1.8496639407843493e-05 2.8306702863215163e-05 4.2520802949015721e-05 4.7905367409839533e-06 -1.8537819417664044e-05 1.5225174690840504e-05
leaf_weight=20 40 30.00000011920929 23 24 42 40 23 23 22 24 29 25 21 26 27 38 27 29 30 20
leaf_count=20 40 27 23 24 42 40 23 23 22 24 29 25 21 26 27 38 27 29 30 20
internal_value=2.96927e-12 -1.89404e-05 -0.000188824 7.70793e-05 2.28902e-05 2.43276e-05 -5.98357e-06 -4.43465e-05 3.2175e-06 9.44974e-06 2.81411e-05 3.32319e-05 -8.86277e-06 -1.49766e-05 -3.63627e-06 2.05283e-05 2.51345e-05 1.81281e-05 -2.61069e-05 7.09277e-06
internal_weight=583 468 95 115 65 373 91 46 333 293 145 45 148 107 53 123 94 67 54 41
internal_count=580 465 92 115 65 373 91 46 333 293 145 45 148 107 53 123 94 67 54 41
cat_boundaries=0 1 2 3 4 5 6 7
cat_threshold=2 2 4 2 1 4 1
is_linear=0
shrinkage=0.05


Tree=93
num_leaves=22
num_cat=2
split_feature=13 12 13 10 13 13 7 4 12 13 13 13 13 11 1 7 13 12 10 11 4
split_gain=0.000471538 0.000990337 0.00713404 0.0117185 0.0102568 0.000428822 0.000999371 0.000545778 0.000462864 0.000408368 0.000138318 0.000108885 3.1156e-05 5.93497e-05 1.73957e-05 1.31166e-05 1.29076e-05 1.15234e-05 2.71072e-06 1.29755e-06 8.96585e-07
threshold=2.5000000000000004 1.8826500000000002 8.5000000000000018 0 13.500000000000002 8.5000000000000018 11.000000000000002 39.000000000000007 1.2105000000000004 7.5000000000000009 5.5000000000000009 6.5000000000000009 14.500000000000002 34.500000000000007 42.000000000000007 13.000000000000002 12.500000000000002 1.4372000000000003 1 18.500000000000004 76.000000000000014
decision_type=2 2 2 1 2 2 2 2 2 2 2 2 2 2 2 2 2 2 1 2 2
left_child=-1 5 3 -3 -4 7 -7 -2 -9 10 15 -12 14 20 18 -10 17 -16 -8 -20 -14
right_child=1 2 4 -5 -6 6 12 8 9 -11 11 -13 13 -15 16 -17 -18 -19 19 -21 -22
leaf_value=0.00017273860676141341 0.00028555134415780359 -0.0013456097581521405 0.00083259872526602284 0.00017051163796657842 -0.00058294386080208103 -0.00027118781729180177 2.4578853674483982e-05 0.00025400008615344467 -1.2350113305728883e-05 0.00019286724361692275 -0.00019356012257048863 -3.4042429967445535e-05 1.2765137390878019e-05 -8.1797920574899774e-05 1.2517295584935084e-05 3.8373284937384038e-05 7.2802927338671007e-05 5.834988573951705e-05 1.4438976359087974e-05 -2.7513611000714544e-06 2.5312487487857045e-05
leaf_weight=37 28 25.00000011920929 31.399999976158142 26 21.600000023841858 34 32 22 25 23 20 23 35 20 32 26 30 24 21 23 24
leaf_count=37 28 23 31 26 21 34 32 22 25 23 20 23 35 20 32 26 30 24 21 23 24
internal_value=-9.9471e-12 -1.17057e-05 -0.000150528 -0.000572685 0.000255698 2.09584e-05 -1.74202e-05 8.41566e-05 4.35879e-05 4.02326e-06 -4.21833e-05 -0.000108237 1.8381e-05 -7.36302e-06 3.09352e-05 1.35089e-05 4.63377e-05 3.21598e-05 1.35061e-05 5.45312e-06 1.78691e-05
internal_weight=583 546 104 51 53 442 275 167 139 117 94 43 241 79 162 51 86 56 76 44 59
internal_count=580 543 101 49 52 442 275 167 139 117 94 43 241 79 162 51 86 56 76 44 59
cat_boundaries=0 1 2
cat_threshold=4 4
is_linear=0
shrinkage=0.05


Tree=94
num_leaves=22
num_cat=3
split_feature=13 13 7 15 10 13 13 4 12 11 12 12 13 10 13 15 13 4 13 10 4
split_gain=0.000485437 0.00435845 0.00357947 0.0013737 0.0048387 0.00103833 0.00495976 0.00311774 0.00767717 0.0006701 0.000464005 0.000441817 0.000402983 0.000205743 0.00016858 0.000266085 0.000193686 5.40527e-05 4.4187e-05 1.41535e-05 3.6935e-06
threshold=7.5000000000000009 8.5000000000000018 11.000000000000002 3.5000000000000004 0 14.500000000000002 13.500000000000002 41.000000000000007 1.4724500000000003 34.500000000000007 1.8826500000000002 1.1906500000000004 13.500000000000002 1 5.5000000000000009 2.5000000000000004 6.5000000000000009 41.000000000000007 3.5000000000000004 2 81.500000000000014
decision_type=2 2 2 2 1 2 2 2 2 2 2 2 2 1 2 2 2 2 2 1 2
left_child=2 -2 -1 5 -5 6 7 13 11 19 14 -9 -6 -3 15 -4 -16 -17 -19 -7 -13
right_child=1 3 10 4 12 9 -8 8 -10 -11 -12 20 -14 -15 16 17 -18 18 -20 -21 -22
leaf_value=0.0005784417801890933 -0.00052622868982652436 -0.00018670731265460331 0.00010457342425070239 0.00076684938882793253 -0.00015468256323910123 -1.7080946354326445e-05 -0.0006958430798943609 -0.00026257601169163539 0.0010490553004943166 0.00034744677028687547 0.00014345112614267108 8.8137049467398121e-06 8.3770173283925477e-05 -0.00039446392816339191 -0.00022767708578612657 -0.00014344301545861528 -3.8159213330248227e-05 -8.8872015000491123e-05 8.6426741160851505e-06 3.7593630839904204e-05 3.8502158282653909e-05
leaf_weight=28.800000071525574 40.200000047683716 22 30 26 34 20 29.600000023841858 20 20.399999976158142 22 35 22 37 26 26 20 28 26 21 29 20
leaf_count=27 40 22 30 26 34 20 29 20 20 22 35 22 37 26 26 20 28 26 21 29 20
internal_value=-6.19404e-12 -3.4848e-05 5.97347e-05 2.53761e-05 0.000183282 -4.09307e-05 -0.000111546 2.10853e-05 0.000207684 0.000118203 -2.05812e-05 -6.91544e-05 -3.04185e-05 -0.000299242 -5.8602e-05 -1.91839e-05 -0.000129409 -7.45976e-05 -4.53016e-05 1.52775e-05 2.29511e-05
internal_weight=583 368.2 214.8 328 97 231 160 130.4 82.4 71 186 62 71 48 151 97 54 67 47 49 42
internal_count=580 367 213 327 97 230 159 130 82 71 186 62 71 48 151 97 54 67 47 49 42
cat_boundaries=0 1 2 3
cat_threshold=4 4 4
is_linear=0
shrinkage=0.05


Tree=95
num_leaves=21
num_cat=3
split_feature=13 13 15 6 13 15 10 14 12 12 6 12 13 13 13 13 12 13 12 14
split_gain=0.000438107 0.0039335 0.00345635 0.0114667 0.00757205 0.00123976 0.00436692 0.00239946 0.00435599 0.00312635 0.000651092 0.000526159 0.000363692 4.51773e-05 6.41313e-05 1.37662e-05 7.12311e-06 4.03271e-06 2.37328e-06 3.18145e-07
threshold=7.5000000000000009 8.5000000000000018 2.5000000000000004 0 4.5000000000000009 3.5000000000000004 1 4.5000000000000009 1.5672500000000003 1.8826500000000002 2 1.8826500000000002 13.500000000000002 2.5000000000000004 5.5000000000000009 14.500000000000002 1.4372000000000003 12.500000000000002 1.4907500000000002 3.5000000000000004
decision_type=2 2 2 1 2 2 1 2 2 2 1 2 2 2 2 2 2 2 2 2
left_child=2 -2 4 -4 -1 7 -7 9 -9 10 -3 13 -8 -5 19 17 -17 18 -12 -15
right_child=1 5 3 11 -6 6 12 8 -10 -11 15 -13 -14 14 -16 16 -18 -19 -20 -21
leaf_value=-0.00077606725838767104 -0.00049991720494828675 -0.00024193702516868144 0.0011759147044171506 -0.00012740786935734963 0.00030177842122611768 0.00072850691412895685 -0.00014694843061453653 3.8085196878267296e-05 -0.00092686393793673663 0.00054749295163922837 8.0538041558091729e-06 0.00017751082933197419 7.9581669445827653e-05 -5.8596655435394499e-06 -9.4801488180832282e-05 9.9902677789032172e-06 -3.0809727452477721e-05 4.1440517295334507e-05 2.8467951748704462e-05 3.0586404318455613e-06
leaf_weight=33.200000047683716 40.200000047683716 32 24.600000023841858 21 32 26 34 29 19.600000023841858 26.399999976158142 35 30 37 20 34 20 23 22 24 20
leaf_count=32 40 32 24 21 32 26 34 29 19 26 35 30 37 20 34 20 23 22 24 20
internal_value=6.13628e-12 -3.31055e-05 5.6748e-05 0.000189158 -0.000247063 2.41073e-05 0.000174118 -3.88842e-05 -0.000351071 4.42972e-05 -4.0859e-05 -5.03609e-06 -2.88975e-05 -6.26825e-05 -4.43145e-05 1.10322e-05 -1.1833e-05 2.31704e-05 1.63579e-05 -1.40051e-06
internal_weight=583 368.2 214.8 149.6 65.2 328 97 231 48.6 182.4 156 125 71 95 74 124 43 81 59 40
internal_count=580 367 213 149 64 327 97 230 48 182 156 125 71 95 74 124 43 81 59 40
cat_boundaries=0 1 2 3
cat_threshold=2 4 2
is_linear=0
shrinkage=0.05


Tree=96
num_leaves=22
num_cat=2
split_feature=13 13 15 13 13 14 7 12 12 13 13 12 12 12 13 6 13 4 0 12 4
split_gain=0.000477097 0.00133596 0.0106941 0.00360037 0.00244594 0.00151547 0.00943245 0.00520504 0.00117794 0.000522195 0.00103555 0.00242454 0.000792673 0.000321774 0.000296991 0.000176658 5.47786e-05 5.45537e-05 1.78097e-05 6.42772e-06 5.94699e-07
threshold=3.5000000000000004 5.5000000000000009 2.5000000000000004 4.5000000000000009 6.5000000000000009 2.5000000000000004 11.000000000000002 1.8826500000000002 1.5672500000000003 8.5000000000000018 13.500000000000002 1.8513000000000004 1.7639000000000002 1.5192500000000002 8.5000000000000018 0 2.5000000000000004 79.500000000000014 1 1.4372000000000003 81.500000000000014
decision_type=2 2 2 2 2 2 2 2 2 2 2 2 2 2 2 1 2 2 1 2 2
left_child=8 2 -2 -4 -3 7 -7 14 16 13 11 19 18 -8 -6 -16 -1 -17 -12 20 -11
right_child=1 4 3 -5 5 6 9 -9 -10 10 12 -13 -14 -15 15 17 -18 -19 -20 -21 -22
leaf_value=-8.443786731125632e-05 -0.0010749177977886933 0.00041766900826977301 0.00064714835467990887 -0.0002052815096724696 0.00013318203394495262 -0.00078883141774511274 6.3809369644981669e-05 0.00076088076414219767 0.00041549635627787852 2.8935312913956428e-06 5.3043880644441674e-05 -0.00060053530687582686 0.00035246339383000443 0.00034403835619741587 2.4038838381710703e-05 -7.7108513552304477e-05 2.7255692902658867e-05 -0.00017291933237781147 -2.9309842526951498e-06 3.894137570891725e-05 1.4940727185148718e-05
leaf_weight=21 24.200000047683716 35 24 25.600000023841858 24 40.800000071525574 21 25.399999976158142 23 21 27 20 27 20 37 39 23 24 30 31 20
leaf_count=21 23 35 24 25 24 40 21 25 23 21 27 20 27 20 37 39 23 24 30 31 20
internal_value=9.62088e-12 -1.62986e-05 -0.000213234 0.000207185 1.65684e-05 -1.79073e-05 -9.13372e-05 0.000108801 0.000125524 3.98045e-05 2.36831e-06 -0.000113521 0.000129295 0.000200506 -2.47701e-05 -6.26786e-05 -2.60526e-05 -0.000113608 2.35834e-05 2.17606e-05 8.77021e-06
internal_weight=583 516 73.8 49.6 442.2 407.2 257.8 149.4 67 217 176 92 84 41 124 100 44 63 57 72 41
internal_count=580 513 72 49 441 406 257 149 67 217 176 92 84 41 124 100 44 63 57 72 41
cat_boundaries=0 1 2
cat_threshold=1 1
is_linear=0
shrinkage=0.05


Tree=97
num_leaves=20
num_cat=4
split_feature=13 13 10 15 6 12 13 4 14 4 13 13 6 13 6 12 13 14 1
split_gain=0.00043058 0.00133091 0.00111512 0.00100715 0.00411112 0.00182292 0.00741412 0.000454516 0.00021853 0.000417217 0.000268395 0.00060794 0.000298957 0.000183605 0.000146142 0.000245174 2.31315e-05 7.04865e-06 9.57179e-06
threshold=3.5000000000000004 4.5000000000000009 0 2.5000000000000004 1 1.8826500000000002 8.5000000000000018 41.000000000000007 4.5000000000000009 42.500000000000007 6.5000000000000009 8.5000000000000018 2 2.5000000000000004 3 1.5470500000000003 14.500000000000002 3.5000000000000004 42.000000000000007
decision_type=2 2 1 2 1 2 2 2 2 2 2 2 1 2 1 2 2 2 2
left_child=2 -2 -1 4 -3 8 -7 -6 10 -10 -5 -12 -13 -4 -9 -16 17 18 -14
right_child=1 3 13 5 7 6 -8 14 9 -11 11 12 16 -15 15 -17 -18 -19 -20
leaf_value=0.00040138243209145478 -0.00029554003467139429 0.00057708194716354249 -0.00012147028458002751 -0.00015046903763191199 -0.00019161861043812679 -0.00093188881846987452 0.00018798841723049794 -4.414365941353313e-05 0.00027810910902796121 -3.7950079526386359e-06 0.00019701828199332442 -0.00019002078962512315 6.0605913110902619e-06 8.3654366171685986e-05 -8.3992501726827732e-06 0.00022081095667090267 -3.1382504017816055e-05 -9.4055214856325632e-06 4.678153116536258e-05
leaf_weight=23 39.200000047683716 36.399999976158142 24 29 32 25.800000071525574 34.600000023841858 38 21 35 36 25 31 20 28 20 38 20 27
leaf_count=23 38 36 24 29 32 25 34 38 21 35 36 25 31 20 28 20 38 20 27
internal_value=-7.95028e-13 -1.54837e-05 0.000119248 7.54105e-06 0.000112549 -4.27481e-05 -0.00029037 -3.07476e-05 1.43372e-05 0.000101919 -9.4715e-06 1.36298e-05 -3.31928e-05 -2.82318e-05 2.91114e-05 8.7105e-05 6.06328e-07 1.61906e-05 2.50169e-05
internal_weight=583 516 67 476.8 154.4 322.4 60.4 118 262 56 206 177 141 44 86 48 116 78 58
internal_count=580 513 67 475 154 321 59 118 262 56 206 177 141 44 86 48 116 78 58
cat_boundaries=0 1 2 3 4
cat_threshold=4 2 2 4
is_linear=0
shrinkage=0.05


Tree=98
num_leaves=22
num_cat=2
split_feature=13 13 7 7 13 12 12 15 13 13 11 12 12 10 15 13 12 12 14 6 12
split_gain=0.000419319 0.00365363 0.00326957 0.00120825 0.00875597 0.000885566 0.000394681 0.000245355 0.000520369 9.48826e-05 0.000394036 0.000188444 8.33452e-05 7.37426e-05 3.96077e-05 1.75214e-05 1.72851e-05 8.10936e-06 4.09793e-06 2.04888e-06 1.83742e-06
threshold=7.5000000000000009 8.5000000000000018 11.000000000000002 11.000000000000002 11.500000000000002 1.9722000000000002 1.8826500000000002 2.5000000000000004 4.5000000000000009 12.500000000000002 33.000000000000007 1.8099500000000004 1.5672500000000003 0 3.5000000000000004 14.500000000000002 1.4202000000000001 1.4035500000000003 1.5000000000000002 1 1.4372000000000003
decision_type=2 2 2 2 2 2 2 2 2 2 2 2 2 1 2 2 2 2 2 1 2
left_child=2 -2 -1 4 -3 9 7 8 -4 10 18 14 13 -9 15 -11 -16 -15 -5 -20 -17
right_child=1 3 6 5 -6 -7 -8 12 -10 11 -12 -13 -14 17 16 20 -18 -19 19 -21 -22
leaf_value=0.00055126308248995971 -0.00048228605293142808 0.0010487851521196723 0.00020869221862876262 3.9804372698364955e-05 -0.00028852244221770705 -0.00033056627168358927 0.00013004061449984356 -0.00013210896740929458 -0.00012085101907723583 5.6536557119269516e-05 -0.00021205321568034026 0.00016142669581616551 -0.00017166458055726253 -1.0852040380389857e-05 1.5967965406492692e-06 1.8360355832101052e-05 -6.1080482985496274e-05 -5.3961144958520889e-05 6.1413659418094274e-06 2.4195671273143186e-05 -1.7015861799120015e-06
leaf_weight=28.800000071525574 40.200000047683716 20.399999976158142 23 22 30.600000023841858 21 35 30 25 34 23 24 29 24 22 25 22 20 33 30 21
leaf_count=27 40 20 23 22 30 21 35 30 25 34 23 24 29 24 22 25 22 20 33 30 21
internal_value=-8.55987e-12 -3.23879e-05 5.55178e-05 2.2752e-05 0.000246401 -1.84251e-05 -2.12427e-05 -5.63084e-05 3.70551e-05 7.18018e-06 -2.84536e-05 3.31832e-05 -9.98176e-05 -7.16614e-05 8.36191e-06 2.9319e-05 -2.97418e-05 -3.04471e-05 2.12263e-05 1.47387e-05 9.20164e-06
internal_weight=583 368.2 214.8 328 51 277 186 151 48 256 108 148 103 74 124 80 44 44 85 63 46
internal_count=580 367 213 327 50 277 186 151 48 256 108 148 103 74 124 80 44 44 85 63 46
cat_boundaries=0 1 2
cat_threshold=4 1
is_linear=0
shrinkage=0.05


Tree=99
num_leaves=22
num_cat=4
split_feature=13 12 13 10 13 13 6 13 13 13 15 14 6 13 6 11 13 12 11 1 12
split_gain=0.00040627 0.00102481 0.00593074 0.0106434 0.00907712 0.000435023 0.000835409 0.000602056 0.000344119 0.00031481 0.000211357 0.000152866 0.000138726 0.000118018 9.61226e-05 0.000118981 1.31791e-05 9.80029e-06 7.39713e-06 5.42783e-07 4.6387e-07
threshold=2.5000000000000004 1.8826500000000002 8.5000000000000018 0 13.500000000000002 8.5000000000000018 1 7.5000000000000009 5.5000000000000009 9.5000000000000018 2.5000000000000004 2.5000000000000004 2 6.5000000000000009 3 21.000000000000004 14.500000000000002 1.4372000000000003 24.500000000000004 42.000000000000007 1.3794500000000001
decision_type=2 2 2 1 2 2 1 2 2 2 2 2 1 2 1 2 2 2 2 2 2
left_child=-1 5 3 -3 -4 6 -2 8 10 -7 -8 14 -13 -10 -11 -16 18 -18 20 -12 -14
right_child=1 2 4 -5 -6 9 7 -9 13 11 19 12 16 -15 15 -17 17 -19 -20 -21 -22
leaf_value=0.00016033874177771173 0.00031571179279126231 -0.0012736100056014181 0.00076101315458352453 0.00017128950219977504 -0.00057063740588197216 -0.00017518298887547905 0.00019635137068689802 0.00025864871131489056 -0.00019369223021688717 1.6999567902310059e-05 -8.5446833782043545e-06 0.00011748896237817361 1.0785752387694932e-05 -4.1307217883581026e-05 -3.6256803307171345e-05 -0.0001883596428342571 5.8193284312437759e-06 -4.051348570057945e-05 3.7891621564180395e-05 3.1041669353726321e-06 7.3426597902487804e-07
leaf_weight=37 32 25.00000011920929 31.399999976158142 26 21.600000023841858 28 20 24 24 33 20 36 24 27 36 20 25 21 30 20 22
leaf_count=37 32 23 31 26 21 28 20 24 24 33 20 36 24 27 36 20 25 21 30 20 22
internal_value=-3.64854e-12 -1.08654e-05 -0.000152083 -0.000536995 0.000218303 2.23623e-05 8.60159e-05 3.15695e-05 -1.75288e-05 -1.62928e-05 6.3637e-05 1.71907e-06 3.12409e-05 -0.000113018 -5.06905e-05 -9.05792e-05 5.79066e-06 -1.53326e-05 1.85758e-05 -2.72026e-06 5.97852e-06
internal_weight=583 546 104 51 53 442 167 135 111 275 60 247 158 51 89 56 122 46 76 40 46
internal_count=580 543 101 49 52 442 167 135 111 275 60 247 158 51 89 56 122 46 76 40 46
cat_boundaries=0 1 2 3 4
cat_threshold=4 2 2 1
is_linear=0
shrinkage=0.05


Tree=100
num_leaves=22
num_cat=4
split_feature=13 13 7 15 11 14 11 12 6 12 15 13 10 12 10 13 11 12 14 10 15
split_gain=0.000415616 0.00334736 0.00324329 0.00112697 0.00407979 0.00210633 0.00402741 0.002467 0.000589804 0.000381209 0.000208702 0.000439095 0.000110877 7.82803e-05 6.70446e-05 5.30295e-05 2.39694e-05 6.5144e-06 6.301e-06 2.77098e-06 9.71107e-07
threshold=7.5000000000000009 8.5000000000000018 11.000000000000002 3.5000000000000004 37.500000000000007 4.5000000000000009 25.500000000000004 1.8826500000000002 0 1.8826500000000002 2.5000000000000004 4.5000000000000009 1 1.5672500000000003 2 13.500000000000002 34.500000000000007 1.4035500000000003 1.5000000000000002 3 2.5000000000000004
decision_type=2 2 2 2 2 2 2 2 1 2 2 2 1 2 1 2 2 2 2 1 2
left_child=2 -2 -1 5 12 7 -7 8 -3 10 11 -4 -5 14 -12 -14 18 -16 -10 -20 -21
right_child=1 3 9 4 -6 6 -8 -9 16 -11 13 -13 15 -15 17 -17 -18 -19 19 20 -22
leaf_value=0.00054902074230664128 -0.00046287373056526067 -0.00022861458406850944 0.0001881313311257501 7.3394752665384061e-05 0.00079981575458077715 4.2170471558698601e-05 -0.00088567190070862507 0.00048540557547438495 4.6131062845233828e-05 0.00012749975227052346 -0.00012611890323266077 -0.00011458492523524912 -0.00010389223991059344 -0.00016539886063787106 -1.1621173011159652e-05 2.3526688626892187e-06 -3.1591334773111159e-05 -5.0259025447303425e-05 3.1219725034051494e-05 1.7389747954439374e-05 3.9425642390942186e-06
leaf_weight=28.800000071525574 40.200000047683716 32 23 30 20 29 19.600000023841858 26.399999976158142 23 35 30 25 23 29 24 24 25 20 22 25 29
leaf_count=27 40 32 23 30 20 29 19 26 23 35 30 25 23 29 24 24 25 20 22 25 29
internal_value=-3.92686e-12 -3.22446e-05 5.52722e-05 2.05337e-05 0.000163558 -3.9524e-05 -0.000332021 3.84111e-05 -3.72341e-05 -2.11792e-05 -5.56412e-05 3.04666e-05 -1.70409e-06 -9.57692e-05 -6.84818e-05 -4.96395e-05 1.21544e-05 -2.91838e-05 2.32013e-05 1.6262e-05 1.01681e-05
internal_weight=583 368.2 214.8 328 97 231 48.6 182.4 156 186 151 48 77 103 74 47 124 44 99 76 54
internal_count=580 367 213 327 97 230 48 182 156 186 151 48 77 103 74 47 124 44 99 76 54
cat_boundaries=0 1 2 3 4
cat_threshold=2 1 4 4
is_linear=0
shrinkage=0.05


Tree=101
num_leaves=22
num_cat=2
split_feature=13 13 15 6 12 12 12 7 12 13 13 11 13 13 1 6 15 15 11 13 1
split_gain=0.000375094 0.00302099 0.00299225 0.0100085 0.00685488 0.00114491 0.00356835 0.000669341 0.000449063 0.000260219 6.41096e-05 6.40862e-05 4.72432e-05 6.01006e-05 2.44695e-05 2.24666e-05 7.03939e-06 4.96045e-06 4.44374e-06 2.03095e-06 5.61209e-07
threshold=7.5000000000000009 8.5000000000000018 2.5000000000000004 0 1.7639000000000002 1.9722000000000002 1.8826500000000002 11.000000000000002 1.8826500000000002 4.5000000000000009 14.500000000000002 34.500000000000007 2.5000000000000004 5.5000000000000009 42.000000000000007 1 3.5000000000000004 2.5000000000000004 23.000000000000004 12.500000000000002 42.000000000000007
decision_type=2 2 2 1 2 2 2 2 2 2 2 2 2 2 2 1 2 2 2 2 2
left_child=2 -2 4 -4 9 6 7 -3 12 -1 14 16 -5 20 17 18 -12 -9 -16 -19 -14
right_child=1 5 3 8 -6 -7 -8 10 -10 -11 11 -13 13 -15 15 -17 -18 19 -20 -21 -22
leaf_value=0.00023625836190397173 -0.00043973005315909371 -0.00022189088514792011 0.0010975943526927588 -0.00012516335534330989 -0.00099537374175295975 -0.00033766614887142731 0.00054365825999411752 3.2439431908476932e-05 0.0001629247981569885 -4.2725421498408137e-06 1.7218968472613933e-05 -9.9187751584395303e-05 -4.5702735224040224e-06 -8.9066001916816116e-05 1.3378222611208912e-05 8.5405521441140497e-05 -1.8852347767235536e-05 1.1710182074613627e-05 4.292272222560964e-05 -8.3697286299866402e-06 7.2746538353385408e-06
leaf_weight=22 40.200000047683716 34 24.600000023841858 21 20.200000047683716 21 32 22 30 23 38 20 20 34 20 31 21 34 35 20 20
leaf_count=22 40 34 24 21 19 21 31 22 30 23 38 20 20 34 20 31 21 34 35 20 20
internal_value=-4.4426e-12 -3.06324e-05 5.25086e-05 0.000175708 -0.000230171 1.9507e-05 4.39391e-05 -1.42101e-05 -5.71874e-06 0.00011332 1.50893e-05 -2.18397e-05 -5.89746e-05 -4.01913e-05 3.30978e-05 5.13655e-05 4.38003e-06 1.24266e-05 3.21793e-05 4.27318e-06 1.35219e-06
internal_weight=583 368.2 214.8 149.6 65.2 328 307 275 125 45 241 79 95 74 162 86 59 76 55 54 40
internal_count=580 367 213 149 64 327 306 275 125 45 241 79 95 74 162 86 59 76 55 54 40
cat_boundaries=0 1 2
cat_threshold=2 1
is_linear=0
shrinkage=0.05


Tree=102
num_leaves=23
num_cat=2
split_feature=13 13 11 14 7 15 13 10 13 7 13 11 4 11 13 13 11 11 13 13 11 10
split_gain=0.00037972 0.00294874 0.00473773 0.00157975 0.00582681 0.00158511 0.00465838 0.0119297 0.00331117 0.0147449 0.0102913 0.00149707 0.0006306 0.000652232 0.000603842 0.000209227 0.000151297 0.000110638 0.000163303 0.000140693 6.29675e-05 9.79885e-06
threshold=14.500000000000002 13.500000000000002 31.000000000000004 4.5000000000000009 11.000000000000002 3.5000000000000004 8.5000000000000018 0 4.5000000000000009 11.000000000000002 3.5000000000000004 38.500000000000007 42.500000000000007 21.000000000000004 6.5000000000000009 9.5000000000000018 31.000000000000004 34.500000000000007 7.5000000000000009 9.5000000000000018 34.500000000000007 1
decision_type=2 2 2 2 2 2 2 1 2 2 2 2 2 2 2 2 2 2 2 2 2 1
left_child=1 3 -3 5 -5 8 7 -7 10 -10 -1 17 13 -2 -9 16 -6 18 -11 -20 -14 -21
right_child=12 2 -4 4 15 6 -8 14 9 11 -12 -13 20 -15 -16 -17 -18 -19 19 21 -22 -23
leaf_value=0.000297923129744504 1.0201678251178236e-05 0.00010554540789268106 -0.00093691654073050485 0.00092233808767549141 -2.4918698064928843e-05 -0.0013888812512018508 0.00025537297291233893 -0.00015059265612217133 0.0013187239059493571 -9.4893804095720822e-05 -0.0010685150760861727 -0.00043306362320436168 1.4892296901682411e-05 0.00038999578968147177 0.00020857673850762444 -0.00012430912871562983 0.00015262087461971014 0.00012371693272913176 0.00016021147464925889 -2.2119987261248755e-05 -9.4228363541333233e-05 2.1318934773876822e-05
leaf_weight=32 20 22 21.600000023841858 21.600000023841858 28 22.200000047683716 38 25 23.399999976158142 28 24.200000047683716 20 39 26 22 26 21 26 20 20 20 37
leaf_count=32 20 22 21 21 28 22 38 25 23 28 23 20 39 26 22 26 21 26 20 20 20 37
internal_value=9.3873e-12 -1.89124e-05 -0.000410904 2.0431e-05 0.000198735 -3.05581e-05 -0.000189413 -0.00043366 4.32896e-05 0.000150844 -0.000290472 -3.01393e-05 8.60967e-05 0.000224868 1.75292e-05 -9.66297e-06 5.11697e-05 3.13759e-05 8.51051e-06 4.61121e-05 -2.20978e-05 6.07721e-06
internal_weight=583 478 43.6 434.4 96.6 337.8 107.2 69.2 230.6 174.4 56.2 151 105 46 47 75 49 131 105 77 59 57
internal_count=580 475 43 432 96 336 107 69 229 174 55 151 105 46 47 75 49 131 105 77 59 57
cat_boundaries=0 1 2
cat_threshold=4 2
is_linear=0
shrinkage=0.05


Tree=103
num_leaves=21
num_cat=3
split_feature=13 7 15 6 13 13 0 12 12 13 11 13 13 13 15 1 6 12 12 14
split_gain=0.000420662 0.00273644 0.00272476 0.0086426 0.00668559 0.00185069 0.00131108 0.000830136 0.000387665 6.05947e-05 4.95912e-05 3.45226e-05 3.20893e-05 5.35328e-05 6.30348e-06 6.22517e-06 1.74302e-05 3.47511e-06 2.43159e-06 1.72416e-06
threshold=7.5000000000000009 11.000000000000002 2.5000000000000004 0 4.5000000000000009 8.5000000000000018 1 1.8826500000000002 1.8826500000000002 14.500000000000002 34.500000000000007 13.500000000000002 2.5000000000000004 5.5000000000000009 3.5000000000000004 42.000000000000007 2 1.4202000000000001 1.3794500000000001 3.5000000000000004
decision_type=2 2 2 1 2 2 1 2 2 2 2 2 2 2 2 2 1 2 2 2
left_child=2 6 4 -4 -1 -3 -2 9 12 11 14 15 -5 19 -11 18 17 -17 -7 -14
right_child=1 5 3 8 -6 7 -8 -9 -10 10 -12 -13 13 -15 -16 16 -18 -19 -20 -21
leaf_value=-0.00071121662121086831 -0.00054796825223504396 0.00036205392793312464 0.0010298414248078175 -9.9453414302496699e-05 0.00030157383200730693 2.1954564263896001e-05 -4.6050965015421666e-05 -0.00024298338830703871 0.00016126913459932744 1.3737926579587541e-05 -8.9516945772629702e-05 7.7569621647522916e-05 2.016561820255447e-05 -7.5549995985698746e-05 -2.0395879497906815e-05 5.6109728029696276e-07 6.7267552690773104e-05 2.8151203878223896e-05 1.1654215715959884e-06 -5.9586196584859866e-07
leaf_weight=33.200000047683716 34.200000047683716 36 24.600000023841858 21 32 22 21 36 30 38 20 33 20 34 21 25 22 21 39 20
leaf_count=32 33 36 24 21 32 22 21 36 30 38 20 33 20 34 21 25 22 21 39 20
internal_value=-1.00228e-12 -3.24398e-05 5.56067e-05 0.000173171 -0.000214142 2.48028e-05 -0.000357021 -1.90277e-05 4.57798e-06 1.44263e-05 -2.14761e-05 3.19342e-05 -4.49034e-05 -2.9423e-05 1.58861e-06 2.026e-05 3.06631e-05 1.31566e-05 8.66315e-06 9.78488e-06
internal_weight=583 368.2 214.8 149.6 65.2 313 55.2 277 125 241 79 162 95 74 59 129 68 46 61 40
internal_count=580 367 213 149 64 313 54 277 125 241 79 162 95 74 59 129 68 46 61 40
cat_boundaries=0 1 2 3
cat_threshold=2 1 1
is_linear=0
shrinkage=0.05


Tree=104
num_leaves=21
num_cat=1
split_feature=13 6 13 12 13 13 13 13 11 12 13 12 13 13 15 11 13 14 15 11
split_gain=0.000430295 0.00118653 0.00733423 0.0201901 0.0111827 0.000738476 0.00117628 0.000951043 0.00369546 0.000738496 0.000632125 0.000405089 0.000317036 3.0967e-05 2.98254e-05 2.96803e-05 7.47285e-06 4.15336e-06 1.14077e-06 1.4481e-08
threshold=2.5000000000000004 0 8.5000000000000018 1.8099500000000004 13.500000000000002 8.5000000000000018 7.5000000000000009 13.500000000000002 37.500000000000007 1.8513000000000004 5.5000000000000009 1.5672500000000003 6.5000000000000009 3.5000000000000004 3.5000000000000004 31.000000000000004 15.500000000000002 1.5000000000000002 2.5000000000000004 19.500000000000004
decision_type=2 1 2 2 2 2 2 2 2 2 2 2 2 2 2 2 2 2 2 2
left_child=-1 2 3 -2 -4 6 10 8 15 14 11 13 -12 -3 16 17 -9 -7 -19 -20
right_child=1 5 4 -5 -6 7 -8 9 -10 -11 12 -13 -14 -15 -16 -17 -18 18 19 -21
leaf_value=0.00016501164565262436 0.0002938152633659128 8.3416352440095082e-06 0.00069693428655669034 -0.0017467223235414255 -0.00054567064297113689 2.8837059885104696e-05 0.00038249596364039464 4.7148512399936801e-05 -0.00072506227145259766 0.00029819280617661648 -0.00019691411777915036 0.00028980513572981901 3.0282337502285375e-05 9.0467836325084747e-05 -3.2213705602654015e-05 -4.908074115519412e-05 1.0934843158667782e-05 1.2447208420477787e-05 -2.1915590150456411e-06 -3.326108443698931e-07
leaf_weight=37 27 22 42.399999976158142 22.00000011920929 31.600000023841858 22 32 28 21 29 28 29 34 24 31 28 29 24 20 22
leaf_count=37 27 22 42 20 31 22 32 28 21 29 28 29 34 24 31 28 29 24 20 22
internal_value=1.30798e-11 -1.11821e-05 -0.00014787 -0.000622344 0.000166308 2.85641e-05 0.000109556 -2.53241e-05 -0.000114734 7.93695e-05 4.58036e-05 0.000143455 -7.23225e-05 5.11901e-05 7.25732e-06 -4.24363e-06 2.8724e-05 1.00227e-05 3.75128e-06 -1.21782e-06
internal_weight=583 546 123 49 74 423 169 254 137 117 137 75 62 46 88 116 57 88 66 42
internal_count=580 543 120 47 73 423 169 254 137 117 137 75 62 46 88 116 57 88 66 42
cat_boundaries=0 1
cat_threshold=2
is_linear=0
shrinkage=0.05


Tree=105
num_leaves=22
num_cat=3
split_feature=13 13 7 15 11 14 12 12 6 12 15 13 10 12 13 10 13 11 12 12 12
split_gain=0.00043519 0.00300539 0.00277365 0.000987635 0.00376136 0.00177965 0.00335642 0.00222991 0.000593127 0.000284699 0.000199118 0.000483865 0.000112848 0.000111015 6.59412e-05 2.61873e-05 1.37363e-05 1.28642e-05 6.85329e-06 3.18272e-06 2.742e-06
threshold=7.5000000000000009 8.5000000000000018 11.000000000000002 3.5000000000000004 37.500000000000007 4.5000000000000009 1.5672500000000003 1.8826500000000002 0 1.8826500000000002 2.5000000000000004 4.5000000000000009 1 1.5672500000000003 13.500000000000002 2 14.500000000000002 21.000000000000004 1.4035500000000003 1.4907500000000002 1.2270500000000002
decision_type=2 2 2 2 2 2 2 2 1 2 2 2 1 2 2 1 2 2 2 2 2
left_child=2 -2 -1 5 12 7 -7 8 -3 10 11 -4 -5 15 -14 -12 19 -18 -17 20 -10
right_child=1 3 9 4 -6 6 -8 -9 16 -11 13 -13 14 -15 -16 18 17 -19 -20 -21 -22
leaf_value=0.00051316185427807541 -0.00044103456857549423 -0.00023140834913419896 0.00020569187662382001 6.7987653495341267e-05 0.00076182913209777326 3.353284572422753e-05 -0.00081349776153110385 0.0004574018005517864 2.5725016973371129e-05 0.00011434656431707222 -8.6644782107517441e-05 -0.00011208231918863023 -0.00011663360466785809 -0.00016603843175038617 1.8416889493740503e-06 -8.0490509541656749e-06 1.3916797539340306e-05 -4.0794162305246577e-05 -4.767915737829753e-05 3.3525358895920885e-05 1.3101212259599657e-06
leaf_weight=28.800000071525574 40.200000047683716 32 23 30 20 29 19.600000023841858 26.399999976158142 23 35 30 25 23 29 24 24 22 21 20 35 23
leaf_count=27 40 32 23 30 20 29 19 26 23 35 30 25 23 29 24 24 22 21 20 35 23
internal_value=4.84567e-12 -3.29952e-05 5.65588e-05 1.70145e-05 0.000150906 -3.92081e-05 -0.000308068 3.24289e-05 -3.94896e-05 -1.4141e-05 -4.39229e-05 4.01845e-05 -7.77588e-06 -8.31186e-05 -5.61356e-05 -5.0623e-05 1.00378e-05 -1.28025e-05 -2.60627e-05 2.21629e-05 1.35176e-05
internal_weight=583 368.2 214.8 328 97 231 48.6 182.4 156 186 151 48 77 103 47 74 124 43 44 81 46
internal_count=580 367 213 327 97 230 48 182 156 186 151 48 77 103 47 74 124 43 44 81 46
cat_boundaries=0 1 2 3
cat_threshold=2 1 4
is_linear=0
shrinkage=0.05


Tree=106
num_leaves=21
num_cat=3
split_feature=13 13 7 15 10 14 11 12 6 13 12 15 13 12 10 13 11 12 12 12
split_gain=0.000392759 0.00271236 0.00250322 0.000891341 0.00372297 0.00160614 0.00314338 0.00201249 0.000535297 0.000366111 0.000256941 0.000179704 0.000436688 0.000100191 2.3634e-05 1.2397e-05 1.16099e-05 6.18509e-06 2.87241e-06 2.47466e-06
threshold=7.5000000000000009 8.5000000000000018 11.000000000000002 3.5000000000000004 0 4.5000000000000009 25.500000000000004 1.8826500000000002 1 13.500000000000002 1.8826500000000002 2.5000000000000004 4.5000000000000009 1.5672500000000003 2 14.500000000000002 21.000000000000004 1.4035500000000003 1.4907500000000002 1.2270500000000002
decision_type=2 2 2 2 1 2 2 2 1 2 2 2 2 2 1 2 2 2 2 2
left_child=2 -2 -1 5 -5 7 -7 8 -3 -6 11 12 -4 14 -13 18 -17 -16 19 -10
right_child=1 3 10 4 9 6 -8 -9 15 -11 -12 13 -14 -15 17 16 -18 -19 -20 -21
leaf_value=0.00048750385718238098 -0.0004189828055660115 -0.00021983793101867379 0.0001954072810527261 0.00065524434626590498 -0.00016253291939981009 3.7917520633308075e-05 -0.00078179128090808932 0.00043453171709460732 2.4438766475846617e-05 6.4749030513200053e-05 0.00010862923529202818 -8.2312544039571864e-05 -0.00010647820311532997 -0.00015773651038185124 -7.6465989726178418e-06 1.3220957593644429e-05 -3.8754453756458435e-05 -4.529519987045205e-05 3.1849090436090982e-05 1.2446149491512664e-06
leaf_weight=28.800000071525574 40.200000047683716 32 23 26 34 29 19.600000023841858 26.399999976158142 23 37 35 30 25 29 24 22 21 20 35 23
leaf_count=27 40 32 23 26 34 29 19 26 23 37 35 30 25 29 24 22 21 20 35 23
internal_value=7.36761e-12 -3.13454e-05 5.37309e-05 1.61638e-05 0.00014336 -3.72477e-05 -0.000292665 3.08074e-05 -3.75151e-05 -4.40902e-05 -1.3434e-05 -4.17268e-05 3.81753e-05 -7.89627e-05 -4.80919e-05 9.53592e-06 -1.21624e-05 -2.47596e-05 2.10548e-05 1.28417e-05
internal_weight=583 368.2 214.8 328 97 231 48.6 182.4 156 71 186 151 48 103 74 124 43 44 81 46
internal_count=580 367 213 327 97 230 48 182 156 71 186 151 48 103 74 124 43 44 81 46
cat_boundaries=0 1 2 3
cat_threshold=4 2 4
is_linear=0
shrinkage=0.05


Tree=107
num_leaves=21
num_cat=2
split_feature=13 7 13 11 13 13 12 12 13 4 13 11 13 13 3 11 10 10 13 11
split_gain=0.000372976 0.00117844 0.00808376 0.00673692 0.000454918 0.00147229 0.000803765 0.000560081 0.00024211 7.99325e-05 6.20369e-05 4.66932e-05 3.58601e-05 3.53195e-05 2.50108e-05 1.02297e-05 4.17273e-06 3.79883e-06 1.5618e-06 7.14243e-08
threshold=2.5000000000000004 11.000000000000002 8.5000000000000018 31.000000000000004 8.5000000000000018 7.5000000000000009 1.8826500000000002 1.8826500000000002 4.5000000000000009 41.000000000000007 14.500000000000002 34.500000000000007 13.500000000000002 3.5000000000000004 1.5000000000000002 34.500000000000007 0 1 11.500000000000002 21.000000000000004
decision_type=2 2 2 2 2 2 2 2 2 2 2 2 2 2 2 2 1 1 2 2
left_child=-1 2 -2 -4 5 7 10 8 13 -10 12 16 15 -3 -11 17 -12 -6 19 -19
right_child=1 4 3 -5 6 -7 -8 -9 9 14 11 -13 -14 -15 -16 -17 -18 18 -20 -21
leaf_value=0.00015362835973162974 -0.00080684453887003174 1.8103649967492353e-05 -0.00025461933907917547 0.00092241734819253907 -1.36864810071659e-06 0.00036831997482901594 -0.00024029212084618245 0.0002232533188641985 -0.00017331075235233585 -2.097006298964306e-05 -1.883753212019829e-05 -8.9354038500459872e-05 7.7221950254390716e-05 0.00010456185416495871 -8.7970967045597123e-05 4.8263512000327567e-05 8.9343046247928499e-06 2.2948765051751254e-05 9.9257623991559688e-06 2.7123803002247034e-05
leaf_weight=37 32.00000011920929 27 31 20 35 36 36 26 20 26 21 20 33 21 30 24 38 20 29 21
leaf_count=37 30 27 31 19 35 36 36 26 20 26 21 20 33 21 30 24 38 20 29 21
internal_value=-8.37997e-12 -1.04107e-05 -0.000183902 0.000206964 2.06903e-05 8.11728e-05 -1.99224e-05 1.22575e-05 -3.19836e-05 -8.75074e-05 1.29959e-05 -2.33312e-05 3.07109e-05 5.59291e-05 -5.68634e-05 1.88127e-05 -9.50586e-07 1.20811e-05 1.8806e-05 2.50872e-05
internal_weight=583 546 83 51 463 186 277 150 124 76 241 79 162 48 56 129 59 105 70 41
internal_count=580 543 80 50 463 186 277 150 124 76 241 79 162 48 56 129 59 105 70 41
cat_boundaries=0 1 2
cat_threshold=4 4
is_linear=0
shrinkage=0.05


Tree=108
num_leaves=22
num_cat=1
split_feature=13 7 13 12 12 7 13 12 13 13 13 15 10 14 13 13 13 11 1 12 12
split_gain=0.000404297 0.00266164 0.00258611 0.00081661 0.00370763 0.000615118 0.000215859 0.000505473 0.000218504 6.49643e-05 9.97825e-05 6.3966e-05 3.93548e-05 3.52637e-05 3.18758e-05 3.00385e-05 1.86431e-05 1.03305e-05 9.58748e-06 1.61828e-05 3.17462e-07
threshold=7.5000000000000009 11.000000000000002 8.5000000000000018 1.9246000000000001 1.8826500000000002 11.000000000000002 2.5000000000000004 1.8826500000000002 4.5000000000000009 6.5000000000000009 5.5000000000000009 3.5000000000000004 0 4.5000000000000009 3.5000000000000004 13.500000000000002 14.500000000000002 21.000000000000004 42.000000000000007 1.4372000000000003 1.4724500000000003
decision_type=2 2 2 2 2 2 2 2 2 2 2 2 1 2 2 2 2 2 2 2 2
left_child=1 -1 -2 4 5 -4 -3 8 14 10 -10 13 -13 16 -8 -14 18 -18 20 -20 -7
right_child=2 6 3 -5 -6 11 7 -9 9 -11 -12 12 15 -15 -16 -17 17 -19 19 -21 -22
leaf_value=0.00050180321822736857 -0.00041031075314257445 -0.00012469263561898616 -0.0002148325977032073 -0.00024882790975324395 0.00060892557734265346 1.7692251215066791e-05 1.7198468156965211e-05 0.00021209064913049448 -4.0068528142001016e-05 -2.2606050509109214e-05 -0.00018475232206513354 -8.6265930003719409e-05 3.4539106854936109e-05 7.8592623546380012e-05 9.9333763743440323e-05 -4.009554348678129e-05 1.5798706131729136e-05 -3.2126129256291533e-05 1.790487189470451e-05 7.3690912876582643e-05 8.7835142113590334e-06
leaf_weight=28.800000071525574 40.200000047683716 36 34 27 26 20 27 26 22 28 26 20 26 30 21 28 23 22 26 26 20
leaf_count=27 40 36 34 27 25 20 27 26 22 28 26 20 26 30 21 28 23 22 26 26 20
internal_value=-2.41101e-12 5.45144e-05 -3.18025e-05 1.45878e-05 3.82165e-05 -1.57415e-05 -1.47433e-05 1.16446e-05 -3.03844e-05 -8.31321e-05 -0.000118439 1.23461e-05 -2.6351e-05 2.94933e-05 5.31327e-05 -4.16034e-06 1.87416e-05 -7.63121e-06 3.16414e-05 4.57979e-05 1.32379e-05
internal_weight=583 214.8 368.2 328 301 275 186 150 124 76 48 241 74 167 48 54 137 45 92 52 40
internal_count=580 213 367 327 300 275 186 150 124 76 48 241 74 167 48 54 137 45 92 52 40
cat_boundaries=0 1
cat_threshold=4
is_linear=0
shrinkage=0.05


Tree=109
num_leaves=23
num_cat=3
split_feature=13 13 1 14 7 13 16 13 12 14 12 10 10 12 13 13 14 13 11 10 12 12
split_gain=0.000395458 0.00263013 0.00452245 0.0015869 0.00507049 0.00119308 0.00857622 0.00242611 0.00493586 0.00248081 0.00886039 0.00285146 0.00227161 0.00107042 0.000703313 0.0004883 0.000125819 0.000115784 0.000112375 9.98549e-05 3.3936e-05 1.5009e-05
threshold=14.500000000000002 13.500000000000002 42.000000000000007 4.5000000000000009 11.000000000000002 4.5000000000000009 1.0000000180025095e-35 6.5000000000000009 1.7639000000000002 2.5000000000000004 1.8513000000000004 0 1 1.8513000000000004 10.500000000000002 8.5000000000000018 3.5000000000000004 9.5000000000000018 31.000000000000004 2 1.4372000000000003 1.5672500000000003
decision_type=2 2 2 2 2 2 2 2 2 2 2 1 1 2 2 2 2 2 2 1 2 2
left_child=1 3 -3 5 -5 6 12 8 -7 11 15 -9 -1 16 21 -11 20 18 -6 -17 -2 -13
right_child=13 2 -4 4 17 7 -8 9 -10 10 -12 14 -14 -15 -16 19 -18 -19 -20 -21 -22 -23
leaf_value=0.00054259865429902797 -7.9140096305410333e-07 0.00016365632840461332 -0.00085829271616003609 0.00087157345205722623 -1.8160663694288816e-05 -6.0816805810759436e-05 -0.00092340119851285266 0.00050582782460362088 0.00094048089742500458 0.0002185739623655536 -0.0010452448535336737 3.2497435525632076e-05 -0.00011786679685125517 0.00041697778691741406 -0.00026850582636633104 2.6107647439251499e-05 8.4927857868505652e-05 -8.3124550995377768e-05 0.00013484722236994242 -0.00010880976920333297 -8.250567188952119e-05 9.2276751473989517e-05
leaf_weight=23 27 20 23.600000023841858 21.600000023841858 28 32 27.200000047683716 32.399999976158142 20 24 25.200000047683716 21 30 20 26 24 34 26 21 32 24 21
leaf_count=23 27 20 23 21 28 32 26 32 20 24 25 21 30 20 26 24 34 26 21 32 24 21
internal_value=-8.54675e-12 -1.93004e-05 -0.000389509 1.78568e-05 0.000196564 -3.32477e-05 -0.000201655 1.91836e-05 0.000324298 -5.79854e-05 -0.000227659 0.0001198 0.00016875 8.78628e-05 -6.41308e-05 2.98806e-05 1.0424e-05 2.16073e-06 4.74141e-05 -5.0988e-05 -3.92452e-05 6.23871e-05
internal_weight=583 478 43.6 434.4 96.6 337.8 80.2 257.6 52 205.6 105.2 100.4 53 105 68 80 85 75 49 56 51 42
internal_count=580 475 43 432 96 336 79 257 52 205 105 100 53 105 68 80 85 75 49 56 51 42
cat_boundaries=0 1 2 3
cat_threshold=4 4 1
is_linear=0
shrinkage=0.05


Tree=110
num_leaves=21
num_cat=6
split_feature=12 14 6 14 14 7 7 15 15 10 14 10 11 6 11 12 10 10 3 14
split_gain=0.000352702 0.0020667 0.00307058 0.00101844 0.000134511 0.000828335 0.00025971 7.34364e-05 3.77754e-05 3.17724e-05 3.17229e-05 4.2521e-05 6.34317e-05 2.90427e-05 2.82528e-05 2.75273e-05 2.29015e-05 1.27955e-05 1.20569e-05 9.95182e-06
threshold=1.8826500000000002 1.5000000000000002 0 3.5000000000000004 3.5000000000000004 11.000000000000002 11.000000000000002 2.5000000000000004 2.5000000000000004 1 2.5000000000000004 2 21.000000000000004 3 21.000000000000004 1.5470500000000003 4 5 1.5000000000000002 2.5000000000000004
decision_type=2 2 1 2 2 2 2 2 2 1 2 1 2 1 2 2 1 1 2 2
left_child=4 -2 -3 -4 6 -6 -1 15 16 14 11 -9 18 -11 -10 19 -7 -12 -13 -8
right_child=1 2 3 -5 5 8 7 10 9 13 17 12 -14 -15 -16 -17 -18 -19 -20 -21
leaf_value=-0.00015711414569523187 0.00039715596388927412 -0.00059251042468344995 -0.00020848205526168126 0.0001911995071930358 0.00032594742066673158 5.5023039749357851e-06 4.9175695052586635e-05 2.7420772940170153e-05 -2.0117649973187889e-05 2.3078702219613157e-06 4.5251777590149894e-05 -3.1457447615442406e-05 -9.7531854595628488e-05 -6.5588802824225105e-05 5.4519393594887339e-05 9.7817969918137155e-05 7.1912411872557746e-05 -1.8297400755626667e-06 1.8157281272578985e-05 5.6373722102199247e-06
leaf_weight=25 19 30.00000011920929 28 37 24 21 35 31 21 36 31 24 31 28 32 23 34 27 25 21
leaf_count=25 19 27 28 37 24 21 35 31 21 36 31 24 31 28 32 23 34 27 25 21
internal_value=-7.39417e-12 -7.88813e-05 -0.000174089 1.9029e-05 1.91737e-05 5.07758e-05 -3.515e-06 1.19688e-05 1.23798e-05 -3.68592e-06 -6.63366e-06 -2.22927e-05 -4.15567e-05 -2.73969e-05 2.49462e-05 5.17639e-05 4.65558e-05 2.33345e-05 -6.14381e-06 3.28488e-05
internal_weight=583 114 95 65 469 196 273 248 172 117 169 111 80 64 53 79 55 58 49 56
internal_count=580 111 92 65 469 196 273 248 172 117 169 111 80 64 53 79 55 58 49 56
cat_boundaries=0 1 2 3 4 5 6
cat_threshold=2 1 2 4 1 1
is_linear=0
shrinkage=0.05


Tree=111
num_leaves=20
num_cat=1
split_feature=13 7 13 13 13 13 12 12 13 13 12 15 13 1 15 10 4 12 14
split_gain=0.000360275 0.0012061 0.00738484 0.000396758 0.00150612 0.000729946 0.00307572 0.000625123 0.000416564 0.000402213 0.000342512 0.000277976 7.08026e-05 5.08808e-05 3.67174e-05 1.0289e-05 2.41225e-06 1.95595e-06 2.65242e-06
threshold=2.5000000000000004 11.000000000000002 9.5000000000000018 8.5000000000000018 7.5000000000000009 13.500000000000002 1.8513000000000004 1.8099500000000004 5.5000000000000009 6.5000000000000009 1.8099500000000004 2.5000000000000004 14.500000000000002 42.000000000000007 3.5000000000000004 0 59.500000000000007 1.4372000000000003 2.5000000000000004
decision_type=2 2 2 2 2 2 2 2 2 2 2 2 2 2 2 1 2 2 2
left_child=-1 2 -2 4 8 6 15 12 10 -10 11 -3 -7 -13 16 -5 -14 18 -17
right_child=1 3 -4 5 -6 7 -8 -9 9 -11 -12 13 14 -15 -16 17 -18 -19 -20
leaf_value=0.00015099003638268285 -0.00067474462287372885 0.0001649290273907473 0.00026913215199804891 -1.0141030749894396e-05 0.00036814409229716854 7.8702255864805518e-05 -0.00058622195093238801 0.0002701896049741966 -0.00022161318479144637 2.7880949149091199e-05 0.0002618197159972624 6.4050563287310071e-06 5.6077702678381822e-07 -0.00010378567796413502 -6.373425284646845e-05 2.9859270771339656e-05 2.3657939397025985e-05 3.0885072657030023e-05 6.5042339883802928e-06
leaf_weight=37 40.00000011920929 23 43 35 36 27 26 30 30 35 20 20 26 22 26 20 20 36 31
leaf_count=37 38 23 42 35 36 27 26 30 30 35 20 20 26 22 26 20 20 36 31
internal_value=3.44013e-12 -1.02319e-05 -0.000185748 2.12321e-05 7.77161e-05 -1.66958e-05 -9.24732e-05 7.02426e-05 8.01344e-06 -8.72702e-05 8.08774e-05 2.52028e-05 9.65262e-06 -5.13139e-05 -1.6241e-05 1.2752e-05 1.0603e-05 2.19618e-05 1.56631e-05
internal_weight=583 546 83 463 186 277 148 129 150 65 85 65 99 42 72 122 46 87 51
internal_count=580 543 80 463 186 277 148 129 150 65 85 65 99 42 72 122 46 87 51
cat_boundaries=0 1
cat_threshold=4
is_linear=0
shrinkage=0.05


Tree=112
num_leaves=21
num_cat=2
split_feature=13 7 7 13 11 13 12 12 13 13 13 12 15 13 1 15 10 4 15 0
split_gain=0.000376847 0.00279429 0.00270308 0.00170336 0.00148706 0.000658777 0.00277584 0.000564174 0.000208659 0.000375949 0.000362998 0.000309117 0.000250874 6.38994e-05 4.59199e-05 3.31375e-05 9.28586e-06 2.17706e-06 1.88774e-06 2.92872e-06
threshold=7.5000000000000009 11.000000000000002 11.000000000000002 8.5000000000000018 31.000000000000004 13.500000000000002 1.8513000000000004 1.8099500000000004 2.5000000000000004 5.5000000000000009 6.5000000000000009 1.8099500000000004 2.5000000000000004 14.500000000000002 42.000000000000007 3.5000000000000004 0 59.500000000000007 3.5000000000000004 1
decision_type=2 2 2 2 2 2 2 2 2 2 2 2 2 2 2 2 1 2 2 1
left_child=1 -1 4 -4 -2 6 16 13 -3 11 -11 12 -10 -7 -14 17 -5 -15 19 -18
right_child=2 8 3 5 -6 7 -8 -9 9 10 -12 -13 14 15 -16 -17 18 -19 -20 -21
leaf_value=0.00051093017802116372 -0.00014044607298935511 -0.00012643132513656181 0.00034973688185952292 -9.6339793032841842e-06 -0.00066970694647426523 7.4767142480898971e-05 -0.00055691085659558535 0.0002566801265978332 0.0001566825796465349 -0.00021053252402149764 2.6486902851112455e-05 0.00024872872470496079 6.0848040311611841e-06 5.3273813066950356e-07 -9.8596391994347371e-05 -6.0547540768031755e-05 2.4823143468510305e-05 2.2475042783298704e-05 3.2462390838190915e-05 2.5127543684296447e-06
leaf_weight=28.800000071525574 33 36 36 35 22.200000047683716 27 26 30 23 30 35 20 20 26 22 26 38 20 25 24
leaf_count=27 33 36 36 35 21 27 26 30 23 30 35 20 20 26 22 26 38 20 25 24
internal_value=-6.64212e-12 5.26312e-05 -3.07039e-05 2.61886e-05 -0.000353301 -1.5861e-05 -8.78495e-05 6.67305e-05 -1.83313e-05 7.61277e-06 -8.29067e-05 7.68335e-05 2.39427e-05 9.16999e-06 -4.87482e-05 -1.54289e-05 1.21144e-05 1.00729e-05 2.08637e-05 1.61869e-05
internal_weight=583 214.8 368.2 313 55.2 277 148 129 186 150 65 85 65 99 42 72 122 46 87 62
internal_count=580 213 367 313 54 277 148 129 186 150 65 85 65 99 42 72 122 46 87 62
cat_boundaries=0 1 2
cat_threshold=4 1
is_linear=0
shrinkage=0.05


Tree=113
num_leaves=21
num_cat=5
split_feature=12 14 6 10 14 12 6 14 4 15 11 12 1 11 11 0 12 12 10 15
split_gain=0.000268606 0.00176741 0.00264781 0.000981726 0.000128934 0.00041769 8.30103e-05 0.000207251 0.000205205 3.94222e-05 3.71116e-05 4.55628e-05 2.10128e-05 2.51953e-05 1.84775e-05 2.56058e-05 1.50227e-05 1.91502e-05 9.25758e-06 1.94207e-05
threshold=1.8826500000000002 1.5000000000000002 0 1 4.5000000000000009 1.5672500000000003 2 3.5000000000000004 81.500000000000014 2.5000000000000004 17.500000000000004 1.4372000000000003 42.000000000000007 21.000000000000004 25.500000000000004 3 1.3077000000000003 1.7639000000000002 4 3.5000000000000004
decision_type=2 2 1 1 2 2 1 2 2 2 2 2 2 2 2 1 2 2 1 2
left_child=4 -2 -3 -4 6 10 7 8 -1 14 -6 -12 13 18 15 -8 -14 -18 19 -11
right_child=1 2 3 -5 5 -7 9 -9 -10 12 11 -13 16 -15 -16 -17 17 -19 -20 -21
leaf_value=-0.00020629950940929121 0.000371383515946371 -0.00054543300625509812 -0.0002401357290142661 0.0001662452483634254 -4.7953939911866863e-05 0.00021958498168274791 0.00010130449042497443 8.9129970983776733e-05 -1.6144582768902183e-06 1.8799099041189039e-05 7.4142818812106276e-05 -2.6704939574258227e-05 -1.71574139801578e-05 -5.1440751764554696e-05 1.4778977108562687e-05 3.207644996002594e-05 5.9121938556927495e-05 4.8367775548285868e-06 1.9791435916443171e-05 -4.4808903749071763e-05
leaf_weight=24 19 30.00000011920929 23 42 26 31 22 20 25 24 24 21 20 30 40 34 33 32 39 24
leaf_count=24 19 27 23 42 26 31 22 20 25 24 24 21 20 30 40 34 33 32 39 24
internal_value=-2.14796e-12 -6.88379e-05 -0.000156882 2.24489e-05 1.67325e-05 6.64604e-05 2.91163e-06 -4.65065e-05 -0.000101868 1.43541e-05 -3.96881e-07 2.70805e-05 1.81713e-06 -1.19281e-05 4.07339e-05 5.92732e-05 2.07371e-05 3.23969e-05 1.6969e-06 -1.30049e-05
internal_weight=583 114 95 65 469 102 367 69 49 298 71 45 202 117 96 56 85 65 87 48
internal_count=580 111 92 65 469 102 367 69 49 298 71 45 202 117 96 56 85 65 87 48
cat_boundaries=0 1 2 3 4 5
cat_threshold=2 2 2 1 4
is_linear=0
shrinkage=0.05


Tree=114
num_leaves=21
num_cat=3
split_feature=13 6 13 12 13 13 13 13 11 12 13 13 12 15 4 13 10 11 13 0
split_gain=0.000348084 0.000948982 0.00645949 0.0174832 0.00942456 0.000622601 0.00113225 0.000635924 0.00277881 0.000491634 0.000403005 0.000237578 0.000220138 3.52636e-05 3.20904e-05 2.51365e-05 1.25205e-05 1.06501e-05 6.91084e-06 9.79497e-07
threshold=2.5000000000000004 0 8.5000000000000018 1.8099500000000004 13.500000000000002 8.5000000000000018 7.5000000000000009 13.500000000000002 37.500000000000007 1.8513000000000004 5.5000000000000009 6.5000000000000009 1.5672500000000003 3.5000000000000004 42.500000000000007 3.5000000000000004 1 31.000000000000004 15.500000000000002 2
decision_type=2 1 2 2 2 2 2 2 2 2 2 2 2 2 2 2 1 2 2 1
left_child=-1 2 3 -2 -4 6 10 8 14 13 12 -12 15 18 16 -3 -7 19 -9 -16
right_child=1 5 4 -5 -6 7 -8 9 -10 -11 11 -13 -14 -15 17 -17 -18 -19 -20 -21
leaf_value=0.00014841340503276239 0.00027495489032137104 8.6576266767224307e-06 0.00064967940925080253 -0.001623873793272139 -0.00049106898112085903 -6.2520102368407185e-05 0.00036763797706953485 4.3840078946491956e-05 -0.00062635103517788516 0.00024015975614020136 -0.00016486650201841258 3.1809266725116792e-05 0.00022316386969358632 -4.0138795555967296e-05 -2.5922095205931418e-06 8.2649501988404011e-05 -9.6546960473157635e-06 4.5912544891052679e-05 9.014785921957307e-06 1.2055535191393575e-05
leaf_weight=37 27 22 42.399999976158142 22.00000011920929 31.600000023841858 21 32 28 21 29 28 34 29 31 21 24 24 25 29 25
leaf_count=37 27 22 42 20 31 21 32 28 21 29 28 34 29 31 21 24 24 25 29 25
internal_value=-3.23908e-12 -1.00573e-05 -0.000132299 -0.00057758 0.000162549 2.54882e-05 9.98549e-05 -2.3992e-05 -9.71039e-05 6.16178e-05 3.7307e-05 -5.7012e-05 0.000115277 2.78009e-06 -1.29198e-06 4.72621e-05 -3.43252e-05 1.96446e-05 2.61219e-05 5.36852e-06
internal_weight=583 546 123 49 74 423 169 254 137 117 137 62 75 88 116 46 45 71 57 46
internal_count=580 543 120 47 73 423 169 254 137 117 137 62 75 88 116 46 45 71 57 46
cat_boundaries=0 1 2 3
cat_threshold=2 2 1
is_linear=0
shrinkage=0.05


Tree=115
num_leaves=22
num_cat=0
split_feature=13 7 13 7 14 13 11 11 13 13 13 11 16 14 13 4 8 11 14 11 14
split_gain=0.000398862 0.00319538 0.00285903 0.0007521 0.00649295 0.000570166 0.00198281 0.00039441 0.000204628 0.000296435 0.00029634 0.000210619 0.000235471 8.94272e-05 5.25043e-05 2.7535e-05 2.46834e-05 1.8564e-05 1.53966e-05 8.79265e-06 2.61378e-06
threshold=7.5000000000000009 11.000000000000002 8.5000000000000018 11.000000000000002 3.5000000000000004 13.500000000000002 37.500000000000007 37.500000000000007 2.5000000000000004 5.5000000000000009 6.5000000000000009 36.000000000000007 1.0000000180025095e-35 4.5000000000000009 14.500000000000002 42.500000000000007 75.000000000000014 23.000000000000004 3.5000000000000004 31.000000000000004 2.5000000000000004
decision_type=2 2 2 2 2 2 2 2 2 2 2 2 2 2 2 2 2 2 2 2 2
left_child=1 -1 -2 4 -4 6 15 13 -3 11 -11 12 16 14 -7 18 -10 -16 -5 20 -17
right_child=2 8 3 5 -6 7 -8 -9 9 10 -12 -13 -14 -15 17 19 -18 -19 -20 -21 -22
leaf_value=0.00054423475219461139 -0.00042956810836278551 -0.00012878891520813341 0.00067721025352117858 -2.2947306206333453e-07 -0.00046455187309852306 6.3757427711686401e-05 -0.0004882110701291822 0.00026563966942461548 -9.4058900886011555e-05 -0.00019173854725522689 2.2415841449401342e-05 0.00019464387517908346 0.00014887247472705151 0.00010710370959714055 -4.1757854024837847e-06 2.1082603389004362e-05 -1.5504131461057114e-05 -6.1617414607698342e-05 -5.6296138762263579e-05 4.3616917224426291e-05 -2.4131289341437817e-06
leaf_weight=28.800000071525574 40.200000047683716 36 29.399999976158142 24 21.600000023841858 23 25 20 20 30 35 23 22 25 39 20 20 22 25 25 29
leaf_count=27 40 36 29 24 21 23 25 20 20 30 35 23 22 25 39 20 20 22 25 25 29
internal_value=-2.05517e-12 5.41467e-05 -3.1588e-05 1.71888e-05 0.00019364 -1.52986e-05 -8.22709e-05 6.15377e-05 -2.1738e-05 3.95427e-06 -7.64246e-05 6.54205e-05 1.74828e-05 2.40878e-05 -6.19261e-07 2.37264e-07 -5.47815e-05 -2.48924e-05 -2.88349e-05 1.94878e-05 7.17697e-06
internal_weight=583 214.8 368.2 328 51 277 148 129 186 150 65 85 62 109 84 123 40 61 49 74 49
internal_count=580 213 367 327 50 277 148 129 186 150 65 85 62 109 84 123 40 61 49 74 49
is_linear=0
shrinkage=0.05


Tree=116
num_leaves=23
num_cat=3
split_feature=13 13 14 6 12 15 12 14 4 12 6 15 13 12 14 10 13 13 12 12 12 14
split_gain=0.000359973 0.00258027 0.00255869 0.00553533 0.00291124 0.000841862 0.00331331 0.00136248 0.00268879 0.00185213 0.000463348 0.000165209 0.000154434 9.71667e-05 8.95716e-05 7.74137e-05 5.29448e-05 1.58946e-05 9.81606e-06 4.64167e-06 2.65974e-06 2.54986e-06
threshold=7.5000000000000009 8.5000000000000018 2.5000000000000004 0 1.8826500000000002 3.5000000000000004 1.8513000000000004 4.5000000000000009 42.500000000000007 1.8826500000000002 1 3.5000000000000004 2.5000000000000004 1.5192500000000002 1.5000000000000002 2 4.5000000000000009 14.500000000000002 1.4907500000000002 1.4907500000000002 1.2270500000000002 1.5000000000000002
decision_type=2 2 2 1 2 2 2 2 2 2 1 2 2 2 2 1 2 2 2 2 2 2
left_child=2 -2 4 -4 11 7 14 9 -9 10 -3 21 -5 16 -7 -16 -14 19 -19 20 -12 -1
right_child=1 5 3 12 -6 6 -8 8 -10 -11 17 -13 13 -15 15 -17 -18 18 -20 -21 -22 -23
leaf_value=7.4806695712530732e-05 -0.00040808965262289267 -0.00020806973921025929 0.00078244275746321016 -0.00011277689221969924 -0.00068184717382490691 -0.00010893702594330536 0.00067949862648013313 -0.00066972386002313398 7.5910398146124166e-05 0.00041440805099639418 1.9958582971491486e-05 -0.00010981905173658951 5.6685800022519698e-05 0.00011021808584246174 7.0793824494918734e-05 -4.8022104797732587e-05 -4.6965893164139872e-05 4.1039646537848806e-06 -4.3687654362570142e-05 3.2097856991250799e-05 -4.0872863903389417e-06 4.9861012412293357e-05
leaf_weight=21 40.200000047683716 32 30.200000047683716 20 20.600000023841858 20 22 22.600000023841858 26 26.399999976158142 23 21 22 32 29 26 28 22 21 35 23 20
leaf_count=21 40 32 29 20 20 20 22 22 26 26 23 21 22 32 29 26 28 22 21 35 23 20
internal_value=-2.65163e-12 -3.00086e-05 5.14393e-05 0.000187846 -0.000166878 1.63294e-05 0.000139945 -3.55785e-05 -0.000270825 2.71023e-05 -3.84418e-05 4.22517e-06 1.17989e-05 4.21832e-05 -1.83239e-05 1.46263e-05 -1.35915e-06 5.33316e-06 -1.92361e-05 1.83761e-05 7.93565e-06 6.26381e-05
internal_weight=583 368.2 214.8 132.2 82.6 328 97 231 48.6 182.4 156 62 102 82 75 55 50 124 43 81 46 41
internal_count=580 367 213 131 82 327 97 230 48 182 156 62 102 82 75 55 50 124 43 81 46 41
cat_boundaries=0 1 2 3
cat_threshold=2 2 1
is_linear=0
shrinkage=0.05


Tree=117
num_leaves=18
num_cat=0
split_feature=13 7 13 13 13 12 12 13 7 13 1 13 12 13 12 15 14
split_gain=0.000369126 0.00103881 0.00692055 0.000335806 0.0014229 0.000598137 0.000359316 0.000178667 6.36766e-05 6.33638e-05 3.96961e-05 3.12595e-05 3.11731e-05 2.22632e-05 1.83153e-05 1.08113e-05 4.06053e-06
threshold=2.5000000000000004 11.000000000000002 9.5000000000000018 8.5000000000000018 7.5000000000000009 1.8826500000000002 1.8826500000000002 4.5000000000000009 13.000000000000002 14.500000000000002 42.000000000000007 12.500000000000002 1.4372000000000003 3.5000000000000004 1.4372000000000003 3.5000000000000004 3.5000000000000004
decision_type=2 2 2 2 2 2 2 2 2 2 2 2 2 2 2 2 2
left_child=-1 2 -2 4 6 9 7 13 -9 10 15 14 -11 -3 -12 16 -5
right_child=1 3 -4 5 -6 -7 -8 8 -10 12 11 -13 -14 -15 -16 -17 -18
leaf_value=0.00015283352127954533 -0.00064662128057639296 1.311279696286268e-05 0.0002671028054380237 5.2343084473338223e-06 0.00035309824997966646 -0.0002061520739617764 0.00017205862744818802 -0.00012584150558962536 -3.4307342407134319e-05 6.6473474407757746e-06 6.6909276430493492e-06 9.4703786894569935e-05 -5.6174547763732384e-05 8.1755237728689943e-05 6.4472622830180634e-05 -2.3836287679538753e-05 3.3709885489467224e-05
leaf_weight=37 40.00000011920929 27 43 31 36 36 26 38 38 40 32 30 39 21 24 24 21
leaf_count=37 38 27 42 31 36 36 26 38 38 40 32 30 39 21 24 24 21
internal_value=-2.42748e-12 -1.03569e-05 -0.000173246 1.88436e-05 7.08081e-05 -1.60495e-05 3.05849e-06 -3.2377e-05 -8.00744e-05 1.23475e-05 3.0251e-05 5.35182e-05 -2.4366e-05 4.31439e-05 3.14545e-05 3.92237e-06 1.67341e-05
internal_weight=583 546 83 463 186 277 150 124 76 241 162 86 79 48 56 76 52
internal_count=580 543 80 463 186 277 150 124 76 241 162 86 79 48 56 76 52
is_linear=0
shrinkage=0.05


Tree=118
num_leaves=23
num_cat=3
split_feature=13 13 14 6 12 15 11 14 11 12 6 15 13 11 13 10 11 13 13 11 12 12
split_gain=0.000362627 0.00247113 0.00234839 0.00532982 0.00265186 0.000765311 0.00329085 0.00124343 0.00253548 0.00173822 0.000436839 0.000158148 0.000153852 0.000133882 0.000131829 0.000114595 6.38385e-05 4.97573e-05 1.22291e-05 1.27593e-05 3.68399e-06 2.22971e-06
threshold=7.5000000000000009 8.5000000000000018 2.5000000000000004 0 1.8826500000000002 3.5000000000000004 37.500000000000007 4.5000000000000009 25.500000000000004 1.8826500000000002 1 3.5000000000000004 2.5000000000000004 36.000000000000007 5.5000000000000009 2 21.000000000000004 13.500000000000002 14.500000000000002 21.000000000000004 1.4907500000000002 1.2270500000000002
decision_type=2 2 2 1 2 2 2 2 2 2 1 2 2 2 2 1 2 2 2 2 2 2
left_child=2 -2 4 -4 11 7 15 9 -9 10 -3 16 -5 14 -14 -7 -1 -17 20 -20 21 -12
right_child=1 5 3 12 -6 6 -8 8 -10 -11 18 -13 13 -15 -16 17 -18 -19 19 -21 -22 -23
leaf_value=0.00012381658861635342 -0.00040011768748284031 -0.0002025838893132459 0.00076576438274240282 -0.00011477972395368852 -0.00064901755389224663 6.1012354005166948e-05 0.00070452694082632659 3.7902981556067847e-05 -0.00069828978685920078 0.00040082358996419427 1.7771803374236462e-05 -0.00010580191348188756 5.7718770141137717e-05 0.00013920719190233893 -9.7637115852028898e-05 -0.00011661999593817873 -1.0018345710705035e-06 -1.3705247981003291e-05 9.6835511530199181e-06 -4.4803838214387986e-05 2.8289403936858957e-05 -4.2445394915771233e-06
leaf_weight=21 40.200000047683716 32 30.200000047683716 20 20.600000023841858 30 20 29 19.600000023841858 26.399999976158142 23 21 36 24 22 23 20 24 22 21 35 23
leaf_count=21 40 32 29 20 20 30 20 29 19 26 23 21 36 24 22 23 20 24 22 21 35 23
internal_value=4.70864e-12 -3.0119e-05 5.16286e-05 0.00018231 -0.000157524 1.52284e-05 0.00013309 -3.42633e-05 -0.000258998 2.56166e-05 -3.78799e-05 5.77857e-06 9.56115e-06 3.98882e-05 -1.20932e-06 -1.53353e-05 6.29296e-05 -6.40678e-05 4.6243e-06 -1.69266e-05 1.60649e-05 6.76363e-06
internal_weight=583 368.2 214.8 132.2 82.6 328 97 231 48.6 182.4 156 62 102 82 58 77 41 47 124 43 81 46
internal_count=580 367 213 131 82 327 97 230 48 182 156 62 102 82 58 77 41 47 124 43 81 46
cat_boundaries=0 1 2 3
cat_threshold=2 2 1
is_linear=0
shrinkage=0.05


Tree=119
num_leaves=20
num_cat=4
split_feature=0 12 6 14 12 14 12 15 12 4 12 12 12 12 4 14 6 10 14
split_gain=0.000242541 0.000768798 0.000808992 0.00125955 0.00162285 0.000532939 0.00097825 0.000297107 0.000411436 0.00018175 0.000100437 2.16128e-05 1.87693e-05 1.8401e-05 4.58458e-05 1.69431e-05 7.54739e-06 4.43108e-06 3.79154e-06
threshold=0 1.9246000000000001 1 2.5000000000000004 1.8826500000000002 3.5000000000000004 1.5672500000000003 2.5000000000000004 1.4907500000000002 42.500000000000007 1.5672500000000003 1.7639000000000002 1.2105000000000004 1.2583500000000003 44.000000000000007 4.5000000000000009 2 3 2.5000000000000004
decision_type=1 2 1 2 2 2 2 2 2 2 2 2 2 2 2 2 1 1 2
left_child=1 2 3 -1 -5 7 17 8 -2 -4 13 -8 -11 -9 -15 16 -14 -7 -18
right_child=5 -3 9 4 -6 6 11 10 -10 12 -12 -13 15 14 -16 -17 18 -19 -20
leaf_value=0.00013641063278848906 3.1054767593256356e-05 -0.00026574346970113354 0.00014891542754412514 -6.7003842328941998e-05 -0.00059932744313734537 1.1449884931380439e-05 0.00026743916812120002 3.3035916468096818e-05 -0.00026915200176881631 -3.9843307830181228e-06 0.00011291773540585343 0.00033717344311298805 5.0034865067313405e-05 1.3450497954181629e-05 -7.9509578148147182e-05 7.1897686613173672e-05 5.0861793559826246e-06 -1.4121415493819869e-05 2.9202109761592091e-05
leaf_weight=31 21 31 40 41 22.00000011920929 32 25 22 25 33 23 20 28 36 21 29 28 36 39
leaf_count=30 21 31 40 41 20 32 25 22 25 33 23 20 28 36 21 29 28 36 39
internal_value=-3.9718e-12 -2.90349e-05 -3.81853e-06 -0.000124507 -0.000252895 3.58208e-05 0.000117588 -2.66097e-05 -0.000132101 5.37687e-05 2.09649e-05 0.000298432 2.95275e-05 -5.80624e-06 -2.0798e-05 3.8446e-05 2.82344e-05 -2.08786e-06 1.91238e-05
internal_weight=583 322 291 94 63 261 113 148 46 197 102 45 157 79 57 124 95 68 67
internal_count=580 319 288 91 61 261 113 148 46 197 102 45 157 79 57 124 95 68 67
cat_boundaries=0 1 2 3 4
cat_threshold=1 2 4 4
is_linear=0
shrinkage=0.05


Tree=120
num_leaves=21
num_cat=0
split_feature=13 7 13 11 13 13 12 12 13 7 15 13 13 13 13 7 11 11 11 15
split_gain=0.00036129 0.00097102 0.00649971 0.0058782 0.00033036 0.00145161 0.000583011 0.000385847 0.000152241 6.88335e-05 6.45369e-05 2.94381e-05 7.42387e-05 2.45189e-05 1.9727e-05 1.45813e-05 1.29189e-05 9.02584e-06 3.04762e-06 6.74174e-10
threshold=2.5000000000000004 11.000000000000002 8.5000000000000018 31.000000000000004 8.5000000000000018 7.5000000000000009 1.8826500000000002 1.8826500000000002 4.5000000000000009 13.000000000000002 3.5000000000000004 14.500000000000002 13.500000000000002 14.500000000000002 3.5000000000000004 13.000000000000002 31.000000000000004 21.000000000000004 17.500000000000004 2.5000000000000004
decision_type=2 2 2 2 2 2 2 2 2 2 2 2 2 2 2 2 2 2 2 2
left_child=-1 2 -2 -4 5 7 10 8 14 -10 11 12 16 15 -3 -12 18 -13 -6 -20
right_child=1 4 3 -5 6 -7 -8 -9 9 -11 13 17 -14 -15 -16 -17 -18 -19 19 -21
leaf_value=0.00015120261474736696 -0.0007263146653940705 5.8203709462153112e-06 -0.00024841048116286402 0.00085105469275731599 -1.045236364950176e-08 0.00035465015498630241 -0.00020430709781875422 0.00017622543166978107 -0.00012723652366012655 -3.2068025850668691e-05 2.1619949514691449e-05 1.6702746708168497e-05 0.00012774624609890106 -6.5430192235335549e-05 7.0434805266337386e-05 -3.4091939406884512e-05 5.6331096493522638e-05 -2.5083253615321158e-05 2.1132696209426949e-05 2.1524131253417266e-05
leaf_weight=37 32.00000011920929 27 31 20 27 36 36 26 38 38 24 28 21 27 21 23 23 24 22 22
leaf_count=37 30 27 31 19 27 36 36 26 38 38 24 28 21 27 21 23 23 24 22 22
internal_value=-3.73546e-12 -1.02463e-05 -0.000167731 0.000182752 1.79853e-05 6.95267e-05 -1.66237e-05 1.09713e-06 -3.56233e-05 -7.96523e-05 1.1412e-05 2.86355e-05 4.27518e-05 -2.74574e-05 3.40892e-05 -5.64332e-06 2.37637e-05 -2.5831e-06 1.32136e-05 2.13284e-05
internal_weight=583 546 83 51 463 186 277 150 124 76 241 167 115 74 48 47 94 52 71 44
internal_count=580 543 80 50 463 186 277 150 124 76 241 167 115 74 48 47 94 52 71 44
is_linear=0
shrinkage=0.05


Tree=121
num_leaves=20
num_cat=3
split_feature=13 7 7 11 13 12 13 12 13 6 15 14 6 13 13 12 6 11 4
split_gain=0.000374476 0.00316654 0.00256145 0.00163676 0.00158538 0.000526168 0.000180326 0.000348227 0.000137397 6.21223e-05 5.82445e-05 5.10538e-05 2.85008e-05 2.21283e-05 1.88471e-05 1.33983e-05 1.31596e-05 1.30805e-05 2.74527e-06
threshold=7.5000000000000009 11.000000000000002 11.000000000000002 31.000000000000004 8.5000000000000018 1.8826500000000002 2.5000000000000004 1.8826500000000002 4.5000000000000009 0 3.5000000000000004 4.5000000000000009 1 14.500000000000002 14.500000000000002 1.5470500000000003 2 21.000000000000004 81.500000000000014
decision_type=2 2 2 2 2 2 2 2 2 1 2 2 1 2 2 2 1 2 2
left_child=1 -1 3 -2 -4 10 -3 8 12 -10 11 14 -8 16 15 18 -12 -16 -6
right_child=2 6 4 -5 5 -7 7 -9 9 -11 13 -13 -14 -15 17 -17 -18 -19 -20
leaf_value=0.00054033727799840078 -0.00012132623396058934 -0.0001235695093757588 0.00033691764636185125 -0.0006765898183004361 4.8206437144692631e-06 -0.00019409174338862715 7.7971861710466331e-05 0.00016741415971549802 -3.0464624107576368e-05 -0.00012087469705626948 -3.2387342988564024e-05 8.6281735951464114e-05 -1.7750935512594879e-07 -6.2158681612345393e-05 1.4114979484989108e-05 5.6842842227693094e-05 2.0538952261025166e-05 -3.9812859697783351e-05 2.5374212785322926e-05
leaf_weight=28.800000071525574 33 36 36 22.200000047683716 33 36 20 26 38 38 23 30 28 27 23 27 24 22 32
leaf_count=27 33 36 36 21 33 36 20 26 38 38 23 30 28 27 23 27 24 22 32
internal_value=-1.18986e-11 5.24653e-05 -3.06072e-05 -0.000344639 2.47748e-05 -1.57925e-05 -2.30761e-05 1.04227e-06 -3.38422e-05 -7.56697e-05 1.08414e-05 2.72038e-05 3.23847e-05 -2.60846e-05 1.4267e-05 2.72371e-05 -5.36115e-06 -1.22497e-05 1.49393e-05
internal_weight=583 214.8 368.2 55.2 313 277 186 150 124 76 241 167 48 74 137 92 47 45 65
internal_count=580 213 367 54 313 277 186 150 124 76 241 167 48 74 137 92 47 45 65
cat_boundaries=0 1 2 3
cat_threshold=4 1 4
is_linear=0
shrinkage=0.05


Tree=122
num_leaves=20
num_cat=1
split_feature=13 6 13 12 13 13 13 13 11 12 13 12 13 13 4 1 12 11 14
split_gain=0.000350482 0.000926035 0.00604073 0.0152719 0.00832314 0.000587565 0.0010727 0.000522015 0.00226908 0.000400811 0.000287086 0.000199082 0.000176512 2.66366e-05 2.2604e-05 2.01414e-05 1.13074e-05 8.35708e-06 1.80482e-06
threshold=2.5000000000000004 0 8.5000000000000018 1.8099500000000004 13.500000000000002 8.5000000000000018 7.5000000000000009 13.500000000000002 37.500000000000007 1.8513000000000004 5.5000000000000009 1.5672500000000003 6.5000000000000009 3.5000000000000004 41.000000000000007 42.000000000000007 1.4907500000000002 31.000000000000004 2.5000000000000004
decision_type=2 1 2 2 2 2 2 2 2 2 2 2 2 2 2 2 2 2 2
left_child=-1 2 3 -2 -4 6 10 8 14 15 11 13 -12 -3 -7 16 -9 18 -16
right_child=1 5 4 -5 -6 7 -8 9 -10 -11 12 -13 -14 -15 17 -17 -18 -19 -20
leaf_value=0.00014892379700000134 0.0002353441375480206 -2.2279412819030269e-06 0.00061206562044623678 -0.0015393398248321505 -0.00045995446077686246 -3.6984887907130867e-05 0.0003579116597393295 -3.5840743861847318e-05 -0.00056753685667423448 0.0002157266491598546 -0.000136188255133415 0.0002047897631388784 3.333719229404404e-05 7.393978520061259e-05 1.136597320510191e-05 3.1538129760252458e-05 1.1092692321177485e-05 3.5606618097517644e-05 -6.654306057533066e-06
leaf_weight=37 27 22 42.399999976158142 22.00000011920929 31.600000023841858 34 32 33 21 29 28 29 34 24 24 34 21 25 33
leaf_count=37 27 22 42 20 31 34 32 33 21 29 28 29 34 24 24 34 21 25 33
internal_value=-9.04527e-12 -1.00919e-05 -0.000130847 -0.000561453 0.000154284 2.50212e-05 9.72651e-05 -2.30466e-05 -8.92876e-05 5.45177e-05 3.63842e-05 0.000102193 -4.32227e-05 3.75117e-05 -2.70801e-06 1.39203e-06 -1.75889e-05 1.15044e-05 9.3318e-07
internal_weight=583 546 123 49 74 423 169 254 137 117 137 75 62 46 116 88 54 82 57
internal_count=580 543 120 47 73 423 169 254 137 117 137 75 62 46 116 88 54 82 57
cat_boundaries=0 1
cat_threshold=2
is_linear=0
shrinkage=0.05


Tree=123
num_leaves=21
num_cat=3
split_feature=13 7 13 12 13 7 13 12 13 6 15 14 6 13 13 12 6 12 12 12
split_gain=0.000387116 0.00336868 0.00268083 0.000760194 0.00887982 0.000586228 0.000179509 0.000299305 0.000111142 5.64949e-05 4.91878e-05 4.8521e-05 2.64665e-05 1.7807e-05 1.58743e-05 1.26897e-05 1.07632e-05 9.94471e-06 1.4784e-06 9.38751e-07
threshold=7.5000000000000009 11.000000000000002 8.5000000000000018 1.8826500000000002 13.500000000000002 11.000000000000002 2.5000000000000004 1.8826500000000002 4.5000000000000009 0 3.5000000000000004 4.5000000000000009 1 14.500000000000002 14.500000000000002 1.5470500000000003 2 1.4907500000000002 1.4035500000000003 1.2178500000000001
decision_type=2 2 2 2 2 2 2 2 2 1 2 2 1 2 2 2 1 2 2 2
left_child=1 -1 -2 5 -5 -4 -3 8 12 -10 11 14 -8 16 15 18 -12 -16 19 -7
right_child=2 6 3 4 -6 10 7 -9 9 -11 13 -13 -14 -15 17 -17 -18 -19 -20 -21
leaf_value=0.00055654606637212708 -0.00041649753600287321 -0.00012483722472325098 -0.0002116637237898377 0.00072628251579123402 -0.00059081588041779429 1.4735745737652904e-05 7.0644848447045663e-05 0.00015373488433676987 -2.7359842193905744e-05 -0.00011357783222066293 -2.9669547771134051e-05 8.2746403871472774e-05 -4.6637731494619015e-06 -5.6178404314845536e-05 1.1193242473540444e-05 5.325634150789551e-05 1.8195658609935585e-05 -3.5828311229124669e-05 2.2665794753977582e-05 -2.3155620386784326e-07
leaf_weight=28.800000071525574 40.200000047683716 36 34 31.399999976158142 21.600000023841858 20 20 26 38 38 23 30 28 27 23 27 24 22 23 22
leaf_count=27 40 36 34 31 21 20 20 26 38 38 23 30 28 27 23 27 24 22 23 22
internal_value=3.48911e-12 5.33435e-05 -3.11194e-05 1.61129e-05 0.000189503 -1.73041e-05 -2.45718e-05 -5.08089e-07 -3.28494e-05 -7.04688e-05 1.0116e-05 2.51525e-05 2.67148e-05 -2.38178e-05 1.25407e-05 2.44441e-05 -5.22774e-06 -1.17951e-05 1.24759e-05 6.89573e-06
internal_weight=583 214.8 368.2 328 53 275 186 150 124 76 241 167 48 74 137 92 47 45 65 42
internal_count=580 213 367 327 52 275 186 150 124 76 241 167 48 74 137 92 47 45 65 42
cat_boundaries=0 1 2 3
cat_threshold=4 1 4
is_linear=0
shrinkage=0.05


Tree=124
num_leaves=24
num_cat=4
split_feature=13 13 12 14 7 13 16 13 12 7 10 13 12 12 13 6 10 4 11 10 12 14 4
split_gain=0.000397556 0.00237203 0.00396456 0.00161223 0.00490834 0.00109553 0.00716891 0.00264042 0.00467889 0.00225546 0.00200156 0.00128435 0.00181619 0.000690312 0.000585873 0.000143461 5.08135e-05 3.8321e-05 8.30267e-06 3.98998e-06 3.43408e-06 4.09289e-06 5.25416e-07
threshold=14.500000000000002 13.500000000000002 1.6441500000000002 4.5000000000000009 11.000000000000002 4.5000000000000009 1.0000000180025095e-35 6.5000000000000009 1.7639000000000002 11.000000000000002 0 8.5000000000000018 1.7639000000000002 1.8513000000000004 7.5000000000000009 1 2 44.000000000000007 21.000000000000004 3 1.4372000000000003 2.5000000000000004 42.500000000000007
decision_type=2 2 2 2 2 2 2 2 2 2 1 2 2 2 2 1 1 2 2 1 2 2 2
left_child=1 3 -3 5 -5 6 10 8 -7 -9 -1 14 19 15 -11 -2 -6 -18 22 -13 21 -21 -17
right_child=13 2 -4 4 16 7 -8 9 -10 11 -12 12 -14 -15 -16 18 17 -19 -20 20 -22 -23 -24
leaf_value=0.00049262640749594023 0.00014301137067377568 0.00010150624411008639 -0.00085210802353948879 0.00086019182852912807 5.9668076802929005e-05 -4.1983859409810977e-05 -0.0008568279085077508 -0.00048640209538821977 0.00093290026439717632 2.0694091371556821e-05 -0.00012733916170570107 -1.0886977489227084e-05 -0.00047473727859323852 0.00035239267985161861 0.00033387348075848423 9.3482958982349382e-06 -7.2650043939179542e-05 1.6778307119238889e-05 -3.3480325619924163e-05 2.0130350476392779e-05 2.7523788827713125e-05 -1.0796817019067733e-05 -1.9754214398355024e-06
leaf_weight=23 20 22 21.600000023841858 21.600000023841858 27 32 27.200000047683716 27.600000023841858 20 28 30 27 25 20 32 20 23 25 24 20 23 23 21
leaf_count=23 20 22 21 21 27 32 26 27 20 28 30 27 25 20 32 20 23 25 24 20 23 23 21
internal_value=-3.73747e-12 -1.93515e-05 -0.000370927 1.59354e-05 0.000196063 -3.55753e-05 -0.000196951 1.46668e-05 0.000332972 -6.58384e-05 0.000141703 -6.27343e-07 -9.63988e-05 8.80956e-05 0.000187723 2.5908e-05 4.79393e-06 -2.60728e-05 -1.01238e-05 5.30515e-06 1.19292e-05 3.58791e-06 3.54834e-06
internal_weight=583 478 43.6 434.4 96.6 337.8 80.2 257.6 52 205.6 53 178 118 105 60 85 75 48 65 93 66 43 41
internal_count=580 475 43 432 96 336 79 257 52 205 53 178 118 105 60 85 75 48 65 93 66 43 41
cat_boundaries=0 1 2 3 4
cat_threshold=4 2 4 4
is_linear=0
shrinkage=0.05


Tree=125
num_leaves=24
num_cat=2
split_feature=13 13 1 14 7 15 12 13 7 13 11 12 13 13 6 13 13 8 11 3 15 6 4
split_gain=0.000358794 0.00214076 0.00378788 0.00145504 0.00442977 0.00144197 0.00498237 0.00238678 0.0116633 0.00842644 0.000867886 0.000623006 0.00029978 0.000230686 0.000129474 9.21867e-05 0.000236901 4.12856e-05 2.98418e-05 2.81347e-05 1.91814e-05 1.26462e-06 9.19718e-08
threshold=14.500000000000002 13.500000000000002 42.000000000000007 4.5000000000000009 11.000000000000002 3.5000000000000004 1.8826500000000002 4.5000000000000009 11.000000000000002 3.5000000000000004 38.500000000000007 1.8513000000000004 6.5000000000000009 8.5000000000000018 0 6.5000000000000009 8.5000000000000018 75.000000000000014 27.000000000000004 1.5000000000000002 3.5000000000000004 1 44.000000000000007
decision_type=2 2 2 2 2 2 2 2 2 2 2 2 2 2 1 2 2 2 2 2 2 1 2
left_child=1 3 -3 5 -5 7 12 9 -9 -1 15 14 -7 -14 -2 -10 -17 -6 21 -19 22 -18 -16
right_child=11 2 -4 4 17 6 -8 8 10 -11 -12 -13 13 -15 20 16 18 19 -20 -21 -22 -23 -24
leaf_value=0.00028569258470270145 0.00013586080254754051 0.00015387082125016606 -0.00078140635046326573 0.00081718230100814827 -4.2167479529686309e-05 -0.00012359375349743377 -0.00083392400349952358 0.0011666470694772042 -7.0462947209867145e-05 -0.00095076010461911896 -0.00033979477451794086 0.00033477305551059548 0.00020220375316057473 -1.5602426579026806e-05 7.3307641469000381e-06 0.00015628029094810259 -5.789931947219884e-07 7.6674318656192299e-05 -6.0780354893226606e-05 -1.8294509827683216e-06 -4.7590752001269723e-05 1.4895001734863223e-05 1.1966862431385698e-05
leaf_weight=32 20 20 23.600000023841858 21.600000023841858 29 33 23.200000047683716 23.399999976158142 26 24.200000047683716 20 20 20 31 20 29 23 21 22 25 22 31 23
leaf_count=32 20 20 23 21 29 33 23 23 26 23 20 20 20 31 20 29 23 21 22 25 22 31 23
internal_value=1.38951e-12 -1.8384e-05 -0.00035238 1.51387e-05 0.00018626 -3.37965e-05 -0.00018531 3.66382e-05 0.000127953 -0.00024673 -3.30102e-05 8.36908e-05 -6.16898e-06 6.98118e-05 2.46126e-05 1.38271e-05 3.46989e-05 4.55423e-06 -1.16939e-05 3.40092e-05 -9.61759e-06 8.30423e-06 9.81054e-06
internal_weight=583 478 43.6 434.4 96.6 337.8 107.2 230.6 174.4 56.2 151 105 84 51 85 131 105 75 76 46 65 54 43
internal_count=580 475 43 432 96 336 107 229 174 55 151 105 84 51 85 131 105 75 76 46 65 54 43
cat_boundaries=0 1 2
cat_threshold=2 1
is_linear=0
shrinkage=0.05


Tree=126
num_leaves=20
num_cat=4
split_feature=13 7 7 0 13 13 12 12 13 12 13 6 13 13 15 10 12 10 14
split_gain=0.000351281 0.00275291 0.00265524 0.00132708 0.00129251 0.000556295 0.0020071 0.00041279 0.000176446 0.00028396 0.000157917 6.2248e-05 6.20017e-05 3.93437e-05 2.26338e-05 7.44763e-06 4.05574e-06 1.91684e-06 1.82993e-06
threshold=7.5000000000000009 11.000000000000002 11.000000000000002 0 8.5000000000000018 13.500000000000002 1.8513000000000004 1.8099500000000004 2.5000000000000004 1.8826500000000002 4.5000000000000009 1 14.500000000000002 3.5000000000000004 3.5000000000000004 2 1.4372000000000003 3 2.5000000000000004
decision_type=2 2 2 1 2 2 2 2 2 2 2 1 2 2 2 1 2 1 2
left_child=1 -1 3 -2 -4 6 15 12 -3 10 13 -12 -7 -10 17 -6 18 -14 -17
right_child=2 8 4 -5 5 7 -8 -9 9 -11 11 -13 14 -15 -16 16 -18 -19 -20
leaf_value=0.00050570704131554353 -0.00054148124484008084 -0.00011902691947196015 0.00030858324452209574 -3.6512335645966233e-05 -1.0513957432911931e-05 8.1389384211905526e-05 -0.00047489523119740906 0.00022848834127671579 3.8136192381864899e-06 0.00015447406687878987 -2.685569476230548e-05 -0.00011735721426415886 2.5256154780777252e-05 9.5064437534477165e-05 -4.4745776064631245e-05 1.9520164605637547e-05 2.964809331792316e-05 4.6669273055718247e-06 1.2129824118610781e-07
leaf_weight=28.800000071525574 34.200000047683716 36 36 21 35 27 26 30 27 26 38 38 20 21 26 20 36 26 31
leaf_count=27 33 36 36 21 35 27 26 30 27 26 38 38 20 21 26 20 36 26 31
internal_value=-6.86261e-12 5.08145e-05 -2.96441e-05 -0.000349374 2.67427e-05 -9.8864e-06 -7.6039e-05 6.60096e-05 -1.96205e-05 4.23704e-06 -2.72643e-05 -7.21065e-05 1.67736e-05 4.37359e-05 -7.45732e-06 8.96317e-06 1.67988e-05 1.36188e-05 7.7287e-06
internal_weight=583 214.8 368.2 55.2 313 277 148 129 186 150 124 76 99 48 72 122 87 46 51
internal_count=580 213 367 54 313 277 148 129 186 150 124 76 99 48 72 122 87 46 51
cat_boundaries=0 1 2 3 4
cat_threshold=1 4 4 1
is_linear=0
shrinkage=0.05


Tree=127
num_leaves=20
num_cat=2
split_feature=13 6 13 11 13 13 13 13 11 12 13 12 13 13 1 4 11 12 6
split_gain=0.000357627 0.00105386 0.00614321 0.0109101 0.00935586 0.000499771 0.000891908 0.000473443 0.00196051 0.000369599 0.000299027 0.000179869 0.000164421 3.94547e-05 2.83688e-05 2.61882e-05 1.85198e-05 1.51534e-05 1.06304e-06
threshold=2.5000000000000004 0 9.5000000000000018 37.500000000000007 13.500000000000002 8.5000000000000018 7.5000000000000009 13.500000000000002 37.500000000000007 1.8513000000000004 5.5000000000000009 1.5672500000000003 6.5000000000000009 3.5000000000000004 42.000000000000007 41.000000000000007 31.000000000000004 1.4907500000000002 1
decision_type=2 1 2 2 2 2 2 2 2 2 2 2 2 2 2 2 2 2 1
left_child=-1 2 3 -2 -4 6 10 8 15 14 11 13 -12 -3 17 -7 18 -9 -17
right_child=1 5 4 -5 -6 7 -8 9 -10 -11 12 -13 -14 -15 -16 16 -18 -19 -20
leaf_value=0.00015043411403894427 -1.5919569322202161e-06 -4.304399176775901e-06 0.00079728588128900847 -0.0014216615249902777 -0.00041187957627200356 -3.6568581451239668e-05 0.00033156091976707105 -3.7870574548530085e-05 -0.00052469383902765303 0.00021160525071097473 -0.00013259208293935185 0.00020306224834147824 3.1023926064389179e-05 8.8395973004177605e-05 4.156211058376785e-05 5.9222444875217663e-06 5.1503336551832042e-05 1.6461399952407063e-05 -7.8383299151028054e-06
leaf_weight=37 38 22 32.399999976158142 21.00000011920929 31.600000023841858 34 32 33 21 29 28 29 34 24 34 32 25 21 25
leaf_count=37 38 22 32 19 31 34 32 33 21 29 28 29 34 24 34 32 25 21 25
internal_value=-1.68955e-12 -1.01943e-05 -0.000139014 -0.00050704 0.00020026 2.7264e-05 9.38923e-05 -1.70675e-05 -8.01516e-05 5.68002e-05 3.83784e-05 0.000105541 -4.28672e-05 4.4061e-05 5.78491e-06 3.25907e-07 1.56236e-05 -1.67415e-05 -1.13095e-07
internal_weight=583 546 123 59 64 423 169 254 137 117 137 75 62 46 88 116 82 54 57
internal_count=580 543 120 57 63 423 169 254 137 117 137 75 62 46 88 116 82 54 57
cat_boundaries=0 1 2
cat_threshold=2 4
is_linear=0
shrinkage=0.05


Tree=128
num_leaves=20
num_cat=1
split_feature=13 7 13 12 13 7 13 12 15 12 13 12 12 13 15 3 13 10 13
split_gain=0.000358342 0.00288159 0.0028634 0.000872611 0.0085958 0.000705507 0.000178052 0.00024052 0.000153109 0.000109573 6.30844e-05 7.14284e-05 4.38744e-05 3.00025e-05 2.78885e-05 1.98916e-05 8.13156e-06 7.66838e-06 2.69944e-06
threshold=7.5000000000000009 11.000000000000002 8.5000000000000018 1.8826500000000002 13.500000000000002 11.000000000000002 2.5000000000000004 1.8826500000000002 2.5000000000000004 1.5672500000000003 14.500000000000002 1.7639000000000002 1.4372000000000003 13.500000000000002 3.5000000000000004 1.5000000000000002 9.5000000000000018 0 11.500000000000002
decision_type=2 2 2 2 2 2 2 2 2 2 2 2 2 2 2 2 2 1 2
left_child=1 -1 -2 5 -5 -4 -3 8 15 14 11 13 -12 16 -10 -8 -7 -18 -19
right_child=2 6 3 4 -6 10 7 -9 9 -11 12 -13 -14 -15 -16 -17 17 18 -20
leaf_value=0.00051672534768345115 -0.00042822497654346875 -0.00012059727846968195 -0.00023014676989987495 0.00073276777024823114 -0.00056309651193052609 3.5582194977905599e-05 8.6276112909087853e-05 0.0001414950989083781 -5.7076537533165799e-05 -0.00015280204798909835 1.331190361611334e-05 0.00011263447814480574 -6.1217379091734383e-05 6.7114962323103103e-05 1.3760007611078133e-05 1.7456822596224291e-05 -2.0908162633563264e-05 2.0358582304424999e-05 -2.269813352761434e-08
leaf_weight=28.800000071525574 40.200000047683716 36 34 31.399999976158142 21.600000023841858 20 21 26 33 25 40 23 39 25 24 21 29 32 33
leaf_count=27 40 36 34 31 21 20 21 26 33 25 40 23 39 25 24 21 29 32 33
internal_value=4.67245e-12 5.13227e-05 -2.99406e-05 1.88736e-05 0.000204642 -1.69291e-05 -2.07396e-05 3.22618e-06 -2.57657e-05 -6.55285e-05 1.31514e-05 3.10154e-05 -2.3481e-05 1.75101e-05 -2.72506e-05 5.18665e-05 6.63187e-06 4.72222e-07 1.00112e-05
internal_weight=583 214.8 368.2 328 53 275 186 150 124 82 241 162 79 139 57 42 114 94 65
internal_count=580 213 367 327 52 275 186 150 124 82 241 162 79 139 57 42 114 94 65
cat_boundaries=0 1
cat_threshold=4
is_linear=0
shrinkage=0.05


Tree=129
num_leaves=23
num_cat=2
split_feature=13 13 12 14 7 15 12 13 7 13 6 12 13 13 4 13 13 12 10 4 15 12
split_gain=0.000391251 0.00187988 0.00344878 0.00133848 0.00390727 0.00127428 0.00455814 0.00214793 0.0102331 0.00768311 0.000761468 0.000645859 0.000251178 0.000212491 0.000176654 9.53258e-05 8.53315e-05 5.45878e-05 4.72389e-05 3.9628e-05 4.93315e-06 3.86745e-06
threshold=14.500000000000002 13.500000000000002 1.6441500000000002 4.5000000000000009 11.000000000000002 3.5000000000000004 1.8826500000000002 4.5000000000000009 11.000000000000002 3.5000000000000004 0 1.8826500000000002 6.5000000000000009 8.5000000000000018 42.500000000000007 7.5000000000000009 9.5000000000000018 1.3794500000000001 1 44.000000000000007 2.5000000000000004 1.4372000000000003
decision_type=2 2 2 2 2 2 2 2 2 2 1 2 2 2 2 2 2 2 1 2 2 2
left_child=1 3 -3 5 -5 7 12 9 -9 -1 -2 15 -7 -14 -12 20 -17 -16 -6 -20 -10 -18
right_child=10 2 -4 4 18 6 -8 8 11 -11 14 -13 13 -15 17 16 21 -19 19 -21 -22 -23
leaf_value=0.0002710758052671736 0.00035669099902623289 0.0001084490058102264 -0.00078097232345293783 0.00076888636851655276 5.8595811491681236e-05 -0.00011328998070067347 -0.00079753551722151674 0.0010910504603229467 -7.4139007847406904e-05 -0.00090958228880029177 0.00010379636408591371 -0.00029730152280535552 0.00019080822106843699 -1.823160504382911e-05 4.2999056657006604e-06 0.00011258565797246634 -5.8829824393212353e-06 -0.00010318487075849028 -7.1439053262229606e-05 1.9501536240568387e-05 -3.9020803751554925e-05 1.8581971197212018e-05
leaf_weight=32 21 22 21.600000023841858 21.600000023841858 27 33 23.200000047683716 23.399999976158142 20 24.200000047683716 36 20 20 31 27 26 35 21 23 25 20 30
leaf_count=32 21 22 21 21 27 33 23 23 20 23 36 20 20 31 27 26 35 21 23 25 20 30
internal_value=9.19669e-12 -1.91975e-05 -0.000332182 1.22162e-05 0.00017634 -3.4718e-05 -0.000177149 3.14947e-05 0.00011812 -0.000237321 8.73942e-05 -3.2652e-05 -5.80458e-06 6.37448e-05 2.00701e-05 7.75256e-06 3.60306e-05 -4.27247e-05 5.68703e-06 -2.40742e-05 -5.65799e-05 5.40853e-06
internal_weight=583 478 43.6 434.4 96.6 337.8 107.2 230.6 174.4 56.2 105 151 84 51 84 131 91 48 75 48 40 65
internal_count=580 475 43 432 96 336 107 229 174 55 105 151 84 51 84 131 91 48 75 48 40 65
cat_boundaries=0 1 2
cat_threshold=2 4
is_linear=0
shrinkage=0.05


Tree=130
num_leaves=20
num_cat=3
split_feature=13 7 7 13 11 13 12 12 13 12 13 13 13 6 15 13 10 10 13
split_gain=0.000358661 0.00272507 0.0024064 0.00121985 0.0012076 0.000565714 0.00180877 0.000443372 0.000188377 0.000272348 0.000145645 6.39982e-05 6.11039e-05 5.18766e-05 1.95553e-05 6.96037e-06 7.01518e-06 2.28484e-06 2.15527e-06
threshold=7.5000000000000009 11.000000000000002 11.000000000000002 8.5000000000000018 31.000000000000004 13.500000000000002 1.8513000000000004 1.8099500000000004 2.5000000000000004 1.8826500000000002 4.5000000000000009 3.5000000000000004 14.500000000000002 0 3.5000000000000004 9.5000000000000018 1 2 11.500000000000002
decision_type=2 2 2 2 2 2 2 2 2 2 2 2 2 1 2 2 1 1 2
left_child=2 4 -1 -3 -2 6 15 12 -4 10 11 -10 -7 -12 17 -5 -17 -14 -18
right_child=1 3 8 5 -6 7 -8 -9 9 -11 13 -13 14 -15 -16 16 18 -19 -20
leaf_value=0.00047664704002383003 -0.00016204579010126042 0.0003009729872701428 -0.00011721962976783592 3.1759448678972799e-05 -0.00063898962436947557 8.1239697357415465e-05 -0.00045376366481202871 0.00023651078578647381 -3.4382028658270702e-06 0.00015727643359031603 -2.2462466872160519e-05 0.00011294302440503437 2.5334488727821733e-05 -0.00010508124532861985 -4.1621356971378333e-05 -2.0640862933383877e-05 1.7379900653265527e-05 2.8555784813131773e-06 7.1703996311682849e-08
leaf_weight=28.800000071525574 33 36 36 21 22.200000047683716 27 26 30 27 26 38 21 20 38 26 29 35 26 37
leaf_count=27 33 36 36 21 21 27 26 30 27 26 38 21 20 38 26 29 35 26 37
internal_value=9.87266e-12 -2.99539e-05 5.13456e-05 2.71695e-05 -0.00035386 -8.41504e-06 -7.51253e-05 6.81207e-05 -1.45076e-05 1.01433e-05 -2.07072e-05 4.74786e-05 1.70934e-05 -6.37719e-05 -6.9614e-06 5.56814e-06 1.22421e-07 1.2629e-05 8.48541e-06
internal_weight=583 368.2 214.8 313 55.2 277 148 129 186 150 124 48 99 76 72 122 101 46 72
internal_count=580 367 213 313 54 277 148 129 186 150 124 48 99 76 72 122 101 46 72
cat_boundaries=0 1 2 3
cat_threshold=4 4 1
is_linear=0
shrinkage=0.05


Tree=131
num_leaves=20
num_cat=2
split_feature=13 6 13 11 13 13 13 13 11 12 13 12 13 13 0 4 11 12 14
split_gain=0.00035648 0.00118423 0.00600721 0.00987172 0.00803766 0.000492001 0.000819449 0.000456987 0.00176869 0.000394417 0.000282747 0.000191283 0.000141043 5.01204e-05 2.78673e-05 2.49516e-05 1.87348e-05 1.69961e-05 1.40564e-06
threshold=2.5000000000000004 0 9.5000000000000018 37.500000000000007 13.500000000000002 8.5000000000000018 7.5000000000000009 13.500000000000002 37.500000000000007 1.8513000000000004 5.5000000000000009 1.5672500000000003 6.5000000000000009 3.5000000000000004 1 41.000000000000007 31.000000000000004 1.4907500000000002 2.5000000000000004
decision_type=2 1 2 2 2 2 2 2 2 2 2 2 2 2 1 2 2 2 2
left_child=-1 2 3 -2 -4 6 10 8 15 14 11 13 -12 -3 -9 -7 18 -16 -17
right_child=1 5 4 -5 -6 7 -8 9 -10 -11 12 -13 -14 -15 17 16 -18 -19 -20
leaf_value=0.00015019263430715642 -2.987011799919664e-05 -1.0177230863271028e-05 0.00074213530873857268 -0.0013806701670300667 -0.00037861504630484679 -3.6007534026794021e-05 0.00032344806622859324 4.004073352137182e-05 -0.00049866891457072814 0.0002180347089616307 -0.00011967767059429338 0.00020830347878880528 3.186069995589445e-05 9.4304271139359727e-05 -3.9491219550572254e-05 8.3168172939925469e-06 5.1024848107772418e-05 1.8921951814263596e-05 -7.5863137426219481e-06
leaf_weight=37 38 22 32.399999976158142 21.00000011920929 31.600000023841858 34 32 35 21 29 28 29 34 24 33 24 25 20 33
leaf_count=37 38 22 32 19 31 34 32 35 21 29 28 29 34 24 33 24 25 20 33
internal_value=5.8428e-12 -1.01779e-05 -0.000146733 -0.000510663 0.000188765 2.95297e-05 9.56381e-05 -1.44558e-05 -7.64338e-05 5.81168e-05 4.2427e-05 0.000107736 -3.6576e-05 4.43349e-05 5.41653e-06 5.34748e-09 1.49375e-05 -1.74485e-05 -8.90259e-07
internal_weight=583 546 123 59 64 423 169 254 137 117 137 75 62 46 88 116 82 53 57
internal_count=580 543 120 57 63 423 169 254 137 117 137 75 62 46 88 116 82 53 57
cat_boundaries=0 1 2
cat_threshold=2 1
is_linear=0
shrinkage=0.05


Tree=132
num_leaves=23
num_cat=1
split_feature=13 13 11 14 11 15 12 13 7 13 6 11 13 13 13 4 11 12 13 13 13 1
split_gain=0.000363725 0.0016922 0.00336919 0.00125641 0.00377002 0.00116647 0.00403141 0.00192062 0.00924978 0.00686685 0.000831836 0.000637858 0.000236069 0.000209664 0.000169965 0.000149485 6.1637e-05 5.68204e-05 4.46619e-05 4.75927e-05 1.06727e-05 9.90153e-06
threshold=14.500000000000002 13.500000000000002 31.000000000000004 4.5000000000000009 37.500000000000007 3.5000000000000004 1.8826500000000002 4.5000000000000009 11.000000000000002 3.5000000000000004 0 38.500000000000007 8.5000000000000018 6.5000000000000009 8.5000000000000018 42.500000000000007 34.500000000000007 1.3794500000000001 7.5000000000000009 9.5000000000000018 4.5000000000000009 42.000000000000007
decision_type=2 2 2 2 2 2 2 2 2 2 1 2 2 2 2 2 2 2 2 2 2 2
left_child=1 3 -3 5 12 7 13 9 -9 -1 -2 16 20 -7 -15 -12 18 -17 -10 -20 -5 -21
right_child=10 2 -4 4 -6 6 -8 8 11 -11 15 -13 -14 14 -16 17 -18 -19 19 21 -22 -23
leaf_value=0.0002556099549906321 0.0003657288377455968 0.00012005705800468357 -0.00075904236682711233 4.2877816231339242e-05 0.00070468927414489482 -0.00010751182915996513 -0.00075389156951690588 0.0010360878622706156 -6.3249545100266659e-05 -0.00086057008303512582 9.0916966683430984e-05 -0.00029526483725931033 -0.0001134959863406948 0.00016787265664788722 -1.9083322099651279e-05 4.1098921344571325e-06 7.6816632785126928e-05 -0.0001055508909433099 7.6853126338392036e-05 8.414873481602367e-06 9.4532154944317883e-05 -3.327020841299663e-05
leaf_weight=32 21 22 21.600000023841858 20 24.600000023841858 33 23.200000047683716 23.399999976158142 28 24.200000047683716 36 20 32 20 31 27 26 21 20 28 20 29
leaf_count=32 21 22 21 20 24 33 23 23 28 23 36 20 32 20 31 27 26 21 20 28 20 29
internal_value=7.05007e-12 -1.85099e-05 -0.00031546 1.12945e-05 0.000170307 -3.4178e-05 -0.000170451 2.91716e-05 0.000111085 -0.000225023 8.4264e-05 -3.22597e-05 -1.22732e-05 -9.30976e-06 5.42327e-05 1.38977e-05 7.8938e-06 -4.38667e-05 -9.1728e-06 1.04915e-05 6.8705e-05 -1.27933e-05
internal_weight=583 478 43.6 434.4 96.6 337.8 107.2 230.6 174.4 56.2 105 151 72 84 51 84 131 48 105 77 40 57
internal_count=580 475 43 432 96 336 107 229 174 55 105 151 72 84 51 84 131 48 105 77 40 57
cat_boundaries=0 1
cat_threshold=2
is_linear=0
shrinkage=0.05


Tree=133
num_leaves=23
num_cat=1
split_feature=13 13 7 12 13 7 13 12 15 0 13 12 11 4 13 3 13 15 13 4 12 4
split_gain=0.000376099 0.00276842 0.00242937 0.000995619 0.00786058 0.000906897 0.000216378 0.000255651 0.000148622 9.25596e-05 7.26631e-05 0.000106675 8.8012e-05 5.9399e-05 3.0034e-05 2.81985e-05 7.47786e-06 6.35247e-06 4.57029e-06 3.94025e-06 2.6443e-06 2.15028e-07
threshold=7.5000000000000009 8.5000000000000018 11.000000000000002 1.8826500000000002 13.500000000000002 11.000000000000002 2.5000000000000004 1.8826500000000002 2.5000000000000004 0 14.500000000000002 1.7639000000000002 34.500000000000007 44.000000000000007 13.500000000000002 1.5000000000000002 12.500000000000002 3.5000000000000004 9.5000000000000018 76.000000000000014 1.4372000000000003 82.500000000000014
decision_type=2 2 2 2 2 2 2 2 2 1 2 2 2 2 2 2 2 2 2 2 2 2
left_child=2 -2 -1 5 -5 -3 -4 8 15 13 11 14 19 -10 16 -8 18 -11 -7 -12 21 -20
right_child=1 3 6 4 -6 10 7 -9 9 17 12 -13 -14 -15 -16 -17 -18 -19 20 -21 -22 -23
leaf_value=0.00047990552070140764 -0.00042229601613685955 -0.00026266047909088872 -0.0001236693376338533 0.00072078945467093469 -0.00051841661233698706 3.2662004177836937e-05 0.00010039732890921489 0.000155383382438091 -0.00017102409230574267 -2.2318728657583488e-05 -6.1025422993615008e-06 0.00013210228047208383 -0.00011677330745442305 -5.0624035379985883e-05 6.5484653678140613e-05 1.8458804489845145e-05 -1.9828399655782058e-05 1.7055186190191308e-05 -5.4375555301387225e-06 2.0201235364917618e-05 1.78240528637414e-05 1.6512539741597721e-06
leaf_weight=28.800000071525574 40.200000047683716 34 36 31.399999976158142 21.600000023841858 20 21 26 20 21 35 23 20 21 25 21 24 20 23 24 27 20
leaf_count=27 40 34 36 31 21 20 21 26 20 21 35 23 20 21 25 21 24 20 23 24 27 20
internal_value=-2.58104e-13 -3.06734e-05 5.25789e-05 1.73242e-05 0.000215755 -2.09187e-05 -1.35878e-05 1.28318e-05 -1.7058e-05 -5.62339e-05 1.31859e-05 3.23583e-05 -2.61294e-05 -0.000109356 1.58539e-05 5.94281e-05 4.96991e-06 -3.11194e-06 1.15828e-05 4.5973e-06 5.56015e-06 -2.14043e-06
internal_weight=583 368.2 214.8 328 53 275 186 150 124 82 241 162 79 41 139 42 114 41 90 59 70 43
internal_count=580 367 213 327 52 275 186 150 124 82 241 162 79 41 139 42 114 41 90 59 70 43
cat_boundaries=0 1
cat_threshold=1
is_linear=0
shrinkage=0.05


Tree=134
num_leaves=22
num_cat=2
split_feature=13 13 1 14 7 15 12 13 12 15 12 13 10 13 13 14 8 13 10 4 4
split_gain=0.000377713 0.00148524 0.00322707 0.00110886 0.00343234 0.00101274 0.00376109 0.00174745 0.00834167 0.00636035 0.000517638 0.00030389 0.000394828 0.000187444 0.000174794 0.000129152 0.000100653 8.88069e-05 4.25543e-05 4.34422e-05 1.83068e-05
threshold=14.500000000000002 13.500000000000002 42.000000000000007 4.5000000000000009 11.000000000000002 3.5000000000000004 1.8826500000000002 4.5000000000000009 1.8826500000000002 2.5000000000000004 1.8513000000000004 8.5000000000000018 0 6.5000000000000009 8.5000000000000018 2.5000000000000004 75.000000000000014 6.5000000000000009 1 44.000000000000007 42.500000000000007
decision_type=2 2 2 2 2 2 2 2 2 2 2 2 1 2 2 2 2 2 1 2 2
left_child=1 3 -3 5 -5 7 13 9 11 -1 15 17 -13 -7 -15 -2 -14 -9 -6 -20 -17
right_child=10 2 -4 4 18 6 -8 8 -10 -11 -12 12 16 14 -16 20 -18 -19 19 -21 -22
leaf_value=-0.00076632902068863489 -5.5918638060705104e-05 0.00017021314517478461 -0.00069305659704911723 0.00071381150150820038 4.8714972437361824e-05 -9.7842988157715433e-05 -0.00072417572565899434 -2.7231268290177408e-05 0.00088754621889301799 0.00029804748864362726 0.00031473590250243435 -0.00027245178075645525 -0.00012643329269264672 0.00017033370790159099 -1.9259411404956126e-05 0.00011375599375242018 9.9647952394757598e-06 9.3573589360573806e-05 -7.9340888940192679e-05 1.5875663833867294e-05 5.438174478980285e-05
leaf_weight=27.200000047683716 28 20 23.600000023841858 21.600000023841858 27 33 23.200000047683716 29 28.399999976158142 29 20 26 21 20 31 20 38 32 23 25 37
leaf_count=26 28 20 23 21 27 33 23 29 28 29 20 26 21 20 31 20 38 32 23 25 37
internal_value=-1.06121e-11 -1.88624e-05 -0.000297061 9.05991e-06 0.000158444 -3.36591e-05 -0.000160635 2.53686e-05 0.000103502 -0.000217096 8.5869e-05 -4.90105e-05 -0.00011012 -4.99031e-06 5.50908e-05 3.20179e-05 -3.85837e-05 3.61418e-05 -1.50193e-06 -2.97489e-05 7.52148e-05
internal_weight=583 478 43.6 434.4 96.6 337.8 107.2 230.6 174.4 56.2 105 146 85 84 51 85 59 61 75 48 57
internal_count=580 475 43 432 96 336 107 229 174 55 105 146 85 84 51 85 59 61 75 48 57
cat_boundaries=0 1 2
cat_threshold=4 4
is_linear=0
shrinkage=0.05


Tree=135
num_leaves=21
num_cat=3
split_feature=13 7 7 13 0 13 11 13 13 13 14 15 14 14 11 6 10 15 14 11
split_gain=0.000356593 0.00273585 0.00209806 0.00111168 0.00110812 0.000576561 0.00155885 0.000404959 0.000190508 0.00028934 0.000178234 0.000110003 0.000164825 0.000104367 0.000119718 2.51488e-05 3.68572e-05 1.73735e-05 6.43955e-06 6.00852e-07
threshold=7.5000000000000009 11.000000000000002 11.000000000000002 8.5000000000000018 0 13.500000000000002 37.500000000000007 14.500000000000002 2.5000000000000004 4.5000000000000009 2.5000000000000004 2.5000000000000004 3.5000000000000004 2.5000000000000004 31.000000000000004 1 2 3.5000000000000004 3.5000000000000004 21.000000000000004
decision_type=2 2 2 2 1 2 2 2 2 2 2 2 2 2 2 1 1 2 2 2
left_child=2 4 -1 -3 -2 6 15 -7 -4 10 -10 -11 17 -9 -15 18 -17 -13 -5 -18
right_child=1 3 8 5 -6 7 -8 13 9 11 -12 12 -14 14 -16 16 19 -19 -20 -21
leaf_value=0.0004483171041235294 -0.00052995961058345867 0.000288751340586815 -0.00011358366629994837 1.030020410539959e-05 -6.8524647005168459e-05 0.00020775584869529428 -0.00043388239434716529 -5.7570810319744355e-05 0.00020628182464861312 -0.00012329878107785979 2.8316861409942198e-05 -3.3678383979349746e-05 9.911273015556315e-05 -2.3482566373584429e-06 0.00014569951212747997 -7.2753207675314919e-05 -2.3134800911698816e-07 -9.9582764805745681e-05 4.5017094535896011e-05 1.1466512348436351e-05
leaf_weight=28.800000071525574 34.200000047683716 36 36 34 21 38 25 33 24 28 34 20 24 36 22 23 23 20 22 21
leaf_count=27 33 36 36 34 21 38 25 33 24 28 34 20 24 36 22 23 23 20 22 21
internal_value=-1.63778e-12 -2.98674e-05 5.11973e-05 2.73689e-05 -0.000354414 -6.6014e-06 -7.39481e-05 7.06646e-05 -1.02922e-05 1.44977e-05 0.000101958 -4.064e-05 -4.47684e-06 1.34178e-05 5.38078e-05 -7.90772e-07 -2.14604e-05 -6.66306e-05 2.3939e-05 5.35172e-06
internal_weight=583 368.2 214.8 313 55.2 277 148 129 186 150 58 92 64 91 58 123 67 40 56 44
internal_count=580 367 213 313 54 277 148 129 186 150 58 92 64 91 58 123 67 40 56 44
cat_boundaries=0 1 2 3
cat_threshold=1 4 2
is_linear=0
shrinkage=0.05


Tree=136
num_leaves=20
num_cat=2
split_feature=13 7 13 13 12 13 12 12 13 16 1 1 13 10 12 13 12 4 0
split_gain=0.000361985 0.00127066 0.00662647 0.000221054 0.000791561 0.000520346 0.00171985 0.000443508 0.000230017 0.000179892 8.77758e-05 6.67946e-05 6.58928e-05 2.65083e-05 1.30265e-05 7.96637e-06 4.83945e-06 3.66485e-06 2.56375e-06
threshold=2.5000000000000004 11.000000000000002 9.5000000000000018 8.5000000000000018 1.8826500000000002 13.500000000000002 1.8513000000000004 1.8099500000000004 7.5000000000000009 1.0000000180025095e-35 42.000000000000007 42.000000000000007 15.500000000000002 0 1.4907500000000002 12.500000000000002 1.5672500000000003 44.000000000000007 1
decision_type=2 2 2 2 2 2 2 2 2 2 2 2 2 1 2 2 2 2 1
left_child=-1 2 -2 4 8 6 15 11 9 10 17 14 -13 -11 -7 16 18 -3 -5
right_child=1 3 -4 5 -6 7 -8 -9 -10 13 -12 12 -14 -15 -16 -17 -18 -19 -20
leaf_value=0.00015134793308690763 -0.00065361708542534648 9.0630149134085508e-06 0.00024048266851148288 -1.3351026083048629e-07 0.00028229124404520809 -4.0985382458364425e-05 -0.00043946394087890025 0.00023554724398612355 0.00014485413079715469 2.8676176063981988e-05 -0.00010992033652769351 0.00012025994342959325 -7.7753375080646949e-07 0.00010821135577068411 9.389433649803757e-06 -1.6733233143895632e-05 3.6166556384116472e-05 -2.0510064587142551e-05 1.8233168832107606e-05
leaf_weight=37 40.00000011920929 20 43 38 34 33 26 30 28 20 40 23 22 22 21 25 21 22 38
leaf_count=37 38 20 42 38 34 33 26 30 28 20 40 23 22 22 21 25 21 22 38
internal_value=6.31116e-12 -1.02562e-05 -0.000190409 2.2039e-05 6.42001e-05 -6.27133e-06 -7.02507e-05 6.71314e-05 1.54165e-05 -1.38113e-05 -5.69119e-05 1.60963e-05 6.10861e-05 7.03375e-05 -2.13952e-05 8.43405e-06 1.49205e-05 -6.42765e-06 9.04983e-06
internal_weight=583 546 83 463 186 277 148 129 152 124 82 99 45 42 54 122 97 42 76
internal_count=580 543 80 463 186 277 148 129 152 124 82 99 45 42 54 122 97 42 76
cat_boundaries=0 1 2
cat_threshold=1 1
is_linear=0
shrinkage=0.05


Tree=137
num_leaves=21
num_cat=0
split_feature=13 13 7 12 13 7 13 13 13 4 4 13 12 11 1 13 13 4 4 11
split_gain=0.000343571 0.00275655 0.002203 0.000931407 0.00745445 0.000822883 0.000188395 0.000260156 0.000166903 0.000150771 0.000105662 8.80038e-05 0.000108495 9.74104e-05 2.53822e-05 3.92441e-05 1.22635e-05 3.80523e-06 2.19891e-06 6.13837e-07
threshold=7.5000000000000009 8.5000000000000018 11.000000000000002 1.8826500000000002 13.500000000000002 11.000000000000002 2.5000000000000004 4.5000000000000009 3.5000000000000004 41.000000000000007 44.000000000000007 14.500000000000002 1.7639000000000002 34.500000000000007 42.000000000000007 12.500000000000002 12.500000000000002 76.000000000000014 81.500000000000014 19.500000000000004
decision_type=2 2 2 2 2 2 2 2 2 2 2 2 2 2 2 2 2 2 2 2
left_child=2 -2 -1 5 -5 -3 -4 8 -8 -9 -11 12 14 17 16 18 19 -13 -16 -7
right_child=1 3 6 4 -6 11 7 9 -10 10 -12 13 -14 -15 15 -17 -18 -19 -20 -21
leaf_value=0.0004571847155162513 -0.00042009910723504751 -0.00024868374645901735 -0.00011547187894191463 0.00070231768274751959 -0.00050445092102901015 9.0700130227639377e-06 1.2887076251596834e-05 -0.00012597225623639215 0.00018262402818436385 0.00010092155452980478 -4.0432290172294675e-05 -7.3810763154012549e-06 0.00013576556334358073 -0.00012455273218620278 2.6960062903180229e-05 9.9732935632346203e-05 -2.6671437109175243e-05 1.8468117491465819e-05 4.5817787157948658e-06 2.062176319431392e-05
leaf_weight=28.800000071525574 40.200000047683716 34 36 31.399999976158142 21.600000023841858 23 30 33 28 20 39 35 23 20 21 20 29 24 23 23
leaf_count=27 40 34 36 31 21 23 30 33 28 20 39 35 23 20 21 20 29 24 23 23
internal_value=-1.74945e-12 -2.9317e-05 5.02537e-05 1.85777e-05 0.000210503 -1.84115e-05 -1.27549e-05 1.18971e-05 9.48291e-05 -4.0386e-05 7.48427e-06 1.40751e-05 3.51744e-05 -2.91919e-05 1.85298e-05 4.16594e-05 -1.20748e-06 3.13385e-06 1.52623e-05 1.48459e-05
internal_weight=583 368.2 214.8 328 53 275 186 150 58 92 59 241 162 79 139 64 75 59 44 46
internal_count=580 367 213 327 52 275 186 150 58 92 59 241 162 79 139 64 75 59 44 46
is_linear=0
shrinkage=0.05


Tree=138
num_leaves=22
num_cat=2
split_feature=13 13 1 14 7 15 13 12 12 12 6 6 12 4 13 12 13 13 4 13 12
split_gain=0.000368113 0.00142585 0.00295914 0.00102167 0.00317659 0.000891284 0.00350572 0.00792927 0.00185988 0.00384629 0.000821294 0.000732366 0.000195978 0.000154789 8.26102e-05 5.00821e-05 4.71087e-05 6.75365e-05 2.94347e-05 4.94793e-05 4.03486e-06
threshold=14.500000000000002 13.500000000000002 42.000000000000007 4.5000000000000009 11.000000000000002 3.5000000000000004 8.5000000000000018 1.8513000000000004 1.9246000000000001 1.8826500000000002 0 1 1.4907500000000002 42.500000000000007 4.5000000000000009 1.3794500000000001 7.5000000000000009 9.5000000000000018 41.000000000000007 7.5000000000000009 1.4907500000000002
decision_type=2 2 2 2 2 2 2 2 2 2 1 1 2 2 2 2 2 2 2 2 2
left_child=1 3 -3 5 -5 8 7 12 9 11 -2 -1 -7 -12 -13 -15 -16 -18 -6 -20 -19
right_child=10 2 -4 4 18 6 -8 -9 -10 -11 13 14 -14 15 16 -17 17 20 19 -21 -22
leaf_value=-0.00021765717244047017 0.00036444640482798042 0.00015625523115886608 -0.00067040148755818528 0.00068640436942344393 -4.0106557159257741e-05 0.00011340868649395734 0.00023446662510674573 -0.001142035801713901 -0.00042550265020725508 0.00064228217601549036 9.322528277759072e-05 0.00010914420042442339 -9.1208136262139306e-05 1.1136216926388443e-06 -2.8413281949580877e-05 -0.00010183969304004375 0.00011379165737459765 -1.7488937908852037e-07 -2.3062196210958065e-05 8.2450043482822376e-05 2.6601579581135111e-05
leaf_weight=35 21 20 23.600000023841858 21.600000023841858 30 22 38 22.200000047683716 21 25.600000023841858 36 31 25 27 38 21 22 34 25 20 24
leaf_count=35 21 20 23 21 30 22 38 22 21 24 36 31 25 27 38 21 22 34 25 20 24
internal_value=-4.59459e-12 -1.86212e-05 -0.000291201 8.73722e-06 0.000152128 -3.2268e-05 -0.000151387 -0.000363272 2.31073e-05 6.80539e-05 8.47707e-05 -1.18387e-05 4.56995e-06 1.48517e-05 3.65079e-05 -4.39285e-05 1.74255e-05 3.91989e-05 -1.74334e-06 2.38321e-05 1.0905e-05
internal_weight=583 478 43.6 434.4 96.6 337.8 107.2 69.2 230.6 209.6 105 184 47 84 149 48 118 80 75 45 58
internal_count=580 475 43 432 96 336 107 69 229 208 105 184 47 84 149 48 118 80 75 45 58
cat_boundaries=0 1 2
cat_threshold=2 2
is_linear=0
shrinkage=0.05


Tree=139
num_leaves=21
num_cat=3
split_feature=6 13 13 13 13 13 13 11 12 13 13 12 13 13 1 15 6 12 12 10
split_gain=0.000378752 0.00316764 0.0106069 0.00655027 0.000272029 0.00106073 0.000501281 0.00175597 0.000468283 0.000284431 0.000248185 0.000215339 0.000107951 6.11312e-05 4.33885e-05 2.3644e-05 1.70621e-05 9.93727e-06 9.74595e-06 3.31089e-06
threshold=0 9.5000000000000018 6.5000000000000009 13.500000000000002 8.5000000000000018 7.5000000000000009 13.500000000000002 37.500000000000007 1.8513000000000004 2.5000000000000004 5.5000000000000009 1.5672500000000003 6.5000000000000009 3.5000000000000004 42.000000000000007 3.5000000000000004 1 1.4907500000000002 1.4907500000000002 2
decision_type=1 2 2 2 2 2 2 2 2 2 2 2 2 2 2 2 1 2 2 1
left_child=1 2 -1 -3 5 9 7 15 14 -2 11 13 -12 -11 18 16 17 -6 -8 -18
right_child=4 3 -4 -5 6 -7 8 -9 -10 10 12 -13 -14 -15 -16 -17 19 -19 -20 -21
leaf_value=0.00018930932156032169 -0.00011019006807247126 0.00066670323616622703 -0.0011758122099572879 -0.00034504788770917377 9.233387818312623e-06 0.00032824248282850024 -3.9852201202985741e-05 -0.00049926044659860918 0.00023662505118409173 -1.8543450079794806e-05 -9.8977579461591501e-05 0.00021563314991814473 3.3597116913262976e-05 9.6845304634977466e-05 4.9197114469065774e-05 -3.9761244824471617e-05 4.6507342085533308e-06 5.8479370705927496e-05 3.7202870684961367e-06 -2.2894595798087872e-05
leaf_weight=36.800000071525574 36 32.399999976158142 23.200000047683716 31.600000023841858 20 32 33 21 29 22 28 29 34 24 34 31 20 21 21 24
leaf_count=35 36 32 23 31 20 32 33 21 29 22 28 29 34 24 34 31 20 21 21 24
internal_value=-1.11043e-11 -7.7537e-05 -0.000338538 0.000167151 2.09468e-05 6.37929e-05 -1.36337e-05 -7.85459e-05 6.23746e-05 1.48773e-05 4.77418e-05 0.000108929 -2.62753e-05 4.16594e-05 4.9512e-06 -2.38207e-06 1.12503e-05 3.44569e-05 -2.29073e-05 -1.0374e-05
internal_weight=583 124 60 64 459 205 254 137 117 173 137 75 62 46 88 116 85 41 54 44
internal_count=580 121 58 63 459 205 254 137 117 173 137 75 62 46 88 116 85 41 54 44
cat_boundaries=0 1 2 3
cat_threshold=2 4 1
is_linear=0
shrinkage=0.05


Tree=140
num_leaves=23
num_cat=2
split_feature=13 7 13 11 13 13 13 12 12 12 15 6 13 11 3 15 13 13 15 14 10 12
split_gain=0.000367703 0.00135764 0.00602248 0.00551202 0.000241613 0.000843126 0.000546926 0.00158661 0.000431268 0.000223993 0.000155769 8.29971e-05 7.55016e-05 3.7243e-05 2.04507e-05 1.63792e-05 1.06666e-05 5.72026e-06 5.17203e-06 3.49913e-06 3.47001e-06 1.21651e-06
threshold=2.5000000000000004 11.000000000000002 8.5000000000000018 31.000000000000004 8.5000000000000018 7.5000000000000009 13.500000000000002 1.8513000000000004 1.8099500000000004 1.8826500000000002 2.5000000000000004 0 14.500000000000002 23.000000000000004 1.5000000000000002 3.5000000000000004 9.5000000000000018 12.500000000000002 3.5000000000000004 3.5000000000000004 1 1.4372000000000003
decision_type=2 2 2 2 2 2 2 2 2 2 2 1 2 2 2 2 2 2 2 2 1 2
left_child=-1 2 -2 -4 5 9 7 16 12 10 14 18 -8 -13 -3 19 -6 20 -12 -14 -18 -22
right_child=1 4 3 -5 6 -7 8 -9 -10 -11 11 13 15 -15 -16 -17 17 -19 -20 -21 21 -23
leaf_value=0.00015253860407471155 -0.00073423898694960116 0.00010018753082909999 -0.00027669821377663363 0.00078797057038173081 3.5853016188844953e-05 0.00028442051643209096 8.9680020863414507e-05 -0.00042676881057559515 0.00023477734959063431 0.0001484059369921362 -2.1006881652283483e-05 -0.00015224683691485554 2.1660696106314741e-05 -5.6910197911617754e-05 3.0407801802669258e-05 -4.0083877914954576e-05 -1.4364282728820399e-05 -2.4058341077761726e-05 1.4520874815172561e-05 -6.1573968105221871e-06 4.1897495806811752e-06 1.9411968034026878e-05
leaf_weight=37 32.00000011920929 21 31 20 21 36 27 26 30 26 20 20 26 21 21 26 20 25 21 20 35 21
leaf_count=37 30 21 31 19 21 36 27 26 30 26 20 20 26 21 21 26 20 25 21 20 35 21
internal_value=-8.09782e-12 -1.03369e-05 -0.000196553 0.000140819 2.30452e-05 6.71234e-05 -6.55234e-06 -7.21455e-05 6.87018e-05 1.4972e-05 -1.3006e-05 -5.31128e-05 1.83759e-05 -0.000103416 6.52977e-05 -8.3632e-06 3.43001e-06 -3.3114e-06 -2.80974e-06 9.56587e-06 3.51325e-06 9.89808e-06
internal_weight=583 546 83 51 463 186 277 148 129 150 124 82 99 41 42 72 122 101 41 46 76 56
internal_count=580 543 80 50 463 186 277 148 129 150 124 82 99 41 42 72 122 101 41 46 76 56
cat_boundaries=0 1 2
cat_threshold=4 4
is_linear=0
shrinkage=0.05


Tree=141
num_leaves=20
num_cat=1
split_feature=13 7 7 11 13 13 12 13 13 13 14 4 4 12 11 13 13 10 12
split_gain=0.000359831 0.00257898 0.00211214 0.00140538 0.000973756 0.0004936 0.00143191 0.000390979 0.000185923 0.000206949 0.000162786 0.000129001 0.000122245 0.000109939 8.61574e-05 9.62657e-06 5.16254e-06 3.13168e-06 1.0979e-06
threshold=7.5000000000000009 11.000000000000002 11.000000000000002 31.000000000000004 8.5000000000000018 13.500000000000002 1.8513000000000004 14.500000000000002 2.5000000000000004 4.5000000000000009 2.5000000000000004 41.000000000000007 42.500000000000007 1.6441500000000002 34.500000000000007 9.5000000000000018 12.500000000000002 0 1.4372000000000003
decision_type=2 2 2 2 2 2 2 2 2 2 2 2 2 2 2 2 2 1 2
left_child=2 3 -1 -2 -3 6 15 -7 -4 10 -10 -11 -9 -13 -14 -6 17 -17 -19
right_child=1 4 8 -5 5 7 -8 12 9 11 -12 13 14 -15 -16 16 -18 18 -20
leaf_value=0.00044987989611639857 -0.00013818029864606532 0.00027019949266104959 -0.00011230749522736814 -0.00065270149185002067 3.4060365084899658e-05 0.0001999708086690302 -0.00040543037715066863 7.7456662864661718e-05 0.00018789082932926251 -0.00011157412666238308 1.7813092927099206e-05 -3.7004884833526707e-05 9.5755238734537595e-06 0.00010718137005824246 -0.00012194162081868853 -1.3646068446178107e-05 -2.2855423536384482e-05 3.980262024145174e-06 1.844137020400792e-05
leaf_weight=28.800000071525574 33 36 36 22.200000047683716 21 38 26 38 24 33 34 39 33 20 20 20 25 35 21
leaf_count=27 33 36 36 21 21 38 26 38 24 33 34 39 33 20 20 20 25 35 21
internal_value=-2.81811e-12 -3.00027e-05 5.14292e-05 -0.000345107 2.55685e-05 -6.22472e-06 -6.85382e-05 6.52667e-05 -1.02664e-05 1.42234e-05 8.81901e-05 -3.24077e-05 9.01663e-06 1.18718e-05 -4.00536e-05 3.25851e-06 -3.14583e-06 3.33759e-06 9.40318e-06
internal_weight=583 368.2 214.8 55.2 313 277 148 129 186 150 58 92 91 59 53 122 101 76 56
internal_count=580 367 213 54 313 277 148 129 186 150 58 92 91 59 53 122 101 76 56
cat_boundaries=0 1
cat_threshold=4
is_linear=0
shrinkage=0.05


Tree=142
num_leaves=23
num_cat=3
split_feature=13 7 13 11 13 12 13 12 12 13 15 1 6 13 11 10 13 12 13 15 10 13
split_gain=0.000354464 0.00116682 0.00588713 0.00523087 0.000196795 0.000771819 0.000445474 0.0012923 0.000386612 0.000175453 0.000139348 8.016e-05 7.67297e-05 7.04807e-05 3.38311e-05 1.88421e-05 8.68798e-06 7.96973e-06 4.65919e-06 4.57691e-06 2.82634e-06 1.00916e-06
threshold=2.5000000000000004 11.000000000000002 8.5000000000000018 31.000000000000004 8.5000000000000018 1.8826500000000002 13.500000000000002 1.8513000000000004 1.8099500000000004 7.5000000000000009 2.5000000000000004 42.000000000000007 0 15.500000000000002 23.000000000000004 1 9.5000000000000018 1.4907500000000002 12.500000000000002 3.5000000000000004 2 11.500000000000002
decision_type=2 2 2 2 2 2 2 2 2 2 2 2 1 2 2 1 2 2 2 2 1 2
left_child=-1 2 -2 -4 5 9 7 16 11 10 15 17 19 -13 -14 -3 -6 -8 20 -12 -18 -22
right_child=1 4 3 -5 6 -7 8 -9 -10 -11 12 13 14 -15 -16 -17 18 -19 -20 -21 21 -23
leaf_value=0.00014976732909909097 -0.00071439319235546057 2.5817680543696046e-05 -0.0002559542888775468 0.00078120710095390682 3.2357347169766271e-05 0.00027593312415239568 -4.204052040608297e-05 -0.00038515885725456223 0.00021924586908122972 0.00012545482843831583 -1.9804858384304682e-05 0.0001248391992703546 -0.0001459601778697106 -3.4115023068311121e-07 -5.5095426259434874e-05 9.2873034009244304e-05 -1.2963764693267876e-05 -2.638171307418296e-06 -2.1712653062422762e-05 1.361644876202003e-05 1.4132160897263801e-05 2.677815354261492e-07
leaf_weight=37 32.00000011920929 20 31 20 21 34 33 26 30 28 20 23 20 22 21 22 20 21 25 21 35 21
leaf_count=37 30 20 31 19 21 34 33 26 30 28 20 23 20 22 21 22 20 21 25 21 35 21
internal_value=-7.66912e-12 -1.01491e-05 -0.000182783 0.000150776 2.07983e-05 6.05788e-05 -5.91348e-06 -6.51113e-05 6.20034e-05 1.24075e-05 -1.31193e-05 1.43541e-05 -5.10532e-05 6.36399e-05 -9.94197e-05 6.09419e-05 3.09559e-06 -2.67174e-05 -2.98854e-06 -2.68663e-06 3.17071e-06 8.93302e-06
internal_weight=583 546 83 51 463 186 277 148 129 152 124 99 82 45 41 42 122 54 101 41 76 56
internal_count=580 543 80 50 463 186 277 148 129 152 124 99 82 45 41 42 122 54 101 41 76 56
cat_boundaries=0 1 2 3
cat_threshold=4 1 4
is_linear=0
shrinkage=0.05


Tree=143
num_leaves=21
num_cat=2
split_feature=13 13 7 12 13 7 13 13 14 4 4 13 12 11 0 13 13 6 13 11
split_gain=0.000352456 0.00267954 0.00224407 0.000813195 0.00734416 0.000629538 0.000183909 0.000187211 0.000143718 0.000125117 9.62607e-05 8.44416e-05 0.000124518 8.50119e-05 2.51267e-05 4.12057e-05 1.53791e-05 5.56783e-06 3.01371e-06 1.29787e-06
threshold=7.5000000000000009 8.5000000000000018 11.000000000000002 1.8826500000000002 13.500000000000002 11.000000000000002 2.5000000000000004 4.5000000000000009 3.5000000000000004 41.000000000000007 44.000000000000007 14.500000000000002 1.7639000000000002 34.500000000000007 0 12.500000000000002 12.500000000000002 1 10.500000000000002 19.500000000000004
decision_type=2 2 2 2 2 2 2 2 2 2 2 2 2 2 1 2 2 1 2 2
left_child=2 -2 -1 5 -5 -3 -4 8 -8 -9 -11 12 14 17 15 18 19 -13 -7 -16
right_child=1 3 6 4 -6 11 7 9 -10 10 -12 13 -14 -15 16 -17 -18 -19 -20 -21
leaf_value=0.00046160525851878843 -0.00041497889098218038 -0.00021844613434308593 -0.00011418048751592223 0.0006850231538617649 -0.00051278535685442478 2.4351969714189181e-05 0.00015805200210403808 -0.0001106541966278614 5.4492100909036321e-07 0.00010010306317781216 -3.4815991425719588e-05 -2.0020343408364368e-05 0.00013981137627801533 -0.00012008786485239397 3.9380335613753664e-06 9.4287454374439441e-05 -3.5258455617232744e-05 1.1473373276279139e-05 -1.4645641228456112e-06 2.1130478117335036e-05
leaf_weight=28.800000071525574 40.200000047683716 34 36 31.399999976158142 21.600000023841858 20 30 33 28 20 39 23 23 20 23 21 28 36 26 21
leaf_count=27 40 34 36 31 21 20 30 33 28 20 39 23 23 20 23 21 28 36 26 21
internal_value=-4.46132e-12 -2.96937e-05 5.08994e-05 1.75273e-05 0.00019686 -1.7035e-05 -1.26937e-05 1.16631e-05 8.20141e-05 -3.26886e-05 1.09193e-05 1.13799e-05 3.20478e-05 -3.10023e-05 1.42164e-05 3.62537e-05 -6.29058e-06 -8.03838e-07 9.76002e-06 1.21435e-05
internal_weight=583 368.2 214.8 328 53 275 186 150 58 92 59 241 162 79 139 67 72 59 46 44
internal_count=580 367 213 327 52 275 186 150 58 92 59 241 162 79 139 67 72 59 46 44
cat_boundaries=0 1 2
cat_threshold=1 1
is_linear=0
shrinkage=0.05


Tree=144
num_leaves=23
num_cat=3
split_feature=13 13 4 14 7 6 15 12 13 7 13 12 4 4 13 13 13 12 10 4 15 6
split_gain=0.000378097 0.00145449 0.00282597 0.00102245 0.00298854 0.000945442 0.000799466 0.00325299 0.00185512 0.00810101 0.00647837 0.000686439 0.000170973 0.000127773 5.55126e-05 5.47062e-05 5.69631e-05 4.52254e-05 4.07938e-05 3.71862e-05 1.56001e-05 7.0269e-06
threshold=14.500000000000002 13.500000000000002 42.500000000000007 4.5000000000000009 11.000000000000002 0 3.5000000000000004 1.8826500000000002 4.5000000000000009 11.000000000000002 3.5000000000000004 1.8826500000000002 41.000000000000007 42.500000000000007 7.5000000000000009 7.5000000000000009 9.5000000000000018 1.3794500000000001 1 44.000000000000007 2.5000000000000004 2
decision_type=2 2 2 2 2 1 2 2 2 2 2 2 2 2 2 2 2 2 1 2 2 1
left_child=1 3 -3 6 -5 -2 8 12 10 -10 -1 15 -8 -7 -14 20 -17 -15 -6 -20 -11 -18
right_child=5 2 -4 4 18 13 7 -9 9 11 -12 -13 14 17 -16 16 21 -19 19 -21 -22 -23
leaf_value=0.00023720122326267303 0.00038598271023060777 -0.00071952090766423367 8.6783738547440055e-05 0.00067042654329915535 5.21253716417252e-05 8.2101595598437098e-05 -9.856515050693095e-05 -0.00066917169546553551 0.00096634829931490545 -7.1765378843338117e-05 -0.00084694587588084614 -0.00030629637301899499 -1.581209317709391e-06 2.9253908240678826e-07 9.9033533178012942e-05 9.2165480103945961e-05 2.349579161935773e-05 -9.7541593549976835e-05 -7.0580708669022789e-05 1.7513540340587496e-05 -9.3151106557343159e-06 -9.7034823173433673e-06
leaf_weight=32 21 20.600000023841858 23 21.600000023841858 27 36 29 23.200000047683716 23.399999976158142 20 24.200000047683716 20 26 27 29 26 28 21 23 25 20 37
leaf_count=32 21 20 23 21 27 36 29 23 23 20 23 20 26 27 29 26 28 21 23 25 20 37
internal_value=2.13101e-12 -1.8872e-05 -0.000294177 8.75987e-06 0.000152206 8.59126e-05 -3.22611e-05 -0.000145078 2.01844e-05 0.000100689 -0.000229638 -3.34595e-05 -3.27718e-07 1.0895e-05 5.14702e-05 8.19501e-06 2.96171e-05 -4.25099e-05 2.95823e-06 -2.46983e-05 -4.05402e-05 4.59774e-06
internal_weight=583 478 43.6 434.4 96.6 105 337.8 107.2 230.6 174.4 56.2 151 84 84 55 131 91 48 75 48 40 65
internal_count=580 475 43 432 96 105 336 107 229 174 55 151 84 84 55 131 91 48 75 48 40 65
cat_boundaries=0 1 2 3
cat_threshold=2 4 4
is_linear=0
shrinkage=0.05


Tree=145
num_leaves=22
num_cat=3
split_feature=6 13 13 13 13 13 13 13 11 12 13 13 13 15 1 6 10 12 12 12 11
split_gain=0.000352285 0.00257792 0.00968109 0.00548216 0.000272083 0.000458669 0.000665328 0.000392704 0.00140611 0.000407174 0.000209699 0.000205423 0.00017892 0.000114782 3.57676e-05 2.25186e-05 2.47715e-05 1.22184e-05 7.39417e-06 7.33245e-06 4.57937e-07
threshold=0 9.5000000000000018 6.5000000000000009 13.500000000000002 2.5000000000000004 8.5000000000000018 7.5000000000000009 13.500000000000002 37.500000000000007 1.8513000000000004 5.5000000000000009 3.5000000000000004 4.5000000000000009 2.5000000000000004 42.000000000000007 1 2 1.4907500000000002 1.5470500000000003 1.4907500000000002 23.000000000000004
decision_type=1 2 2 2 2 2 2 2 2 2 2 2 2 2 2 1 1 2 2 2 2
left_child=1 2 -1 -3 -2 6 10 8 15 14 11 -6 -13 -12 19 17 -17 -7 -15 -9 -18
right_child=4 3 -4 -5 5 7 -8 9 -10 -11 13 12 -14 18 -16 16 20 -19 -20 -21 -22
leaf_value=0.00019405174345996188 -0.00011175564680646251 0.00060297155655312054 -0.0011101352795947911 -0.00032262080836766775 -6.7736329381457639e-06 -6.811769394673697e-08 0.00030053385771680043 -3.729983007801683e-05 -0.00044496796341436922 0.00021872120893210104 -0.00011930877617487568 0.00025821239756260183 6.4977492476590783e-05 6.2218038113893605e-06 4.2864536825457921e-05 -6.705311254336266e-05 -4.2512057954979808e-06 4.6672133477706531e-05 4.8227977922579162e-05 4.9435119806384181e-07 6.4485239636269399e-06
leaf_weight=36.800000071525574 36 32.399999976158142 23.200000047683716 31.600000023841858 27 29 32 33 21 29 20 25 23 22 34 20 20 27 20 21 20
leaf_count=35 36 32 23 31 27 29 32 33 21 29 20 25 23 22 34 20 20 27 20 21 20
internal_value=-1.33514e-13 -7.47788e-05 -0.000310234 0.00014596 2.02017e-05 3.14321e-05 9.52618e-05 -1.10373e-05 -6.8491e-05 5.62376e-05 4.73151e-05 0.000103559 0.000165621 -2.07216e-05 2.69183e-06 -3.35722e-07 -2.16186e-05 2.24674e-05 2.62247e-05 -2.26021e-05 1.09866e-06
internal_weight=583 124 60 64 459 423 169 254 137 117 137 75 48 62 88 116 60 56 42 54 40
internal_count=580 121 58 63 459 423 169 254 137 117 137 75 48 62 88 116 60 56 42 54 40
cat_boundaries=0 1 2 3
cat_threshold=2 4 2
is_linear=0
shrinkage=0.05


Tree=146
num_leaves=22
num_cat=2
split_feature=13 13 11 6 14 11 6 13 13 12 13 12 13 4 13 13 12 13 14 12 11
split_gain=0.000350673 0.00129576 0.00290104 0.000945481 0.000929197 0.00303083 0.00079929 0.00538879 0.000633277 0.00120595 0.000462689 0.000528483 0.000210927 0.000112491 5.40047e-05 6.51349e-05 4.35654e-05 7.08733e-06 6.77385e-06 5.88862e-06 3.95679e-06
threshold=14.500000000000002 13.500000000000002 31.000000000000004 0 4.5000000000000009 37.500000000000007 1 8.5000000000000018 9.5000000000000018 1.7639000000000002 2.5000000000000004 1.8826500000000002 8.5000000000000018 42.500000000000007 4.5000000000000009 7.5000000000000009 1.3794500000000001 4.5000000000000009 2.5000000000000004 1.4907500000000002 17.500000000000004
decision_type=2 2 2 1 2 2 1 2 2 2 2 2 2 2 2 2 2 2 2 2 2
left_child=1 4 -3 -2 6 12 7 -1 10 19 -8 14 17 -5 -12 18 -15 -6 -16 20 -10
right_child=3 2 -4 13 5 -7 8 -9 9 -11 11 -13 -14 16 15 -17 -18 -19 -20 -21 -22
leaf_value=-0.00057917765381576721 0.00038281459998567397 0.00012610546370772434 -0.00068963461976475097 7.453194045739212e-05 3.6446104586502771e-05 0.00062379166190946664 -0.00012387854497189569 0.00030392891842040182 4.1339352236491321e-06 -0.00043180284417411756 0.00011246429416392598 0.00028923784221064879 -0.00011473278908908925 -3.807894447365672e-07 -1.7537750396253875e-05 8.5911151760835003e-05 -9.6402610970038779e-05 7.8539249079767623e-05 1.6940663659499542e-05 2.0933409056548651e-05 -2.5584950795053462e-05
leaf_weight=38.400000095367432 21 22 21.600000023841858 36 20 24.600000023841858 28 31.399999976158142 24 21 28 29 32 27 28 36 21 20 29 24 21
leaf_count=37 21 22 21 36 20 24 28 31 24 21 28 29 32 27 28 36 21 20 29 24 21
internal_value=1.0578e-11 -1.81747e-05 -0.000278023 8.27383e-05 7.90579e-06 0.000144654 -3.11997e-05 -0.000181906 8.05147e-06 -0.000100039 6.27041e-05 9.75328e-05 -1.9052e-05 7.71921e-06 5.1587e-05 3.32583e-05 -4.23903e-05 5.74927e-05 3.89886e-09 9.32352e-07 -9.73488e-06
internal_weight=583 478 43.6 105 434.4 96.6 337.8 69.8 268 90 178 150 72 84 121 93 48 40 57 69 45
internal_count=580 475 43 105 432 96 336 68 268 90 178 150 72 84 121 93 48 40 57 69 45
cat_boundaries=0 1 2
cat_threshold=2 2
is_linear=0
shrinkage=0.05


Tree=147
num_leaves=20
num_cat=1
split_feature=13 7 13 14 13 13 13 12 13 13 13 4 4 12 12 13 13 14 6
split_gain=0.000366828 0.00129528 0.00504516 0.00468414 0.0001838 0.00072805 0.000463207 0.00113294 0.00044364 0.000163204 0.00016839 0.000110381 9.57725e-05 8.82511e-05 6.74763e-05 1.06063e-05 5.33814e-06 3.17188e-06 4.06937e-06
threshold=2.5000000000000004 11.000000000000002 8.5000000000000018 3.5000000000000004 8.5000000000000018 7.5000000000000009 13.500000000000002 1.8513000000000004 14.500000000000002 4.5000000000000009 3.5000000000000004 41.000000000000007 42.500000000000007 1.6441500000000002 1.4035500000000003 12.500000000000002 9.5000000000000018 3.5000000000000004 0
decision_type=2 2 2 2 2 2 2 2 2 2 2 2 2 2 2 2 2 2 1
left_child=-1 2 -2 -4 5 9 7 15 -8 10 -3 -11 -10 -13 -14 16 -6 18 -18
right_child=1 4 3 -5 6 -7 8 -9 12 11 -12 13 14 -15 -16 -17 17 -19 -20
leaf_value=0.00015235700722425119 -0.00068434228234940211 -4.3559205005294645e-06 0.00052729966541824672 -0.00044247193786594663 2.9763913568915869e-05 0.00026265080854904636 0.00020921177947935861 -0.00036356205757608854 6.6382013280094488e-05 -0.00010237625004568447 0.00016613544186319423 -3.1977280107243229e-05 6.2908682759205651e-06 9.720676483993885e-05 -0.0001100980642513605 -2.9073918221911301e-05 9.0083411963020745e-06 1.7287483190903625e-05 -1.8462042316969021e-05
leaf_weight=37 32.00000011920929 30 29.399999976158142 21.600000023841858 21 36 38 26 38 33 28 39 33 20 20 25 26 22 28
leaf_count=37 30 30 29 21 21 36 38 26 38 33 28 39 33 20 20 25 26 22 28
internal_value=1.36546e-11 -1.03245e-05 -0.000192214 0.000116573 2.22819e-05 6.07266e-05 -3.5329e-06 -6.38974e-05 6.57225e-05 1.22648e-05 7.79503e-05 -2.91456e-05 5.80389e-06 1.18139e-05 -3.76295e-05 -3.44381e-08 7.44996e-06 1.28427e-06 -5.23556e-06
internal_weight=583 546 83 51 463 186 277 148 129 150 58 92 91 59 53 122 97 76 54
internal_count=580 543 80 50 463 186 277 148 129 150 58 92 91 59 53 122 97 76 54
cat_boundaries=0 1
cat_threshold=1
is_linear=0
shrinkage=0.05


Tree=148
num_leaves=21
num_cat=2
split_feature=13 7 7 0 13 13 4 8 13 13 13 13 15 10 14 4 4 4 13 14
split_gain=0.000379719 0.00267054 0.00233866 0.00111048 0.000814907 0.000418044 0.00055208 0.00124003 0.000400385 0.000174711 0.000147291 0.000151972 0.000109486 0.000122501 9.39933e-05 0.000185897 9.22909e-05 3.62652e-05 7.59711e-06 3.18541e-07
threshold=7.5000000000000009 11.000000000000002 11.000000000000002 0 8.5000000000000018 13.500000000000002 42.500000000000007 65.000000000000014 14.500000000000002 2.5000000000000004 4.5000000000000009 3.5000000000000004 2.5000000000000004 1 2.5000000000000004 42.500000000000007 44.000000000000007 76.000000000000014 11.500000000000002 3.5000000000000004
decision_type=2 2 2 1 2 2 2 2 2 2 2 2 2 1 2 2 2 2 2 2
left_child=2 3 -1 -2 -3 6 7 19 -7 -4 11 -11 -12 -14 -10 -16 -15 -8 -19 -6
right_child=1 4 9 -5 5 8 17 -9 14 10 12 -13 13 16 15 -17 -18 18 -20 -21
leaf_value=0.00047210425038606609 -0.00052720307702713853 0.00024951827187275435 -0.00011100468925885959 -6.5276334949192544e-05 -7.2557819248686434e-06 0.00019875119580415473 6.3461063779998638e-05 -0.00045526802074770487 -6.1854464170933577e-05 -4.1381259507033979e-06 -0.00011015256293701117 0.00015782866487695305 -9.4213623524410652e-05 0.00012744177991263233 0.00015835078933874188 -2.6132609476311094e-05 -1.7386371407403865e-05 1.4832168513888834e-05 -2.5090242022749659e-05 1.5612058805778534e-06
leaf_weight=28.800000071525574 34.200000047683716 36 36 21 20 38 35 24 33 30 28 28 20 22 22 36 22 26 22 21
leaf_count=27 33 36 36 21 20 38 35 24 33 30 28 28 20 22 22 36 22 26 22 21
internal_value=-1.07351e-11 -3.08207e-05 5.28313e-05 -0.00035147 2.57284e-05 -3.35626e-06 -6.07025e-05 -0.000169827 6.24364e-05 -1.20884e-05 1.16516e-05 7.40527e-05 -2.76883e-05 8.38979e-06 5.51369e-06 4.38439e-05 5.50277e-05 2.47565e-05 -3.4656e-06 -2.73976e-06
internal_weight=583 368.2 214.8 55.2 313 277 148 65 129 186 150 58 92 64 91 58 44 83 48 41
internal_count=580 367 213 54 313 277 148 65 129 186 150 58 92 64 91 58 44 83 48 41
cat_boundaries=0 1 2
cat_threshold=1 2
is_linear=0
shrinkage=0.05


Tree=149
num_leaves=21
num_cat=1
split_feature=13 7 13 11 13 12 13 11 11 13 15 13 0 4 4 4 4 4 15 11
split_gain=0.000353206 0.00111412 0.00498269 0.00468882 0.000149707 0.000677511 0.000377285 0.000972164 0.000442478 0.000130001 0.000146467 0.000113966 7.19581e-05 3.64582e-05 4.47547e-05 3.14496e-05 2.56793e-05 2.06494e-05 4.04815e-06 1.07262e-06
threshold=2.5000000000000004 11.000000000000002 8.5000000000000018 31.000000000000004 8.5000000000000018 1.8826500000000002 13.500000000000002 37.500000000000007 37.500000000000007 7.5000000000000009 2.5000000000000004 14.500000000000002 0 41.000000000000007 44.000000000000007 44.000000000000007 44.000000000000007 59.500000000000007 3.5000000000000004 17.500000000000004
decision_type=2 2 2 2 2 2 2 2 2 2 2 2 1 2 2 2 2 2 2 2
left_child=-1 2 -2 -4 5 9 7 13 11 10 17 -8 15 -6 -15 -12 -13 -3 -14 -16
right_child=1 4 3 -5 6 -7 8 -9 -10 -11 12 16 18 14 19 -17 -18 -19 -20 -21
leaf_value=0.0001495014030936275 -0.00066789433324338909 9.8688800512934994e-05 -0.00025703310985268363 0.00072492096311179929 -4.0607210679043322e-05 0.00025657455189502797 0.00010074637762192006 -0.00034191144243231976 0.00027549651509616523 0.00010698220648919232 -0.00014290146825260308 -4.2017443105410885e-05 -1.9684434075662425e-05 7.9702682268134597e-05 4.1612842689378997e-06 -5.5293259876114986e-05 1.5379296171431634e-05 2.8570921269766548e-05 1.1747102507797536e-05 -8.9682963568650714e-06
leaf_weight=37 32.00000011920929 21 31 20 38 34 31 25 20 28 20 38 21 22 28 21 40 21 20 35
leaf_count=37 30 21 31 19 38 34 31 25 20 28 20 38 21 22 28 21 40 21 20 35
internal_value=-1.04473e-12 -1.0131e-05 -0.000178822 0.000128047 2.01094e-05 5.48058e-05 -3.18844e-06 -5.76674e-05 5.93146e-05 9.67327e-06 -1.22997e-05 1.96481e-05 -5.11905e-05 1.05777e-07 1.83069e-05 -9.8029e-05 -1.25832e-05 6.36299e-05 -4.35198e-06 -3.13293e-06
internal_weight=583 546 83 51 463 186 277 148 129 152 124 109 82 123 85 41 78 42 41 63
internal_count=580 543 80 50 463 186 277 148 129 152 124 109 82 123 85 41 78 42 41 63
cat_boundaries=0 1
cat_threshold=1
is_linear=0
shrinkage=0.05


Tree=150
num_leaves=19
num_cat=1
split_feature=13 13 7 12 13 7 13 13 14 4 13 12 4 12 12 15 14 6
split_gain=0.000368236 0.00262157 0.00244214 0.000860114 0.0069005 0.000629626 0.00017365 0.000132321 0.000136814 0.00011077 8.05379e-05 0.0001412 7.79256e-05 4.59401e-05 2.46144e-05 1.39198e-05 1.25876e-05 1.16992e-06
threshold=7.5000000000000009 8.5000000000000018 11.000000000000002 1.8826500000000002 13.500000000000002 11.000000000000002 2.5000000000000004 4.5000000000000009 2.5000000000000004 41.000000000000007 14.500000000000002 1.7639000000000002 44.000000000000007 1.4372000000000003 1.5470500000000003 3.5000000000000004 3.5000000000000004 0
decision_type=2 2 2 2 2 2 2 2 2 2 2 2 2 2 2 2 2 1
left_child=2 -2 -1 5 -5 -3 -4 8 -8 -9 11 14 -11 -12 15 16 17 -7
right_child=1 3 6 4 -6 10 7 9 -10 12 13 -13 -14 -15 -16 -17 -18 -19
leaf_value=0.00048047469956265297 -0.00041144538244203575 -0.0002206144339117386 -0.00011292952533242191 0.00067397819555585058 -0.00048708646769629285 3.0233654039572384e-06 0.0001599008609749338 -0.00010129299119288396 3.9798965939125463e-06 9.334009309895919e-05 5.4858559298054385e-06 0.00014416762045703249 -2.8051585384393828e-05 -7.0777723158244052e-05 5.4288080687351446e-05 -2.8858206884857889e-05 3.4849575240514244e-05 -1.228542645059441e-05
leaf_weight=28.800000071525574 40.200000047683716 34 36 31.399999976158142 21.600000023841858 24 24 33 34 20 40 23 39 39 26 30 33 26
leaf_count=27 40 34 36 31 21 24 24 33 34 20 40 23 39 39 26 30 33 26
internal_value=-4.69205e-12 -3.03511e-05 5.20264e-05 1.63562e-05 0.00020079 -1.91891e-05 -1.4314e-05 9.35372e-06 6.84989e-05 -2.79335e-05 9.22771e-06 2.94122e-05 1.30981e-05 -3.21633e-05 1.04239e-05 3.31234e-07 1.08816e-05 -4.93721e-06
internal_weight=583 368.2 214.8 328 53 275 186 150 58 92 241 162 59 79 139 113 83 50
internal_count=580 367 213 327 52 275 186 150 58 92 241 162 59 79 139 113 83 50
cat_boundaries=0 1
cat_threshold=4
is_linear=0
shrinkage=0.05


Tree=151
num_leaves=22
num_cat=1
split_feature=13 13 1 14 7 13 7 13 11 15 12 13 12 12 14 13 13 7 10 13 1
split_gain=0.000353637 0.00133866 0.00274864 0.000930457 0.00291657 0.000747898 0.00440082 0.00329154 0.00427171 0.00406969 0.00160137 0.00116002 0.000937546 0.000393495 0.000121578 7.59178e-05 4.55692e-05 4.73126e-05 1.37468e-05 9.89992e-06 6.3154e-06
threshold=14.500000000000002 13.500000000000002 42.000000000000007 4.5000000000000009 11.000000000000002 7.5000000000000009 11.000000000000002 5.5000000000000009 36.000000000000007 2.5000000000000004 1.8513000000000004 8.5000000000000018 1.7639000000000002 1.8513000000000004 2.5000000000000004 3.5000000000000004 4.5000000000000009 13.000000000000002 0 10.500000000000002 42.000000000000007
decision_type=2 2 2 2 2 2 2 2 2 2 2 2 2 2 2 2 2 2 1 2 2
left_child=1 3 -3 5 -5 7 -7 9 -9 -1 15 -8 19 14 -2 -11 -6 -18 -16 -13 -21
right_child=13 2 -4 4 16 6 11 8 -10 10 -12 12 -14 -15 18 -17 17 -19 -20 20 -22
leaf_value=-0.00055137717017493548 -4.9183594462322487e-05 0.00014888107039041644 -0.00064783028937405809 0.00065704055717645093 -5.9155532251982856e-05 -0.00073790545674657011 0.00026363286510786569 4.4886961606809767e-06 0.00087682026784497563 -0.00010919668415086702 0.00048025658874394138 1.7816108713159592e-05 -0.00034761320630786942 0.00028263159563721277 4.8192275443912167e-05 1.5509856482664044e-05 -2.8741624860944872e-05 6.8041684711975657e-05 9.8242342434840641e-05 1.2619431085373177e-06 -3.2029282518688607e-05
leaf_weight=36.200000047683716 28 20 23.600000023841858 21.600000023841858 24 23.600000023841858 32 36 23 26 20 36 25 20 23 23 23 28 34 28 29
leaf_count=35 28 20 23 21 24 23 32 36 23 26 20 36 25 20 23 23 23 28 34 28 29
internal_value=1.82497e-12 -1.82514e-05 -0.000282366 8.25742e-06 0.000145098 -3.08746e-05 -0.00010323 4.56233e-05 0.00034455 -0.000122026 0.000103228 -3.37476e-06 -7.57836e-05 8.30872e-05 3.61355e-05 -5.0661e-05 -2.34164e-06 2.43943e-05 7.80467e-05 -2.71113e-06 -1.56757e-05
internal_weight=583 478 43.6 434.4 96.6 337.8 173.6 164.2 59 105.2 69 150 118 105 85 49 75 51 57 93 57
internal_count=580 475 43 432 96 336 173 163 59 104 69 150 118 105 85 49 75 51 57 93 57
cat_boundaries=0 1
cat_threshold=1
is_linear=0
shrinkage=0.05


Tree=152
num_leaves=21
num_cat=1
split_feature=13 6 13 15 13 13 13 13 12 12 13 15 15 12 1 15 12 4 13 12
split_gain=0.000348044 0.000930072 0.0049224 0.00286638 0.00377743 0.000262235 0.000519623 0.000305874 0.0011276 0.000352492 0.000205799 0.000250237 9.37695e-05 9.14425e-05 3.59509e-05 2.64677e-05 1.03328e-05 5.52068e-06 2.27079e-06 3.07719e-07
threshold=2.5000000000000004 0 5.5000000000000009 2.5000000000000004 9.5000000000000018 8.5000000000000018 7.5000000000000009 12.500000000000002 1.8513000000000004 1.8513000000000004 5.5000000000000009 2.5000000000000004 2.5000000000000004 1.6441500000000002 42.000000000000007 3.5000000000000004 1.4372000000000003 42.500000000000007 10.500000000000002 1.5470500000000003
decision_type=2 1 2 2 2 2 2 2 2 2 2 2 2 2 2 2 2 2 2 2
left_child=-1 2 -2 -4 -5 6 10 8 16 14 11 -3 -12 -13 15 17 18 -9 -7 -14
right_child=1 5 3 4 -6 7 -8 9 -10 -11 12 13 19 -15 -16 -17 -18 -19 -20 -21
leaf_value=0.00014840500717164598 -0.00070312578835000558 0.0002331962708835601 0.00041594622628186742 -0.00069924115725866981 0.00012775642442470971 -1.5829198950086722e-05 0.00025480414719822878 -1.6296642723318656e-05 -0.00038950112344040958 0.0001851577462344501 -0.00012548486676678295 -2.4161638054920332e-05 1.9742805968483232e-06 0.00010825870227894155 3.68113661538817e-05 -6.5651589504038085e-05 2.9287810574667103e-05 1.8947538155771326e-05 4.903108687618182e-06 1.054358255260013e-05
leaf_weight=37 28.800000071525574 21 33.399999976158142 21.200000047683716 39.600000023841858 25 32 25 22 33 20 32 22 22 39 24 38 20 28 20
leaf_count=37 27 21 33 21 39 25 32 25 22 33 20 32 22 22 39 24 38 20 28 20
internal_value=8.28467e-12 -1.00567e-05 -0.000131075 4.382e-05 -0.000160605 2.51329e-05 7.33963e-05 -6.97947e-06 -6.82702e-05 4.214e-05 3.10237e-05 8.67419e-05 -3.63773e-05 2.97874e-05 -1.55982e-06 -2.32479e-05 9.39004e-06 -6.32562e-07 -4.87628e-06 6.0549e-06
internal_weight=583 546 123 94.2 60.8 423 169 254 113 141 137 75 62 54 108 69 91 45 53 42
internal_count=580 543 120 93 60 423 169 254 113 141 137 75 62 54 108 69 91 45 53 42
cat_boundaries=0 1
cat_threshold=2
is_linear=0
shrinkage=0.05


Tree=153
num_leaves=19
num_cat=3
split_feature=6 16 14 4 14 11 12 10 1 16 11 8 4 12 16 12 14 0
split_gain=0.000150025 0.000659218 0.000963157 0.00152826 0.000153058 0.00043816 0.000353979 3.3894e-05 2.36916e-05 2.00346e-05 2.74816e-05 1.17283e-05 8.10984e-06 1.08084e-05 2.46723e-05 6.25495e-05 6.62211e-06 1.13294e-06
threshold=0 1.0000000180025095e-35 2.5000000000000004 41.000000000000007 3.5000000000000004 37.500000000000007 1.9246000000000001 1 42.000000000000007 1.0000000180025095e-35 23.000000000000004 75.000000000000014 41.000000000000007 1.2583500000000003 1.0000000180025095e-35 1.6002500000000002 4.5000000000000009 2
decision_type=1 2 2 2 2 2 2 1 2 2 2 2 2 2 2 2 2 1
left_child=1 2 -1 -4 6 9 7 8 -2 10 16 -11 -9 17 15 -15 -6 -14
right_child=4 -3 3 -5 5 -7 -8 12 -10 11 -12 -13 13 14 -16 -17 -18 -19
leaf_value=0.00032136289443191016 9.4014488563369663e-06 -0.0001948543960330397 0.00025091140150007877 -0.00028907606805525938 -3.7354533127226578e-05 0.00019923298352391854 -0.00017318643008669218 1.8474233046298333e-05 7.0732632752878996e-05 6.7607046185003135e-06 3.0924547701989729e-05 5.6531188370015649e-05 2.8421612569218269e-06 -3.8644836394610144e-05 -5.7993590603768174e-05 6.4835587434809778e-05 -5.9126104381655093e-06 1.867108850713241e-05
leaf_weight=22 31 47.600000023841858 22 32.400000095367432 34 38 30 37 32 20 39 29 20 40 27 23 33 26
leaf_count=22 31 46 22 31 34 38 30 37 32 20 39 29 20 40 27 23 33 26
internal_value=-1.34499e-11 -4.87992e-05 4.21986e-05 -7.06988e-05 1.31832e-05 4.70796e-05 -1.14108e-05 9.15392e-06 4.05538e-05 9.77746e-06 -2.44446e-06 3.62167e-05 -2.28072e-06 -7.92728e-06 -1.80045e-05 -8.66269e-07 -2.18682e-05 1.17889e-05
internal_weight=583 124 76.4 54.4 459 193 266 236 63 155 106 49 173 136 90 63 67 46
internal_count=580 121 75 53 459 193 266 236 63 155 106 49 173 136 90 63 67 46
cat_boundaries=0 1 2 3
cat_threshold=2 2 1
is_linear=0
shrinkage=0.05


Tree=154
num_leaves=23
num_cat=0
split_feature=13 13 7 12 13 7 12 12 15 13 13 12 12 13 11 1 13 13 4 3 11 4
split_gain=0.000339715 0.0025476 0.00251536 0.000854707 0.00658221 0.000608193 0.000168844 0.000213349 0.000189139 0.0003369 9.39372e-05 0.000160235 7.64574e-05 6.9608e-05 6.23052e-05 3.20587e-05 3.06289e-05 1.50181e-05 6.11907e-06 9.58687e-07 9.1506e-07 8.91345e-07
threshold=7.5000000000000009 8.5000000000000018 11.000000000000002 1.8826500000000002 13.500000000000002 11.000000000000002 1.9246000000000001 1.8513000000000004 2.5000000000000004 4.5000000000000009 14.500000000000002 1.7639000000000002 1.5470500000000003 4.5000000000000009 34.500000000000007 42.000000000000007 12.500000000000002 12.500000000000002 76.000000000000014 1.5000000000000002 19.500000000000004 81.500000000000014
decision_type=2 2 2 2 2 2 2 2 2 2 2 2 2 2 2 2 2 2 2 2 2 2
left_child=2 -2 -1 5 -5 -3 7 8 9 -4 11 15 13 19 18 17 21 20 -12 -10 -7 -17
right_child=1 3 6 4 -6 10 -8 -9 12 -11 14 -13 -14 -15 -16 16 -18 -19 -20 -21 -22 -23
leaf_value=0.00048479458181400212 -0.00040483176611695446 -0.0002165090766913422 0.00020371461713776545 0.00066289132780066561 -0.00047108015646745604 -5.1022381898213142e-07 -0.00013296057412743621 0.00015074700892823569 -7.1467499947175386e-05 -6.9970736323106717e-05 -2.2795628865424078e-05 0.00015343232314436414 -0.00014498230389324904 1.9985163253882241e-05 -0.00011158025132317561 2.1079996951725444e-05 8.825731350952992e-05 -3.9402317345555846e-05 9.983628744218247e-06 -8.676342046480083e-05 1.3593895172285241e-05 6.8322649015143458e-06
leaf_weight=28.800000071525574 40.200000047683716 34 22 31.399999976158142 21.600000023841858 23 27 21 20 23 35 23 21 31 20 21 20 29 24 21 23 23
leaf_count=27 40 34 22 31 21 23 27 21 20 23 35 23 21 31 20 21 20 29 24 21 23 23
internal_value=-8.82861e-12 -2.9152e-05 4.9971e-05 1.68917e-05 0.000200744 -1.85418e-05 -1.73566e-05 2.27429e-06 -2.03194e-05 6.3831e-05 9.38724e-06 3.11862e-05 -6.10373e-05 -3.65534e-05 -3.53145e-05 1.09585e-05 3.69526e-05 -1.12232e-05 -9.46169e-06 -7.9302e-05 6.54184e-06 1.36323e-05
internal_weight=583 368.2 214.8 328 53 275 186 159 138 45 241 162 93 72 79 139 64 75 59 41 46 44
internal_count=580 367 213 327 52 275 186 159 138 45 241 162 93 72 79 139 64 75 59 41 46 44
is_linear=0
shrinkage=0.05


Tree=155
num_leaves=23
num_cat=3
split_feature=13 13 1 6 14 7 15 12 13 7 13 12 13 13 4 13 6 13 13 12 6 15
split_gain=0.000330526 0.00122236 0.00254352 0.000869885 0.000828029 0.00275695 0.000745418 0.00314964 0.00164851 0.00753153 0.00584302 0.000614715 0.000154117 0.000203263 0.000104739 4.2236e-05 4.0842e-05 3.86025e-05 4.99454e-05 3.44797e-05 9.77907e-06 6.54374e-06
threshold=14.500000000000002 13.500000000000002 42.000000000000007 0 4.5000000000000009 11.000000000000002 3.5000000000000004 1.8826500000000002 4.5000000000000009 11.000000000000002 3.5000000000000004 1.8826500000000002 6.5000000000000009 8.5000000000000018 42.500000000000007 4.5000000000000009 1 7.5000000000000009 9.5000000000000018 1.3794500000000001 2 2.5000000000000004
decision_type=2 2 2 1 2 2 2 2 2 2 2 2 2 2 2 2 1 2 2 2 1 2
left_child=1 4 -3 -2 6 -6 8 12 10 -10 -1 17 -8 -14 -5 -7 -17 21 -19 -16 -20 -11
right_child=3 2 -4 14 5 15 7 -9 9 11 -12 -13 13 -15 19 16 -18 18 20 -21 -22 -23
leaf_value=0.00022926899359134725 0.0003681564772878552 0.00014481901886028936 -0.00062158935973755439 7.2838091344035806e-05 0.00063451139792112274 -6.1269555552219881e-05 -7.9927919851439642e-05 -0.00065386758518447329 0.00093197994994016265 -5.3789147314091687e-05 -0.00080034473533385569 -0.00029023534327279774 0.00018301951769899463 -2.1431196787049094e-05 -2.6101393275355267e-06 5.9719680059190847e-05 -3.0202269974087478e-05 8.3936643036745058e-05 2.4233975805795389e-05 -8.8034341422913017e-05 -1.4930798190992368e-05 -1.33424435989582e-05
leaf_weight=32 21 20 23.600000023841858 36 21.600000023841858 24 33 23.200000047683716 23.399999976158142 20 24.200000047683716 20 20 31 27 28 23 26 28 21 37 20
leaf_count=32 21 20 23 36 21 24 33 23 23 20 23 20 20 31 27 28 23 26 28 21 37 20
internal_value=8.99713e-12 -1.76449e-05 -0.000270026 8.03263e-05 7.68617e-06 0.000136775 -2.92291e-05 -0.000138165 2.14125e-05 9.73019e-05 -0.000214088 -3.20455e-05 4.26669e-06 5.87456e-05 8.36877e-06 -6.57294e-06 1.91666e-05 7.37277e-06 2.53677e-05 -3.99832e-05 1.94018e-06 -3.35658e-05
internal_weight=583 478 43.6 105 434.4 96.6 337.8 107.2 230.6 174.4 56.2 151 84 51 84 75 51 131 91 48 65 40
internal_count=580 475 43 105 432 96 336 107 229 174 55 151 84 51 84 75 51 131 91 48 65 40
cat_boundaries=0 1 2 3
cat_threshold=2 4 4
is_linear=0
shrinkage=0.05


Tree=156
num_leaves=19
num_cat=1
split_feature=13 7 7 11 13 13 11 11 13 13 13 13 4 6 4 4 4 11
split_gain=0.000338879 0.00258264 0.00212003 0.00169227 0.000811746 0.000419619 0.000992108 0.000465991 0.000184009 0.000175799 0.000161519 0.000152607 8.13947e-05 5.06567e-05 4.40848e-05 3.97204e-05 2.22121e-05 1.21605e-06
threshold=7.5000000000000009 11.000000000000002 11.000000000000002 31.000000000000004 8.5000000000000018 13.500000000000002 37.500000000000007 37.500000000000007 2.5000000000000004 4.5000000000000009 3.5000000000000004 14.500000000000002 41.000000000000007 0 41.000000000000007 44.000000000000007 44.000000000000007 18.500000000000004
decision_type=2 2 2 2 2 2 2 2 2 2 2 2 2 1 2 2 2 2
left_child=2 3 -1 -2 -3 6 14 11 -4 10 -10 -7 -11 -14 -6 -16 -13 -17
right_child=1 4 8 -5 5 7 -8 -9 9 12 -12 16 13 -15 15 17 -18 -19
leaf_value=0.0004491030928534547 -0.00011737671430279134 0.00024985000911025658 -0.00011341554493103307 -0.00068197740100121775 -4.6394267122339347e-05 0.00011652082668602347 -0.00034713271955843085 0.0002852341250400059 2.570183520826201e-08 -9.3400826975112352e-05 0.00016700269204323248 -4.1996301917223673e-05 5.1778339071335792e-05 -4.0895020577712183e-05 7.6229164981420837e-05 4.4047292884995062e-06 1.1385127932044272e-05 -9.5751399515263223e-06
leaf_weight=28.800000071525574 33 36 36 22.200000047683716 38 31 25 20 30 33 28 38 29 30 22 35 40 28
leaf_count=27 33 36 36 21 38 31 25 20 30 33 28 38 29 30 22 35 40 28
internal_value=-4.9112e-12 -2.91161e-05 4.99094e-05 -0.000344444 2.64945e-05 -2.53366e-06 -5.99878e-05 6.33827e-05 -1.19012e-05 1.24623e-05 8.06353e-05 2.26761e-05 -3.05164e-05 4.65629e-06 -1.62503e-06 1.83894e-05 -1.46212e-05 -1.80855e-06
internal_weight=583 368.2 214.8 55.2 313 277 148 129 186 150 58 109 92 59 123 85 78 63
internal_count=580 367 213 54 313 277 148 129 186 150 58 109 92 59 123 85 78 63
cat_boundaries=0 1
cat_threshold=1
is_linear=0
shrinkage=0.05


Tree=157
num_leaves=21
num_cat=4
split_feature=13 6 13 15 13 13 13 13 11 11 13 15 14 0 15 14 14 0 13 10
split_gain=0.000329471 0.000980743 0.00465206 0.00256204 0.00369086 0.000275878 0.000491686 0.000302219 0.000515373 0.000343606 0.000192182 0.000207086 0.000106833 9.84449e-05 7.72095e-05 2.39375e-05 1.5663e-05 2.18025e-05 3.2323e-06 3.0982e-06
threshold=2.5000000000000004 0 5.5000000000000009 2.5000000000000004 9.5000000000000018 8.5000000000000018 7.5000000000000009 12.500000000000002 33.000000000000007 37.500000000000007 5.5000000000000009 2.5000000000000004 4.5000000000000009 1 3.5000000000000004 3.5000000000000004 1.5000000000000002 2 11.500000000000002 3
decision_type=2 1 2 2 2 2 2 2 2 2 2 2 2 1 2 2 2 1 2 1
left_child=-1 2 -2 -4 -5 6 10 8 18 12 11 -3 15 -13 -12 16 -9 -18 19 -7
right_child=1 5 3 4 -6 7 -8 9 -10 -11 14 13 -14 -15 -16 -17 17 -19 -20 -21
leaf_value=0.00014439092582678486 -0.00069017670072836436 0.00022170922720328066 0.00038778499149567643 -0.00068972744320826588 0.0001277390427177822 -2.1786761360653191e-05 0.00025231775503016253 -3.8865689228779438e-05 -0.00023739636280879496 0.00022377081159819764 -7.3346099918872396e-05 -3.3391153318426896e-05 8.8497899774196302e-05 0.00010172208375089603 4.2159990057964188e-05 -6.2024512756882663e-05 5.0256299514980385e-05 -2.0969385729007297e-05 1.6488842378575577e-05 2.0341397803582742e-06
leaf_weight=37 28.800000071525574 21 33.399999976158142 21.200000047683716 39.600000023841858 21 32 21 32 22 39 26 31 28 23 24 21 22 21 39
leaf_count=37 27 21 33 21 39 21 32 21 32 22 39 26 31 28 23 24 21 22 21 39
internal_value=4.59365e-12 -9.78473e-06 -0.000134055 3.59688e-05 -0.000157299 2.63507e-05 7.58538e-05 -6.58633e-06 -6.75098e-05 4.22389e-05 3.46359e-05 8.84792e-05 8.67834e-06 3.66676e-05 -3.04971e-05 -1.94399e-05 -3.47068e-06 1.38153e-05 -3.94134e-07 -6.30318e-06
internal_weight=583 546 123 94.2 60.8 423 169 254 113 141 137 75 119 54 62 88 64 43 81 60
internal_count=580 543 120 93 60 423 169 254 113 141 137 75 119 54 62 88 64 43 81 60
cat_boundaries=0 1 2 3 4
cat_threshold=2 1 1 4
is_linear=0
shrinkage=0.05


Tree=158
num_leaves=22
num_cat=2
split_feature=13 13 7 12 13 7 13 13 13 13 12 15 14 11 0 13 13 15 13 6 11
split_gain=0.000352006 0.00244254 0.00218315 0.000887737 0.0062885 0.00070608 0.000189829 0.000150864 0.000147158 9.98671e-05 0.000163913 8.3637e-05 0.000113771 5.35339e-05 3.33832e-05 3.17876e-05 2.06474e-05 1.13699e-05 7.05561e-06 4.56464e-06 2.60792e-06
threshold=7.5000000000000009 8.5000000000000018 11.000000000000002 1.8826500000000002 13.500000000000002 11.000000000000002 2.5000000000000004 4.5000000000000009 3.5000000000000004 14.500000000000002 1.7639000000000002 2.5000000000000004 3.5000000000000004 34.500000000000007 0 12.500000000000002 12.500000000000002 3.5000000000000004 10.500000000000002 1 19.500000000000004
decision_type=2 2 2 2 2 2 2 2 2 2 2 2 2 2 1 2 2 2 2 1 2
left_child=2 -2 -1 5 -5 -3 -4 8 -8 10 14 -9 17 19 15 18 20 -13 -7 -11 -16
right_child=1 3 6 4 -6 9 7 11 -10 13 -12 12 -14 -15 16 -17 -18 -19 -20 -21 -22
leaf_value=0.0004559596601104745 -0.00039752651803999706 -0.00023400637266390465 -0.00011496431254285098 0.00065449934341562689 -0.00045388307090963345 3.586715149140218e-05 -9.0051299290886774e-07 -9.9000778001417136e-05 0.00015848039729462473 9.3740014866246682e-07 0.00015550812503059444 -2.0373361912788824e-05 9.0671193114152029e-05 -0.00010739423660197645 -2.5007413687885476e-06 8.7781853327821102e-05 -4.5793345218823688e-05 -7.3688312263584527e-05 -3.6344217112225757e-06 -2.688147160840564e-05 2.1870086891881547e-05
leaf_weight=28.800000071525574 40.200000047683716 34 36 31.399999976158142 21.600000023841858 20 30 28 28 30 23 20 24 20 23 21 28 20 26 29 21
leaf_count=27 40 34 36 31 21 20 30 28 28 30 23 20 24 20 23 21 28 20 26 29 21
internal_value=6.80643e-12 -2.96747e-05 5.08669e-05 1.54096e-05 0.000202781 -2.0702e-05 -1.18571e-05 1.28886e-05 7.6042e-05 9.39075e-06 3.18673e-05 -2.69255e-05 4.60742e-06 -3.67003e-05 1.14087e-05 3.681e-05 -1.22286e-05 -4.70308e-05 1.35402e-05 -1.27363e-05 9.13079e-06
internal_weight=583 368.2 214.8 328 53 275 186 150 58 241 162 92 64 79 139 67 72 40 46 59 44
internal_count=580 367 213 327 52 275 186 150 58 241 162 92 64 79 139 67 72 40 46 59 44
cat_boundaries=0 1 2
cat_threshold=1 4
is_linear=0
shrinkage=0.05


Tree=159
num_leaves=22
num_cat=2
split_feature=13 7 13 11 13 12 13 11 12 13 16 1 13 12 13 4 11 10 13 12 10
split_gain=0.000319315 0.00112493 0.0046091 0.00416158 0.00017199 0.000520579 0.000479258 0.00106243 0.000488345 0.00011376 0.000160475 8.19916e-05 7.86673e-05 5.53722e-05 5.39948e-05 4.02977e-05 4.03699e-05 2.40134e-05 2.31651e-05 5.16687e-06 2.1409e-06
threshold=2.5000000000000004 11.000000000000002 8.5000000000000018 31.000000000000004 9.5000000000000018 1.8826500000000002 13.500000000000002 37.500000000000007 1.8099500000000004 7.5000000000000009 1.0000000180025095e-35 42.000000000000007 15.500000000000002 1.5672500000000003 4.5000000000000009 41.000000000000007 31.000000000000004 0 8.5000000000000018 1.4907500000000002 1
decision_type=2 2 2 2 2 2 2 2 2 2 2 2 2 2 2 2 2 1 2 2 1
left_child=-1 2 -2 -4 5 9 7 15 11 10 13 19 -13 14 -3 -6 20 -12 -11 -8 -17
right_child=1 4 3 -5 6 -7 8 -9 -10 18 17 12 -14 -15 -16 16 -18 -19 -20 -21 -22
leaf_value=0.00014214807122550917 -0.00064952019287335618 -7.5269170542014769e-05 -0.00024678349183241446 0.00067831591662979916 -5.4841310107307941e-05 0.00023029555724731057 -4.6709719533806272e-05 -0.00039206823343688893 0.00023744283510798901 0.00011279205147210242 3.3110604417743163e-05 0.00012166785213396549 -1.0582864466745047e-05 -0.00010946356930071489 2.2801307136433027e-05 -1.6119307676118215e-07 7.2218648674606819e-05 0.00010881043635890819 4.4230306196947248e-05 -1.4983810130312728e-05 -2.1004315921605409e-05
leaf_weight=37 32.00000011920929 25 31 20 33 35 33 22 30 28 20 23 22 25 32 22 20 22 22 21 28
leaf_count=37 30 25 31 19 33 35 33 22 30 28 20 23 22 25 32 22 20 22 22 21 28
internal_value=-7.52897e-13 -9.63275e-06 -0.00017914 0.000116001 2.07541e-05 5.43491e-05 -6.88904e-06 -7.66605e-05 6.07189e-05 1.89575e-05 -6.7148e-06 7.16623e-06 5.70119e-05 -4.74229e-05 -2.02121e-05 -9.29182e-06 1.21815e-05 7.27629e-05 8.26249e-05 -3.43719e-05 -1.18333e-05
internal_weight=583 546 83 51 463 209 254 125 129 174 124 99 45 82 57 103 70 42 50 54 50
internal_count=580 543 80 50 463 209 254 125 129 174 124 99 45 82 57 103 70 42 50 54 50
cat_boundaries=0 1 2
cat_threshold=1 1
is_linear=0
shrinkage=0.05


Tree=160
num_leaves=21
num_cat=2
split_feature=13 7 7 11 13 13 12 12 13 13 15 0 13 1 13 13 0 11 12 12
split_gain=0.000341505 0.00237689 0.00228198 0.00189483 0.000757704 0.00036655 0.000994853 0.000440731 0.00018686 0.000141407 0.000230951 0.000179995 0.000111738 7.39975e-05 7.09972e-05 1.04553e-05 7.10947e-06 1.36546e-05 4.6631e-06 4.18113e-06
threshold=7.5000000000000009 11.000000000000002 11.000000000000002 31.000000000000004 8.5000000000000018 13.500000000000002 1.8513000000000004 1.8099500000000004 2.5000000000000004 5.5000000000000009 2.5000000000000004 0 6.5000000000000009 42.000000000000007 15.500000000000002 9.5000000000000018 1 23.000000000000004 1.4907500000000002 1.4372000000000003
decision_type=2 2 2 2 2 2 2 2 2 2 2 1 2 2 2 2 1 2 2 2
left_child=2 3 -1 -2 -3 6 15 13 -4 10 -10 -12 -11 18 -15 -6 17 -17 -7 -18
right_child=1 4 8 -5 5 7 -8 -9 9 12 11 -13 -14 14 -16 16 19 -19 -20 -21
leaf_value=0.00046426305128284404 -9.1462609336965473e-05 0.00023991324944492795 -0.00011632350212443675 -0.00068889851086873226 3.432221703752432e-05 -4.4374234582364539e-05 -0.0003384323206913765 0.00022557069018754798 0.00018065974219643978 -0.00011579831700752645 -8.1229815418737419e-05 9.2358910426680401e-05 1.5703790340921843e-05 0.0001155844584386416 -1.0053720552605228e-05 -4.4974357952298763e-05 -3.5274314032878671e-06 6.0106982659660926e-06 -1.4234619205429531e-05 2.6219764159967394e-05
leaf_weight=28.800000071525574 33 36 36 22.200000047683716 21 33 26 30 25 30 32 28 35 23 22 24 27 29 21 21
leaf_count=27 33 36 36 21 21 33 26 30 25 30 32 28 35 23 22 24 27 29 21 21
internal_value=-5.54414e-12 -2.92287e-05 5.01024e-05 -0.000331736 2.41208e-05 -3.92444e-06 -5.76228e-05 5.7683e-05 -1.40257e-05 1.05258e-05 5.29787e-05 -2.21743e-07 -4.49895e-05 6.80792e-06 5.41613e-05 2.22186e-06 -4.45247e-06 -1.70769e-05 -3.26533e-05 9.48697e-06
internal_weight=583 368.2 214.8 55.2 313 277 148 129 186 150 85 60 65 99 45 122 101 53 54 48
internal_count=580 367 213 54 313 277 148 129 186 150 85 60 65 99 45 122 101 53 54 48
cat_boundaries=0 1 2
cat_threshold=1 1
is_linear=0
shrinkage=0.05


Tree=161
num_leaves=21
num_cat=0
split_feature=13 7 13 14 13 12 13 11 11 13 13 16 12 13 4 11 3 4 13 11
split_gain=0.000310057 0.000970399 0.00455536 0.0040738 0.000141264 0.000468897 0.000391698 0.000908531 0.000407254 0.000113704 8.73998e-05 0.000130942 4.66127e-05 5.11456e-05 3.71671e-05 4.02869e-05 2.31527e-05 2.03999e-05 1.43737e-05 1.95179e-06
threshold=2.5000000000000004 11.000000000000002 8.5000000000000018 3.5000000000000004 9.5000000000000018 1.8826500000000002 13.500000000000002 37.500000000000007 37.500000000000007 14.500000000000002 7.5000000000000009 1.0000000180025095e-35 1.5672500000000003 4.5000000000000009 41.000000000000007 31.000000000000004 1.5000000000000002 44.000000000000007 8.5000000000000018 17.500000000000004
decision_type=2 2 2 2 2 2 2 2 2 2 2 2 2 2 2 2 2 2 2 2
left_child=-1 2 -2 -4 5 10 7 14 9 -8 11 12 13 -3 -6 19 -13 -11 -12 -16
right_child=1 4 3 -5 6 -7 8 -9 -10 17 18 16 -14 -15 15 -17 -18 -19 -20 -21
leaf_value=0.00014007228081125604 -0.00063455669806067436 -7.2304706089198589e-05 0.0005095226508297976 -0.00039486447090022049 -5.084453279612882e-05 0.00021616170257662557 9.7749066950317728e-05 -0.0003610689021694601 0.00026219743886031212 -4.1684887075557767e-05 9.5156787574524065e-05 0.00010200220541654355 -0.00010060814511962234 2.3143212160903204e-05 -2.0614421060827229e-06 7.3497670346114329e-05 2.7755666607325635e-05 9.4726331644778843e-06 4.1149849692539482e-05 -2.207679562637904e-05
leaf_weight=37 32.00000011920929 25 29.399999976158142 21.600000023841858 33 35 31 22 20 38 28 21 25 32 29 20 21 40 22 21
leaf_count=37 30 25 29 21 33 35 31 22 20 38 28 21 25 32 29 20 21 40 22 21
internal_value=-1.04148e-12 -9.49208e-06 -0.000166927 0.000126488 1.87306e-05 4.91771e-05 -6.32196e-06 -6.93986e-05 5.47988e-05 1.6744e-05 1.55883e-05 -6.9139e-06 -4.36858e-05 -1.87199e-05 -7.1001e-06 1.35223e-05 6.48789e-05 -1.54503e-05 7.13937e-05 -1.04679e-05
internal_weight=583 546 83 51 463 209 254 125 129 109 174 124 82 57 103 70 42 78 50 50
internal_count=580 543 80 50 463 209 254 125 129 109 174 124 82 57 103 70 42 78 50 50
is_linear=0
shrinkage=0.05


Tree=162
num_leaves=22
num_cat=3
split_feature=13 13 13 12 15 12 13 11 12 13 13 6 6 11 13 13 12 13 4 13 6
split_gain=0.000331842 0.00237126 0.00183059 0.00483018 0.00323003 0.00553137 0.00187198 0.00578445 0.000815986 0.00617369 0.000384852 0.00220811 0.000710099 0.000115331 0.000104875 3.35742e-05 3.7947e-05 2.93661e-05 4.24878e-06 1.9009e-06 3.46478e-07
threshold=7.5000000000000009 8.5000000000000018 5.5000000000000009 1.8513000000000004 2.5000000000000004 1.5672500000000003 4.5000000000000009 37.500000000000007 1.8826500000000002 13.500000000000002 13.500000000000002 0 1 34.500000000000007 6.5000000000000009 14.500000000000002 1.4372000000000003 2.5000000000000004 41.000000000000007 10.500000000000002 2
decision_type=2 2 2 2 2 2 2 2 2 2 2 1 1 2 2 2 2 2 2 2 1
left_child=2 -2 4 14 5 -1 7 17 10 -10 11 -3 -12 18 -4 -14 -17 -6 -13 -20 -21
right_child=1 8 3 -5 6 -7 -8 -9 9 -11 12 13 15 -15 -16 16 -18 -19 19 20 -22
leaf_value=0.00012603066668981971 -0.00039125647000773085 -0.00045683191254890216 -8.5814792371820666e-05 0.0008717798712227292 -9.0098317083348297e-05 -0.0010198925909373705 -0.00026765342287346624 0.00095379635271456212 0.00064282498168622077 -0.00045539327702424372 0.00027237421441154937 1.6549652930059951e-05 2.9864372247954762e-05 0.00013299583610205446 5.6305645658641078e-05 1.6383059851755714e-06 -7.0959356404879753e-05 -1.4005031698616223e-05 -1.6413311800533848e-05 5.354872722645745e-06 -3.8406166913773631e-06
leaf_weight=22 40.200000047683716 30 25 22 21 20.200000047683716 25.600000023841858 20 31.399999976158142 21.600000023841858 27 31 28 20 27 36 36 32 26 21 20
leaf_count=22 40 30 25 22 21 19 25 20 31 21 27 31 28 20 27 36 36 32 26 21 20
internal_value=-3.09915e-12 -2.88122e-05 4.93885e-05 0.00025073 -5.64303e-05 -0.000422492 0.000100241 0.000229256 1.56093e-05 0.000195249 -1.90122e-05 -7.38048e-05 4.48405e-05 2.3575e-05 -1.20215e-05 -1.65936e-05 -3.46605e-05 -4.41552e-05 1.24422e-06 -5.8374e-06 8.69268e-07
internal_weight=583 368.2 214.8 74 140.8 42.2 98.6 73 328 53 275 148 127 118 52 100 72 53 98 67 41
internal_count=580 367 213 74 139 41 98 73 327 52 275 148 127 118 52 100 72 53 98 67 41
cat_boundaries=0 1 2 3
cat_threshold=2 2 4
is_linear=0
shrinkage=0.05


Tree=163
num_leaves=20
num_cat=7
split_feature=15 12 10 12 14 12 0 14 14 12 10 15 6 11 10 6 6 12 12
split_gain=0.000148306 0.00128117 0.000245363 0.000950002 0.00148327 0.000544634 0.000106655 0.000185204 0.00010209 0.000158118 0.000107816 7.64636e-05 0.000111267 6.36745e-05 5.20428e-05 5.26937e-05 4.47737e-05 1.14603e-05 1.85407e-05
threshold=2.5000000000000004 1.8826500000000002 0 1.5672500000000003 4.5000000000000009 1.9246000000000001 1 3.5000000000000004 2.5000000000000004 1.5672500000000003 2 3.5000000000000004 3 21.000000000000004 4 5 6 1.4035500000000003 1.3077000000000003
decision_type=2 2 1 2 2 2 1 2 2 2 1 2 1 2 1 1 1 2 2
left_child=1 6 3 11 -5 8 14 -8 13 17 -11 12 -2 -4 -1 -16 -15 18 -10
right_child=2 -3 5 4 -6 -7 7 -9 9 10 -12 -13 -14 16 15 -17 -18 -19 -20
leaf_value=1.7633708532043667e-05 -3.6026720880289319e-06 -0.00031137798655508258 3.4914105317848563e-05 0.00046637615237034373 -7.9244437857257981e-05 -0.00020432529616982721 -9.1802845906112206e-05 8.2531318730616485e-05 -1.4441831947154836e-05 0.0001820497345761396 4.1830406791695134e-05 2.4360398351240696e-05 -0.00015508344308314424 -1.9846796180900129e-05 4.336435459845234e-05 0.0001460227477364242 -0.00011018992160340229 -2.0990696636569761e-05 4.5270187407508137e-05
leaf_weight=39 27 34.600000023841858 27 30.200000047683716 21.200000047683716 32 39 25 26 26 29 36 22 32 25 25 24 37 26
leaf_count=39 27 33 27 30 20 32 39 25 26 26 29 36 22 32 25 25 24 37 26
internal_value=3.67575e-12 -3.66115e-05 1.73706e-05 7.16455e-05 0.000241334 -1.12128e-05 2.55253e-05 -2.37036e-05 1.60101e-05 4.14671e-05 0.000108116 -3.09663e-05 -7.16144e-05 -2.81563e-05 6.09258e-05 9.46936e-05 -5.85653e-05 2.79567e-07 1.54142e-05
internal_weight=583 187.6 395.4 136.4 51.4 259 153 64 227 144 55 85 49 83 89 50 56 89 52
internal_count=580 186 394 135 50 259 153 64 227 144 55 85 49 83 89 50 56 89 52
cat_boundaries=0 1 2 3 4 5 6 7
cat_threshold=4 1 1 4 1 1 1
is_linear=0
shrinkage=0.05


Tree=164
num_leaves=21
num_cat=2
split_feature=13 7 7 11 13 13 11 11 13 13 15 0 4 13 4 4 15 14 0 11
split_gain=0.000302276 0.00253029 0.00224269 0.00186713 0.000772396 0.0003287 0.000821945 0.000447432 0.000185986 0.000166967 0.000243074 0.000140664 0.000112868 9.33756e-05 4.04594e-05 3.65303e-05 2.05959e-05 2.005e-05 1.30296e-05 4.04535e-06
threshold=7.5000000000000009 11.000000000000002 11.000000000000002 31.000000000000004 8.5000000000000018 13.500000000000002 37.500000000000007 37.500000000000007 2.5000000000000004 5.5000000000000009 2.5000000000000004 0 41.000000000000007 14.500000000000002 41.000000000000007 44.000000000000007 2.5000000000000004 3.5000000000000004 1 18.500000000000004
decision_type=2 2 2 2 2 2 2 2 2 2 2 1 2 2 2 2 2 2 1 2
left_child=1 -1 3 -2 -4 6 14 13 -3 10 -10 -12 -11 -7 -6 -16 -15 -18 -14 -17
right_child=2 8 4 -5 5 7 -8 -9 9 12 11 -13 18 16 15 19 17 -19 -20 -21
leaf_value=0.00048324930630061572 -8.2831566087958038e-05 -0.00012244812146112357 0.00024219730050592465 -0.00067588463065460739 -4.4609813429767539e-05 8.7866530286133176e-05 -0.0003162056612200104 0.00027173557202331722 0.00018122360496636248 -0.00013956151543243321 -7.5957295928219542e-05 7.7498545215348721e-05 2.4404557480011134e-05 -5.3255013187936133e-05 7.2921414382356244e-05 9.4154493594292684e-06 -2.1891350876434117e-05 4.0605468703212128e-05 -3.2668988324076055e-05 -1.6082508877194153e-05
leaf_weight=28.800000071525574 33 36 36 22.200000047683716 38 31 25 20 25 25 32 28 20 24 22 35 33 21 20 28
leaf_count=27 33 36 36 21 38 31 25 20 25 25 32 28 20 24 22 35 33 21 20 28
internal_value=6.63869e-13 4.7137e-05 -2.74987e-05 -0.000321342 2.43228e-05 -3.99299e-06 -5.48433e-05 5.43469e-05 -2.039e-05 4.10393e-06 5.02343e-05 -4.34457e-06 -5.62204e-05 1.44591e-05 -1.7209e-06 1.7453e-05 -1.47156e-05 2.41297e-06 -4.13222e-06 -1.91698e-06
internal_weight=583 214.8 368.2 55.2 313 277 148 129 186 150 85 60 65 109 123 85 78 54 40 63
internal_count=580 213 367 54 313 277 148 129 186 150 85 60 65 109 123 85 78 54 40 63
cat_boundaries=0 1 2
cat_threshold=1 1
is_linear=0
shrinkage=0.05


Tree=165
num_leaves=23
num_cat=0
split_feature=13 13 1 14 7 15 12 13 7 13 12 12 13 13 14 13 7 13 13 12 15 12
split_gain=0.000279121 0.00125647 0.00236188 0.000824032 0.00293592 0.000668114 0.00303537 0.00155769 0.006778 0.00510977 0.000568363 0.000379018 0.000123195 0.000168937 0.000109896 4.92925e-05 4.36876e-05 3.21574e-05 3.12021e-05 1.64007e-05 1.29896e-05 6.34467e-06
threshold=14.500000000000002 13.500000000000002 42.000000000000007 4.5000000000000009 11.000000000000002 3.5000000000000004 1.8826500000000002 4.5000000000000009 11.000000000000002 3.5000000000000004 1.8826500000000002 1.8513000000000004 6.5000000000000009 8.5000000000000018 2.5000000000000004 4.5000000000000009 13.000000000000002 7.5000000000000009 9.5000000000000018 1.4907500000000002 2.5000000000000004 1.4372000000000003
decision_type=2 2 2 2 2 2 2 2 2 2 2 2 2 2 2 2 2 2 2 2 2 2
left_child=1 3 -3 5 -5 7 12 9 -9 -1 17 14 -7 -14 -2 -6 -17 20 -19 -16 -10 -20
right_child=11 2 -4 4 15 6 -8 8 10 -11 -12 -13 13 -15 19 16 -18 18 21 -21 -22 -23
leaf_value=0.00020627005823143919 -5.3380217247779777e-05 0.00012766401792760007 -0.0006108715242584572 0.00065188237320665428 -6.8772706860424168e-05 -6.5943333461429139e-05 -0.0006367520153670338 0.00088617733686547056 -5.630705654766644e-05 -0.00075657489418088188 -0.00027661678090225907 0.00026965525510604495 0.00017133599427324953 -1.5053659591367545e-05 4.6319145809060763e-05 -3.2936417688767469e-05 6.0065348725402147e-05 7.2267722470524654e-05 -7.0044293365104491e-06 0.00010141177200156644 6.7889202910009776e-07 2.4331066755015247e-05
leaf_weight=32 28 20 23.600000023841858 21.600000023841858 24 33 23.200000047683716 23.399999976158142 20 24.200000047683716 20 20 20 31 35 23 28 26 35 22 20 30
leaf_count=32 28 20 23 21 24 33 23 23 20 23 20 20 20 31 35 23 28 26 35 22 20 30
internal_value=7.71191e-12 -1.62148e-05 -0.000272094 9.46732e-06 0.000138244 -2.73588e-05 -0.000130492 2.05851e-05 9.43543e-05 -0.000208336 -2.83521e-05 7.38161e-05 9.33246e-06 5.80403e-05 2.77363e-05 -9.68337e-06 1.81234e-05 9.55095e-06 2.59751e-05 6.7583e-05 -2.78141e-05 7.45811e-06
internal_weight=583 478 43.6 434.4 96.6 337.8 107.2 230.6 174.4 56.2 151 105 84 51 85 75 51 131 91 57 40 65
internal_count=580 475 43 432 96 336 107 229 174 55 151 105 84 51 85 75 51 131 91 57 40 65
is_linear=0
shrinkage=0.05


Tree=166
num_leaves=21
num_cat=4
split_feature=15 7 10 11 12 1 15 3 14 12 14 11 10 11 11 6 12 12 6 4
split_gain=0.000156348 0.0012417 0.00021579 0.000946735 0.000437075 9.71939e-05 9.65888e-05 0.00014882 8.36923e-05 6.72764e-05 7.64719e-05 6.57988e-05 5.43334e-05 5.23289e-05 4.42361e-05 3.30545e-05 2.98594e-05 9.42237e-06 9.117e-06 3.97663e-06
threshold=2.5000000000000004 11.000000000000002 0 37.500000000000007 1.9246000000000001 42.000000000000007 3.5000000000000004 1.5000000000000002 1.5000000000000002 1.4907500000000002 2.5000000000000004 21.000000000000004 1 36.000000000000007 25.500000000000004 2 1.4035500000000003 1.2105000000000004 3 42.500000000000007
decision_type=2 2 1 2 2 2 2 2 2 2 2 2 1 2 2 1 2 2 1 2
left_child=1 -1 3 6 8 11 7 -2 15 16 -11 -3 -12 14 -7 -4 17 -10 -19 -8
right_child=2 5 4 -5 -6 13 19 -9 9 10 12 -13 -14 -15 -16 -17 -18 18 -20 -21
leaf_value=-0.00032340276428144339 8.2844530778755957e-06 1.5187779078857873e-05 1.8953294122845614e-06 0.00028707086317095209 -0.00018196621389279246 6.4915007769472089e-05 3.1657433029740001e-05 -0.00015920109414894665 -7.2080831080751053e-06 -2.4123373441398145e-05 0.00012699031354522481 -8.860373412832045e-05 3.7792235707456713e-05 0.00011299472940803614 -1.708333433710103e-05 -8.1378389754368434e-05 -4.5782315741234932e-05 8.1718196634028575e-06 5.4815661629122179e-05 6.214221401023678e-05
leaf_weight=31.600000023841858 36 37 22 36.400000095367432 32 38 23 21 23 20 38 26 31 26 29 26 25 20 22 20
leaf_count=30 36 37 22 35 32 38 23 21 23 20 38 26 31 26 29 26 25 20 22 20
internal_value=5.36847e-12 -3.75909e-05 1.78353e-05 6.87343e-05 -8.97027e-06 2.03043e-05 -1.07402e-05 -5.34207e-05 1.54168e-05 3.11383e-05 6.19632e-05 -2.76468e-05 8.69158e-05 5.27873e-05 2.94232e-05 -4.32113e-05 6.55968e-07 1.85168e-05 3.26043e-05 4.58364e-05
internal_weight=583 187.6 395.4 136.4 259 156 100 57 227 179 89 63 69 93 67 48 90 65 42 43
internal_count=580 186 394 135 259 156 100 57 227 179 89 63 69 93 67 48 90 65 42 43
cat_boundaries=0 1 2 3 4
cat_threshold=4 1 1 4
is_linear=0
shrinkage=0.05


Tree=167
num_leaves=23
num_cat=2
split_feature=13 13 7 12 13 7 12 12 16 13 13 12 11 1 13 11 13 13 10 6 11 11
split_gain=0.000299909 0.00225171 0.00216817 0.000864893 0.0058193 0.000575869 0.000197904 0.000120974 0.000133045 0.000275646 0.000108787 0.000120256 6.72203e-05 4.8937e-05 4.39298e-05 5.22548e-05 3.88789e-05 2.36608e-05 1.57976e-05 9.98865e-06 2.16568e-06 9.87808e-08
threshold=7.5000000000000009 8.5000000000000018 11.000000000000002 1.8826500000000002 13.500000000000002 11.000000000000002 1.9246000000000001 1.8513000000000004 1.0000000180025095e-35 4.5000000000000009 14.500000000000002 1.7639000000000002 34.500000000000007 42.000000000000007 4.5000000000000009 21.000000000000004 12.500000000000002 12.500000000000002 0 1 19.500000000000004 25.500000000000004
decision_type=2 2 2 2 2 2 2 2 2 2 2 2 2 2 2 2 2 2 1 1 2 2
left_child=2 -2 -1 5 -5 -3 7 8 14 -10 11 13 19 17 18 -16 21 20 -4 -12 -7 -15
right_child=1 3 6 4 -6 10 -8 -9 9 -11 12 -13 -14 16 15 -17 -18 -19 -20 -21 -22 -23
leaf_value=0.00045065304452436485 -0.00038058051895105291 -0.00021238226977670019 -0.00011175623119925149 0.00063538135416484716 -0.00043085065791987985 -2.5919293519742183e-06 -0.00014071395526116248 0.00011749800036167948 0.00018579052269739225 -6.1767561134689936e-05 6.4042168257098339e-06 0.00013679138009256746 -0.00011989303056907375 1.6837310497728387e-05 4.2987657070625577e-05 -6.7518969335651487e-05 0.00010328305400236105 -4.941125317318125e-05 -5.4387536838476084e-05 -3.4747664872627174e-05 1.9105995022033789e-05 2.1575472287209283e-05
leaf_weight=28.800000071525574 40.200000047683716 34 20 31.399999976158142 21.600000023841858 23 27 21 22 23 30 23 20 22 23 20 20 29 30 29 23 22
leaf_count=27 40 34 20 31 21 23 27 21 22 23 30 23 20 22 23 20 20 29 30 29 23 22
internal_value=6.13364e-12 -2.73908e-05 4.69521e-05 1.58964e-05 0.000200842 -1.97475e-05 -1.55564e-05 5.69674e-06 -1.13165e-05 5.92608e-05 7.42915e-06 3.08879e-05 -4.06762e-05 1.33643e-05 -4.54668e-05 -8.41077e-06 4.54803e-05 -1.40414e-05 -7.7335e-05 -1.3823e-05 8.25703e-06 1.92064e-05
internal_weight=583 368.2 214.8 328 53 275 186 159 138 45 241 162 79 139 93 43 64 75 50 59 46 44
internal_count=580 367 213 327 52 275 186 159 138 45 241 162 79 139 93 43 64 75 50 59 46 44
cat_boundaries=0 1 2
cat_threshold=4 4
is_linear=0
shrinkage=0.05


Tree=168
num_leaves=22
num_cat=0
split_feature=13 13 11 15 13 7 11 12 4 13 13 12 12 13 15 12 15 4 12 11 12
split_gain=0.000297583 0.00111005 0.00225136 0.000660013 0.00346153 0.00307328 0.00263007 0.000379877 0.00032102 0.000309363 0.000334831 0.000589685 0.000444378 0.000118052 7.98457e-05 7.81963e-05 6.73942e-05 4.49172e-05 1.02976e-05 9.16466e-06 2.23621e-06
threshold=14.500000000000002 13.500000000000002 31.000000000000004 2.5000000000000004 4.5000000000000009 11.000000000000002 37.500000000000007 1.8513000000000004 41.000000000000007 3.5000000000000004 9.5000000000000018 1.8826500000000002 1.7639000000000002 7.5000000000000009 3.5000000000000004 1.5672500000000003 3.5000000000000004 81.500000000000014 1.4372000000000003 21.000000000000004 1.3794500000000001
decision_type=2 2 2 2 2 2 2 2 2 2 2 2 2 2 2 2 2 2 2 2 2
left_child=1 3 -3 4 -1 -5 8 16 -6 14 11 13 18 15 -7 20 17 -2 -12 -10 -11
right_child=7 2 -4 5 6 9 -8 -9 19 10 12 -13 -14 -15 -16 -17 -18 -19 -20 -21 -22
leaf_value=-0.0005279098670495151 2.865783302007224e-05 9.8761888908814976e-05 -0.0006198551472115228 0.00046460323034681211 -0.00020674798897407192 -0.00018926837842445822 0.00056721304279906855 0.00027227947721257805 -1.8043176955430801e-05 -3.7725814763689416e-07 -1.6341451808276523e-05 0.00028126309459912592 -0.00027115080854855483 8.0566864476407465e-05 -6.0181394877398146e-05 -0.00010204947646078228 -3.343659200010864e-05 0.0001216610187475453 2.5930621181032624e-05 2.1061076793573413e-05 2.2983854294233468e-05
leaf_weight=33.200000047683716 37 22 21.600000023841858 38.800000071525574 27 25 20.399999976158142 20 31 20 34 25 20 38 23 24 28 20 25 29 21
leaf_count=32 37 22 21 38 27 25 20 20 31 20 34 25 20 38 23 24 28 20 25 29 21
internal_value=2.39462e-12 -1.67425e-05 -0.00025725 7.39684e-06 -8.16943e-05 5.0032e-05 5.62419e-05 7.62183e-05 -6.3572e-05 -1.30478e-05 1.34719e-05 6.34301e-05 -6.74729e-05 1.0558e-05 -0.000127414 -3.03703e-05 3.00863e-05 6.12905e-05 1.57044e-06 8.57212e-07 1.15882e-05
internal_weight=583 478 43.6 434.4 140.6 293.8 107.4 105 87 255 207 128 79 103 48 65 85 57 59 60 41
internal_count=580 475 43 432 139 293 107 105 87 255 207 128 79 103 48 65 85 57 59 60 41
is_linear=0
shrinkage=0.05


Tree=169
num_leaves=22
num_cat=2
split_feature=13 7 13 11 13 13 13 12 12 13 15 0 4 0 13 12 8 13 12 4 13
split_gain=0.000301 0.00110645 0.00444859 0.00380009 0.000162116 0.00062081 0.000347728 0.00100784 0.000470994 0.000195472 0.00023809 0.000122827 9.38525e-05 6.31335e-05 6.76882e-05 1.53755e-05 1.09895e-05 6.14006e-06 5.2558e-06 5.21029e-06 2.48464e-06
threshold=2.5000000000000004 11.000000000000002 8.5000000000000018 31.000000000000004 8.5000000000000018 7.5000000000000009 13.500000000000002 1.8513000000000004 1.8099500000000004 5.5000000000000009 2.5000000000000004 0 41.000000000000007 1 15.500000000000002 1.4724500000000003 110.00000000000001 12.500000000000002 1.4907500000000002 79.500000000000014 10.500000000000002
decision_type=2 2 2 2 2 2 2 2 2 2 2 1 2 1 2 2 2 2 2 2 2
left_child=-1 2 -2 -4 5 9 7 16 13 10 -3 -12 -11 14 -8 -14 17 19 -15 20 -6
right_child=1 4 3 -5 6 -7 8 -9 -10 12 11 -13 15 18 -16 -17 -18 -19 -20 -21 -22
leaf_value=0.0001380112028269847 -0.00063957869295362408 0.00019169127670829768 -0.00023417543552275148 0.00064983281888999047 -1.474653330230272e-05 0.00024335024005368825 0.00010488066081961734 -0.00033839832573833589 0.00023010040943821273 -0.00012912888207938523 -5.8882787504899171e-05 8.4513459556287022e-05 -3.6633263916883153e-05 -4.5504513157842062e-05 -1.6538862159491558e-05 2.5365673391206656e-05 3.4796052822609151e-05 -2.6919325951201334e-05 -1.3021566783208984e-05 2.5538942409184529e-05 6.1349601623831035e-06
leaf_weight=37 32.00000011920929 25 31 20 28 36 24 26 30 25 32 28 20 33 22 20 24 21 20 20 29
leaf_count=37 30 25 31 19 28 36 24 26 30 25 32 28 20 33 22 20 24 21 20 20 29
internal_value=7.05734e-12 -9.3524e-06 -0.000177461 0.000112494 2.07838e-05 5.68895e-05 -3.46049e-06 -5.57619e-05 5.65443e-05 1.21389e-05 6.20519e-05 8.03546e-06 -5.31319e-05 3.95152e-06 4.68105e-05 -5.6338e-06 4.47204e-06 -2.95425e-06 -3.32468e-05 3.58169e-06 -4.12262e-06
internal_weight=583 546 83 51 463 186 277 148 129 150 85 60 65 99 46 40 122 98 53 77 57
internal_count=580 543 80 50 463 186 277 148 129 150 85 60 65 99 46 40 122 98 53 77 57
cat_boundaries=0 1 2
cat_threshold=1 1
is_linear=0
shrinkage=0.05


Tree=170
num_leaves=21
num_cat=1
split_feature=13 7 7 11 13 13 11 11 13 13 16 13 0 4 4 4 16 14 8 11
split_gain=0.00033293 0.00230529 0.00215896 0.00206085 0.000700605 0.000313824 0.000777307 0.00043534 0.000185139 0.000176413 0.000214876 0.00012184 0.000110851 8.47019e-05 3.64718e-05 3.82317e-05 2.25938e-05 1.45046e-05 1.07836e-05 3.94558e-06
threshold=7.5000000000000009 11.000000000000002 11.000000000000002 31.000000000000004 8.5000000000000018 13.500000000000002 37.500000000000007 37.500000000000007 2.5000000000000004 5.5000000000000009 1.0000000180025095e-35 14.500000000000002 0 41.000000000000007 41.000000000000007 44.000000000000007 1.0000000180025095e-35 3.5000000000000004 95.000000000000014 25.500000000000004
decision_type=2 2 2 2 2 2 2 2 2 2 2 2 1 2 2 2 2 2 2 2
left_child=2 3 -1 -2 -3 6 14 11 -4 10 12 -7 -10 -11 -6 -16 17 -13 -15 -17
right_child=1 4 8 -5 5 7 -8 -9 9 13 -12 16 -14 18 15 19 -18 -19 -20 -21
leaf_value=0.00045231176438432423 -7.6196947889966944e-05 0.00023118273044625917 -0.00011473164346777292 -0.00069925640318282923 -4.2034596207198965e-05 9.8224957952381021e-05 -0.00030714015691773967 0.00026814803743036464 -5.5938647808773115e-05 -0.00012267243716632947 0.00018210671140695924 -2.1685946740035435e-05 8.0287788244147267e-05 2.0608962950063871e-05 7.3635936794082894e-05 7.2238236633007841e-06 -5.9319584352124366e-05 3.1470198397679878e-05 -3.1313176405092238e-05 -1.8352255458012223e-05
leaf_weight=28.800000071525574 33 36 36 22.200000047683716 38 31 25 20 32 25 25 33 28 20 22 38 24 21 20 25
leaf_count=27 33 36 36 21 38 31 25 20 32 25 25 33 28 20 22 38 24 21 20 25
internal_value=-1.07558e-11 -2.88594e-05 4.94694e-05 -0.000326775 2.36804e-05 -3.28746e-06 -5.29738e-05 5.37171e-05 -1.29062e-05 1.1532e-05 5.89493e-05 1.43719e-05 7.63369e-06 -5.04753e-05 -1.31403e-06 1.68905e-05 -1.89543e-05 -1.01411e-06 -5.35211e-06 -2.92541e-06
internal_weight=583 368.2 214.8 55.2 313 277 148 129 186 150 85 109 60 65 123 85 78 54 40 63
internal_count=580 367 213 54 313 277 148 129 186 150 85 109 60 65 123 85 78 54 40 63
cat_boundaries=0 1
cat_threshold=1
is_linear=0
shrinkage=0.05


Tree=171
num_leaves=22
num_cat=3
split_feature=13 13 7 12 13 7 12 13 11 12 15 13 11 13 13 11 10 6 0 12 13
split_gain=0.00030047 0.00231462 0.00194846 0.000770874 0.00548766 0.000476819 0.000203674 0.00011279 0.000140879 0.000100617 0.000121296 0.000281267 7.54073e-05 6.53624e-05 4.09351e-05 4.34949e-05 1.51004e-05 1.01032e-05 5.89922e-06 5.66003e-06 3.7416e-06
threshold=7.5000000000000009 8.5000000000000018 11.000000000000002 1.8826500000000002 13.500000000000002 11.000000000000002 1.9246000000000001 14.500000000000002 36.000000000000007 1.8513000000000004 2.5000000000000004 4.5000000000000009 34.500000000000007 13.500000000000002 4.5000000000000009 21.000000000000004 0 1 2 1.3575000000000002 11.500000000000002
decision_type=2 2 2 2 2 2 2 2 2 2 2 2 2 2 2 2 1 1 1 2 2
left_child=2 -2 -1 5 -5 -3 9 8 13 10 11 -4 17 18 16 -16 -12 -9 19 -7 -20
right_child=1 3 6 4 -6 7 -8 12 -10 -11 14 -13 -14 -15 15 -17 -18 -19 20 -21 -22
leaf_value=0.00042969646664760952 -0.00038550630225034485 -0.00019246637273360702 0.00018898638630740938 0.00061305095491895562 -0.00042235301205775268 3.5377360884171062e-06 -0.0001392297866240605 7.3517844915234793e-06 0.00014606125845128428 0.00011126142985414759 -0.00010323946924472693 -6.1083070645311281e-05 -0.00012533490935311422 8.3948635549929284e-05 4.3839903272506174e-05 -5.6979613473231441e-05 -4.7150994241746964e-05 -3.4035474226553123e-05 -4.8063386263189996e-06 -2.8773429486053916e-05 2.0849943820377558e-05
leaf_weight=28.800000071525574 40.200000047683716 34 22 31.399999976158142 21.600000023841858 23 27 30 23 21 20 23 20 26 23 20 30 29 30 33 27
leaf_count=27 40 34 22 31 21 23 27 30 23 21 20 23 20 26 23 20 30 29 30 33 27
internal_value=1.41141e-11 -2.74164e-05 4.6996e-05 1.64714e-05 0.000191075 -1.71795e-05 -1.22608e-05 7.54981e-06 3.14363e-05 9.29991e-06 -6.21597e-06 6.11731e-05 -4.14326e-05 1.24696e-05 -3.88236e-05 -3.0529e-06 -6.95864e-05 -1.29911e-05 -3.97696e-06 -1.55028e-05 7.34664e-06
internal_weight=583 368.2 214.8 328 53 275 186 241 162 159 138 45 79 139 93 43 50 59 113 56 57
internal_count=580 367 213 327 52 275 186 241 162 159 138 45 79 139 93 43 50 59 113 56 57
cat_boundaries=0 1 2 3
cat_threshold=4 4 1
is_linear=0
shrinkage=0.05


Tree=172
num_leaves=22
num_cat=2
split_feature=13 13 1 6 14 15 13 4 13 13 13 15 14 11 10 4 4 13 4 12 14
split_gain=0.000301957 0.00106434 0.00218811 0.000847403 0.000720738 0.00269032 0.001601 0.000784494 0.000711576 0.0027788 0.00266237 0.00362255 0.00357971 0.001923 0.00147152 0.000450371 0.00023862 0.000136711 0.000113382 3.99305e-05 4.34619e-06
threshold=14.500000000000002 13.500000000000002 42.000000000000007 0 4.5000000000000009 3.5000000000000004 10.500000000000002 42.500000000000007 7.5000000000000009 8.5000000000000018 5.5000000000000009 2.5000000000000004 2.5000000000000004 36.000000000000007 1 39.000000000000007 84.000000000000014 3.5000000000000004 42.500000000000007 1.3794500000000001 2.5000000000000004
decision_type=2 2 2 1 2 2 2 2 2 2 2 2 2 2 1 2 2 2 2 2 2
left_child=1 4 -3 -2 8 6 7 -6 10 -10 11 -1 -12 15 -13 -11 20 -16 -5 -20 -17
right_child=3 2 -4 18 5 -7 -8 -9 9 13 12 14 -14 -15 17 16 -18 -19 19 -21 -22
leaf_value=-0.00050890762660892768 0.00036086267999572947 0.00013240192056400703 -0.00057844586398738773 7.2831616752308846e-05 -0.00045584320082737648 0.00048524737340973365 0.00028863456916605219 -2.1263264625304148e-05 -0.00049490730061250022 -0.00031595575591381931 -9.4005629216553649e-05 0.000405635275847789 0.00068593219224449939 0.00033309512691227208 -0.00016646333260268877 -1.0342458038146356e-05 -0.00018203004790848354 1.2278585769387934e-05 -4.3339014761537932e-06 -9.6262733928770535e-05 1.6707152563968621e-05
leaf_weight=36.200000047683716 21 20 23.600000023841858 36 21.600000023841858 34 21 20 35.200000047683716 20 28 26 31 33.399999976158142 20 33 25 23 27 21 27
leaf_count=35 21 20 23 36 21 34 21 20 35 20 28 26 31 33 20 33 25 23 27 21 27
internal_value=7.00795e-12 -1.68651e-05 -0.000252369 7.67764e-05 6.77202e-06 0.000127208 -6.72548e-05 -0.000246911 -2.76687e-05 -9.82456e-05 4.69485e-05 -0.000103829 0.000315792 2.63947e-06 0.000108691 -0.000102477 -5.22466e-05 -7.08572e-05 5.75483e-06 -4.45528e-05 1.82987e-06
internal_weight=583 478 43.6 105 434.4 96.6 62.6 41.6 337.8 173.6 164.2 105.2 59 138.4 69 105 85 43 84 48 60
internal_count=580 475 43 105 432 96 62 41 336 173 163 104 59 138 69 105 85 43 84 48 60
cat_boundaries=0 1 2
cat_threshold=2 4
is_linear=0
shrinkage=0.05


Tree=173
num_leaves=21
num_cat=0
split_feature=13 7 13 11 13 13 13 12 12 13 15 12 4 1 13 12 13 8 4 4
split_gain=0.000302677 0.00104864 0.00448098 0.00346215 0.000163096 0.00074335 0.000354567 0.00110348 0.000474851 0.000202306 0.00025161 0.000114241 7.04204e-05 6.62535e-05 1.21433e-05 1.04307e-05 9.96372e-06 6.53155e-06 4.70106e-06 4.21246e-06
threshold=2.5000000000000004 11.000000000000002 8.5000000000000018 31.000000000000004 8.5000000000000018 7.5000000000000009 13.500000000000002 1.8513000000000004 1.7639000000000002 5.5000000000000009 2.5000000000000004 1.6441500000000002 41.000000000000007 42.000000000000007 15.500000000000002 1.4724500000000003 12.500000000000002 110.00000000000001 79.500000000000014 41.000000000000007
decision_type=2 2 2 2 2 2 2 2 2 2 2 2 2 2 2 2 2 2 2 2
left_child=-1 2 -2 -4 5 9 7 16 13 10 -3 -12 -11 14 -8 -14 17 18 19 -6
right_child=1 4 3 -5 6 -7 8 -9 -10 12 11 -13 15 -15 -16 -17 -18 -19 -20 -21
leaf_value=0.00013839506249791451 -0.00063683340976379479 0.00019125358384917491 -0.00021292351415350794 0.00063086224370636048 1.3013111090133732e-05 0.00026020952451896544 -6.6244041725574925e-05 -0.00035291421887590196 0.0002019623041236721 -0.00012502560137363615 -5.1940803461695546e-05 8.9962422435232645e-05 -4.3584911163634392e-05 4.4429754150867769e-05 -1.8369174694481235e-05 7.4805286749324294e-06 -2.2289569300482982e-05 3.856845149130095e-05 2.7354774838386225e-05 -1.4176145508952626e-05
leaf_weight=37 32.00000011920929 25 31 20 28 36 27 26 39 25 37 23 20 37 26 20 25 20 20 29
leaf_count=37 30 25 31 19 28 36 27 26 39 25 37 23 20 37 26 20 25 20 20 29
internal_value=4.17151e-12 -9.37842e-06 -0.000173037 0.000117973 1.99599e-05 5.61746e-05 -4.35755e-06 -5.71708e-05 5.62344e-05 7.20625e-06 5.79843e-05 2.45543e-06 -5.91958e-05 -6.9143e-06 -4.27583e-05 -1.80522e-05 5.85643e-06 1.31106e-05 6.49811e-06 -8.20019e-07
internal_weight=583 546 83 51 463 186 277 148 129 150 85 60 65 90 53 40 122 97 77 57
internal_count=580 543 80 50 463 186 277 148 129 150 85 60 65 90 53 40 122 97 77 57
is_linear=0
shrinkage=0.05


Tree=174
num_leaves=23
num_cat=1
split_feature=13 7 11 7 13 13 12 12 12 16 13 13 4 1 13 11 8 6 13 13 4 4
split_gain=0.000275485 0.00217386 0.00224722 0.00208031 0.000805039 0.000319997 0.000995892 0.000435603 0.000195245 0.000118542 0.000371938 0.000119423 9.49867e-05 7.02693e-05 8.05781e-05 1.93774e-05 9.01954e-06 8.10151e-06 7.73829e-06 6.61388e-06 4.24271e-06 3.80175e-06
threshold=7.5000000000000009 11.000000000000002 31.000000000000004 11.000000000000002 8.5000000000000018 13.500000000000002 1.8513000000000004 1.8099500000000004 1.9246000000000001 1.0000000180025095e-35 4.5000000000000009 3.5000000000000004 42.500000000000007 42.000000000000007 15.500000000000002 34.500000000000007 110.00000000000001 0 12.500000000000002 15.500000000000002 79.500000000000014 41.000000000000007
decision_type=2 2 2 2 2 2 2 2 2 2 2 2 2 2 2 2 2 1 2 2 2 2
left_child=3 2 -2 -1 -3 6 16 13 9 11 -11 17 -13 19 -15 -14 18 -5 20 -7 21 -6
right_child=1 4 -4 8 5 7 -8 -9 -10 10 -12 12 15 14 -16 -17 -18 -19 -20 -21 -22 -23
leaf_value=0.00044043688782401688 -5.38876777599481e-05 0.00024719904956024645 -0.00070450958478814529 -6.8500248598866168e-05 1.2362455666854139e-05 -5.2471783198728059e-05 -0.00033526850104233469 0.00022033090766247675 -0.00014054340653173211 0.00021564066247937381 -6.2966482430056197e-05 9.1950866576203576e-05 1.6992769208930744e-06 0.00011442604195706184 -1.9421214198122143e-05 -6.4939008661895063e-05 3.3035564899819296e-05 -0.00011296546202911053 -2.8068108440493235e-05 -1.7450714669673918e-05 2.5987036005972191e-05 -1.3467337926001699e-05
leaf_weight=28.800000071525574 33 36 22.200000047683716 20 28 28 26 30 27 23 25 26 24 23 22 20 24 21 21 26 20 29
leaf_count=27 33 36 21 20 28 28 26 30 27 23 25 26 24 23 22 20 24 21 21 26 20 29
internal_value=-2.68278e-12 -2.62518e-05 -0.000315551 4.49997e-05 2.47683e-05 -4.13968e-06 -5.43123e-05 5.34227e-05 -1.62293e-05 4.88062e-06 7.05328e-05 -2.35095e-05 1.61818e-05 2.84448e-06 4.89896e-05 -2.85909e-05 5.56361e-06 -9.12751e-05 -1.16422e-06 -3.56098e-05 6.1732e-06 -7.79018e-07
internal_weight=583 368.2 55.2 214.8 313 277 148 129 186 159 48 111 70 99 45 44 122 41 98 54 77 57
internal_count=580 367 54 213 313 277 148 129 186 159 48 111 70 99 45 44 122 41 98 54 77 57
cat_boundaries=0 1
cat_threshold=4
is_linear=0
shrinkage=0.05


Tree=175
num_leaves=20
num_cat=0
split_feature=13 7 13 11 13 13 13 12 13 13 15 12 4 11 13 13 12 12 11
split_gain=0.000280691 0.000907377 0.004413 0.00338335 0.000135833 0.00060145 0.000288797 0.000898793 0.000414319 0.00017671 0.000206739 0.000106611 0.000100387 7.18364e-05 6.61393e-05 8.2079e-06 6.4942e-06 7.22169e-06 4.3964e-06
threshold=2.5000000000000004 11.000000000000002 8.5000000000000018 31.000000000000004 8.5000000000000018 7.5000000000000009 13.500000000000002 1.8513000000000004 14.500000000000002 5.5000000000000009 2.5000000000000004 1.6441500000000002 42.500000000000007 34.500000000000007 6.5000000000000009 12.500000000000002 1.4372000000000003 1.2270500000000002 23.000000000000004
decision_type=2 2 2 2 2 2 2 2 2 2 2 2 2 2 2 2 2 2 2
left_child=-1 2 -2 -4 5 9 7 15 -8 10 -3 -12 -10 -14 -11 16 17 -6 -18
right_child=1 4 3 -5 6 -7 8 -9 12 14 11 -13 13 -15 -16 -17 18 -19 -20
leaf_value=0.00013327400136963537 -0.00062153302720089482 0.00017552174444426783 -0.00019958295987077782 0.00063454453193116937 2.1155202891520733e-05 0.00023483909681090156 0.00018941811626734166 -0.00031850507618331065 5.4867257246147156e-05 -0.00010927509176023403 -4.816390835519604e-05 8.8918271332817235e-05 -6.3034286898927709e-06 -0.00012639382839552127 -8.102741953085311e-06 -2.0260514938854614e-05 1.1250246457579621e-05 -1.5377720793337853e-05 4.3640695730573503e-05
leaf_weight=37 32.00000011920929 25 31 20 24 36 38 26 38 30 37 23 33 20 35 25 22 31 20
leaf_count=37 30 25 31 19 24 36 38 26 38 30 37 23 33 20 35 25 22 31 20
internal_value=4.25645e-12 -9.03138e-06 -0.000161268 0.000127526 1.82594e-05 5.13089e-05 -3.93269e-06 -5.15967e-05 5.07516e-05 7.26167e-06 5.47188e-05 4.38426e-06 -7.15312e-06 -5.16206e-05 -5.47977e-05 5.28543e-06 1.18694e-05 5.63919e-07 2.66743e-05
internal_weight=583 546 83 51 463 186 277 148 129 150 85 60 91 53 65 122 97 55 42
internal_count=580 543 80 50 463 186 277 148 129 150 85 60 91 53 65 122 97 55 42
is_linear=0
shrinkage=0.05


Tree=176
num_leaves=23
num_cat=4
split_feature=13 7 13 15 11 7 14 12 11 12 10 15 13 13 12 6 11 12 1 10 6 12
split_gain=0.000280042 0.00215862 0.00213497 0.000673947 0.00277459 0.00082262 0.000313479 0.000616051 0.00059106 0.000179658 0.00013454 9.74673e-05 0.000316481 0.000117742 8.91437e-05 6.32907e-05 4.68107e-05 1.0859e-05 1.09185e-05 9.68614e-06 7.64517e-06 5.65425e-06
threshold=7.5000000000000009 11.000000000000002 8.5000000000000018 3.5000000000000004 37.500000000000007 11.000000000000002 3.5000000000000004 1.8099500000000004 36.000000000000007 1.9246000000000001 0 2.5000000000000004 4.5000000000000009 3.5000000000000004 1.7639000000000002 1 21.000000000000004 1.4372000000000003 42.000000000000007 2 3 1.2178500000000001
decision_type=2 2 2 2 2 2 2 2 2 2 1 2 2 2 2 1 2 2 2 1 1 2
left_child=1 -1 -2 5 10 -4 7 17 19 11 -5 12 -3 20 16 -12 -15 21 -19 -8 -13 -7
right_child=2 9 3 4 -6 6 8 -9 -10 -11 15 13 -14 14 -16 -17 -18 18 -20 -21 -22 -23
leaf_value=0.00044818128046300511 -0.00037038027771296912 0.00019663360226727296 -0.00023694329720456154 7.2723661974123386e-05 0.0006509882307727822 1.8690277242967569e-05 3.5807633453673174e-05 -0.00029322187794605269 0.00032326790023944345 -0.00013624892534507024 4.6101973202894447e-06 -6.7656582559720858e-05 -6.0365006429492493e-05 2.2301749361629066e-05 0.00010310677950786028 -0.00011274224584835961 -7.6451675739094973e-05 6.6396594957041091e-06 5.8885466023639312e-05 -5.8810111167268154e-06 -0.00011085131415408493 -1.5409126424328276e-05
leaf_weight=28.800000071525574 40.200000047683716 23 40 30 20 20 22 20 20 27 20 20 25 28 21 27 21 20 20 38 21 31
leaf_count=27 40 23 39 30 20 20 22 20 20 27 20 20 25 28 21 27 21 20 20 38 21 31
internal_value=-2.8506e-12 4.53703e-05 -2.64681e-05 1.56821e-05 0.000126285 -3.07615e-05 1.2418e-05 -4.19623e-05 8.78706e-05 -1.70004e-05 -1.00016e-05 3.24934e-06 6.27802e-05 -2.24937e-05 1.69172e-05 -6.2805e-05 -2.00211e-05 1.32596e-05 3.27626e-05 9.40483e-06 -8.97807e-05 -2.03681e-06
internal_weight=583 214.8 368.2 328 97 231 191 111 80 186 77 159 48 111 70 47 49 91 40 60 41 51
internal_count=580 213 367 327 97 230 191 111 80 186 77 159 48 111 70 47 49 91 40 60 41 51
cat_boundaries=0 1 2 3 4
cat_threshold=1 1 1 4
is_linear=0
shrinkage=0.05


Tree=177
num_leaves=20
num_cat=1
split_feature=13 7 13 14 13 13 13 12 12 13 15 0 13 15 1 13 12 12 11
split_gain=0.000260813 0.000847579 0.00424941 0.00313648 0.000152489 0.000637351 0.000260208 0.00083664 0.000391034 0.000155413 0.000169326 0.000103273 6.07873e-05 5.71596e-05 4.10452e-05 7.45672e-06 4.97297e-06 6.27855e-06 2.63917e-06
threshold=2.5000000000000004 11.000000000000002 8.5000000000000018 3.5000000000000004 8.5000000000000018 7.5000000000000009 13.500000000000002 1.8513000000000004 1.7639000000000002 5.5000000000000009 2.5000000000000004 0 6.5000000000000009 3.5000000000000004 42.000000000000007 12.500000000000002 1.4372000000000003 1.2270500000000002 23.000000000000004
decision_type=2 2 2 2 2 2 2 2 2 2 2 1 2 2 2 2 2 2 2
left_child=-1 2 -2 -4 5 9 7 15 13 10 -3 -12 -11 14 -8 16 17 -6 -18
right_child=1 4 3 -5 6 -7 8 -9 -10 12 11 -13 -14 -15 -16 -17 18 -19 -20
leaf_value=0.00012846813263152129 -0.00060749375708083397 0.00016117772058350967 0.00046364302059132679 -0.00032991021716580464 1.9375907557635705e-05 0.00024161615573948188 -1.456098617511868e-05 -0.0003086008074415776 0.00017830670344082115 -0.00010308148151428516 -5.506335730842693e-05 7.6424360711208853e-05 -6.0888773597460912e-06 -6.3609932564731662e-05 7.2594213038841698e-05 -2.0555011098622346e-05 1.1074364304229015e-05 -1.4687994460092018e-05 3.6170201037748482e-05
leaf_weight=37 32.00000011920929 25 29.399999976158142 21.600000023841858 24 36 35 26 39 30 32 28 35 33 22 25 22 31 20
leaf_count=37 30 25 29 21 24 36 35 26 39 30 32 28 35 33 22 25 22 31 20
internal_value=-2.76813e-12 -8.70572e-06 -0.00015584 0.00012755 1.76705e-05 5.26878e-05 -5.84293e-06 -5.10862e-05 4.60641e-05 7.34495e-06 5.18506e-05 6.29758e-06 -5.08547e-05 -1.1241e-05 1.90779e-05 3.79392e-06 1.00694e-05 1.76254e-07 2.30248e-05
internal_weight=583 546 83 51 463 186 277 148 129 150 85 60 65 90 57 122 97 55 42
internal_count=580 543 80 50 463 186 277 148 129 150 85 60 65 90 57 122 97 55 42
cat_boundaries=0 1
cat_threshold=1
is_linear=0
shrinkage=0.05


Tree=178
num_leaves=22
num_cat=2
split_feature=13 7 13 15 12 7 14 12 11 13 13 15 12 14 10 4 12 7 12 10 12
split_gain=0.000283754 0.00222763 0.00199999 0.000623239 0.00261547 0.00078415 0.000285861 0.000548581 0.000544454 0.000188631 0.00014026 0.000152817 9.57058e-05 8.67428e-05 7.15943e-05 5.8639e-05 9.08849e-06 1.33853e-05 8.91403e-06 8.33505e-06 7.65155e-06
threshold=7.5000000000000009 11.000000000000002 8.5000000000000018 3.5000000000000004 1.8513000000000004 11.000000000000002 3.5000000000000004 1.8099500000000004 36.000000000000007 2.5000000000000004 5.5000000000000009 2.5000000000000004 1.6441500000000002 1.5000000000000002 0 41.000000000000007 1.4035500000000003 13.000000000000002 1.4724500000000003 1 1.2178500000000001
decision_type=2 2 2 2 2 2 2 2 2 2 2 2 2 2 1 2 2 2 2 1 2
left_child=1 -1 -2 5 13 -4 7 16 19 -3 11 -11 -13 -5 -15 -12 20 -18 -17 -8 -7
right_child=2 9 3 4 -6 6 8 -9 -10 10 15 12 -14 14 -16 18 17 -19 -20 -21 -22
leaf_value=0.00045486914787247631 -0.00035950644198480802 -0.00012047105077878467 -0.00023181205295259136 -0.00010927455750788796 0.00059989165337438787 1.7144742428172323e-05 3.2884480763393436e-05 -0.00027738263364881279 0.0003096267652290408 0.00015311883627873614 -0.00010838319183676504 -4.3805519866558877e-05 8.6076791969548068e-05 6.6337023348876691e-05 -4.7925755363674122e-05 -3.4370971388852925e-05 5.4243401079830896e-05 1.8795763410777841e-06 1.2836092993211422e-05 -5.7875251809342015e-06 -2.5586265275540594e-05
leaf_weight=28.800000071525574 40.200000047683716 36 40 20 22 20 22 20 20 25 25 37 23 29 26 20 23 26 20 38 22
leaf_count=27 40 36 39 20 22 20 22 20 20 25 25 37 23 29 26 20 23 26 20 38 22
internal_value=-5.4562e-12 4.56701e-05 -2.66429e-05 1.41531e-05 0.000120514 -3.05091e-05 1.16486e-05 -4.0281e-05 8.37008e-05 -1.76898e-05 6.9777e-06 4.9258e-05 5.9827e-06 -2.01038e-05 1.23219e-05 -4.8312e-05 1.18293e-05 2.64585e-05 -1.07674e-05 8.39221e-06 -5.23817e-06
internal_weight=583 214.8 368.2 328 97 231 191 111 80 186 150 85 60 75 55 65 91 49 40 60 42
internal_count=580 213 367 327 97 230 191 111 80 186 150 85 60 75 55 65 91 49 40 60 42
cat_boundaries=0 1 2
cat_threshold=1 1
is_linear=0
shrinkage=0.05


Tree=179
num_leaves=20
num_cat=0
split_feature=13 7 7 11 13 13 12 13 13 13 15 4 12 11 13 13 12 12 11
split_gain=0.000256088 0.00201044 0.00185212 0.00240782 0.000829083 0.000231345 0.000809262 0.000366929 0.000170239 0.000126585 0.000137917 8.98247e-05 8.63745e-05 8.2231e-05 5.39785e-05 6.99592e-06 4.41934e-06 5.67826e-06 2.2227e-06
threshold=7.5000000000000009 11.000000000000002 11.000000000000002 31.000000000000004 8.5000000000000018 13.500000000000002 1.8513000000000004 14.500000000000002 2.5000000000000004 5.5000000000000009 2.5000000000000004 42.500000000000007 1.6441500000000002 34.500000000000007 6.5000000000000009 12.500000000000002 1.4372000000000003 1.2270500000000002 23.000000000000004
decision_type=2 2 2 2 2 2 2 2 2 2 2 2 2 2 2 2 2 2 2
left_child=1 -1 3 -2 -4 6 15 -7 -3 10 -10 -9 -12 -13 -11 16 17 -6 -18
right_child=2 8 4 -5 5 7 -8 11 9 14 12 13 -14 -15 -16 -17 18 -19 -20
leaf_value=0.00043212574073348735 -2.1492284510961991e-05 -0.00011444749632876968 0.00024751067042719422 -0.00069496189598237208 1.8771649702860793e-05 0.00017188511299441177 -0.00030348023244117098 4.5564090348642297e-05 0.00014546289047575556 -9.511133189941273e-05 -4.1615245336779972e-05 -6.6808407857686024e-06 8.1772954833502848e-05 -0.00013516624916519505 -3.7121008101946373e-06 -1.9823981871013531e-05 1.1084988431197086e-05 -1.3622931269750435e-05 3.4115773751182132e-05
leaf_weight=28.800000071525574 33 36 36 22.200000047683716 24 38 26 38 25 30 37 33 23 20 35 25 22 31 20
leaf_count=27 33 36 36 21 24 38 26 38 25 30 37 33 23 20 35 25 22 31 20
internal_value=7.08508e-12 4.33866e-05 -2.53108e-05 -0.000292344 2.17827e-05 -7.55384e-06 -5.02141e-05 4.13897e-05 -1.68053e-05 6.62882e-06 4.67951e-05 -1.31028e-05 5.68356e-06 -5.51659e-05 -4.58964e-05 3.76061e-06 9.83911e-06 5.12886e-07 2.2052e-05
internal_weight=583 214.8 368.2 55.2 313 277 148 129 186 150 85 91 60 53 65 122 97 55 42
internal_count=580 213 367 54 313 277 148 129 186 150 85 91 60 53 65 122 97 55 42
is_linear=0
shrinkage=0.05


Tree=180
num_leaves=21
num_cat=1
split_feature=13 7 13 11 13 12 13 11 12 13 16 12 3 1 13 6 8 12 13 13
split_gain=0.000276497 0.000761026 0.00445498 0.00313731 0.00015051 0.000407023 0.000253292 0.000795952 0.000331843 8.86302e-05 7.95752e-05 6.65199e-05 5.89573e-05 4.93614e-05 3.41736e-05 3.26338e-05 2.51739e-05 1.91343e-05 1.68982e-05 1.36221e-05
threshold=2.5000000000000004 11.000000000000002 8.5000000000000018 31.000000000000004 9.5000000000000018 1.8826500000000002 13.500000000000002 37.500000000000007 1.7639000000000002 7.5000000000000009 1.0000000180025095e-35 1.5672500000000003 1.5000000000000002 42.000000000000007 4.5000000000000009 0 75.000000000000014 1.4907500000000002 8.5000000000000018 15.500000000000002
decision_type=2 2 2 2 2 2 2 2 2 2 2 2 2 2 2 1 2 2 2 2
left_child=-1 2 -2 -4 5 9 7 15 13 10 11 14 -12 19 -3 17 -17 -6 -11 -8
right_child=1 4 3 -5 6 -7 8 -9 -10 18 12 -13 -14 -15 -16 16 -18 -19 -20 -21
leaf_value=0.00013227456699029506 -0.00061083262016657473 -4.9140071267629541e-05 -0.00017321021709170554 0.00063001597474794842 -1.7875286024112333e-06 0.00020303433607166103 -6.9283539199171146e-05 -0.00033355455670971426 0.00016114351508291199 9.8124648450591072e-05 0.0001087090073269792 -0.00010316317161232292 -9.7707529112951669e-06 3.084812594253792e-05 2.8880207446491115e-05 -6.6488108950579777e-05 8.1265410299789493e-07 6.2768652829121998e-05 3.9566853739746548e-05 -1.8577269125111904e-05
leaf_weight=37 32.00000011920929 25 31 20 24 35 27 22 39 28 21 25 21 37 32 24 33 22 22 26
leaf_count=37 30 25 31 19 24 35 27 22 39 28 21 25 21 37 32 24 33 22 22 26
internal_value=-8.52957e-12 -8.96367e-06 -0.000148384 0.00014178 1.60295e-05 4.74567e-05 -9.82982e-06 -6.05527e-05 3.93203e-05 1.61624e-05 -6.49767e-06 -3.51636e-05 4.94691e-05 -1.34698e-05 -5.33921e-06 -2.24162e-06 -2.75245e-05 2.90872e-05 7.23592e-05 -4.44088e-05
internal_weight=583 546 83 51 463 209 254 125 129 174 124 82 42 90 57 103 57 46 50 53
internal_count=580 543 80 50 463 209 254 125 129 174 124 82 42 90 57 103 57 46 50 53
cat_boundaries=0 1
cat_threshold=4
is_linear=0
shrinkage=0.05


Tree=181
num_leaves=22
num_cat=1
split_feature=13 13 15 12 13 11 7 11 13 11 13 12 13 13 14 11 13 8 0 12 13
split_gain=0.0002543 0.00305859 0.00303417 0.00444979 0.00191073 0.00480535 0.00134762 0.00281496 0.000326436 0.000434126 0.000189302 0.000689315 0.000331364 8.61628e-05 5.07375e-05 6.50833e-05 3.55639e-05 6.39788e-06 5.18521e-06 2.97401e-06 2.11126e-06
threshold=5.5000000000000009 6.5000000000000009 2.5000000000000004 1.5672500000000003 4.5000000000000009 37.500000000000007 11.000000000000002 31.000000000000004 8.5000000000000018 37.500000000000007 13.500000000000002 1.8513000000000004 14.500000000000002 7.5000000000000009 2.5000000000000004 31.000000000000004 2.5000000000000004 110.00000000000001 0 1.4907500000000002 11.500000000000002
decision_type=2 2 2 2 2 2 2 2 2 2 2 2 2 2 2 2 2 2 1 2 2
left_child=2 -2 3 -1 5 16 7 -3 9 13 11 17 -12 -8 -14 -16 -4 18 19 -10 -20
right_child=1 6 4 -5 -6 -7 8 -9 10 -11 12 -13 14 -15 15 -17 -18 -19 20 -21 -22
leaf_value=7.8669571931558579e-05 0.00046716305016681356 2.6613142580498715e-05 -7.6090794365362468e-05 -0.00094913157536023317 -0.00027835764507610681 0.00088404929188982354 -3.3107642942316791e-05 -0.00068556648208797466 -1.9553926077523185e-06 0.00031068150201463141 0.00016136424329536234 -0.00027925337806384334 -6.3926225645142651e-05 9.7097294282219885e-05 -2.7673394813771466e-05 8.1484720629470587e-05 7.6483039208596892e-06 2.7442857901860408e-05 -4.3865952951212726e-07 -2.8595703097380467e-05 1.9027832814362441e-05
leaf_weight=22 35 37 21 20.200000047683716 25.600000023841858 20 24 22.200000047683716 22 20 38 26 33 27 36 22 32 24 30 20 26
leaf_count=22 35 37 21 19 25 20 24 21 22 20 38 26 33 27 36 22 32 24 30 20 26
internal_value=3.25039e-12 1.86338e-05 -5.85217e-05 -0.000413311 9.33252e-05 0.000223669 -1.99186e-05 -0.000240454 1.75978e-05 0.000113249 -6.91924e-06 -4.5509e-05 3.73542e-05 3.58244e-05 -1.44302e-05 1.37314e-05 -2.55313e-05 4.30541e-06 -1.36091e-06 -1.46413e-05 8.59935e-06
internal_weight=583 442.2 140.8 42.2 98.6 73 407.2 59.2 348 71 277 148 129 51 91 58 53 122 98 42 56
internal_count=580 441 139 41 98 73 406 58 348 71 277 148 129 51 91 58 53 122 98 42 56
cat_boundaries=0 1
cat_threshold=1
is_linear=0
shrinkage=0.05


Tree=182
num_leaves=23
num_cat=2
split_feature=13 13 1 6 14 7 15 12 13 7 15 12 4 4 13 12 13 0 13 13 15 12
split_gain=0.000233824 0.00125955 0.00207451 0.000919607 0.000776124 0.00291149 0.000625665 0.00294765 0.00145299 0.00615355 0.0045234 0.00046468 0.000142716 8.41497e-05 6.4609e-05 4.91056e-05 4.815e-05 4.48192e-05 4.03534e-05 2.90852e-05 1.48903e-05 8.33246e-06
threshold=14.500000000000002 13.500000000000002 42.000000000000007 0 4.5000000000000009 11.000000000000002 3.5000000000000004 1.8826500000000002 4.5000000000000009 11.000000000000002 2.5000000000000004 1.8826500000000002 79.500000000000014 42.500000000000007 6.5000000000000009 1.3794500000000001 4.5000000000000009 1 7.5000000000000009 9.5000000000000018 2.5000000000000004 1.4372000000000003
decision_type=2 2 2 1 2 2 2 2 2 2 2 2 2 2 2 2 2 1 2 2 2 2
left_child=1 4 -3 -2 6 -6 8 12 10 -10 -1 18 14 -5 -8 -15 -7 -18 20 -20 -11 -21
right_child=3 2 -4 13 5 16 7 -9 9 11 -12 -13 -14 15 -16 -17 17 -19 19 21 -22 -23
leaf_value=-0.00066274392936564513 0.000363503562610796 0.00010361749307776336 -0.00058853241675902617 5.1362530828353361e-05 0.00064734644637805012 -6.9861459708893877e-05 -8.4911586936169237e-05 -0.00062356165638649693 0.00084724276647741507 -6.2233008859493568e-05 0.00023486550118581489 -0.0002486225409666076 0.00012600186420881767 -5.1629853866567526e-06 1.793719324317912e-05 -0.00010710766547985952 -3.569509614922224e-05 5.8503444038901113e-05 7.3223423644846593e-05 -5.9230722971343706e-06 -1.2200363926240245e-06 2.9987197934436456e-05
leaf_weight=27.200000047683716 21 20 23.600000023841858 36 21.600000023841858 24 26 23.200000047683716 23.399999976158142 20 29 20 21 27 37 21 23 28 26 35 20 30
leaf_count=26 21 20 23 36 21 24 26 23 23 20 29 20 21 27 37 21 23 28 26 35 20 30
internal_value=2.09188e-12 -1.48409e-05 -0.000271032 6.75616e-05 1.08726e-05 0.00013585 -2.4867e-05 -0.00012467 2.15288e-05 9.27757e-05 -0.000199565 -2.41417e-05 1.31192e-05 -6.42393e-06 -2.45083e-05 -4.97638e-05 -1.14609e-05 1.60217e-05 1.01302e-05 2.85288e-05 -3.17265e-05 1.06509e-05
internal_weight=583 478 43.6 105 434.4 96.6 337.8 107.2 230.6 174.4 56.2 151 84 84 63 48 75 51 131 91 40 65
internal_count=580 475 43 105 432 96 336 107 229 174 55 151 84 84 63 48 75 51 131 91 40 65
cat_boundaries=0 1 2
cat_threshold=2 1
is_linear=0
shrinkage=0.05


Tree=183
num_leaves=23
num_cat=4
split_feature=13 7 13 11 13 13 6 6 11 15 13 13 11 14 6 14 13 4 4 8 3 6
split_gain=0.000248983 0.00202425 0.00196199 0.000630252 0.00643114 0.000520518 0.00198131 0.000749714 0.000178984 0.000109423 0.000360045 0.00011067 0.000129859 7.32647e-05 6.30261e-05 3.79459e-05 2.1575e-05 2.61258e-05 2.37932e-05 1.88911e-05 1.47253e-05 1.10175e-05
threshold=7.5000000000000009 11.000000000000002 8.5000000000000018 37.500000000000007 13.500000000000002 13.500000000000002 0 1 38.500000000000007 2.5000000000000004 4.5000000000000009 3.5000000000000004 34.500000000000007 4.5000000000000009 2 3.5000000000000004 11.500000000000002 44.000000000000007 41.000000000000007 75.000000000000014 1.5000000000000002 3
decision_type=2 2 2 2 2 2 1 1 2 2 2 2 2 2 1 2 2 2 2 2 2 1
left_child=1 -1 -2 5 -5 6 -4 -7 9 10 -3 21 14 15 -13 19 18 -18 -8 -9 -20 -11
right_child=2 8 3 4 -6 7 16 13 -10 11 -12 12 -14 -15 -16 -17 17 -19 20 -21 -22 -23
leaf_value=0.00043285314731820123 -0.00035464275945426381 0.00020969757094027719 -0.00047787034698278433 0.00057200982143408281 -0.00046888419771478262 0.00029552538254882588 -5.3931582331880127e-05 -3.8941759511054932e-05 -0.00012521641427269971 -6.1150634373916552e-05 -6.7141747560602505e-05 3.4497606256558185e-05 0.00012325034935201985 7.1577785021635583e-05 -8.3000169994193132e-05 -8.7461330050635824e-05 7.4729782900249129e-05 -1.9403178739594298e-06 4.0686259308131414e-05 2.0245676091690259e-05 -1.5486895345670099e-05 -0.00011300416644232991
leaf_weight=28.800000071525574 40.200000047683716 23 26 37.399999976158142 24.600000023841858 26 23 26 32 20 24 21 20 23 25 21 20 25 20 28 28 21
leaf_count=27 40 23 26 37 24 26 23 26 32 20 24 21 20 23 25 21 20 25 20 28 28 21
internal_value=-7.46917e-12 4.27804e-05 -2.49572e-05 1.54494e-05 0.00015901 -1.80121e-05 -8.33724e-05 5.68359e-05 -1.76179e-05 4.74022e-06 6.83328e-05 -2.3193e-05 1.68856e-05 -6.48985e-06 -2.93599e-05 -3.04306e-05 5.0496e-06 3.21353e-05 -1.21174e-05 -8.25198e-06 7.91859e-06 -8.77098e-05
internal_weight=583 214.8 368.2 328 62 266 142 124 186 154 47 107 66 98 46 75 116 45 71 54 48 41
internal_count=580 213 367 327 61 266 142 124 186 154 47 107 66 98 46 75 116 45 71 54 48 41
cat_boundaries=0 1 2 3 4
cat_threshold=2 2 4 4
is_linear=0
shrinkage=0.05


Tree=184
num_leaves=21
num_cat=2
split_feature=13 7 13 11 13 13 13 11 11 13 15 13 0 13 12 8 4 11 0 4
split_gain=0.000247797 0.00081527 0.00412969 0.0030912 0.000149853 0.000643969 0.000214212 0.000759573 0.000380144 0.000165933 0.000180704 9.68782e-05 8.7844e-05 7.26761e-05 3.5684e-05 3.29517e-05 3.57533e-05 2.73196e-05 1.51462e-05 2.43719e-06
threshold=2.5000000000000004 11.000000000000002 8.5000000000000018 31.000000000000004 8.5000000000000018 7.5000000000000009 13.500000000000002 37.500000000000007 37.500000000000007 5.5000000000000009 2.5000000000000004 14.500000000000002 0 6.5000000000000009 1.5672500000000003 75.000000000000014 76.000000000000014 21.000000000000004 1 86.500000000000014
decision_type=2 2 2 2 2 2 2 2 2 2 2 2 1 2 2 2 2 2 1 2
left_child=-1 2 -2 -4 5 9 7 15 11 10 -3 -8 -12 -11 18 17 -17 -6 -13 -18
right_child=1 4 3 -5 6 -7 8 -9 -10 13 12 14 -14 -15 -16 16 19 -19 -20 -21
leaf_value=0.00012522163693771488 -0.00059803459848849379 0.00016544651240110397 -0.00018608635591883815 0.00061121542763430635 1.5889936174804271e-06 0.00024200293644551291 7.9175187769461424e-05 -0.0002982268959458452 0.00024154698272468522 -0.00011072481480368879 -5.1144757765086983e-05 -3.5579108225647363e-05 7.012367111331384e-05 -4.6706547462755618e-06 -7.7610210016997456e-05 7.8647659804277208e-05 1.313965395162259e-05 -7.060726511554094e-05 1.7980111552980927e-05 -1.0949427165011609e-05
leaf_weight=37 32.00000011920929 25 31 20 38 36 31 25 20 30 32 22 28 35 23 23 21 20 33 21
leaf_count=37 30 25 31 19 38 36 31 25 20 30 32 22 28 35 23 23 21 20 33 21
internal_value=8.70094e-13 -8.48571e-06 -0.000152789 0.000126581 1.73829e-05 5.20961e-05 -5.92638e-06 -4.69767e-05 4.11701e-05 6.51851e-06 5.25058e-05 4.40366e-06 5.44718e-06 -5.36187e-05 -2.53132e-05 4.09047e-06 2.85368e-05 -2.33063e-05 -3.44358e-06 1.09511e-06
internal_weight=583 546 83 51 463 186 277 148 129 150 85 109 60 65 78 123 65 58 55 42
internal_count=580 543 80 50 463 186 277 148 129 150 85 109 60 65 78 123 65 58 55 42
cat_boundaries=0 1 2
cat_threshold=1 1
is_linear=0
shrinkage=0.05


Tree=185
num_leaves=20
num_cat=4
split_feature=13 7 13 15 11 7 14 11 11 13 13 15 10 0 13 6 13 10 1
split_gain=0.000253953 0.00209311 0.00184168 0.000566221 0.00245136 0.000778406 0.000264553 0.000538366 0.000338181 0.000184626 0.000149754 0.000163086 0.000114811 7.92792e-05 6.55901e-05 5.58341e-05 1.7811e-05 6.85544e-06 5.44364e-06
threshold=7.5000000000000009 11.000000000000002 8.5000000000000018 3.5000000000000004 37.500000000000007 11.000000000000002 3.5000000000000004 36.000000000000007 36.000000000000007 2.5000000000000004 5.5000000000000009 2.5000000000000004 0 1 6.5000000000000009 2 13.500000000000002 3 42.000000000000007
decision_type=2 2 2 2 2 2 2 2 2 2 2 2 1 1 2 1 2 1 2
left_child=1 -1 -2 5 12 -4 8 17 16 -3 11 -11 -5 -13 -12 -14 18 -8 -7
right_child=2 9 3 4 -6 6 7 -9 -10 10 14 13 15 -15 -16 -17 -18 -19 -20
leaf_value=0.00043985697278206369 -0.00034462256535271066 -0.0001198960874413994 -0.00022919153721886687 6.3638705808746941e-05 0.00060851569760416173 9.0412925241198735e-06 3.0016539883283917e-05 0.00030734995612874627 -0.0001984493094496429 0.0001571741871593986 -0.000105188572924817 -4.8587518483600435e-05 1.7604148888494818e-06 6.6617486975571551e-05 -4.4371208709240561e-06 -0.00010846245193668573 3.7290297101814461e-05 -5.0554320978335454e-06 -2.406068639823355e-05
leaf_weight=28.800000071525574 40.200000047683716 36 40 30 20 23 22 20 25 25 30 32 20 28 35 27 36 38 27
leaf_count=27 40 36 39 30 20 23 22 20 25 25 30 32 20 28 35 27 36 38 27
internal_value=5.70973e-12 4.32053e-05 -2.52051e-05 1.39431e-05 0.000115322 -2.86272e-05 1.33758e-05 8.26907e-05 -3.65808e-05 -1.82117e-05 6.19258e-06 4.98805e-05 -1.27807e-05 5.17482e-06 -5.09378e-05 -6.15591e-05 1.0474e-05 7.80429e-06 -8.83378e-06
internal_weight=583 214.8 368.2 328 97 231 191 80 111 186 150 85 77 60 65 47 86 60 50
internal_count=580 213 367 327 97 230 191 80 111 186 150 85 77 60 65 47 86 60 50
cat_boundaries=0 1 2 3 4
cat_threshold=1 1 1 1
is_linear=0
shrinkage=0.05


Tree=186
num_leaves=20
num_cat=1
split_feature=13 7 13 11 13 13 13 11 13 13 15 4 11 0 13 8 4 11 4
split_gain=0.000243766 0.000760294 0.00398194 0.00271851 0.000161275 0.000675895 0.00018839 0.000729706 0.000331625 0.000135153 0.000147185 8.30421e-05 7.54574e-05 7.15495e-05 5.91951e-05 2.78153e-05 3.1296e-05 2.47198e-05 2.09861e-06
threshold=2.5000000000000004 11.000000000000002 8.5000000000000018 31.000000000000004 8.5000000000000018 7.5000000000000009 13.500000000000002 37.500000000000007 14.500000000000002 5.5000000000000009 2.5000000000000004 42.500000000000007 34.500000000000007 0 6.5000000000000009 75.000000000000014 76.000000000000014 21.000000000000004 86.500000000000014
decision_type=2 2 2 2 2 2 2 2 2 2 2 2 2 1 2 2 2 2 2
left_child=-1 2 -2 -4 5 9 7 15 -8 10 -3 -10 -13 -12 -11 17 -17 -6 -18
right_child=1 4 3 -5 6 -7 8 -9 11 14 13 12 -14 -15 -16 16 18 -19 -20
leaf_value=0.00012419894975037834 -0.00058497761911342576 0.00014931547452579254 -0.00016665652905020021 0.00058103911578655243 2.4498879539398905e-06 0.00024713391996758423 0.00016060902445659802 -0.00029237411622307265 4.1153848393916735e-05 -9.9929145702238508e-05 -4.6158142666286039e-05 -9.2532800601585435e-06 -0.00013233312143711372 6.3286612657975638e-05 -4.2152620049559376e-06 7.3283583048538753e-05 1.1902733119010617e-05 -6.6225214718542707e-05 -1.0450547800982827e-05
leaf_weight=37 32.00000011920929 25 31 20 38 36 38 25 38 30 32 33 20 28 35 23 21 20 21
leaf_count=37 30 25 31 19 38 36 38 25 38 30 32 33 20 28 35 23 21 20 21
internal_value=-5.92435e-12 -8.41642e-06 -0.000147769 0.000126557 1.65648e-05 5.25767e-05 -7.61652e-06 -4.61131e-05 3.65501e-05 5.88295e-06 4.73865e-05 -1.52547e-05 -5.56985e-05 4.91608e-06 -4.83909e-05 3.93992e-06 2.64003e-05 -2.12312e-05 7.26093e-07
internal_weight=583 546 83 51 463 186 277 148 129 150 85 91 53 60 65 123 65 58 42
internal_count=580 543 80 50 463 186 277 148 129 150 85 91 53 60 65 123 65 58 42
cat_boundaries=0 1
cat_threshold=1
is_linear=0
shrinkage=0.05


Tree=187
num_leaves=21
num_cat=1
split_feature=13 7 7 11 13 12 13 11 12 13 13 6 11 1 8 4 12 11 13 4
split_gain=0.000258086 0.00215343 0.0017678 0.00268773 0.000746406 0.000197725 0.000170022 0.00065856 0.000328365 9.53361e-05 0.000234531 6.12974e-05 6.92755e-05 4.69462e-05 2.51033e-05 2.82446e-05 2.38756e-05 2.23096e-05 1.7833e-05 1.894e-06
threshold=7.5000000000000009 11.000000000000002 11.000000000000002 31.000000000000004 8.5000000000000018 1.9246000000000001 13.500000000000002 37.500000000000007 1.7639000000000002 3.5000000000000004 4.5000000000000009 0 21.000000000000004 42.000000000000007 75.000000000000014 76.000000000000014 1.4035500000000003 21.000000000000004 15.500000000000002 86.500000000000014
decision_type=2 2 2 2 2 2 2 2 2 2 2 1 2 2 2 2 2 2 2 2
left_child=1 -1 3 -2 -4 9 7 14 13 16 -11 -12 -13 18 17 -16 -3 -6 -8 -17
right_child=2 5 4 -5 6 -7 8 -9 -10 10 11 12 -14 -15 15 19 -18 -19 -20 -21
leaf_value=0.00044588166030351127 -1.3088045472448522e-07 -1.3953760369006958e-05 0.00023477722546279744 -0.00071167036620658727 2.3273936820164397e-06 -0.00014384143134722966 -7.6423542439577573e-05 -0.00027775541602750311 0.00015590584154825851 0.00017195994314533891 4.120602870898438e-05 1.0284080538743486e-05 -0.00011406735244842519 2.5430027109315554e-05 6.9619405542692661e-05 1.1307596096663648e-05 -7.8924334429170682e-05 -6.2913952933740799e-05 -1.840704399438227e-05 -9.9280206043095832e-06
leaf_weight=28.800000071525574 33 26 36 22.200000047683716 38 27 27 25 39 23 34 24 21 37 23 21 31 20 26 21
leaf_count=27 33 26 36 21 38 27 27 25 39 23 34 24 21 37 23 21 31 20 26 21
internal_value=1.90452e-12 4.35554e-05 -2.54093e-05 -0.000286294 2.05997e-05 -1.87402e-05 -7.23569e-06 -4.38075e-05 3.47226e-05 2.50337e-06 3.1446e-05 -9.46318e-06 -4.77466e-05 -1.77901e-05 3.74292e-06 2.50803e-05 -4.92886e-05 -2.01696e-05 -4.79626e-05 6.89788e-07
internal_weight=583 214.8 368.2 55.2 313 186 277 148 129 159 102 79 45 90 123 65 57 58 53 42
internal_count=580 213 367 54 313 186 277 148 129 159 102 79 45 90 123 65 57 58 53 42
cat_boundaries=0 1
cat_threshold=1
is_linear=0
shrinkage=0.05


Tree=188
num_leaves=22
num_cat=4
split_feature=13 13 15 12 13 10 13 11 12 13 13 13 6 6 11 11 4 10 8 4 13
split_gain=0.000249796 0.00291179 0.00273893 0.00387194 0.00173231 0.00439169 0.00078932 0.00717316 0.000616759 0.00551584 0.000313288 0.000242508 0.00149535 0.000738921 0.000149239 0.000103834 2.93855e-05 3.06648e-05 8.98712e-06 8.27934e-06 2.15162e-06
threshold=5.5000000000000009 6.5000000000000009 2.5000000000000004 1.5672500000000003 4.5000000000000009 0 8.5000000000000018 37.500000000000007 1.8826500000000002 13.500000000000002 7.5000000000000009 13.500000000000002 1 2 34.500000000000007 34.500000000000007 82.500000000000014 3 75.000000000000014 41.000000000000007 11.500000000000002
decision_type=2 2 2 2 2 1 2 2 2 2 2 2 1 1 2 2 2 1 2 2 2
left_child=2 -2 3 -1 5 -4 7 10 11 -10 -3 12 -8 -13 -7 19 17 -15 -19 -14 -21
right_child=1 6 4 -5 -6 14 8 -9 9 -11 -12 13 15 16 -16 -17 -18 18 -20 20 -22
leaf_value=6.383826965413227e-05 0.00045610116967249534 1.6852746011863928e-05 0.00067467700234071046 -0.00089490781167731728 -0.00026763480773383158 -2.6690034634236289e-05 -0.00037373875546715382 -0.00092328601243218803 0.00059429516029247916 -0.00044376362999640971 0.00025133045020428934 0.000267752105476878 2.1778329920057481e-05 -2.2333152951285876e-06 -0.00021344260223486343 0.00012542549084173515 2.5548513988161135e-05 -4.0431531788271973e-05 -8.4315602284082818e-05 -1.6834087965840184e-05 1.4333785657072441e-06
leaf_weight=22 35 28 30 20.200000047683716 25.600000023841858 23 30 22.200000047683716 31.399999976158142 21.600000023841858 29 27 31 31 20 20 21 20 28 40 27
leaf_count=22 35 28 30 19 25 23 30 22 31 21 29 27 31 31 20 20 21 20 28 40 27
internal_value=6.26489e-12 1.8468e-05 -5.80011e-05 -0.000395088 8.62691e-05 0.000210378 -1.91478e-05 -0.000160814 1.50595e-05 0.000171237 0.000136148 -1.50402e-05 -5.8535e-05 3.56467e-05 -0.000113552 2.16015e-05 -2.70218e-05 -4.09962e-05 -6.60306e-05 4.12918e-07 -9.47257e-06
internal_weight=583 442.2 140.8 42.2 98.6 73 407.2 79.2 328 53 57 275 148 127 43 118 100 79 48 98 67
internal_count=580 441 139 41 98 73 406 79 327 52 57 275 148 127 43 118 100 79 48 98 67
cat_boundaries=0 1 2 3 4
cat_threshold=4 2 2 2
is_linear=0
shrinkage=0.05


Tree=189
num_leaves=21
num_cat=3
split_feature=13 13 13 10 15 12 13 11 12 13 13 6 6 13 11 13 15 4 4 13
split_gain=0.000237894 0.00179991 0.00153559 0.00684189 0.00247188 0.00349443 0.00156341 0.00440905 0.000556625 0.00497804 0.000218863 0.00134956 0.000666876 0.0002177 9.37106e-05 2.91376e-05 2.67432e-05 2.59636e-05 7.4721e-06 1.94184e-06
threshold=7.5000000000000009 8.5000000000000018 5.5000000000000009 0 2.5000000000000004 1.5672500000000003 4.5000000000000009 37.500000000000007 1.8826500000000002 13.500000000000002 13.500000000000002 1 2 6.5000000000000009 34.500000000000007 2.5000000000000004 3.5000000000000004 44.000000000000007 41.000000000000007 11.500000000000002
decision_type=2 2 2 1 2 2 2 2 2 2 2 1 1 2 2 2 2 2 2 2
left_child=2 -2 4 -4 5 -1 7 15 10 -10 11 -3 -12 -5 18 -6 17 -14 -13 -20
right_child=1 8 3 13 6 -7 -8 -9 9 -11 12 14 16 -15 -16 -17 -18 -19 19 -21
leaf_value=6.0646356657591903e-05 -0.00034016967978679595 -0.00035505181333671016 0.0010162174957804382 -0.00018291910352633315 -8.4608112939306358e-05 -0.00085016253239939368 -0.00025425304067052361 0.00083242217748193082 0.00056458040087784152 -0.00042157551171657644 0.00025436449936090932 2.0689412896547679e-05 -3.8472513364412768e-05 2.0106723041540283e-05 0.00011915421382582282 -8.8114205368583501e-06 -6.1696135361778617e-05 2.4248153975790819e-05 -1.599238366878808e-05 1.3617100598316434e-06
leaf_weight=22 40.200000047683716 30 20 23 21 20.200000047683716 25.600000023841858 20 31.399999976158142 21.600000023841858 27 31 33 31 20 32 34 33 40 27
leaf_count=22 40 30 20 23 21 19 25 20 31 21 27 31 33 31 20 32 34 33 40 27
internal_value=-1.09301e-12 -2.43951e-05 4.1817e-05 0.000226223 -5.51011e-05 -0.000375333 8.19557e-05 0.000199859 1.43065e-05 0.000162675 -1.42882e-05 -5.56083e-05 3.38643e-05 -6.63672e-05 2.05214e-05 -3.88441e-05 -2.56707e-05 -7.11218e-06 3.92272e-07 -8.99894e-06
internal_weight=583 368.2 214.8 74 140.8 42.2 98.6 73 328 53 275 148 127 54 118 53 100 66 98 67
internal_count=580 367 213 74 139 41 98 73 327 52 275 148 127 54 118 53 100 66 98 67
cat_boundaries=0 1 2 3
cat_threshold=4 2 2
is_linear=0
shrinkage=0.05


Tree=190
num_leaves=22
num_cat=3
split_feature=13 13 1 6 14 7 13 15 13 12 7 10 13 12 12 4 10 8 12 12 12
split_gain=0.000225495 0.00119853 0.00190865 0.000699875 0.000683922 0.00299076 0.00060354 0.00355142 0.00264938 0.00367294 0.00317976 0.00129245 0.000606228 0.000729624 0.000417517 9.84495e-05 5.54682e-05 4.86832e-05 4.05541e-05 8.13595e-06 8.24129e-06
threshold=14.500000000000002 13.500000000000002 42.000000000000007 0 4.5000000000000009 11.000000000000002 4.5000000000000009 2.5000000000000004 6.5000000000000009 1.7639000000000002 11.000000000000002 1 8.5000000000000018 1.7639000000000002 1.8513000000000004 42.500000000000007 2 65.000000000000014 1.3794500000000001 1.4372000000000003 1.3423500000000002
decision_type=2 2 2 1 2 2 2 2 2 2 2 1 2 2 2 2 1 2 2 2 2
left_child=1 4 -3 -2 6 -6 7 -1 9 -8 -10 -9 14 19 -12 -5 -7 -18 -17 20 -14
right_child=3 2 -4 15 5 16 8 11 10 -11 12 -13 13 -15 -16 18 17 -19 -20 -21 -22
leaf_value=-0.00060726738541453914 0.00032452308195864875 9.4878113013692204e-05 -0.00056902656443862684 6.4307154639209335e-05 0.00064624116967105496 2.8370025734147931e-05 8.8299543676839676e-07 0.00037752951947091473 -0.00056574776695770797 0.00086463365689269276 4.3654790081349444e-05 -0.00012065410582787688 1.3212194869883013e-05 -0.00029456120959366674 0.00032018384718824006 -4.5428178021177672e-06 -6.5902716414711911e-06 -0.00011302236269416642 -9.7186687552104037e-05 2.7493631111945814e-05 -2.6295393532067961e-05
leaf_weight=27.200000047683716 21 20 23.600000023841858 36 21.600000023841858 32 32 23 27.600000023841858 20 39 30 33 25 21 27 22 21 21 38 22
leaf_count=26 21 20 23 36 21 32 32 23 27 20 39 30 33 25 21 27 22 21 21 38 22
internal_value=-3.09337e-12 -1.45742e-05 -0.000264483 6.63473e-05 1.05087e-05 0.000127828 -2.30408e-05 -0.000142819 1.42505e-05 0.000333095 -6.63911e-05 9.55388e-05 1.10372e-05 -5.47607e-05 0.00014044 1.80335e-06 -2.14749e-05 -5.85687e-05 -4.50745e-05 9.70174e-06 -2.59084e-06
internal_weight=583 478 43.6 105 434.4 96.6 337.8 80.2 257.6 52 205.6 53 178 118 60 84 75 43 48 93 55
internal_count=580 475 43 105 432 96 336 79 257 52 205 53 178 118 60 84 75 43 48 93 55
cat_boundaries=0 1 2 3
cat_threshold=2 4 1
is_linear=0
shrinkage=0.05


Tree=191
num_leaves=22
num_cat=2
split_feature=13 13 11 13 6 12 13 13 12 13 7 15 15 13 11 4 4 14 11 11 6
split_gain=0.000203509 0.00108167 0.00188119 0.000666982 0.000631637 0.000384943 0.000531414 0.00074998 0.00500047 0.00327826 0.00173411 0.000459406 0.00020731 0.000122638 0.000178373 8.88507e-05 7.84903e-05 4.76603e-05 4.48389e-05 3.53151e-05 9.66963e-06
threshold=14.500000000000002 13.500000000000002 31.000000000000004 12.500000000000002 0 1.9246000000000001 2.5000000000000004 5.5000000000000009 1.8099500000000004 6.5000000000000009 11.000000000000002 3.5000000000000004 2.5000000000000004 9.5000000000000018 36.000000000000007 42.500000000000007 42.500000000000007 3.5000000000000004 31.000000000000004 31.000000000000004 1
decision_type=2 2 2 2 1 2 2 2 2 2 2 2 2 2 2 2 2 2 2 2 1
left_child=1 3 -3 5 -2 6 -1 8 12 -9 -11 -7 -8 14 20 -6 -15 -14 -17 -18 -12
right_child=4 2 -4 -5 15 11 7 9 -10 10 13 -13 17 16 -16 18 19 -19 -20 -21 -22
leaf_value=0.00020708114297444665 0.00030829692370302624 7.4171650075269025e-05 -0.00058271606323498826 0.00021927508715764688 6.1091795165187562e-05 -0.0002829989883279128 0.0001873462959058368 0.0005168232528376393 -0.00079179012892436782 -0.00036341556820349241 5.0696604909677745e-06 3.5747665970120578e-05 5.6769941564501407e-05 -7.3894291985254776e-05 0.00019938624358300808 3.5314812848810107e-06 -7.4156998145495418e-06 -4.7739126475789821e-05 -9.3203688020762266e-05 7.7803867579859801e-05 4.5946248624554406e-05
leaf_weight=31 21 22 21.600000023841858 35 36 26 26 31 21.800000071525574 33.600000023841858 23 20 24 32 21 25 31 20 23 20 39
leaf_count=31 21 22 21 35 36 26 26 31 20 33 23 20 24 32 21 25 31 20 23 20 39
internal_value=-4.10357e-12 -1.38455e-05 -0.000251259 9.9833e-06 6.30299e-05 -8.35724e-06 9.3524e-06 -9.65998e-06 -0.000130526 3.8456e-05 -3.58395e-05 -0.000144413 7.541e-05 3.0465e-05 7.34412e-05 1.71318e-06 -1.25112e-05 9.26582e-06 -4.28208e-05 2.60037e-05 3.07824e-05
internal_weight=583 478 43.6 434.4 105 399.4 353.4 322.4 91.8 230.6 199.6 46 70 166 83 84 83 44 48 51 62
internal_count=580 475 43 432 105 397 351 320 90 230 199 46 70 166 83 84 83 44 48 51 62
cat_boundaries=0 1 2
cat_threshold=2 1
is_linear=0
shrinkage=0.05


Tree=192
num_leaves=23
num_cat=5
split_feature=13 13 4 14 7 15 13 10 13 7 13 6 13 4 0 4 13 0 13 10 8 4
split_gain=0.000183667 0.000976208 0.00182688 0.000639786 0.00288303 0.000663115 0.00267996 0.00689126 0.00118917 0.00575626 0.00383604 0.000570052 0.000208256 0.000119452 0.000253689 8.01877e-05 5.9639e-05 6.08954e-05 4.87699e-05 4.73595e-05 3.81871e-05 2.67791e-05
threshold=14.500000000000002 13.500000000000002 42.500000000000007 4.5000000000000009 11.000000000000002 3.5000000000000004 8.5000000000000018 0 4.5000000000000009 11.000000000000002 3.5000000000000004 1 6.5000000000000009 41.000000000000007 2 42.500000000000007 6.5000000000000009 3 9.5000000000000018 4 65.000000000000014 76.000000000000014
decision_type=2 2 2 2 2 2 2 1 2 2 2 1 2 2 1 2 2 1 2 1 2 2
left_child=1 3 -3 5 -5 8 7 -7 10 -10 -1 -2 -9 14 -11 -13 -15 18 -18 -6 -21 -17
right_child=11 2 -4 4 19 6 -8 12 9 13 -12 15 -14 16 -16 21 17 -19 -20 20 -22 -23
leaf_value=0.00018401549377813355 0.00029288207879289984 -0.00058068483051303544 6.7607090853055959e-05 0.00063194551206875954 2.2423281757255611e-05 -0.0010369720570063995 0.00021165204114750901 -6.6780675188056189e-05 0.000818959705552109 -0.00020425547755470084 -0.0006502366511280716 5.8037206908857628e-05 0.0001441484911166216 -6.7527146304547354e-05 2.1175638217895402e-05 -7.9615966704137546e-05 0.00012191319340804085 -2.7695575878286977e-05 2.0421641064440966e-05 -1.1874457777594217e-05 -0.00010613758112456361 -4.8584242213109979e-06
leaf_weight=32 21 20.600000023841858 23 21.600000023841858 32 22.200000047683716 38 25 23.399999976158142 24 24.200000047683716 36 22 21 26 23 20 31 29 22 21 25
leaf_count=32 21 20 23 21 32 22 38 25 23 24 23 36 22 21 26 23 20 31 29 22 21 25
internal_value=-1.73012e-12 -1.31532e-05 -0.000238696 9.48413e-06 0.000122955 -2.29649e-05 -0.000125711 -0.000310969 2.47993e-05 8.92543e-05 -0.000175218 5.98784e-05 3.19521e-05 -2.38259e-05 -8.70313e-05 1.62752e-06 7.46395e-06 2.71491e-05 6.18468e-05 -2.36344e-05 -5.79099e-05 -4.06797e-05
internal_weight=583 478 43.6 434.4 96.6 337.8 107.2 69.2 230.6 174.4 56.2 105 47 151 50 84 101 80 49 75 43 48
internal_count=580 475 43 432 96 336 107 69 229 174 55 105 47 151 50 84 101 80 49 75 43 48
cat_boundaries=0 1 2 3 4 5
cat_threshold=4 2 1 1 1
is_linear=0
shrinkage=0.05


Tree=193
num_leaves=21
num_cat=0
split_feature=13 7 7 11 13 13 12 12 13 13 15 13 13 11 15 1 13 12 12 11
split_gain=0.000208092 0.00204533 0.00172651 0.00228283 0.000719385 0.000241979 0.000725896 0.000468532 0.00019132 0.000266102 0.000205248 0.000142226 8.48242e-05 6.35772e-05 5.60355e-05 3.16215e-05 7.90554e-06 7.19504e-06 6.49171e-06 2.75232e-06
threshold=7.5000000000000009 11.000000000000002 11.000000000000002 31.000000000000004 8.5000000000000018 13.500000000000002 1.8513000000000004 1.7639000000000002 2.5000000000000004 5.5000000000000009 2.5000000000000004 6.5000000000000009 4.5000000000000009 25.500000000000004 3.5000000000000004 42.000000000000007 12.500000000000002 1.4372000000000003 1.3423500000000002 23.000000000000004
decision_type=2 2 2 2 2 2 2 2 2 2 2 2 2 2 2 2 2 2 2 2
left_child=1 -1 3 -2 -4 6 16 14 -3 10 -10 -11 13 -12 15 -7 17 18 -6 -19
right_child=2 8 4 -5 5 7 -8 -9 9 11 12 -13 -14 -15 -16 -17 -18 19 -20 -21
leaf_value=0.00043120775266719432 -1.6907090585763482e-05 -0.00012511312595443592 0.00023291761493358842 -0.00067266410592404765 1.4244889256685515e-05 -1.6852159834732967e-05 -0.00028817065478786111 0.00019013658888396981 0.00018184396048309283 -0.0001528015607133663 -9.3749402039975394e-05 -4.4400369629978996e-06 9.5400112350034767e-05 3.2323163104592822e-05 -6.9197065154598522e-05 5.964642985997092e-05 -2.2256086002016674e-05 1.2655864545443118e-05 -2.0116442680807303e-05 3.8284038882920871e-05
leaf_weight=28.800000071525574 33 36 36 22.200000047683716 28 35 26 39 25 30 20 35 20 20 33 22 25 22 27 20
leaf_count=27 33 36 36 21 28 35 26 39 25 30 20 35 20 20 33 22 25 22 27 20
internal_value=-1.11105e-12 3.91101e-05 -2.2816e-05 -0.000280635 2.26525e-05 -4.67436e-06 -4.83042e-05 4.53815e-05 -2.16019e-05 3.24086e-06 6.14774e-05 -7.29146e-05 1.13246e-05 -3.07131e-05 -1.73456e-05 1.26736e-05 2.81492e-06 9.27652e-06 -2.6234e-06 2.48598e-05
internal_weight=583 214.8 368.2 55.2 313 277 148 129 186 150 85 65 60 40 90 57 122 97 55 42
internal_count=580 213 367 54 313 277 148 129 186 150 85 65 60 40 90 57 122 97 55 42
is_linear=0
shrinkage=0.05


Tree=194
num_leaves=21
num_cat=0
split_feature=13 13 15 12 13 13 11 12 13 13 13 13 4 12 13 11 11 14 14 3
split_gain=0.000208806 0.000466521 0.00418771 0.0128814 0.0021277 0.000782993 0.00629357 0.000716708 0.00462336 0.000341704 0.000257435 0.00022627 0.000341572 0.000443975 0.000235774 0.00018287 7.85487e-05 6.63713e-05 6.81042e-06 1.53942e-06
threshold=2.5000000000000004 5.5000000000000009 3.5000000000000004 1.8513000000000004 6.5000000000000009 8.5000000000000018 37.500000000000007 1.8826500000000002 13.500000000000002 7.5000000000000009 3.5000000000000004 13.500000000000002 39.000000000000007 1.1906500000000004 14.500000000000002 31.000000000000004 34.500000000000007 3.5000000000000004 3.5000000000000004 1.5000000000000002
decision_type=2 2 2 2 2 2 2 2 2 2 2 2 2 2 2 2 2 2 2 2
left_child=-1 2 3 10 -3 6 9 11 -9 -6 -2 12 -7 -14 -13 17 18 -16 19 -15
right_child=1 4 -4 -5 5 7 -8 8 -10 -11 -12 14 13 16 15 -17 -18 -19 -20 -21
leaf_value=0.00011494831185798929 -2.4946221293205221e-05 0.0003887014080932464 0.00038349790171900345 -0.0013620380731028843 -5.0778542239576002e-06 -0.00023060008690360215 -0.00087284465172389318 0.00057219790566594771 -0.00037817691661135808 0.00023980271285397285 0.00020178708838366512 0.00014348387913612118 -0.00021279726267596288 -5.958610511567843e-06 -8.0949858889093416e-06 -0.00012439104318036698 0.0001017495868078792 9.2803864793365525e-05 1.482223053630371e-05 -2.5103523685607974e-05
leaf_weight=37 21 35 31 20.800000071525574 28 24 22.200000047683716 31.399999976158142 21.600000023841858 29 31 35 25 21 39 25 24 28 33 21
leaf_count=37 21 35 31 19 28 24 22 31 21 29 31 35 25 21 39 25 24 28 33 21
internal_value=-3.79711e-12 -7.78954e-06 -0.000103183 -0.000310424 1.46028e-05 -1.75521e-05 -0.00015865 1.65178e-05 0.000184875 0.000119511 0.000110222 -1.59293e-05 -5.79427e-05 -2.45251e-05 3.30312e-05 -8.98883e-06 2.30184e-05 3.40717e-05 -2.17562e-06 -1.55311e-05
internal_weight=583 546 103.8 72.8 442.2 407.2 79.2 328 53 57 52 275 148 124 127 92 99 67 75 42
internal_count=580 543 102 71 441 406 79 327 52 57 52 275 148 124 127 92 99 67 75 42
is_linear=0
shrinkage=0.05


Tree=195
num_leaves=21
num_cat=3
split_feature=13 13 14 6 11 12 13 13 6 6 15 13 13 11 4 13 11 4 11 12
split_gain=0.000193963 0.00170973 0.00137659 0.00435667 0.00188278 0.000646828 0.00417258 0.000204208 0.00126409 0.000484557 0.000161541 0.000107636 8.99741e-05 7.9335e-05 2.73946e-05 3.69328e-05 6.90809e-05 8.25274e-06 3.6984e-06 4.33386e-07
threshold=7.5000000000000009 8.5000000000000018 2.5000000000000004 0 37.500000000000007 1.8826500000000002 13.500000000000002 13.500000000000002 1 2 3.5000000000000004 3.5000000000000004 5.5000000000000009 34.500000000000007 82.500000000000014 15.500000000000002 23.000000000000004 41.000000000000007 15.500000000000002 1.3575000000000002
decision_type=2 2 2 1 2 2 2 2 1 1 2 2 2 2 2 2 2 2 2 2
left_child=2 -2 4 -4 10 7 -7 8 -3 -9 -1 -5 -13 17 15 16 -11 -10 -19 -20
right_child=1 5 3 11 -6 6 -8 9 13 14 -12 12 -14 -15 -16 -17 -18 18 19 -21
leaf_value=8.4334955084695829e-05 -0.00032979011108040621 -0.00034485197592099822 0.00066531865269869883 -8.5028775318182621e-05 -0.0005113311582753831 0.00054358798398992502 -0.0003592681186404224 0.0002193366817664355 2.1444190960826219e-05 -6.7936317195528234e-05 -8.7671425522525427e-05 8.8428259966479212e-05 -3.1077419872518576e-05 0.00010938674313365482 3.1389468572992236e-05 -7.1192839464596813e-05 5.7493820697899268e-05 7.0444846642203636e-06 -2.3456298004020939e-05 -1.3581486622570082e-05
leaf_weight=39 40.200000047683716 30 30.200000047683716 38 22.600000023841858 31.399999976158142 21.600000023841858 27 31 21 21 28 36 20 21 35 23 22 20 25
leaf_count=39 40 30 29 38 22 31 21 27 31 21 21 28 36 20 21 35 23 22 20 25
internal_value=-3.21942e-12 -2.20277e-05 3.77589e-05 0.000137812 -0.000122374 1.56919e-05 0.000175632 -1.51328e-05 -5.50455e-05 3.13796e-05 2.41327e-05 -1.83715e-05 2.12063e-05 1.86341e-05 -1.93688e-05 -3.28614e-05 -2.37056e-06 1.13117e-07 -9.75648e-06 -1.79703e-05
internal_weight=583 368.2 214.8 132.2 82.6 328 53 275 148 127 60 102 64 118 100 79 44 98 67 45
internal_count=580 367 213 131 82 327 52 275 148 127 60 102 64 118 100 79 44 98 67 45
cat_boundaries=0 1 2 3
cat_threshold=2 2 2
is_linear=0
shrinkage=0.05


Tree=196
num_leaves=20
num_cat=4
split_feature=6 15 14 12 12 10 12 15 10 14 6 4 12 8 12 14 15 14 4
split_gain=7.31713e-05 0.000435139 0.000708804 0.0012107 9.58811e-05 0.000500741 0.000695674 0.000183629 3.142e-05 2.02304e-05 1.92314e-05 1.57593e-05 4.12965e-05 8.80095e-06 5.71223e-06 9.43468e-06 4.38379e-06 3.25091e-06 7.23716e-08
threshold=0 2.5000000000000004 2.5000000000000004 1.8099500000000004 1.5470500000000003 1 1.9246000000000001 2.5000000000000004 2 2.5000000000000004 3 41.000000000000007 1.4202000000000001 95.000000000000014 1.3423500000000002 2.5000000000000004 3.5000000000000004 3.5000000000000004 86.500000000000014
decision_type=1 2 2 2 2 1 2 2 1 2 1 2 2 2 2 2 2 2 2
left_child=1 -1 -3 -4 8 -6 7 -7 10 -9 16 -10 13 -13 15 -15 -2 -8 -16
right_child=4 2 3 -5 5 6 17 9 11 -11 -12 12 -14 14 18 -17 -18 -19 -20
leaf_value=-0.00015274339859701629 -7.1504182739902585e-06 0.00027933431873944673 0.00014793640096491623 -0.00032849302535734601 0.00023183771211604054 0.00015783289398658217 -0.00015849291713410904 -4.3481058963988222e-06 4.0676620339278699e-05 4.6948220779086119e-05 -6.4110491791780078e-05 3.6414900750969541e-05 -5.2462325854293981e-05 1.8553655954747229e-05 1.4457858622501426e-05 -2.5780958785617263e-05 -3.4306246051647068e-05 -0.0001863458506704774 1.8469158235150289e-05
leaf_weight=47.600000023841858 42 22 31 23.400000095367432 28 37 22 37 24 40 32 26 33 20 22 30 23 20 23
leaf_count=46 42 22 31 22 28 37 22 37 24 40 32 26 33 20 22 30 23 20 23
internal_value=3.52503e-12 -3.40802e-05 3.98514e-05 -5.69983e-05 9.20684e-06 3.71444e-05 2.19939e-06 6.62883e-05 -9.48589e-06 2.22993e-05 -3.23804e-05 2.99032e-06 -2.88287e-06 1.06388e-05 3.58429e-06 -8.04711e-06 -1.67594e-05 -0.000171756 1.65081e-05
internal_weight=583 124 76.4 54.4 459 184 156 114 275 77 97 178 154 121 95 50 65 42 45
internal_count=580 121 75 53 459 184 156 114 275 77 97 178 154 121 95 50 65 42 45
cat_boundaries=0 1 2 3 4
cat_threshold=2 4 4 4
is_linear=0
shrinkage=0.05


Tree=197
num_leaves=20
num_cat=1
split_feature=13 7 13 11 12 13 15 4 11 4 13 11 1 12 13 13 13 14 6
split_gain=0.00020385 0.000635718 0.00366766 0.00276323 0.00019543 0.000777364 0.000125694 0.000132074 5.69108e-05 3.68237e-05 3.65054e-05 0.000112677 5.96969e-05 1.66808e-05 1.44912e-05 3.35579e-05 2.35482e-05 1.63142e-05 8.50568e-06
threshold=2.5000000000000004 11.000000000000002 8.5000000000000018 31.000000000000004 1.8826500000000002 8.5000000000000018 3.5000000000000004 39.000000000000007 36.000000000000007 41.000000000000007 14.500000000000002 36.000000000000007 42.000000000000007 1.3575000000000002 7.5000000000000009 4.5000000000000009 9.5000000000000018 2.5000000000000004 0
decision_type=2 2 2 2 2 2 2 2 2 2 2 2 2 2 2 2 2 2 1
left_child=-1 2 -2 -4 6 -6 7 -3 9 -8 11 14 -12 -11 15 -9 -16 -18 -19
right_child=1 4 3 -5 5 -7 8 10 -10 13 12 -13 -14 -15 16 -17 17 18 -20
leaf_value=0.00011357597067143542 -0.00055472242250094222 0.00012792622476878862 -0.00016745965037825368 0.0005863604444311932 0.00026356965337232826 -6.9811003615743379e-05 -6.9408297860073002e-05 2.7563877112697814e-05 -0.00011083667625865454 -2.5755405217751104e-05 2.6050715079387982e-05 0.00010635037089682997 -8.5469972804001298e-05 2.2677476161447887e-05 5.8385806962336495e-05 -4.7843044735726736e-05 -2.8108948008593873e-05 -6.010597753629555e-06 3.6681869265261676e-05
leaf_weight=37 32.00000011920929 26 31 20 34 36 31 25 23 40 24 31 24 32 23 36 30 20 28
leaf_count=37 30 26 31 19 34 36 31 25 23 40 24 31 24 32 23 36 30 20 28
internal_value=2.33084e-12 -7.69654e-06 -0.000135122 0.000128156 1.51465e-05 9.21167e-05 1.43684e-06 2.08619e-05 -3.97257e-05 -2.38465e-05 9.31134e-06 1.9016e-05 -2.97096e-05 -4.22968e-06 2.30391e-06 -1.69386e-05 1.39256e-05 8.15538e-07 1.88933e-05
internal_weight=583 546 83 51 463 70 393 267 126 103 241 193 48 72 162 61 101 78 48
internal_count=580 543 80 50 463 70 393 267 126 103 241 193 48 72 162 61 101 78 48
cat_boundaries=0 1
cat_threshold=4
is_linear=0
shrinkage=0.05


Tree=198
num_leaves=20
num_cat=1
split_feature=13 7 7 12 13 13 12 12 13 13 12 13 15 1 13 13 15 12 10
split_gain=0.000193073 0.0021758 0.00159283 0.00242804 0.000736993 0.000264277 0.000876082 0.000519718 0.000179895 0.000219204 0.000216856 0.000193589 8.16335e-05 3.89015e-05 8.31132e-05 1.15863e-05 6.54648e-06 5.43704e-06 2.14268e-06
threshold=7.5000000000000009 11.000000000000002 11.000000000000002 1.8099500000000004 8.5000000000000018 13.500000000000002 1.8513000000000004 1.8099500000000004 2.5000000000000004 5.5000000000000009 1.6441500000000002 6.5000000000000009 2.5000000000000004 42.000000000000007 15.500000000000002 15.500000000000002 3.5000000000000004 1.4372000000000003 0
decision_type=2 2 2 2 2 2 2 2 2 2 2 2 2 2 2 2 2 2 1
left_child=1 -1 3 -2 -4 6 16 13 -3 10 12 -11 -10 15 -15 -7 17 18 -6
right_child=2 8 4 -5 5 7 -8 -9 9 11 -12 -13 -14 14 -16 -17 -18 -19 -20
leaf_value=0.00044208305443391377 2.3724984864450315e-06 -0.00012531926257805835 0.00023451829395829314 -0.00067391906309064646 -8.1690403411422657e-06 -5.9828211419699073e-05 -0.00031507403137556348 0.00022865989900310523 7.741193068795839e-05 -0.0001631788059118359 0.00016594692783006136 9.9114978664666918e-06 -4.7967333847663141e-05 9.1893423434711349e-05 -4.4043064487844032e-05 -1.3475640186628043e-05 -1.4421506674614538e-05 2.6302798200836028e-05 1.219041125750664e-05
leaf_weight=28.800000071525574 33 36 36 22.200000047683716 28 28 26 30 20 30 28 35 37 23 22 26 33 37 24
leaf_count=27 33 36 36 21 28 28 26 30 20 30 28 35 37 23 22 26 33 37 24
internal_value=-1.14945e-11 3.76722e-05 -2.19772e-05 -0.000269614 2.16955e-05 -5.96373e-06 -5.15594e-05 4.63476e-05 -2.49462e-05 -8.5667e-07 5.19995e-05 -6.99763e-05 -3.97461e-06 -8.89854e-06 2.54356e-05 -3.75103e-05 4.59943e-06 1.16521e-05 1.22763e-06
internal_weight=583 214.8 368.2 55.2 313 277 148 129 186 150 85 65 57 99 45 54 122 89 52
internal_count=580 213 367 54 313 277 148 129 186 150 85 65 57 99 45 54 122 89 52
cat_boundaries=0 1
cat_threshold=1
is_linear=0
shrinkage=0.05


Tree=199
num_leaves=22
num_cat=3
split_feature=13 7 13 12 12 10 13 15 4 6 12 13 12 0 13 8 1 13 4 13 13
split_gain=0.000203206 0.000555544 0.00362366 0.00273488 0.000174056 0.00089123 0.000712561 0.000110483 0.000114928 3.91573e-05 7.95772e-05 3.27024e-05 9.69939e-05 5.81964e-05 2.73097e-05 2.98979e-05 1.82161e-05 1.65358e-05 1.2883e-05 3.39052e-06 8.66479e-07
threshold=2.5000000000000004 11.000000000000002 8.5000000000000018 1.8099500000000004 1.8826500000000002 0 8.5000000000000018 3.5000000000000004 39.000000000000007 1 1.4372000000000003 14.500000000000002 1.7639000000000002 2 7.5000000000000009 95.000000000000014 42.000000000000007 10.500000000000002 86.500000000000014 10.500000000000002 8.5000000000000018
decision_type=2 2 2 2 2 1 2 2 2 1 2 2 2 1 2 2 2 2 2 2 2
left_child=-1 2 -2 -4 7 -6 -7 8 -3 19 -11 12 14 -13 15 -10 17 -16 -18 -9 -12
right_child=1 4 3 -5 5 6 -8 9 11 10 20 13 -14 -15 16 -17 18 -19 -20 -21 -22
leaf_value=0.00011339637062888328 -0.00054387999495908619 0.00011881627460752497 -0.00015920529633970751 0.00059073837939649821 -0.00016872670644458952 0.00039374407450668518 3.5788265945897866e-06 6.8021791906046155e-06 1.6642255684052575e-05 -4.135709384696163e-06 -0.00011638585592663731 -8.3819113918555868e-05 0.00010339904505209624 2.6291072093916529e-05 3.39323306103655e-05 -5.2960703902095304e-05 6.6448330995626752e-05 -2.1386750813690017e-05 1.2609084351424826e-05 -1.8531157315010207e-05 -0.00010166784824832576
leaf_weight=37 32.00000011920929 26 31 20 23 25 22 28 27 33 20 24 28 24 22 36 25 35 20 25 20
leaf_count=37 30 26 31 19 23 25 22 28 27 33 20 24 28 24 22 36 25 35 20 25 20
internal_value=7.75173e-12 -7.68436e-06 -0.000126804 0.00013489 1.36698e-05 8.63089e-05 0.000211114 7.31485e-07 1.89432e-05 -3.78601e-05 -6.16103e-05 8.16855e-06 1.73539e-05 -2.8764e-05 2.75225e-06 -2.31309e-05 1.87389e-05 -3.55264e-08 4.25198e-05 -5.14751e-06 -0.000109027
internal_weight=583 546 83 51 463 70 47 393 267 126 73 241 193 48 165 63 102 57 45 53 40
internal_count=580 543 80 50 463 70 47 393 267 126 73 241 193 48 165 63 102 57 45 53 40
cat_boundaries=0 1 2 3
cat_threshold=2 1 1
is_linear=0
shrinkage=0.05


Tree=200
num_leaves=22
num_cat=3
split_feature=13 12 13 10 14 7 15 12 12 12 13 6 12 4 12 13 10 13 8 12 12
split_gain=0.000199992 0.000452913 0.000431653 0.00451458 0.000600445 0.0028558 0.000576973 0.00257406 0.00119093 0.00265288 0.000352965 0.000492166 0.000340794 0.000163034 9.03251e-05 6.30922e-05 4.7418e-05 4.21708e-05 4.08278e-05 1.42309e-05 1.80713e-06
threshold=15.500000000000002 1.6441500000000002 13.500000000000002 0 4.5000000000000009 11.000000000000002 3.5000000000000004 1.8826500000000002 1.9246000000000001 1.8826500000000002 4.5000000000000009 1 1.5672500000000003 79.500000000000014 1.4202000000000001 6.5000000000000009 2 7.5000000000000009 65.000000000000014 1.4724500000000003 1.3077000000000003
decision_type=2 2 2 1 2 2 2 2 2 2 2 1 2 2 2 2 1 2 2 2 2
left_child=2 14 4 -4 6 -6 8 13 9 10 -1 -12 -5 15 -2 -8 -7 -13 -18 20 -19
right_child=1 -3 3 12 5 16 7 -9 -10 -11 11 17 -14 -15 -16 -17 18 19 -20 -21 -22
leaf_value=0.00012697410665599531 5.9866518566715446e-05 0.00028029999055434023 -0.00067930826942846532 6.116221906268039e-06 0.00062500616828737861 1.8616107604430001e-05 -8.9923003878748911e-05 -0.00058498324197812782 -0.00033736239725147332 0.00053447736713923882 -0.00023255354748731146 -4.2748227533114628e-05 0.00026009944646960192 0.00013063462831182517 -7.3859670078367466e-05 1.1711398843004105e-05 -1.4166106848279015e-05 1.1397355494106403e-05 -0.00011163386415795512 4.4536310315379528e-05 -8.9529242291064297e-06
leaf_weight=38 28 20 24.600000023841858 25 21.600000023841858 32 26 23.200000047683716 21 25.600000023841858 28 38 28 21 23 37 22 24 21 36 20
leaf_count=38 28 20 24 25 21 32 26 23 21 24 28 38 28 21 23 37 22 24 21 36 20
internal_value=-1.89866e-12 7.86407e-05 -1.09053e-05 -0.000119527 8.49862e-06 0.000118425 -2.29369e-05 -0.000118778 2.1617e-05 5.75834e-05 -8.76701e-06 -4.40969e-05 0.000140296 9.98394e-06 -4.4137e-07 -3.0233e-05 -2.747e-05 6.21632e-07 -6.17666e-05 2.12223e-05 2.14723e-06
internal_weight=583 71 512 77.6 434.4 96.6 337.8 107.2 230.6 209.6 184 146 53 84 51 63 75 118 43 80 44
internal_count=580 71 509 77 432 96 336 107 229 208 184 146 53 84 51 63 75 118 43 80 44
cat_boundaries=0 1 2 3
cat_threshold=4 2 1
is_linear=0
shrinkage=0.05


Tree=201
num_leaves=20
num_cat=1
split_feature=13 13 1 13 6 13 7 7 13 12 13 13 12 13 4 16 11 14 12
split_gain=0.000185617 0.000863991 0.00178704 0.000616544 0.000498189 0.000392051 0.00204168 0.00203224 0.000838167 0.000833061 0.000183359 0.000187838 0.000197596 0.000170419 8.91793e-05 7.00115e-05 4.80303e-05 3.81719e-06 4.89736e-06
threshold=14.500000000000002 13.500000000000002 42.000000000000007 12.500000000000002 0 7.5000000000000009 11.000000000000002 11.000000000000002 8.5000000000000018 1.8513000000000004 2.5000000000000004 5.5000000000000009 1.6441500000000002 6.5000000000000009 42.500000000000007 1.0000000180025095e-35 31.000000000000004 3.5000000000000004 1.4372000000000003
decision_type=2 2 2 2 1 2 2 2 2 2 2 2 2 2 2 2 2 2 2
left_child=1 3 -3 5 -2 6 -1 -7 -9 17 -8 12 15 -13 -6 -12 -16 18 -10
right_child=4 2 -4 -5 14 7 10 8 9 -11 11 13 -14 -15 16 -17 -18 -19 -20
leaf_value=0.00042811152216813567 0.00027801773422175927 0.00012231784205141594 -0.00052008858246779018 0.00020929639562902074 6.5228192215727174e-05 -0.0004426276687636095 -0.00012562875469686536 0.0002208945813739168 -1.0302883989375864e-05 -0.00033223543068743315 -4.5216598713572286e-05 -0.00015140414904938856 0.00015772495970460505 1.0997592144121883e-05 9.0970793971791875e-06 7.0895158696657748e-05 -9.1021399060517319e-05 2.3025517009133886e-05 1.7139574364246698e-05
leaf_weight=28.800000071525574 21 20 23.600000023841858 35 36 29.600000023841858 36 36 37 22 37 30 28 35 25 20 23 31 29
leaf_count=27 21 20 23 35 36 29 36 36 37 22 37 30 28 35 25 20 23 31 29
internal_value=-5.9249e-12 -1.32229e-05 -0.000225407 8.07368e-06 6.01954e-05 -9.55975e-06 3.63639e-05 -6.29963e-05 9.50102e-06 -5.445e-05 -2.42938e-05 2.65276e-08 4.89552e-05 -6.39571e-05 5.73988e-06 -4.47563e-06 -3.88764e-05 8.55291e-06 1.75517e-06
internal_weight=583 478 43.6 434.4 105 399.4 214.8 184.6 155 119 186 150 85 65 84 57 48 97 66
internal_count=580 475 43 432 105 397 213 184 155 119 186 150 85 65 84 57 48 97 66
cat_boundaries=0 1
cat_threshold=2
is_linear=0
shrinkage=0.05


Tree=202
num_leaves=22
num_cat=2
split_feature=13 7 13 12 12 10 14 15 4 6 12 13 12 1 13 8 1 13 4 13 13
split_gain=0.000197017 0.000589281 0.00361523 0.00256355 0.00019291 0.000800824 0.000700481 0.000102118 0.000108303 3.39291e-05 6.59294e-05 2.8959e-05 8.64895e-05 5.888e-05 2.3529e-05 2.73074e-05 2.21907e-05 1.30044e-05 1.19407e-05 2.65682e-06 8.03896e-07
threshold=2.5000000000000004 11.000000000000002 8.5000000000000018 1.8099500000000004 1.8826500000000002 0 3.5000000000000004 3.5000000000000004 39.000000000000007 1 1.4372000000000003 14.500000000000002 1.7639000000000002 42.000000000000007 7.5000000000000009 95.000000000000014 42.000000000000007 10.500000000000002 86.500000000000014 10.500000000000002 8.5000000000000018
decision_type=2 2 2 2 2 1 2 2 2 1 2 2 2 2 2 2 2 2 2 2 2
left_child=-1 2 -2 -4 7 -6 -7 8 -3 19 -11 12 14 -13 15 -10 17 -16 -18 -9 -12
right_child=1 4 3 -5 5 6 -8 9 11 10 20 13 -14 -15 16 -17 18 -19 -20 -21 -22
leaf_value=0.00011165626841633442 -0.0005468403205305931 0.00011526608306247421 -0.0001535943027720937 0.00057247803837526593 -0.00015085578109036484 3.5727032809518278e-05 0.00042398540362704638 4.7321599838921565e-06 1.6696219036357771e-05 -6.0898650465815359e-06 -0.0001086518714328122 2.8477664848954494e-05 9.7750670413786027e-05 -8.2277316081066009e-05 2.6950342831613939e-05 -4.9823016391630722e-05 6.6833264601882548e-05 -2.210730388339601e-05 1.5000189478655556e-05 -1.7693208981654608e-05 -9.4475339283235369e-05
leaf_weight=37 32.00000011920929 26 31 20 23 26 21 28 27 33 20 24 28 24 22 36 25 35 20 25 20
leaf_count=37 30 26 31 19 23 26 21 28 27 33 20 24 28 24 22 36 25 35 20 25 20
internal_value=8.2086e-12 -7.56644e-06 -0.00013025 0.00013114 1.44265e-05 9.08988e-05 0.000209204 8.05502e-07 1.83142e-05 -3.62963e-05 -5.84042e-05 7.8547e-06 1.64983e-05 -2.68998e-05 2.71004e-06 -2.13148e-05 1.75489e-05 -3.17277e-06 4.37963e-05 -5.84584e-06 -0.000101564
internal_weight=583 546 83 51 463 70 47 393 267 126 73 241 193 48 165 63 102 57 45 53 40
internal_count=580 543 80 50 463 70 47 393 267 126 73 241 193 48 165 63 102 57 45 53 40
cat_boundaries=0 1 2
cat_threshold=2 1
is_linear=0
shrinkage=0.05


Tree=203
num_leaves=21
num_cat=1
split_feature=13 7 13 12 13 7 13 13 12 13 13 12 12 1 15 13 13 0 12 4
split_gain=0.000184961 0.00208658 0.00169204 0.000575904 0.00400644 0.000220061 0.000180283 0.000171047 0.000172206 0.000151555 0.000120029 0.000153979 8.13685e-05 7.438e-05 6.163e-05 5.18437e-05 4.04908e-05 2.45258e-05 1.30064e-06 7.0808e-08
threshold=7.5000000000000009 11.000000000000002 8.5000000000000018 1.8826500000000002 13.500000000000002 11.000000000000002 2.5000000000000004 5.5000000000000009 1.6441500000000002 6.5000000000000009 14.500000000000002 1.7639000000000002 1.5672500000000003 42.000000000000007 2.5000000000000004 12.500000000000002 12.500000000000002 0 1.4372000000000003 81.500000000000014
decision_type=2 2 2 2 2 2 2 2 2 2 2 2 2 2 2 2 2 1 2 2
left_child=1 -1 -2 5 -5 -4 -3 8 14 -9 11 13 17 16 -8 19 18 -12 -7 -15
right_child=2 6 3 4 -6 10 7 9 -10 -11 12 -13 -14 15 -16 -17 -18 -19 -20 -21
leaf_value=0.00043290490637101753 -0.00032767711701710593 -0.00012493013045968837 -0.00013215379483025411 0.00052748664947397663 -0.0003572127700255284 -4.4845936293353114e-06 6.7192872520536185e-05 -0.00014385577101469002 0.00014789861104093558 9.2945153560971707e-06 -5.7589386217485938e-05 0.00014820480807785594 -0.00013395793524978219 1.5694893123249391e-05 -4.174718009921521e-05 0.00011488222701245833 -7.1516905179656732e-05 8.5092941137392913e-06 1.2330534997565101e-05 1.9710619202985824e-05
leaf_weight=28.800000071525574 40.200000047683716 36 34 31.399999976158142 21.600000023841858 23 20 30 28 35 23 23 20 21 37 20 29 36 23 23
leaf_count=27 40 36 34 31 21 23 20 30 28 35 23 23 20 21 37 20 29 36 23 23
internal_value=-2.1246e-12 3.68724e-05 -2.15106e-05 1.60135e-05 0.00016693 -1.30722e-05 -2.44488e-05 -3.33281e-07 4.63573e-05 -6.13902e-05 3.72771e-06 2.83689e-05 -4.68023e-05 8.53991e-06 -3.5226e-06 4.81341e-05 -2.52471e-05 -1.7258e-05 3.92297e-06 1.7794e-05
internal_weight=583 214.8 368.2 328 53 275 186 150 85 65 241 162 79 139 57 64 75 59 46 44
internal_count=580 213 367 327 52 275 186 150 85 65 241 162 79 139 57 64 75 59 46 44
cat_boundaries=0 1
cat_threshold=1
is_linear=0
shrinkage=0.05


Tree=204
num_leaves=22
num_cat=3
split_feature=13 13 1 14 7 13 7 13 11 15 10 13 12 6 13 4 10 8 11 12 12
split_gain=0.000202515 0.000790252 0.00168204 0.00055403 0.00263513 0.000535701 0.00360567 0.00219119 0.00350289 0.00257336 0.00104301 0.000918837 0.000694766 0.00046201 0.000152545 8.11807e-05 4.8089e-05 4.47293e-05 3.89674e-05 6.1293e-06 9.35592e-06
threshold=14.500000000000002 13.500000000000002 42.000000000000007 4.5000000000000009 11.000000000000002 7.5000000000000009 11.000000000000002 5.5000000000000009 36.000000000000007 2.5000000000000004 0 8.5000000000000018 1.7639000000000002 1 3.5000000000000004 42.500000000000007 2 65.000000000000014 31.000000000000004 1.4372000000000003 1.3423500000000002
decision_type=2 2 2 2 2 2 2 2 2 2 1 2 2 1 2 2 1 2 2 2 2
left_child=1 3 -3 5 -5 7 -7 9 -9 -1 -11 -8 19 -2 -12 -15 -6 -18 -17 20 -13
right_child=13 2 -4 4 16 6 11 8 -10 10 14 12 -14 15 -16 18 17 -19 -20 -21 -22
leaf_value=-0.00043709896771977559 0.00027263987243973783 0.00012061510254170571 -0.00050263231795338837 0.00059876450529001372 1.8413941006656387e-05 -0.00065936112534177268 0.00024314296341856336 -2.2944201727012925e-05 0.00076699596991048843 0.00033343453228903508 -0.00016871767772499882 1.0137183733494374e-05 -0.00029293708305340259 6.7192643554234456e-05 2.0092198215222552e-05 1.1077287650550717e-05 -1.2712550650658986e-05 -0.00011473118532280968 -7.9102080456758148e-05 1.9411570477395321e-05 -3.1957413673146884e-05
leaf_weight=36.200000047683716 21 20 23.600000023841858 21.600000023841858 32 23.600000023841858 32 36 23 26 20 33 25 36 23 25 22 21 23 38 22
leaf_count=35 21 20 23 21 32 23 32 36 23 26 20 33 25 36 23 25 22 21 23 38 22
internal_value=-1.43105e-11 -1.38116e-05 -0.000216739 6.55584e-06 0.000112148 -2.36402e-05 -8.48771e-05 4.11023e-05 0.000284999 -9.56836e-05 8.34357e-05 5.50834e-06 -5.89349e-05 6.28758e-05 -6.77263e-05 1.04348e-05 -2.79971e-05 -6.25356e-05 -3.21337e-05 3.96886e-06 -6.70066e-06
internal_weight=583 478 43.6 434.4 96.6 337.8 173.6 164.2 59 105.2 69 150 118 105 43 84 75 43 48 93 55
internal_count=580 475 43 432 96 336 173 163 59 104 69 150 118 105 43 84 75 43 48 93 55
cat_boundaries=0 1 2 3
cat_threshold=4 2 1
is_linear=0
shrinkage=0.05


Tree=205
num_leaves=22
num_cat=2
split_feature=13 7 13 11 12 10 14 15 4 11 10 13 13 13 11 1 15 4 14 1 12
split_gain=0.000202906 0.000576343 0.00351442 0.00231503 0.000149475 0.000715544 0.000632313 9.89495e-05 0.000104009 5.10163e-05 4.27389e-05 2.98972e-05 7.65586e-05 4.82374e-05 9.33815e-05 4.56756e-05 1.96401e-05 1.95058e-05 1.37278e-05 1.14452e-05 1.00522e-05
threshold=2.5000000000000004 11.000000000000002 8.5000000000000018 31.000000000000004 1.8826500000000002 0 3.5000000000000004 3.5000000000000004 39.000000000000007 36.000000000000007 1 4.5000000000000009 7.5000000000000009 14.500000000000002 34.500000000000007 42.000000000000007 2.5000000000000004 42.500000000000007 2.5000000000000004 42.000000000000007 1.3575000000000002
decision_type=2 2 2 2 2 1 2 2 2 2 1 2 2 2 2 2 2 2 2 2 2
left_child=-1 2 -2 -4 7 -6 -7 8 -3 10 -9 -10 16 14 18 -15 -13 -12 -14 -20 -19
right_child=1 4 3 -5 5 6 -8 9 11 -11 17 12 13 15 -16 -17 -18 20 19 -21 -22
leaf_value=0.00011331263630307985 -0.00053974870933342506 0.00011432720285273928 -0.00014186947608381631 0.00054811271606013178 -0.00014713369664209693 2.8395209049519437e-05 0.0003972782301605635 -6.7381063183802331e-05 5.6681635409216232e-05 -0.00010176786418014672 -3.4457812312401377e-05 -8.5805879643885424e-05 -1.1723019976516624e-05 2.4884469045597753e-05 0.00012358783480218943 -7.2664252744895441e-05 -2.0401899614212612e-05 1.6301408042916312e-07 4.6304942835766792e-06 4.8731519540700491e-05 4.6673668666265999e-05
leaf_weight=37 32.00000011920929 26 31 20 23 26 21 32 29 23 24 24 35 24 24 24 22 26 28 31 21
leaf_count=37 30 26 31 19 23 26 21 32 29 23 24 24 35 24 24 24 22 26 28 31 21
internal_value=1.0076e-11 -7.67868e-06 -0.000129008 0.000128712 1.40715e-05 8.13863e-05 0.000193215 2.08156e-06 1.93165e-05 -3.44401e-05 -1.94058e-05 9.0664e-06 2.553e-06 1.837e-05 3.55605e-05 -2.38899e-05 -5.45257e-05 2.21687e-06 1.30854e-05 2.78022e-05 2.09444e-05
internal_weight=583 546 83 51 463 70 47 393 267 126 103 241 212 166 118 48 46 71 94 59 47
internal_count=580 543 80 50 463 70 47 393 267 126 103 241 212 166 118 48 46 71 94 59 47
cat_boundaries=0 1 2
cat_threshold=2 4
is_linear=0
shrinkage=0.05


Tree=206
num_leaves=22
num_cat=4
split_feature=13 12 12 13 14 11 13 12 13 6 13 15 13 12 12 11 13 10 10 15 10
split_gain=0.000189089 0.00044944 0.0004465 0.0024968 0.00633873 0.00283974 0.00020862 0.00028352 0.000252975 0.000979939 0.000514937 0.000273415 0.000417706 8.83711e-05 8.79027e-05 7.8222e-05 5.13025e-05 5.66287e-05 5.62098e-06 4.25385e-06 4.68767e-07
threshold=15.500000000000002 1.6441500000000002 1.8826500000000002 7.5000000000000009 2.5000000000000004 39.500000000000007 13.500000000000002 1.5672500000000003 8.5000000000000018 0 7.5000000000000009 2.5000000000000004 4.5000000000000009 1.4202000000000001 1.7639000000000002 34.500000000000007 3.5000000000000004 1 2 2.5000000000000004 3
decision_type=2 2 2 2 2 2 2 2 2 1 2 2 2 2 2 2 2 1 1 2 1
left_child=2 13 6 4 -4 -5 8 -8 10 -10 11 12 -1 -2 16 18 -13 -18 -11 -20 -21
right_child=1 -3 3 5 -6 -7 7 -9 9 15 -12 14 -14 -15 -16 -17 17 -19 19 20 -22
leaf_value=0.00024779582648382835 5.7340787491609401e-05 0.00027735169773222883 -0.00052863058970766669 -0.00064923657428273506 0.00060890700476740479 9.254591052674435e-05 8.1316369617595166e-06 0.00021890694201660897 -0.00030713421081600249 1.443825178564741e-05 0.00022528528586917676 -6.9428454428686697e-05 -3.646869276069863e-05 -7.4931030236336456e-05 -0.00013359919114670695 0.00010301566529960839 -4.9653030967770442e-05 5.2648741946599809e-05 2.5503556539011437e-06 -1.7668443494282352e-05 -2.8033081255216528e-05
leaf_weight=24 28 20 20.600000023841858 31.200000047683716 30.200000047683716 22 39 27 30 26 30 35 28 23 22 20 24 31 28 24 20
leaf_count=24 28 20 20 30 29 22 39 27 30 26 30 35 28 23 22 20 24 31 28 24 20
internal_value=-6.41694e-12 7.64671e-05 -1.06038e-05 -0.000103086 0.000147622 -0.000342484 1.29701e-05 9.43579e-05 -2.73631e-06 -5.19704e-05 3.48237e-05 -1.68501e-08 9.47303e-05 -2.31121e-06 -4.40066e-05 1.29018e-05 -2.21062e-05 8.00797e-06 -5.48877e-06 -1.26846e-05 -2.23796e-05
internal_weight=583 71 512 104 50.8 53.2 408 66 342 148 194 164 52 51 112 118 90 55 98 72 44
internal_count=580 71 509 101 49 52 408 66 342 148 194 164 52 51 112 118 90 55 98 72 44
cat_boundaries=0 1 2 3 4
cat_threshold=2 1 2 1
is_linear=0
shrinkage=0.05


Tree=207
num_leaves=23
num_cat=2
split_feature=13 13 16 12 13 11 7 11 13 11 13 11 12 1 13 13 6 0 13 11 13 13
split_gain=0.000189907 0.00204471 0.00191365 0.00274468 0.00168588 0.00398875 0.00103506 0.00288818 0.000251945 0.000721051 0.000279742 0.000762667 0.000470943 5.02704e-05 0.000106602 4.21373e-05 2.87665e-05 3.98738e-05 2.66292e-05 2.41937e-05 1.00324e-05 8.08624e-07
threshold=5.5000000000000009 6.5000000000000009 1.0000000180025095e-35 1.5672500000000003 4.5000000000000009 37.500000000000007 11.000000000000002 31.000000000000004 8.5000000000000018 37.500000000000007 13.500000000000002 37.500000000000007 1.8099500000000004 42.000000000000007 15.500000000000002 7.5000000000000009 0 1 2.5000000000000004 31.000000000000004 15.500000000000002 11.500000000000002
decision_type=2 2 2 2 2 2 2 2 2 2 2 2 2 2 2 2 1 1 2 2 2 2
left_child=2 -2 4 -4 5 18 7 -3 9 15 11 16 13 20 -15 -8 19 -18 -1 -10 -12 -19
right_child=1 6 3 -5 -6 -7 8 -9 10 -11 12 -13 -14 14 -16 -17 17 21 -20 -21 -22 -23
leaf_value=-7.8336985877415705e-05 0.00038283248107680789 6.1823478849751037e-05 5.4053457709166906e-05 -0.00075315329507369866 -0.00027910979590769022 0.0007941120060786489 -4.6495428227899539e-05 -0.00065955915189317002 4.371025465229036e-07 0.00035593728323874536 -5.6140623200917616e-05 -0.00030275073915254328 0.00022328835520359766 0.00011144712514815974 -4.2504406255003147e-05 4.4558988628085466e-05 8.2105318979301971e-05 -1.0367170727390441e-05 -5.8763700280906057e-06 -6.4865771151823506e-05 -1.3008269077265421e-05 3.3497483028358233e-06
leaf_weight=21 35 37 22 20.200000047683716 25.600000023841858 20 24 22.200000047683716 37 20 28 25 30 23 22 27 20 21 32 23 26 22
leaf_count=21 35 37 22 19 25 20 24 21 37 20 28 25 30 23 22 27 20 21 32 23 26 22
internal_value=-7.39686e-12 1.61027e-05 -5.05725e-05 -0.000332335 7.00194e-05 0.000192454 -1.54188e-05 -0.000208695 1.74604e-05 0.000101492 -4.07846e-06 -5.09893e-05 4.97417e-05 -2.84814e-06 3.61819e-05 1.70985e-06 1.8171e-07 2.37792e-05 -3.45872e-05 -2.45957e-05 -3.53732e-05 -3.34921e-06
internal_weight=583 442.2 140.8 42.2 98.6 73 407.2 59.2 348 71 277 148 129 99 45 51 123 63 53 60 54 43
internal_count=580 441 139 41 98 73 406 58 348 71 277 148 129 99 45 51 123 63 53 60 54 43
cat_boundaries=0 1 2
cat_threshold=1 1
is_linear=0
shrinkage=0.05


Tree=208
num_leaves=21
num_cat=2
split_feature=13 15 11 13 13 7 11 13 13 11 13 11 13 1 13 6 0 14 11 13
split_gain=0.000171391 0.00193001 0.0067011 0.00184535 0.00161502 0.000934145 0.00260658 0.000366694 0.00022738 0.000650749 0.000252468 0.000688307 0.00044973 4.39359e-05 3.80289e-05 2.59617e-05 3.59861e-05 2.38294e-05 2.18348e-05 7.29783e-07
threshold=5.5000000000000009 3.5000000000000004 37.500000000000007 6.5000000000000009 3.5000000000000004 11.000000000000002 31.000000000000004 3.5000000000000004 8.5000000000000018 37.500000000000007 13.500000000000002 37.500000000000007 14.500000000000002 42.000000000000007 7.5000000000000009 0 1 3.5000000000000004 31.000000000000004 11.500000000000002
decision_type=2 2 2 2 2 2 2 2 2 2 2 2 2 2 2 1 1 2 2 2
left_child=1 2 7 -2 -3 6 -5 -1 9 14 11 15 -12 -14 -7 18 -17 -15 -10 -18
right_child=3 4 -4 5 -6 8 -8 -9 10 -11 12 -13 13 17 -16 16 19 -19 -20 -21
leaf_value=-2.1449573678717785e-05 0.00036369085889808569 -7.8558153362119705e-05 -0.00082960474449867675 5.8732309470714598e-05 0.00051397093665716815 -4.4170656671364372e-05 -0.00062658116590261215 0.00021252186261611343 4.1524749085019229e-07 0.00033814042395079018 0.00019172541797161103 -0.00028761319944169372 2.3632913169337354e-05 -7.8363264625435342e-05 4.2331039485024698e-05 7.8000054199947046e-05 -9.8488116020148265e-06 -7.6584247422446921e-06 -6.1622482869848761e-05 3.1822608868672184e-06
leaf_weight=34 35 23 27.800000071525574 37 23 24 22.200000047683716 33 37 20 38 25 43 26 27 20 21 22 23 22
leaf_count=34 35 23 26 37 23 24 21 33 37 20 38 25 43 26 27 20 21 22 23 22
internal_value=-6.56232e-12 -4.80439e-05 -0.000176994 1.52976e-05 0.000217706 -1.46478e-05 -0.00019826 9.37901e-05 1.65874e-05 9.64176e-05 -3.87454e-06 -4.84398e-05 4.72547e-05 -1.30738e-05 1.62436e-06 1.72625e-07 2.25903e-05 -4.59569e-05 -2.33659e-05 -3.18175e-06
internal_weight=583 140.8 94.8 442.2 46 407.2 59.2 67 348 71 277 148 129 91 51 123 63 48 60 43
internal_count=580 139 93 441 46 406 58 67 348 71 277 148 129 91 51 123 63 48 60 43
cat_boundaries=0 1 2
cat_threshold=1 1
is_linear=0
shrinkage=0.05


Tree=209
num_leaves=21
num_cat=0
split_feature=13 13 15 12 13 13 11 12 13 11 13 7 13 1 12 13 12 13 15 11
split_gain=0.000198214 0.00045533 0.00347322 0.0110398 0.00166543 0.000844883 0.00595786 0.000759642 0.00414613 0.000276117 0.000209728 0.00017647 0.000119698 0.000151849 8.76049e-05 7.86125e-05 4.22139e-05 3.86861e-05 2.20209e-05 1.24123e-06
threshold=2.5000000000000004 5.5000000000000009 3.5000000000000004 1.8513000000000004 6.5000000000000009 8.5000000000000018 37.500000000000007 1.8826500000000002 13.500000000000002 23.000000000000004 3.5000000000000004 11.000000000000002 14.500000000000002 42.000000000000007 1.5672500000000003 12.500000000000002 1.5672500000000003 12.500000000000002 3.5000000000000004 19.500000000000004
decision_type=2 2 2 2 2 2 2 2 2 2 2 2 2 2 2 2 2 2 2 2
left_child=-1 2 3 10 -3 6 9 11 -9 -6 -2 -7 13 17 18 16 -15 19 -14 -13
right_child=1 4 -4 -5 5 7 -8 8 -10 -11 -12 12 14 15 -16 -17 -18 -19 -20 -21
leaf_value=0.00011199491917842672 -2.3152704982619202e-05 0.00034550633123866907 0.00034139126659753064 -0.0012641090552885134 0.0001974046733292718 -0.00011856661739704364 -0.00085536916286450067 0.00056159069598879974 -0.00033839947357933202 -2.8647385806834792e-05 0.00018149626872224374 -3.1773096907272704e-06 6.8644502568310376e-06 5.8825910754320733e-06 -0.0001377795222651912 0.00013854173250365422 9.6482012377236974e-05 -6.7945832027665651e-05 -5.6304113224376294e-05 1.3249290965256439e-05
leaf_weight=37 21 35 31 20.800000071525574 35 34 22.200000047683716 31.399999976158142 21.600000023841858 22 31 23 37 36 20 30 20 30 22 23
leaf_count=37 21 35 31 19 35 34 22 31 21 22 31 23 37 36 20 30 20 30 22 23
internal_value=2.77891e-12 -7.5894e-06 -0.000101832 -0.000290567 1.45327e-05 -1.39154e-05 -0.000160483 2.14753e-05 0.000194802 0.000110157 9.88496e-05 -1.19295e-05 3.11473e-06 2.77219e-05 -4.73455e-05 7.32287e-05 3.82395e-05 -2.37726e-05 -1.66899e-05 5.03599e-06
internal_weight=583 546 103.8 72.8 442.2 407.2 79.2 328 53 57 52 275 241 162 79 86 56 76 59 46
internal_count=580 543 102 71 441 406 79 327 52 57 52 275 241 162 79 86 56 76 59 46
is_linear=0
shrinkage=0.05


Tree=210
num_leaves=22
num_cat=4
split_feature=13 13 1 7 13 6 12 0 12 10 13 14 11 13 8 13 6 12 12 14 12
split_gain=0.000192581 0.000775809 0.0015644 0.000682173 0.00544233 0.000442235 0.000361713 0.000343228 0.00010862 7.33444e-05 0.00011602 4.02825e-05 8.90769e-05 3.35186e-05 7.84949e-05 4.1759e-05 2.73782e-05 1.58205e-05 2.40642e-05 6.78167e-06 4.40216e-06
threshold=14.500000000000002 13.500000000000002 42.000000000000007 11.000000000000002 9.5000000000000018 0 1.9246000000000001 1 1.8513000000000004 2 7.5000000000000009 2.5000000000000004 31.000000000000004 4.5000000000000009 95.000000000000014 6.5000000000000009 3 1.4372000000000003 1.6441500000000002 2.5000000000000004 1.2270500000000002
decision_type=2 2 2 2 2 1 2 1 2 1 2 2 2 2 2 2 1 2 2 2 2
left_child=1 3 -3 4 -1 -2 8 -8 9 10 16 -7 -13 14 -11 -15 -5 20 -19 -12 -17
right_child=5 2 -4 6 -6 11 7 -9 -10 13 19 12 -14 15 -16 17 -18 18 -20 -21 -22
leaf_value=-0.00019034645092135601 0.0002665400991515656 0.00011081020085839555 -0.00049024758987537811 -7.0340102733594412e-05 0.00076531834876865878 -3.5265879419497539e-05 -0.0002757157168816775 -8.0775880791327885e-06 8.0255683388787559e-05 0.00010359447028895375 -1.4152581563280364e-05 -1.6022266345316895e-05 0.0001165051902284003 -5.9630790035263443e-05 -2.4395958177553007e-05 6.5511799570790935e-06 -0.00015116972219402671 5.2055176428049371e-05 -1.5647559770773765e-05 2.5269904502541369e-05 -1.9876441377846277e-05
leaf_weight=41.00000011920929 21 20 23.600000023841858 22 23.399999976158142 31 25 23 37 25 20 32 21 29 23 26 20 35 21 24 40
leaf_count=39 21 20 23 22 23 31 25 23 37 25 20 32 21 29 23 26 20 35 21 24 40
internal_value=2.52281e-12 -1.34686e-05 -0.000214533 6.71189e-06 0.000156898 6.13143e-05 -1.94287e-05 -0.000147472 -3.41376e-07 -1.08049e-05 -4.9389e-05 1.00078e-05 3.64886e-05 5.86968e-06 4.22657e-05 -5.69992e-06 -0.00010883 7.11972e-06 2.66667e-05 7.35059e-06 -9.46556e-06
internal_weight=583 478 43.6 434.4 64.4 105 370 48 322 285 86 84 53 199 48 151 42 122 56 44 66
internal_count=580 475 43 432 62 105 370 48 322 285 86 84 53 199 48 151 42 122 56 44 66
cat_boundaries=0 1 2 3 4
cat_threshold=2 1 4 4
is_linear=0
shrinkage=0.05


Tree=211
num_leaves=22
num_cat=0
split_feature=13 13 15 12 13 7 11 13 11 13 12 12 13 1 13 13 13 8 13 4 4
split_gain=0.00018074 0.000381618 0.00312386 0.0099006 0.00155741 0.000987513 0.00244021 0.000243467 0.000782173 0.00027685 0.000735883 0.000471322 0.000192331 5.32863e-05 0.000101142 3.34401e-05 1.24123e-05 1.12413e-05 7.87701e-06 7.51541e-06 9.55503e-06
threshold=2.5000000000000004 5.5000000000000009 3.5000000000000004 1.8513000000000004 6.5000000000000009 11.000000000000002 31.000000000000004 8.5000000000000018 37.500000000000007 13.500000000000002 1.8513000000000004 1.8099500000000004 3.5000000000000004 42.000000000000007 15.500000000000002 7.5000000000000009 15.500000000000002 110.00000000000001 12.500000000000002 79.500000000000014 42.500000000000007
decision_type=2 2 2 2 2 2 2 2 2 2 2 2 2 2 2 2 2 2 2 2 2
left_child=-1 2 3 12 -3 6 -6 8 15 10 17 13 -2 16 -15 -7 -11 18 19 20 -9
right_child=1 4 -4 -5 5 7 -8 9 -10 11 -12 -13 -14 14 -16 -17 -18 -19 -20 -21 -22
leaf_value=0.00010694440590324686 -2.0570975326942668e-05 0.0003330657627936619 0.0003268165226179389 -0.0011944613219447189 4.5366204977727722e-05 -4.6652527066726181e-05 -0.00061771522304936665 7.5130947594617383e-06 0.00036522629285173024 -5.9219124575195432e-05 -0.00029174174459722756 0.00022359463541458052 0.000175406287645831 0.00011086301405473773 -3.9093625041046345e-05 3.4462477483261693e-05 -1.1242762222816685e-05 3.1908136544226792e-05 -3.3416189277583427e-05 2.750148138147779e-05 -3.4925644649774766e-05
leaf_weight=37 21 35 31 20.800000071525574 37 24 22.200000047683716 36 20 28 26 30 31 23 22 27 26 24 21 20 21
leaf_count=37 21 35 31 19 37 24 21 36 20 28 26 30 31 23 22 27 26 24 21 20 21
internal_value=5.56785e-12 -7.24714e-06 -9.35248e-05 -0.000272516 1.30053e-05 -1.45048e-05 -0.000203289 1.76102e-05 0.000100216 -3.56313e-06 -5.02309e-05 4.99781e-05 9.62616e-05 -2.63291e-06 3.75509e-05 -3.70929e-06 -3.61194e-05 1.23867e-06 -6.27222e-06 1.13068e-06 -8.12223e-06
internal_weight=583 546 103.8 72.8 442.2 407.2 59.2 348 71 277 148 129 52 99 45 51 54 122 98 77 57
internal_count=580 543 102 71 441 406 58 348 71 277 148 129 52 99 45 51 54 122 98 77 57
is_linear=0
shrinkage=0.05


Tree=212
num_leaves=22
num_cat=1
split_feature=13 12 13 11 7 13 12 12 15 12 12 15 13 13 13 12 11 12 6 11 4
split_gain=0.000169609 0.000401692 0.000322029 0.00340946 0.000748815 0.0048925 0.000341119 0.000308094 0.000295449 0.000123388 8.03343e-05 5.69384e-05 0.000269644 0.000148144 6.2815e-05 4.39592e-05 5.65994e-05 8.99951e-06 1.04499e-05 5.074e-06 1.67053e-06
threshold=15.500000000000002 1.6441500000000002 13.500000000000002 36.000000000000007 11.000000000000002 9.5000000000000018 1.5672500000000003 1.9246000000000001 3.5000000000000004 1.8513000000000004 1.4202000000000001 2.5000000000000004 4.5000000000000009 6.5000000000000009 7.5000000000000009 1.4035500000000003 21.000000000000004 1.4202000000000001 0 21.000000000000004 76.000000000000014
decision_type=2 2 2 2 2 2 2 2 2 2 2 2 2 2 2 2 2 2 1 2 2
left_child=2 10 4 6 5 -1 -4 9 -9 11 -2 12 -6 15 -14 -13 -17 18 -15 -19 -16
right_child=1 -3 3 -5 7 -7 -8 8 -10 -11 -12 13 14 17 20 16 -18 19 -20 -21 -22
leaf_value=-0.0001651684964233767 5.4819880733703034e-05 0.00026233552081976084 9.9900473489671857e-06 -0.00063750390018329573 0.00017085204394375484 0.00074093610931729012 0.00026753355865366757 -0.00024368356139997823 7.9322729288833219e-06 8.2846597305851413e-05 -7.1293955324622601e-05 -3.8995014757815767e-05 -9.7533202105019572e-05 -3.1544907572494522e-05 -4.8050658824228817e-06 -5.7636149854674434e-05 -0.00016981391187152403 2.5285200583061068e-06 1.5276867799746634e-05 3.0299550464980332e-05 1.4260462548918441e-05
leaf_weight=41.00000011920929 28 20 36 21.600000023841858 22 23.399999976158142 20 28 20 37 23 33 23 26 27 22 23 29 22 38 20
leaf_count=39 28 20 36 21 22 23 20 28 20 37 23 33 23 26 27 22 23 29 22 38 20
internal_value=-4.01772e-12 7.24212e-05 -1.00428e-05 -0.000103863 6.717e-06 0.000164068 0.00010197 -2.06706e-05 -0.000138844 -3.05478e-06 -2.05499e-06 -1.42069e-05 1.81625e-05 -2.96369e-05 -2.98256e-05 -8.28276e-05 -0.000114971 6.44029e-06 -1.00849e-05 1.82793e-05 3.30792e-06
internal_weight=583 71 512 77.6 434.4 64.4 56 370 48 322 51 285 92 193 70 78 45 115 48 67 47
internal_count=580 71 509 77 432 62 56 370 48 322 51 285 92 193 70 78 45 115 48 67 47
cat_boundaries=0 1
cat_threshold=1
is_linear=0
shrinkage=0.05


Tree=213
num_leaves=22
num_cat=1
split_feature=13 13 15 12 13 7 11 13 11 13 12 11 13 13 0 13 12 13 3 4 4
split_gain=0.00016957 0.000323566 0.00282736 0.00885606 0.00145594 0.00100277 0.0022248 0.000217734 0.000716416 0.000252206 0.000644464 0.000505047 0.000183545 0.000120784 4.82141e-05 2.9275e-05 7.78941e-06 7.44535e-06 4.50944e-06 8.03e-06 4.75167e-06
threshold=2.5000000000000004 5.5000000000000009 3.5000000000000004 1.8513000000000004 6.5000000000000009 11.000000000000002 31.000000000000004 8.5000000000000018 37.500000000000007 13.500000000000002 1.8513000000000004 37.500000000000007 3.5000000000000004 14.500000000000002 0 7.5000000000000009 1.5672500000000003 12.500000000000002 1.5000000000000002 82.500000000000014 41.000000000000007
decision_type=2 2 2 2 2 2 2 2 2 2 2 2 2 2 1 2 2 2 2 2 2
left_child=-1 2 3 12 -3 6 -6 8 15 10 17 13 -2 -11 16 -7 -15 18 20 -20 -9
right_child=1 4 -4 -5 5 7 -8 9 -10 11 -12 -13 -14 14 -16 -17 -18 -19 19 -21 -22
leaf_value=0.00010358706980745461 -2.2100026832222718e-05 0.00032108737135006648 0.00031343116171492804 -0.0011287058949250176 3.2220123201212219e-05 -4.413034500127348e-05 -0.00060091844079147524 1.007809329373848e-05 0.00034913670638161423 8.9582327036036852e-05 -0.0002731854107248812 0.00027943295339355245 0.00016934851131912684 -4.2951888181877711e-05 1.5372355998503433e-05 3.1765164461224531e-05 -8.6066116355141273e-05 -2.3337107500992717e-05 3.8606993560582246e-05 -2.2942971781958479e-06 -2.1385093851850322e-05
leaf_weight=37 21 35 31 20.800000071525574 37 24 22.200000047683716 28 20 31 26 20 31 22 36 27 20 25 24 24 21
leaf_count=37 21 35 31 19 37 24 21 28 20 31 26 20 31 22 36 27 20 25 24 24 21
internal_value=-8.98665e-12 -7.01965e-06 -8.64645e-05 -0.00025675 1.16289e-05 -1.497e-05 -0.000205207 1.73922e-05 9.55108e-05 -2.63102e-06 -4.71733e-05 4.84717e-05 9.20328e-05 6.09351e-06 -2.70879e-05 -3.95037e-06 -6.34825e-05 9.93251e-07 7.26396e-06 1.81563e-05 -3.40613e-06
internal_weight=583 546 103.8 72.8 442.2 407.2 59.2 348 71 277 148 129 52 109 78 51 42 122 97 48 49
internal_count=580 543 102 71 441 406 58 348 71 277 148 129 52 109 78 51 42 122 97 48 49
cat_boundaries=0 1
cat_threshold=1
is_linear=0
shrinkage=0.05


Tree=214
num_leaves=22
num_cat=4
split_feature=13 13 4 7 13 6 12 0 12 4 13 15 11 10 12 13 12 12 11 12 6
split_gain=0.000153215 0.000666581 0.00140006 0.000810655 0.00440363 0.000412258 0.000262485 0.000266542 0.000136571 7.31461e-05 7.23603e-05 0.000156141 4.56203e-05 4.21435e-05 8.42196e-05 7.69273e-06 6.82899e-06 9.81227e-06 9.56099e-06 9.01215e-06 3.00765e-07
threshold=14.500000000000002 13.500000000000002 42.500000000000007 11.000000000000002 9.5000000000000018 0 1.9246000000000001 1 1.8513000000000004 42.500000000000007 6.5000000000000009 2.5000000000000004 31.000000000000004 2 1.4035500000000003 12.500000000000002 1.4372000000000003 1.6441500000000002 21.000000000000004 1.3077000000000003 3
decision_type=2 2 2 2 2 1 2 1 2 2 2 2 2 1 2 2 2 2 2 2 1
left_child=1 3 -3 4 -1 -2 8 -8 10 -7 11 -5 -11 -13 -15 16 19 18 -18 -12 -21
right_child=5 2 -4 6 -6 9 7 -9 -10 12 15 13 -14 14 -16 -17 17 -19 -20 20 -22
leaf_value=-0.00014194258691987429 0.00025283787642062331 -0.00049777197688894998 6.9758036324460792e-05 3.6683028493162305e-05 0.00071770090356553309 5.9028620580647842e-05 -0.00024389176757540554 -8.0400031868560738e-06 8.4830058984005383e-05 1.1500016838908779e-05 1.6162184248160984e-05 -0.00013452380582748447 -8.6074342455148064e-05 1.6118437532614259e-05 -0.00011738907037565864 -2.2170252494106538e-05 1.2505089758773327e-05 -8.7503025757281913e-06 5.8488245958869821e-05 -1.369890316189932e-05 -2.2161210299167407e-05
leaf_weight=41.00000011920929 21 20.600000023841858 23 37 23.399999976158142 36 25 23 37 25 36 30 23 21 27 25 26 21 20 21 21
leaf_count=39 21 20 23 37 23 36 25 23 37 25 36 30 23 21 27 25 26 21 20 21 21
internal_value=4.04719e-12 -1.20134e-05 -0.000198387 6.69257e-06 0.000170412 5.46897e-05 -2.18035e-05 -0.000130879 -5.54375e-06 5.15263e-06 -1.72765e-05 -4.79083e-05 -3.52544e-05 -8.8035e-05 -5.89795e-05 3.44506e-06 7.8615e-06 1.95693e-05 3.24978e-05 -2.19518e-06 -1.79301e-05
internal_weight=583 478 43.6 434.4 64.4 105 370 48 322 84 285 115 48 78 48 170 145 67 46 78 42
internal_count=580 475 43 432 62 105 370 48 322 84 285 115 48 78 48 170 145 67 46 78 42
cat_boundaries=0 1 2 3 4
cat_threshold=2 1 4 4
is_linear=0
shrinkage=0.05


Tree=215
num_leaves=20
num_cat=1
split_feature=13 13 15 12 13 7 11 13 11 13 11 13 13 4 11 13 6 8 11
split_gain=0.000161583 0.000268983 0.00256064 0.00794992 0.0013566 0.00102463 0.0020099 0.000190651 0.000653109 0.000232018 0.000591708 0.000482086 0.000166363 7.7205e-05 5.76052e-05 2.67429e-05 2.30046e-05 2.2055e-05 1.5642e-05
threshold=2.5000000000000004 5.5000000000000009 3.5000000000000004 1.8513000000000004 6.5000000000000009 11.000000000000002 31.000000000000004 8.5000000000000018 37.500000000000007 13.500000000000002 37.500000000000007 14.500000000000002 3.5000000000000004 42.500000000000007 34.500000000000007 7.5000000000000009 0 75.000000000000014 31.000000000000004
decision_type=2 2 2 2 2 2 2 2 2 2 2 2 2 2 2 2 1 2 2
left_child=-1 2 3 12 -3 6 -6 8 15 10 16 -11 -2 -13 -15 -7 18 -18 -9
right_child=1 4 -4 -5 5 7 -8 9 -10 11 -12 13 -14 14 -16 -17 17 -19 -20
leaf_value=0.00010111803477057776 -1.9543596361126266e-05 0.00030886495552424876 0.0003012796207786455 -0.0010674855956376596 1.7845083316756614e-05 -4.3080784113650834e-05 -0.00058393895832059583 -1.2274402202770896e-06 0.00033244790909520822 0.00019704397769888411 -0.0002660265970043838 3.9395510631086498e-05 0.0001627242422170727 -1.3410074684267756e-05 -0.00012094928119040562 2.9458210849918906e-05 -4.5563842104456861e-06 5.4979774540697696e-05 -5.3735665057067075e-05
leaf_weight=37 21 35 31 20.800000071525574 37 24 22.200000047683716 37 20 38 25 38 31 33 20 27 35 28 23
leaf_count=37 21 35 31 19 37 24 21 37 20 38 25 38 31 33 20 27 35 28 23
internal_value=1.59204e-12 -6.85232e-06 -7.92871e-05 -0.000241342 1.01507e-05 -1.55247e-05 -0.000207824 1.71883e-05 9.02872e-05 -1.54822e-06 -4.42705e-05 4.74665e-05 8.91161e-05 -1.49944e-05 -5.39909e-05 -4.67779e-06 8.01826e-07 2.19041e-05 -2.13556e-05
internal_weight=583 546 103.8 72.8 442.2 407.2 59.2 348 71 277 148 129 52 91 53 51 123 63 60
internal_count=580 543 102 71 441 406 58 348 71 277 148 129 52 91 53 51 123 63 60
cat_boundaries=0 1
cat_threshold=1
is_linear=0
shrinkage=0.05


Tree=216
num_leaves=21
num_cat=2
split_feature=13 13 15 6 13 7 11 4 12 13 13 12 12 1 13 13 0 11 11 12
split_gain=0.000145828 0.000242757 0.00231098 0.0075778 0.00122433 0.000924726 0.00181394 0.000386446 0.000183059 0.000130465 0.000102341 0.000108324 8.5208e-05 4.74677e-05 6.88587e-05 4.55472e-05 2.56459e-05 6.77229e-06 3.95092e-06 3.45961e-06
threshold=2.5000000000000004 5.5000000000000009 3.5000000000000004 0 6.5000000000000009 11.000000000000002 31.000000000000004 44.000000000000007 1.8826500000000002 10.500000000000002 14.500000000000002 1.8099500000000004 1.5672500000000003 42.000000000000007 12.500000000000002 12.500000000000002 1 23.000000000000004 19.500000000000004 1.5470500000000003
decision_type=2 2 2 1 2 2 2 2 2 2 2 2 2 2 2 2 1 2 2 2
left_child=-1 2 3 -2 -3 6 -6 -5 10 -10 11 13 16 15 17 18 -12 -15 -7 -19
right_child=1 4 -4 7 5 8 -8 -9 9 -11 12 -13 -14 14 -16 -17 -18 19 -20 -21
leaf_value=9.606213248303362e-05 -0.0009612311975671419 0.00029342170982480254 0.00028621562777252329 0.00028180350606238461 1.6952835987369228e-05 -7.3624003455145572e-06 -0.00055474221748749611 -5.0196715030189681e-07 0.0002034038829151541 3.9607053939459638e-05 -5.8463686693120626e-05 0.00012417127879664556 -0.00013664315287314824 3.0054669477976861e-05 0.00011034749649380419 -6.8085203180695924e-05 9.1274664050110422e-06 -1.4302582993563052e-05 1.5956523538289521e-05 1.3357985262700821e-05
leaf_weight=37 23.800000071525574 35 31 22 37 34 22.200000047683716 27 20 31 23 22 20 25 22 30 36 26 39 20
leaf_count=37 22 35 31 22 37 34 21 27 20 31 23 22 20 25 22 30 36 26 39 20
internal_value=-2.30841e-12 -6.50971e-06 -7.53227e-05 -0.000229274 9.64313e-06 -1.47484e-05 -0.000197433 0.000126247 1.63289e-05 0.000103841 1.30155e-06 1.89702e-05 -4.74549e-05 7.16189e-06 3.3057e-05 -1.62192e-05 -1.72216e-05 9.10788e-06 5.09565e-06 -2.27625e-06
internal_weight=583 546 103.8 72.8 442.2 407.2 59.2 49 348 51 297 218 79 196 93 103 59 71 73 46
internal_count=580 543 102 71 441 406 58 49 348 51 297 218 79 196 93 103 59 71 73 46
cat_boundaries=0 1 2
cat_threshold=2 1
is_linear=0
shrinkage=0.05


Tree=217
num_leaves=23
num_cat=5
split_feature=13 13 1 7 13 6 12 0 12 13 13 15 10 4 12 11 12 12 10 6 12 13
split_gain=0.000155237 0.000624701 0.00139095 0.001061 0.00390455 0.00038365 0.000249152 0.000227592 0.000122242 0.000105126 0.000177826 0.000210843 6.14523e-05 5.51579e-05 3.54687e-05 3.46091e-05 7.10487e-06 1.22113e-05 9.8538e-06 5.00468e-06 6.68523e-06 1.07591e-06
threshold=14.500000000000002 13.500000000000002 42.000000000000007 11.000000000000002 9.5000000000000018 0 1.9246000000000001 1 1.8513000000000004 6.5000000000000009 5.5000000000000009 2.5000000000000004 2 42.500000000000007 1.4035500000000003 31.000000000000004 1.4372000000000003 1.6441500000000002 3 4 1.2270500000000002 10.500000000000002
decision_type=2 2 2 2 2 1 2 1 2 2 2 2 1 2 2 2 2 2 1 1 2 2
left_child=1 3 -3 4 -1 -2 8 -8 9 10 11 -5 -13 -7 -14 -15 19 18 -18 21 -21 -11
right_child=5 2 -4 6 -6 13 7 -9 -10 16 -12 12 14 15 -16 -17 17 -19 -20 20 -22 -23
leaf_value=-0.00010080559025830952 0.00024619881826635847 0.00011426078955992126 -0.00045249677955318311 8.3316607526347954e-05 0.00070866071303246571 5.4046761983449364e-05 -0.00023728262772783638 -1.9343662532501975e-05 7.4758778115407249e-05 -2.7058296178611707e-05 -0.00018659924237660812 -0.00014461647895033189 5.1481936401387431e-06 1.2896515861029911e-05 -8.7889688456059615e-05 -7.2090408597748893e-05 5.3779319742239929e-05 -1.6569744184380399e-05 1.045594816137704e-05 2.6704292395152152e-05 -1.0871847535029169e-05 -1.1053043250458793e-05
leaf_weight=41.00000011920929 21 20 23.600000023841858 29 23.399999976158142 36 25 23 37 21 22 23 20 25 21 23 21 23 35 20 29 21
leaf_count=39 21 20 23 29 23 36 25 23 37 21 22 23 20 25 21 23 21 23 35 20 29 21
internal_value=6.55528e-12 -1.20924e-05 -0.000192516 6.01639e-06 0.000193317 5.50494e-05 -2.65841e-05 -0.000132854 -1.07427e-05 -2.18429e-05 -5.87644e-05 -2.85238e-05 -7.92015e-05 7.26211e-06 -4.25054e-05 -2.78264e-05 3.13343e-06 1.4104e-05 2.67022e-05 -6.3905e-06 4.46535e-06 -1.90557e-05
internal_weight=583 478 43.6 434.4 64.4 105 370 48 322 285 115 93 64 84 41 48 170 79 56 91 49 42
internal_count=580 475 43 432 62 105 370 48 322 285 115 93 64 84 41 48 170 79 56 91 49 42
cat_boundaries=0 1 2 3 4 5
cat_threshold=2 1 4 1 1
is_linear=0
shrinkage=0.05


Tree=218
num_leaves=22
num_cat=2
split_feature=13 13 11 7 13 12 12 0 12 13 13 15 4 13 10 12 12 12 14 13 15
split_gain=0.000140102 0.000563793 0.00125659 0.000957548 0.00352386 0.000304934 0.000224859 0.000205401 0.000110323 9.48766e-05 0.000160488 0.000190286 7.64716e-05 5.84769e-05 5.54607e-05 3.20105e-05 6.41215e-06 1.10207e-05 1.43912e-05 3.1292e-06 1.47035e-06
threshold=14.500000000000002 13.500000000000002 31.000000000000004 11.000000000000002 9.5000000000000018 1.8513000000000004 1.9246000000000001 0 1.8513000000000004 6.5000000000000009 5.5000000000000009 2.5000000000000004 82.500000000000014 15.500000000000002 1 1.4035500000000003 1.4372000000000003 1.6441500000000002 3.5000000000000004 9.5000000000000018 2.5000000000000004
decision_type=2 2 2 2 2 2 2 1 2 2 2 2 2 2 1 2 2 2 2 2 2
left_child=1 3 -3 4 -1 12 8 -8 9 10 11 -5 13 -2 -13 -16 19 18 -18 -11 -21
right_child=5 2 -4 6 -6 -7 7 -9 -10 16 -12 14 -14 -15 15 -17 17 -19 -20 20 -22
leaf_value=-9.5765329877169609e-05 4.2329887350206267e-05 8.3083471558480107e-05 -0.00045378996607185572 7.9150778875091104e-05 0.00067322769044025356 0.00022795678727561609 -0.00022541849536355585 -1.8376483184629648e-05 7.1020836755476032e-05 5.6570843246715547e-06 -0.00017726928232481113 -0.00013738565796065022 9.1219803026764247e-05 -5.6132536294147658e-05 4.8907843324741404e-06 -8.3495204351146681e-05 4.7318157612608047e-05 -1.5741256103628194e-05 -3.9009719993525023e-06 -3.3290576663024361e-06 -1.9918168433886262e-05
leaf_weight=41.00000011920929 25 22 21.600000023841858 29 23.399999976158142 20 25 23 37 35 22 23 22 38 20 21 32 23 24 22 34
leaf_count=39 25 22 21 29 23 20 25 23 37 35 22 23 22 38 20 21 32 23 24 22 34
internal_value=-2.40295e-12 -1.14878e-05 -0.000182891 5.71557e-06 0.000183651 5.2297e-05 -2.52549e-05 -0.000126211 -1.02055e-05 -2.07507e-05 -5.58261e-05 -2.70976e-05 1.09653e-05 -1.70601e-05 -7.52415e-05 -4.03801e-05 2.97676e-06 1.33988e-05 2.53671e-05 -6.07098e-06 -1.3401e-05
internal_weight=583 478 43.6 434.4 64.4 105 370 48 322 285 115 93 85 63 64 41 170 79 56 91 56
internal_count=580 475 43 432 62 105 370 48 322 285 115 93 85 63 64 41 170 79 56 91 56
cat_boundaries=0 1 2
cat_threshold=1 4
is_linear=0
shrinkage=0.05


Tree=219
num_leaves=22
num_cat=7
split_feature=13 6 13 12 13 12 13 6 6 13 13 12 13 6 11 4 0 13 10 15 6
split_gain=0.000154433 0.00187176 0.0017452 0.000975985 0.00373525 0.000879167 0.000239397 0.0013444 0.00032823 0.000165036 0.000437758 0.000252123 0.000239384 8.96932e-05 8.0158e-05 3.6352e-05 6.31324e-05 5.26132e-05 4.5053e-06 3.62277e-06 6.97135e-07
threshold=7.5000000000000009 0 8.5000000000000018 1.8826500000000002 13.500000000000002 1.8099500000000004 13.500000000000002 1 2 5.5000000000000009 3.5000000000000004 1.5672500000000003 6.5000000000000009 3 34.500000000000007 44.000000000000007 4 15.500000000000002 5 2.5000000000000004 6
decision_type=2 1 2 2 2 2 2 1 1 2 2 2 2 1 2 2 1 2 1 2 1
left_child=1 5 -2 6 -5 -1 7 -4 -8 10 13 -12 -11 -3 18 17 -17 -10 -9 -20 -21
right_child=2 9 3 4 -6 -7 8 14 15 12 11 -13 -14 -15 -16 16 -18 -19 19 20 -22
leaf_value=0.00010575035057194153 -0.00033059350959081042 -0.00015363006553751146 -0.00036149689229205252 0.00056305761465329414 -0.00029117488825279478 0.00056436994999366241 0.00018564496088031404 1.2582242897434089e-05 6.427209117039941e-06 -0.00021246560515681019 -3.1968009958897407e-06 0.00022598811604742275 -1.504389927183237e-05 -3.3933505607940202e-05 0.00010458103759447112 6.3585578854760954e-05 -4.4431117870165812e-05 -0.00010194263342695888 2.3593709231915585e-06 -2.6392438430396698e-05 -1.3752813911196427e-05
leaf_weight=21 40.200000047683716 29 30 31.399999976158142 21.600000023841858 20.800000071525574 27 26 24 28 24 24 34 34 20 31 24 21 28 24 20
leaf_count=21 40 29 30 31 21 19 27 26 24 28 24 24 34 34 20 31 24 21 28 24 20
internal_value=-1.13812e-11 3.36923e-05 -1.96554e-05 1.84535e-05 0.000214918 0.000333963 -1.94105e-05 -6.26254e-05 3.09502e-05 -3.88587e-05 -2.36054e-06 0.000111396 -0.000104202 -8.90319e-05 1.33589e-05 -1.08174e-05 1.6451e-05 -4.41454e-05 -5.2579e-06 -1.17002e-05 -2.06472e-05
internal_weight=583 214.8 368.2 328 53 41.8 275 148 127 173 111 48 62 63 118 100 55 45 98 72 44
internal_count=580 213 367 327 52 40 275 148 127 173 111 48 62 63 118 100 55 45 98 72 44
cat_boundaries=0 1 2 3 4 5 6 7
cat_threshold=2 2 2 4 1 2 4
is_linear=0
shrinkage=0.05


Tree=220
num_leaves=22
num_cat=7
split_feature=13 13 6 13 13 11 12 13 12 11 13 6 6 11 4 0 13 0 10 16 6
split_gain=0.00015527 0.000230825 0.00190301 0.0012657 0.000747885 0.00576842 0.000880827 0.00337106 0.000332375 0.000274711 0.000216056 0.00121332 0.000296228 7.23426e-05 3.28077e-05 5.6977e-05 4.74834e-05 2.66173e-05 4.06603e-06 3.26955e-06 6.29164e-07
threshold=2.5000000000000004 5.5000000000000009 0 6.5000000000000009 8.5000000000000018 37.500000000000007 1.8826500000000002 13.500000000000002 1.5672500000000003 23.000000000000004 13.500000000000002 1 2 34.500000000000007 44.000000000000007 3 15.500000000000002 4 5 1.0000000180025095e-35 6
decision_type=2 2 1 2 2 2 2 2 2 2 2 1 1 2 2 1 2 1 1 2 1
left_child=-1 2 -2 -3 5 9 10 -8 17 -5 11 -6 -12 18 16 -16 -14 -4 -13 20 -20
right_child=1 3 8 4 6 -7 7 -9 -10 -11 12 13 14 -15 15 -17 -18 -19 19 -21 -22
leaf_value=9.9123204622505795e-05 -0.0004193000850381452 0.0002975668315048097 1.4998494465213628e-05 0.00019966355359689 -0.00034342204792968314 -0.00083741346417938543 0.00053490470478493777 -0.00027661610965662827 0.00019141394669563384 -2.5812444555258067e-05 0.00017636272017693114 1.195313044053574e-05 6.1058481833242697e-06 9.9351986646070147e-05 6.0406299906301891e-05 -4.2209562547175972e-05 -9.6845502966538168e-05 -6.1141717742430054e-05 -2.507281606464555e-05 2.2414025352190946e-06 -1.3065173861832593e-05
leaf_weight=37 28.800000071525574 35 22 35 30 22.200000047683716 31.399999976158142 21.600000023841858 29 22 27 26 24 20 31 24 21 24 24 28 20
leaf_count=37 27 35 22 35 30 22 31 21 29 22 27 26 24 20 31 24 21 24 24 28 20
internal_value=1.47925e-11 -6.71712e-06 -7.38177e-05 9.03375e-06 -1.57665e-05 -0.000153664 1.75308e-05 0.000204172 5.88476e-05 0.000112638 -1.844e-05 -5.94941e-05 2.94027e-05 1.26909e-05 -1.02765e-05 1.56285e-05 -4.19381e-05 -2.47268e-05 -4.995e-06 -1.11152e-05 -1.96148e-05
internal_weight=583 546 103.8 442.2 407.2 79.2 328 53 75 57 275 148 127 118 100 55 45 46 98 72 44
internal_count=580 543 102 441 406 79 327 52 75 57 275 148 127 118 100 55 45 46 98 72 44
cat_boundaries=0 1 2 3 4 5 6 7
cat_threshold=2 2 2 1 1 2 4
is_linear=0
shrinkage=0.05


Tree=221
num_leaves=22
num_cat=5
split_feature=13 12 13 6 12 11 12 13 13 6 12 13 13 12 13 11 12 0 10 13 6
split_gain=0.000143797 0.000433656 0.000251015 0.00183383 0.0015681 0.00245139 0.000787816 0.000513975 0.00037106 0.00109503 0.00029955 0.000162701 0.00033349 0.000299968 0.000274338 6.52892e-05 6.33019e-05 2.40221e-05 3.66959e-06 3.09911e-06 1.06059e-06
threshold=15.500000000000002 1.6441500000000002 7.5000000000000009 0 1.8826500000000002 39.500000000000007 1.8099500000000004 8.5000000000000018 13.500000000000002 1 1.5672500000000003 2.5000000000000004 5.5000000000000009 1.5672500000000003 6.5000000000000009 34.500000000000007 1.4202000000000001 2 3 11.500000000000002 4
decision_type=2 2 2 1 2 2 2 2 2 1 2 2 2 2 2 2 2 1 1 2 1
left_child=2 16 3 6 7 -6 -1 -4 9 -9 -10 -5 13 17 -14 18 -2 -13 -11 20 -20
right_child=1 -3 4 11 5 -7 -8 8 10 15 -12 12 14 -15 -16 -17 -18 -19 19 -21 -22
leaf_value=0.00011311479956064084 3.9787345976297474e-05 0.0002640089674969204 0.0002084352710676285 -0.00013446972929563749 -0.00056998032761060129 0.0001192160670391538 0.00054725432691726209 -0.00032625094512089468 -2.5903577270816106e-06 1.1355474522973124e-05 0.00021406155768393851 1.4248568020940928e-05 -0.00021672066915406115 0.0001818432438336333 -5.3763434045643357e-06 9.4384385956800546e-05 -7.2161702266147702e-05 -5.8084632989145273e-05 -2.7115707416669467e-05 2.0721691443809663e-06 -1.1406375349245289e-05
leaf_weight=21 28 20 30 36 31.200000047683716 22 20.800000071525574 30 39 26 27 22 28 29 34 20 23 24 21 29 22
leaf_count=21 28 20 30 36 30 22 19 30 39 26 27 22 28 29 34 20 23 24 21 29 22
internal_value=2.37284e-12 6.66832e-05 -9.24708e-06 3.19335e-05 -3.90101e-05 -0.000284974 0.000329146 1.46181e-05 -1.25525e-05 -5.65194e-05 8.604e-05 -3.98786e-05 -1.50225e-05 5.59052e-05 -0.000100822 1.20564e-05 -1.06995e-05 -2.34905e-05 -4.74525e-06 -1.05594e-05 -1.90784e-05
internal_weight=583 71 512 214.8 297.2 53.2 41.8 244 214 148 66 173 137 75 62 118 51 46 98 72 43
internal_count=580 71 509 213 296 52 40 244 214 148 66 173 137 75 62 118 51 46 98 72 43
cat_boundaries=0 1 2 3 4 5
cat_threshold=2 2 1 2 4
is_linear=0
shrinkage=0.05


Tree=222
num_leaves=22
num_cat=2
split_feature=13 13 15 12 13 7 11 13 11 13 12 11 13 13 0 13 11 4 4 4 10
split_gain=0.000157932 0.000251465 0.00210252 0.00734358 0.00117041 0.000978554 0.00172677 0.000216523 0.000788962 0.000246127 0.000731063 0.000551981 0.000145174 0.000116256 5.5301e-05 2.82942e-05 9.20156e-06 6.38456e-06 1.72533e-05 5.19837e-06 4.6837e-06
threshold=2.5000000000000004 5.5000000000000009 3.5000000000000004 1.8513000000000004 6.5000000000000009 11.000000000000002 31.000000000000004 8.5000000000000018 37.500000000000007 13.500000000000002 1.8513000000000004 37.500000000000007 3.5000000000000004 14.500000000000002 0 7.5000000000000009 31.000000000000004 79.500000000000014 84.000000000000014 42.500000000000007 1
decision_type=2 2 2 2 2 2 2 2 2 2 2 2 2 2 1 2 2 2 2 2 1
left_child=-1 2 3 12 -3 6 -6 8 15 10 17 13 -2 -11 16 -7 -15 19 -19 20 -9
right_child=1 4 -4 -5 5 7 -8 9 -10 11 -12 -13 -14 14 -16 -17 -18 18 -20 -21 -22
leaf_value=9.996927723526875e-05 -7.5534309752627104e-06 0.00028712517070484219 0.00026803633863305403 -0.0010176689691139987 7.0623195111890004e-06 -4.8189486612197174e-05 -0.00055072818521153134 -1.0629004472797359e-05 0.00036184490159030247 8.5906961260573758e-05 -0.00028690220295594861 0.00028975632390938701 0.0001627113848958435 -9.0936201048039258e-05 1.6918641242114064e-05 2.6423768613986558e-05 -4.4129718645265154e-05 5.3230297184892984e-05 -8.2455857991590162e-06 -1.9974007457979799e-05 2.140150862396695e-05
leaf_weight=37 21 35 31 20.800000071525574 37 24 22.200000047683716 21 20 31 26 20 31 21 36 27 21 21 25 30 25
leaf_count=37 21 35 31 19 37 24 21 21 20 31 26 20 31 21 36 27 21 21 25 30 25
internal_value=-6.97088e-12 -6.77448e-06 -7.68108e-05 -0.000223655 9.66551e-06 -1.41829e-05 -0.000202109 1.77861e-05 9.56872e-05 -2.18131e-06 -4.61835e-05 4.83018e-05 9.39506e-05 3.99819e-06 -2.85553e-05 -8.68835e-06 -6.7533e-05 5.11725e-06 1.98195e-05 -3.78147e-06 6.77888e-06
internal_weight=583 546 103.8 72.8 442.2 407.2 59.2 348 71 277 148 129 52 109 78 51 42 122 46 76 46
internal_count=580 543 102 71 441 406 58 348 71 277 148 129 52 109 78 51 42 122 46 76 46
cat_boundaries=0 1 2
cat_threshold=1 4
is_linear=0
shrinkage=0.05


Tree=223
num_leaves=21
num_cat=2
split_feature=13 13 7 12 13 12 7 13 1 13 13 4 6 13 12 13 0 13 13 11
split_gain=0.000142534 0.000230164 0.00158386 0.00094954 0.00331825 0.00078272 0.000341482 0.00013101 0.000178167 0.000103792 0.000172051 0.000120368 9.88987e-05 9.7441e-05 8.88567e-05 3.65364e-05 3.37175e-05 2.92535e-05 2.22535e-05 6.57078e-07
threshold=2.5000000000000004 8.5000000000000018 11.000000000000002 1.8826500000000002 13.500000000000002 1.8826500000000002 11.000000000000002 14.500000000000002 42.000000000000007 4.5000000000000009 6.5000000000000009 44.000000000000007 0 5.5000000000000009 1.5672500000000003 12.500000000000002 1 11.500000000000002 7.5000000000000009 19.500000000000004
decision_type=2 2 2 2 2 2 2 2 2 2 2 2 1 2 2 2 1 2 2 2
left_child=-1 2 -2 6 -5 9 -3 8 15 11 13 -4 17 -11 16 19 -9 -10 -12 -8
right_child=1 3 5 4 -6 -7 7 14 12 10 18 -13 -14 -15 -16 -17 -18 -19 -20 -21
leaf_value=9.4970806679378481e-05 -0.00037117945249033163 -0.00016565691745627726 0.00011563672505872092 0.00054194610425383264 -0.00026319271756639057 0.00022651493829257296 -4.4041652828404364e-06 -6.5595780631116699e-05 5.1039468962699183e-06 -5.8952564359060489e-05 -3.8913885886618767e-05 -4.4965749301744452e-05 0.00015006595751929715 -0.00020192864976706915 -0.00014025855696672807 -6.9353414219222031e-05 1.1905436998757878e-05 7.8337377926800415e-05 2.4124450719601295e-05 7.5475298652473501e-06
leaf_weight=37 32.00000011920929 34 20 31.399999976158142 21.600000023841858 34 23 23 30 22 28 28 31 26 20 30 36 25 28 23
leaf_count=37 30 34 20 31 21 34 23 23 30 22 28 28 31 26 20 30 36 25 28 23
internal_value=-4.89218e-12 -6.43576e-06 -4.62557e-05 2.003e-05 0.000213814 9.64514e-06 -1.73175e-05 3.61002e-06 2.93537e-05 -3.88652e-05 -6.69347e-05 2.19519e-05 7.86465e-05 -0.000136398 -4.91807e-05 -2.64251e-05 -1.83069e-05 3.83919e-05 -7.39472e-06 1.57168e-06
internal_weight=583 546 218 328 53 186 275 241 162 152 104 48 86 48 79 76 59 55 56 46
internal_count=580 543 216 327 52 186 275 241 162 152 104 48 86 48 79 76 59 55 56 46
cat_boundaries=0 1 2
cat_threshold=1 1
is_linear=0
shrinkage=0.05


Tree=224
num_leaves=23
num_cat=2
split_feature=13 12 13 7 7 11 13 13 12 12 15 13 13 12 12 12 10 6 8 11 13 4
split_gain=0.000147542 0.000410266 0.000230253 0.00389434 0.00252122 0.00230857 0.000444966 0.00040166 0.000759439 0.00064414 0.00018602 0.000823363 0.000176324 0.000154364 8.6477e-05 6.24205e-05 4.39428e-05 4.07064e-05 1.39951e-05 7.70454e-06 2.09365e-06 1.748e-06
threshold=15.500000000000002 1.6441500000000002 7.5000000000000009 11.000000000000002 11.000000000000002 31.000000000000004 8.5000000000000018 13.500000000000002 1.8513000000000004 1.7639000000000002 2.5000000000000004 4.5000000000000009 2.5000000000000004 1.8826500000000002 1.5672500000000003 1.4202000000000001 0 1 110.00000000000001 23.000000000000004 10.500000000000002 42.500000000000007
decision_type=2 2 2 2 2 2 2 2 2 2 2 2 2 2 2 2 1 1 2 2 2 2
left_child=2 15 3 -1 5 -4 -6 8 18 17 11 -5 -12 14 16 -2 -14 -9 19 20 -8 -22
right_child=1 -3 4 10 6 -7 7 9 -10 -11 12 -13 13 -15 -16 -17 -18 -19 -20 -21 21 -23
leaf_value=0.00057111459320713929 4.2413307242635971e-05 0.0002594765128742438 -5.1839639374520636e-05 0.00023407295235665514 0.00018729817622124126 -0.00076113065246862129 1.3574755224720417e-05 -5.0845273593343644e-05 -0.00029396237357734488 0.00032838935405293129 -0.00019428785383532722 -0.00016070652935533354 -0.00010989157328280965 6.2739819060714756e-05 -0.00016394860364380294 -6.8753632608011531e-05 -1.8881300376152568e-05 4.3314053684959871e-05 3.7890793627563357e-05 -3.002630562506333e-05 5.7522340360568105e-06 -1.3759789416409067e-05
leaf_weight=28.800000071525574 28 20 25 25 36 21.200000047683716 29 24 26 21 29 28 21 22 25 23 36 22 24 23 24 22
leaf_count=27 28 20 25 25 36 20 29 24 26 21 29 28 21 22 25 23 36 22 24 23 24 22
internal_value=8.46282e-12 6.7546e-05 -9.36673e-06 3.0074e-05 -3.78724e-05 -0.000377315 2.46067e-05 -2.63462e-06 -4.86165e-05 9.89373e-05 -5.37e-05 2.55102e-05 -8.52649e-05 -5.48643e-05 -8.64166e-05 -7.7208e-06 -5.24114e-05 -5.81255e-06 3.67033e-06 -4.71019e-06 3.05342e-06 -3.5796e-06
internal_weight=583 71 512 214.8 297.2 46.2 251 215 148 67 186 53 133 104 82 51 57 46 122 98 75 46
internal_count=580 71 509 213 296 45 251 215 148 67 186 53 133 104 82 51 57 46 122 98 75 46
cat_boundaries=0 1 2
cat_threshold=4 4
is_linear=0
shrinkage=0.05


Tree=225
num_leaves=22
num_cat=1
split_feature=13 13 15 12 13 13 11 12 13 7 15 13 13 11 12 1 13 0 13 11 11
split_gain=0.000142172 0.000251523 0.00191577 0.00673827 0.00112783 0.000787428 0.00528885 0.000953472 0.00323154 0.000285417 0.000275356 0.000138632 0.000124627 0.000164289 9.57153e-05 6.0188e-05 0.000101663 3.3306e-05 2.20464e-05 1.20706e-05 5.77516e-08
threshold=2.5000000000000004 5.5000000000000009 3.5000000000000004 1.8513000000000004 6.5000000000000009 8.5000000000000018 37.500000000000007 1.8826500000000002 13.500000000000002 11.000000000000002 3.5000000000000004 3.5000000000000004 14.500000000000002 36.000000000000007 1.5672500000000003 42.000000000000007 12.500000000000002 0 12.500000000000002 25.500000000000004 19.500000000000004
decision_type=2 2 2 2 2 2 2 2 2 2 2 2 2 2 2 2 2 1 2 2 2
left_child=-1 2 3 11 -3 6 10 9 -9 -7 -6 -2 13 15 17 18 19 -14 20 -17 -11
right_child=1 4 -4 -5 5 7 -8 8 -10 12 -12 -13 14 -15 -16 16 -18 -19 -20 -21 -22
leaf_value=9.4850276798604546e-05 -1.1599380438080214e-05 0.00028237947382357172 0.0002527040667407545 -0.0009772294265857817 6.3802094563002214e-06 -0.00015227127848501209 -0.0008096027289650773 0.00053877126359637472 -0.00025577811631857317 -4.293877535256679e-06 0.00022896337659403799 0.0001547853131459335 -6.3967029239827999e-05 0.0001513691858472948 -0.00014353832737015181 2.8045878546188103e-05 0.00013562814921897371 1.3059788317251434e-05 -5.9317382254318681e-05 -2.2735307400580497e-05 -6.672331524203487e-07
leaf_weight=37 21 35 31 20.800000071525574 33 34 22.200000047683716 31.399999976158142 21.600000023841858 23 24 31 23 23 20 22 20 36 28 25 21
leaf_count=37 21 35 31 19 33 34 22 31 21 23 24 31 23 23 20 22 20 36 28 25 21
internal_value=-8.65486e-12 -6.42759e-06 -7.64719e-05 -0.000216643 1.00143e-05 -1.33963e-05 -0.000154893 2.077e-05 0.000214955 -1.66547e-05 0.000100099 8.75915e-05 2.47787e-06 2.75866e-05 -4.90108e-05 7.10455e-06 4.12118e-05 -1.69676e-05 -2.46341e-05 1.03461e-06 -2.56298e-06
internal_weight=583 546 103.8 72.8 442.2 407.2 79.2 328 53 275 57 52 241 162 79 139 67 59 72 47 44
internal_count=580 543 102 71 441 406 79 327 52 275 57 52 241 162 79 139 67 59 72 47 44
cat_boundaries=0 1
cat_threshold=1
is_linear=0
shrinkage=0.05


Tree=226
num_leaves=22
num_cat=4
split_feature=13 4 13 10 7 13 12 12 15 12 13 13 15 12 10 12 8 4 6 12 10
split_gain=0.000152369 0.000398601 0.000221471 0.00347515 0.00110727 0.00336866 0.00035536 0.000292791 0.000172748 0.000135913 0.0001219 0.00014696 0.000146341 7.62788e-05 4.03096e-05 3.27755e-05 1.27721e-05 6.48569e-06 1.15636e-05 6.74568e-06 4.21104e-06
threshold=15.500000000000002 42.500000000000007 13.500000000000002 0 11.000000000000002 9.5000000000000018 1.5672500000000003 1.9246000000000001 3.5000000000000004 1.8513000000000004 6.5000000000000009 5.5000000000000009 2.5000000000000004 1.3077000000000003 1 1.4035500000000003 110.00000000000001 41.000000000000007 2 1.2270500000000002 3
decision_type=2 2 2 1 2 2 2 2 2 2 2 2 2 2 1 2 2 2 1 2 1
left_child=2 -2 4 -4 5 -1 -5 9 -9 10 11 12 -6 -3 -14 -16 17 20 -19 -20 -12
right_child=1 13 3 6 7 -7 -8 8 -10 -11 16 -13 14 -15 15 -17 -18 18 19 -21 -22
leaf_value=-7.7472377886973767e-05 0.00020713935014403736 3.7185956980465565e-05 -0.00057845364752832831 3.6173329790472055e-06 5.7453340584821685e-05 0.00067439602615377561 0.00026297161246995011 -0.00022429079149982763 -3.189162365742959e-05 7.8404964910618762e-05 -4.3444013578624913e-06 -0.00017942548104408411 -0.00013092264770935087 -9.925329996760759e-05 -2.413478996459162e-06 -9.1849389684198071e-05 3.2460220620944918e-05 -3.2995519389563319e-05 2.6639376355888091e-05 -1.016071893183945e-05 2.4769741395613419e-05
leaf_weight=41.00000011920929 30 20 24.600000023841858 25 29 23.399999976158142 28 28 20 37 23 22 23 21 20 21 31 36 20 33 27
leaf_count=39 30 20 24 25 29 23 28 28 20 37 23 22 23 21 20 21 31 36 20 33 27
internal_value=-2.49604e-15 6.8642e-05 -9.51871e-06 -8.73237e-05 4.38016e-06 0.000195722 0.000140635 -2.89237e-05 -0.000144124 -1.17509e-05 -2.34553e-05 -6.32134e-05 -3.57224e-05 -3.26976e-05 -7.79426e-05 -4.82221e-05 3.43985e-06 -3.03232e-06 -1.11276e-05 3.72611e-06 1.13772e-05
internal_weight=583 71 512 77.6 434.4 64.4 53 370 48 322 285 115 93 41 64 41 170 139 89 53 50
internal_count=580 71 509 77 432 62 53 370 48 322 285 115 93 41 64 41 170 139 89 53 50
cat_boundaries=0 1 2 3 4
cat_threshold=4 4 1 4
is_linear=0
shrinkage=0.05


Tree=227
num_leaves=21
num_cat=5
split_feature=13 13 1 7 15 6 12 0 12 13 13 10 14 11 10 8 11 11 6 13
split_gain=0.000140079 0.000466457 0.00127672 0.000999312 0.00335122 0.000329181 0.000264244 0.000192059 0.000122661 0.000110015 0.000132632 0.000136664 3.18806e-05 6.06743e-05 2.32282e-05 1.15268e-05 6.33545e-06 4.19129e-06 8.77955e-06 1.96202e-06
threshold=14.500000000000002 13.500000000000002 42.000000000000007 11.000000000000002 2.5000000000000004 0 1.9246000000000001 1 1.8513000000000004 6.5000000000000009 5.5000000000000009 2 2.5000000000000004 31.000000000000004 3 110.00000000000001 25.500000000000004 16.500000000000004 4 11.500000000000002
decision_type=2 2 2 2 2 1 2 1 2 2 2 1 2 2 1 2 2 2 1 2
left_child=1 3 -3 4 -1 -2 8 -8 9 10 11 -5 -7 -14 -13 16 17 -11 19 -19
right_child=5 2 -4 6 -6 12 7 -9 -10 15 -12 14 13 -15 -16 -17 -18 18 -20 -21
leaf_value=-0.00025810660567180901 0.00022935351638201005 0.00012651752287638375 -0.00041646985317262222 6.602679146453739e-05 0.00047891236578320837 -3.2248891359138782e-05 -0.00023284961655735973 -3.2645020679489754e-05 7.4484715676934125e-05 -1.6017913488515966e-05 -0.00017045420752104045 -4.5487968797995284e-05 -1.1752655534280621e-05 9.7624306813702874e-05 -0.00010457622973200192 3.0837211044209042e-05 -2.4134378694335675e-05 -1.0319345701167263e-05 3.0046292422098461e-05 9.0283383133282769e-06
leaf_weight=25.600000023841858 21 20 23.600000023841858 25 38.800000071525574 31 25 23 37 24 22 39 32 21 29 31 28 38 29 20
leaf_count=24 21 20 23 25 38 31 25 23 37 24 22 39 32 21 29 31 28 38 29 20
internal_value=-7.20884e-12 -1.14869e-05 -0.000167393 4.16114e-06 0.000185936 5.22927e-05 -2.74775e-05 -0.000136918 -1.11633e-05 -2.22826e-05 -6.00527e-05 -3.39363e-05 8.0275e-06 3.15854e-05 -7.06874e-05 3.26785e-06 -2.88071e-06 2.48058e-06 7.58361e-06 -3.64773e-06
internal_weight=583 478 43.6 434.4 64.4 105 370 48 322 285 115 93 84 53 68 170 139 111 87 58
internal_count=580 475 43 432 62 105 370 48 322 285 115 93 84 53 68 170 139 111 87 58
cat_boundaries=0 1 2 3 4 5
cat_threshold=2 1 2 1 4
is_linear=0
shrinkage=0.05


Tree=228
num_leaves=22
num_cat=4
split_feature=13 7 13 12 13 7 15 13 13 12 13 1 15 12 6 0 0 13 13 10 11
split_gain=0.000141977 0.00360487 0.00159996 0.000845924 0.00284529 0.000350565 0.000165274 0.000730276 0.000165278 0.000190002 0.000119717 0.00015586 9.80651e-05 9.22931e-05 9.19433e-05 8.55929e-05 3.09364e-05 2.91255e-05 2.79665e-05 5.25189e-06 3.90641e-07
threshold=7.5000000000000009 11.000000000000002 8.5000000000000018 1.8826500000000002 13.500000000000002 11.000000000000002 2.5000000000000004 4.5000000000000009 2.5000000000000004 1.8826500000000002 14.500000000000002 42.000000000000007 3.5000000000000004 1.5672500000000003 0 1 2 12.500000000000002 11.500000000000002 3 19.500000000000004
decision_type=2 2 2 2 2 2 2 2 2 2 2 2 2 2 1 1 1 2 2 1 2
left_child=1 -1 -2 5 -5 -4 7 -3 -8 12 11 17 19 16 18 -14 -12 20 -13 -10 -7
right_child=2 6 3 4 -6 10 8 -9 9 -11 13 14 15 -15 -16 -17 -18 -19 -20 -21 -22
leaf_value=0.00055284913604769221 -0.00031656515190455419 0.00022278663225733911 -0.00016790747091791297 0.00050439695135770545 -0.00024115732904740801 -3.57614417621137e-06 -0.00018360086277394218 -0.00014900736325407544 -1.0604779054119718e-05 8.1860038335435092e-05 -6.0699856634449169e-05 2.948040825382729e-06 -0.00020880193547955493 -0.00013969060029921822 0.00014317105671759765 -6.4272556264768362e-05 1.3536334918424273e-05 -6.2293348758733679e-05 7.4552487782511892e-05 -4.6405762259382757e-05 5.6391698924916575e-06
leaf_weight=28.800000071525574 40.200000047683716 25 34 31.399999976158142 21.600000023841858 23 29 28 20 22 23 30 21 20 31 20 36 30 25 21 23
leaf_count=27 40 25 34 31 21 23 29 28 20 22 23 30 21 20 31 20 36 30 25 21 23
internal_value=-4.6928e-13 3.23049e-05 -1.8846e-05 1.76427e-05 0.000200548 -1.76082e-05 -4.82954e-05 2.63672e-05 -7.80482e-05 -4.86153e-05 3.59587e-06 2.8205e-05 -8.36208e-05 -4.68684e-05 7.43088e-05 -0.0001383 -1.54032e-05 -2.39651e-05 3.54955e-05 -2.89419e-05 1.03151e-06
internal_weight=583 214.8 368.2 328 53 275 186 53 133 104 241 162 82 79 86 41 59 76 55 41 46
internal_count=580 213 367 327 52 275 186 53 133 104 241 162 82 79 86 41 59 76 55 41 46
cat_boundaries=0 1 2 3 4
cat_threshold=1 1 1 1
is_linear=0
shrinkage=0.05


Tree=229
num_leaves=22
num_cat=4
split_feature=13 13 6 13 7 11 12 13 11 13 12 11 13 0 0 13 10 8 11 13 4
split_gain=0.000153181 0.000240537 0.00174625 0.00110603 0.00093345 0.0016118 0.000323706 0.0002682 0.000864338 0.000306923 0.00085087 0.000528685 0.000101552 4.21691e-05 2.04985e-05 2.04253e-05 8.64723e-06 8.6081e-06 7.22307e-06 1.90139e-06 1.41621e-06
threshold=2.5000000000000004 5.5000000000000009 0 6.5000000000000009 11.000000000000002 31.000000000000004 1.5672500000000003 8.5000000000000018 37.500000000000007 13.500000000000002 1.8513000000000004 37.500000000000007 14.500000000000002 1 2 7.5000000000000009 3 110.00000000000001 23.000000000000004 10.500000000000002 42.500000000000007
decision_type=2 2 1 2 2 2 2 2 2 2 2 2 2 1 1 2 1 2 2 2 2
left_child=-1 2 -2 -3 5 -5 14 8 15 10 17 12 -11 16 -4 -6 -14 18 19 -9 -21
right_child=1 3 6 4 7 -7 -8 9 -10 11 -12 -13 13 -15 -16 -17 -18 -19 -20 20 -22
leaf_value=9.8453967699685101e-05 -0.00040611657227290071 0.0002791280564893636 4.2984690935554681e-06 4.7674213223020879e-06 -3.8661923099425621e-05 -0.00053413347022534998 0.00018274055895243035 1.2403535514875269e-05 0.00038272937395959165 8.4793938085861174e-05 -0.00031360773830853696 0.00028790307929739357 -7.7853271649143028e-05 1.7524261988910438e-05 -6.2519499260815797e-05 2.4732625819591769e-05 -3.2427037895104148e-05 2.8270448592593314e-05 -2.9652525747382163e-05 4.4554309785856581e-06 -1.3107455087761495e-05
leaf_weight=37 28.800000071525574 35 22 37 24 22.200000047683716 29 29 20 31 26 20 22 36 24 27 20 24 23 24 22
leaf_count=37 27 35 22 37 24 21 29 29 20 31 26 20 22 36 24 27 20 24 23 24 22
internal_value=-9.48741e-12 -6.6718e-06 -7.51694e-05 9.40701e-06 -1.37763e-05 -0.00019732 5.19143e-05 1.74473e-05 0.000104148 -4.77551e-06 -5.39125e-05 5.15987e-05 8.24012e-06 -2.21851e-05 -3.05631e-05 -5.1001e-06 -5.62217e-05 1.43239e-06 -5.1402e-06 2.37692e-06 -3.94421e-06
internal_weight=583 546 103.8 442.2 407.2 59.2 75 348 71 277 148 129 109 78 46 51 42 122 98 75 46
internal_count=580 543 102 441 406 58 75 348 71 277 148 129 109 78 46 51 42 122 98 75 46
cat_boundaries=0 1 2 3 4
cat_threshold=2 1 1 1
is_linear=0
shrinkage=0.05


Tree=230
num_leaves=21
num_cat=6
split_feature=13 13 1 10 11 13 12 13 6 6 6 6 13 12 4 4 12 13 8 0
split_gain=0.000146603 0.00042147 0.0011595 0.000746255 0.00187766 0.00123705 0.000636277 0.000459041 0.000318109 0.000287139 0.00027471 0.000266399 8.60554e-05 0.000126231 6.18916e-05 6.07838e-05 4.0163e-05 2.30989e-05 9.24119e-06 4.66564e-06
threshold=14.500000000000002 13.500000000000002 42.000000000000007 0 36.000000000000007 7.5000000000000009 1.9246000000000001 8.5000000000000018 1 2 3 4 3.5000000000000004 1.8513000000000004 41.000000000000007 42.500000000000007 1.3794500000000001 6.5000000000000009 110.00000000000001 5
decision_type=2 2 2 1 2 2 2 2 1 1 1 1 2 2 2 2 2 2 2 1
left_child=1 3 -3 4 7 -6 10 9 -2 -1 -5 -9 -12 14 -14 -10 -17 -16 19 -19
right_child=8 2 -4 6 5 -7 -8 11 15 -11 12 -13 13 -15 17 16 -18 18 -20 -21
leaf_value=-4.2398160762786577e-05 0.00022755447886690187 0.00012014468658890111 -0.00039731624145968248 -0.00015175754167351196 0.0005971874804812815 8.5772555673965654e-05 -0.00024828287132550031 -9.234983190253843e-06 5.9094971978386951e-05 0.00017636311681902347 -6.6037820321267841e-05 -0.00024867090616960641 6.2226782218507046e-05 0.00010942839810835017 -5.8870346294026133e-05 1.3483544734703579e-05 -7.8712470210683976e-05 -3.0661085960067186e-05 1.9018243918148632e-05 -3.2146642126917872e-06
leaf_weight=30 21 20 23.600000023841858 33 24.800000071525574 22.600000023841858 34 21 36 30 37 26 30 31 27 27 21 30 26 32
leaf_count=30 21 20 23 33 23 22 34 21 36 30 37 26 30 31 27 27 21 30 26 32
internal_value=1.40857e-11 -1.17514e-05 -0.000159949 3.12298e-06 9.13749e-05 0.000353348 -4.55416e-05 -2.46769e-05 5.34967e-05 6.69825e-05 -1.75205e-05 -0.000141689 3.2768e-06 1.78486e-05 -1.73051e-06 9.9823e-06 -2.68522e-05 -1.8415e-05 -6.00259e-06 -1.64952e-05
internal_weight=583 478 43.6 434.4 154.4 47.4 280 107 105 60 246 47 213 176 145 84 48 115 88 62
internal_count=580 475 43 432 152 45 280 107 105 60 246 47 213 176 145 84 48 115 88 62
cat_boundaries=0 1 2 3 4 5 6
cat_threshold=4 2 4 2 4 1
is_linear=0
shrinkage=0.05


Tree=231
num_leaves=22
num_cat=2
split_feature=13 13 15 6 13 7 11 4 13 11 13 12 12 6 11 15 13 8 11 13 14
split_gain=0.000137869 0.000244201 0.00179975 0.00663356 0.000981666 0.000852712 0.0014602 0.000401292 0.000232529 0.000789423 0.00027269 0.000761855 0.000516079 7.32979e-05 6.25719e-05 5.04643e-05 2.03921e-05 6.93796e-06 6.6641e-06 1.86172e-06 1.01261e-06
threshold=2.5000000000000004 5.5000000000000009 3.5000000000000004 0 6.5000000000000009 11.000000000000002 31.000000000000004 44.000000000000007 8.5000000000000018 37.500000000000007 13.500000000000002 1.8513000000000004 1.8099500000000004 1 23.000000000000004 3.5000000000000004 7.5000000000000009 110.00000000000001 23.000000000000004 10.500000000000002 3.5000000000000004
decision_type=2 2 2 1 2 2 2 2 2 2 2 2 2 1 2 2 2 2 2 2 2
left_child=-1 2 3 -2 -3 6 -6 -5 9 16 11 17 13 14 -12 -15 -7 18 19 -10 -21
right_child=1 4 -4 7 5 8 -8 -9 10 -11 12 -13 -14 15 -16 -17 -18 -19 -20 20 -22
leaf_value=9.3403871087994542e-05 -0.00089604415338200038 0.00026397573874939033 0.00024370537745022785 0.00027994413098481763 4.9530239389364526e-06 -3.9338647547992883e-05 -0.00050797932434881461 -7.7329693912933757e-06 1.4476143882473418e-05 0.00036483737665548693 -1.8621816614086129e-05 -0.00029487094591156796 0.00023199097651134556 -5.7326256372410483e-06 0.0001035744299935521 -0.00010326272590429567 2.4004340270443613e-05 2.7329145219331015e-05 -2.6210511706544231e-05 4.8062052113751773e-06 -1.0158496825170005e-05
leaf_weight=37 23.800000071525574 35 31 22 37 24 22.200000047683716 27 29 20 20 26 30 36 22 21 27 24 23 26 20
leaf_count=37 22 35 31 22 37 24 21 27 29 20 20 26 30 36 22 21 27 24 23 26 20
internal_value=-4.96088e-14 -6.32957e-06 -7.53469e-05 -0.000211207 9.87124e-06 -1.19698e-05 -0.000187397 0.000121428 1.7873e-05 9.86019e-05 -2.81931e-06 -4.9135e-05 5.03181e-05 -4.73425e-06 4.53857e-05 -4.16648e-05 -5.80412e-06 3.2349e-06 -2.66574e-06 4.55466e-06 -1.70019e-06
internal_weight=583 546 103.8 72.8 442.2 407.2 59.2 49 348 71 277 148 129 99 42 57 51 122 98 75 46
internal_count=580 543 102 71 441 406 58 49 348 71 277 148 129 99 42 57 51 122 98 75 46
cat_boundaries=0 1 2
cat_threshold=2 1
is_linear=0
shrinkage=0.05


Tree=232
num_leaves=22
num_cat=1
split_feature=13 13 7 12 13 7 15 13 12 13 1 13 13 12 15 13 11 12 13 0 4
split_gain=0.000142728 0.00149562 0.00356097 0.00092214 0.00291222 0.000300352 0.000170466 0.00071041 0.000144442 0.000121102 0.000165995 9.73314e-05 9.57084e-05 8.50853e-05 6.83677e-05 0.00015233 9.35399e-05 4.10751e-05 3.01908e-05 2.7548e-05 1.87731e-07
threshold=8.5000000000000018 7.5000000000000009 11.000000000000002 1.8826500000000002 13.500000000000002 11.000000000000002 2.5000000000000004 4.5000000000000009 1.9246000000000001 14.500000000000002 42.000000000000007 12.500000000000002 6.5000000000000009 1.5672500000000003 3.5000000000000004 3.5000000000000004 21.000000000000004 1.5672500000000003 12.500000000000002 0 42.500000000000007
decision_type=2 2 2 2 2 2 2 2 2 2 2 2 2 2 2 2 2 2 2 1 2
left_child=1 2 -1 5 -5 -2 7 -4 12 10 18 17 14 19 15 -8 -16 -12 20 -11 -7
right_child=3 -3 6 4 -6 9 8 -9 -10 13 11 -13 -14 -15 16 -17 -18 -19 -20 -21 -22
leaf_value=0.00054169184726837771 -0.00015411082838053357 -0.00030796544620992643 0.00021377466292324244 0.00052018250460907512 -0.00023408947110474927 -1.9310013231006449e-06 -0.00013858960307764145 -0.00015292751746268812 -0.00020303964530202475 -5.8652362274543799e-05 6.1156964269078644e-06 0.00014964009482582697 3.6234920526112549e-05 -0.00013524379574846534 -5.9697125565751618e-05 4.1807816596701745e-05 -0.00020565291190342535 9.5484750709147199e-05 -6.347604567963572e-05 1.1400467937466235e-05 4.4816483447599847e-06
leaf_weight=28.800000071525574 34 40.200000047683716 25 31.399999976158142 21.600000023841858 25 22 28 22 23 36 30 20 20 23 25 21 20 30 36 21
leaf_count=27 34 40 25 31 21 25 22 28 22 23 36 30 20 20 23 25 21 20 30 36 21
internal_value=5.69723e-12 -2.8058e-05 2.43269e-05 2.18134e-05 0.000212781 -1.49913e-05 -5.57812e-05 2.00452e-05 -8.59977e-05 4.63551e-06 2.93866e-05 7.69658e-05 -6.28002e-05 -4.61198e-05 -8.45662e-05 -4.26335e-05 -0.000129358 3.80332e-05 -2.44532e-05 -1.59083e-05 9.96513e-07
internal_weight=583 255 214.8 328 53 275 186 53 133 241 162 86 111 79 91 47 44 56 76 59 46
internal_count=580 253 213 327 52 275 186 53 133 241 162 86 111 79 91 47 44 56 76 59 46
cat_boundaries=0 1
cat_threshold=1
is_linear=0
shrinkage=0.05


Tree=233
num_leaves=22
num_cat=4
split_feature=13 13 1 7 13 6 12 0 13 13 10 13 11 13 11 15 11 13 12 8 6
split_gain=0.000146516 0.000374248 0.00108472 0.000859274 0.00332804 0.000313048 0.000296567 0.000157978 0.000120238 0.000321252 0.000169189 9.07184e-05 0.000102543 7.16996e-05 0.00010433 4.20298e-05 3.71636e-05 3.37259e-05 2.83522e-05 2.10914e-05 7.32721e-06
threshold=14.500000000000002 13.500000000000002 42.000000000000007 11.000000000000002 9.5000000000000018 0 1.9246000000000001 1 6.5000000000000009 5.5000000000000009 2 2.5000000000000004 25.500000000000004 9.5000000000000018 36.000000000000007 3.5000000000000004 36.000000000000007 10.500000000000002 1.4372000000000003 65.000000000000014 3
decision_type=2 2 2 2 2 1 2 1 2 2 1 2 2 2 2 2 2 2 2 2 1
left_child=1 3 -3 4 -1 -2 8 -8 9 10 -5 -12 -13 14 20 17 19 -15 -19 -7 -10
right_child=5 2 -4 6 -6 16 7 -9 13 -11 11 12 -14 15 -16 -17 -18 18 -20 -21 -22
leaf_value=-0.00010071578463104212 0.00022614830626740252 0.00011951366759603843 -0.00038098173226331928 9.7363620144668469e-05 0.00064660506342842535 -3.6412388811056321e-06 -0.00023001546110026539 -4.8440832103116679e-05 -4.7310987492496883e-06 -0.00020420578355417375 -0.00013202245938001315 -6.5384418386119338e-05 7.8094698837958274e-05 -4.9132117246699643e-05 0.00014659776851268754 -6.2932719848849325e-05 -4.9178901244886224e-05 -5.7119883477395037e-06 6.2693717304033016e-05 5.4219303860413167e-05 3.0851615342842896e-05
leaf_weight=41.00000011920929 21 20 23.600000023841858 28 23.399999976158142 28 25 23 23 26 22 33 20 20 21 29 20 33 28 36 39
leaf_count=39 21 20 23 28 23 28 25 23 23 26 22 33 20 20 21 29 20 33 28 36 39
internal_value=-1.55769e-13 -1.17479e-05 -0.000151397 2.26846e-06 0.000170826 5.34807e-05 -2.70697e-05 -0.000143011 -9.78654e-06 -4.71586e-05 -7.51558e-06 -4.66705e-05 -1.12414e-05 1.51927e-05 5.02765e-05 -1.12797e-05 1.03138e-05 7.21341e-06 2.56874e-05 2.89053e-05 1.76516e-05
internal_weight=583 478 43.6 434.4 64.4 105 370 48 322 129 103 75 53 193 83 110 84 81 61 64 62
internal_count=580 475 43 432 62 105 370 48 322 129 103 75 53 193 83 110 84 81 61 64 62
cat_boundaries=0 1 2 3 4
cat_threshold=2 1 2 1
is_linear=0
shrinkage=0.05


Tree=234
num_leaves=22
num_cat=3
split_feature=13 13 15 12 13 13 11 12 6 13 13 13 6 14 13 13 11 12 0 8 13
split_gain=0.000143046 0.000233456 0.00172313 0.00633541 0.000960235 0.000663751 0.00498359 0.00083063 0.00264909 0.00147181 0.000282476 0.000256346 0.000933176 0.000223487 0.000126245 4.8063e-05 4.18478e-05 1.43404e-05 7.62769e-06 5.10854e-06 1.27534e-06
threshold=2.5000000000000004 5.5000000000000009 3.5000000000000004 1.8513000000000004 6.5000000000000009 8.5000000000000018 37.500000000000007 1.8099500000000004 0 13.500000000000002 7.5000000000000009 13.500000000000002 1 4.5000000000000009 3.5000000000000004 15.500000000000002 21.000000000000004 1.4372000000000003 2 95.000000000000014 11.500000000000002
decision_type=2 2 2 2 2 2 2 2 1 2 2 2 1 2 2 2 2 2 1 2 2
left_child=-1 2 3 14 -3 6 10 11 -9 -10 -6 12 -7 15 -2 16 -13 -17 19 -14 -20
right_child=1 4 -4 -5 5 7 -8 8 9 -11 -12 13 18 -15 -16 17 -18 -19 20 -21 -22
leaf_value=9.5141171872812182e-05 -6.5217947676068264e-06 0.00026070861022682427 0.00023825775692051638 -0.00094436543955470932 -7.8714574426287842e-06 -0.00032821219408236046 -0.00077765351005470735 0.00062652391140793711 -0.00029583101993641605 0.00022224324450783976 0.00021477706692355151 -1.5236907618254053e-05 -3.820247877142503e-05 0.00016662730430046699 0.00015225565725667103 -1.5194478842554067e-05 8.5821747570662414e-05 -7.0746860971363881e-05 3.5232665709372671e-07 -6.2628628286127488e-06 1.5107784028495426e-05
leaf_weight=37 21 35 31 20.800000071525574 28 28 22.200000047683716 22 26 29 29 21 21 24 31 26 20 21 32 31 27
leaf_count=37 21 35 31 19 28 28 22 21 26 29 29 21 21 24 31 26 20 21 32 31 27
internal_value=-2.56997e-12 -6.4473e-06 -7.39291e-05 -0.000206866 9.39308e-06 -1.22082e-05 -0.000142118 1.91603e-05 0.000162818 -2.26646e-05 0.000105406 -2.49099e-05 -7.02673e-05 3.13819e-05 8.8134e-05 -5.50319e-06 3.406e-05 -4.00158e-05 -5.20015e-06 -1.91616e-05 7.10482e-06
internal_weight=583 546 103.8 72.8 442.2 407.2 79.2 328 77 55 57 251 139 112 52 88 41 47 111 52 59
internal_count=580 543 102 71 441 406 79 327 76 55 57 251 139 112 52 88 41 47 111 52 59
cat_boundaries=0 1 2 3
cat_threshold=2 2 1
is_linear=0
shrinkage=0.05


Tree=235
num_leaves=21
num_cat=3
split_feature=12 10 15 10 14 7 15 1 12 4 11 12 12 12 1 10 12 4 14 15
split_gain=8.50539e-05 0.000637117 0.000736271 0.000631393 6.17564e-05 0.00024311 0.000133968 8.63415e-05 8.27419e-05 7.24425e-05 8.15355e-05 4.72435e-05 8.27111e-06 9.34542e-06 6.83938e-06 6.67186e-06 4.68774e-06 7.56066e-06 3.85497e-06 1.69773e-06
threshold=1.8826500000000002 0 2.5000000000000004 1 1.5000000000000002 11.000000000000002 3.5000000000000004 42.000000000000007 1.4372000000000003 39.000000000000007 36.000000000000007 1.5470500000000003 1.4035500000000003 1.2583500000000003 42.000000000000007 2 1.4202000000000001 81.500000000000014 3.5000000000000004 2.5000000000000004
decision_type=2 1 2 1 2 2 2 2 2 2 2 2 2 2 2 1 2 2 2 2
left_child=4 -2 -3 -4 7 -6 9 8 -1 -7 14 12 13 -8 15 -11 17 -16 -17 -19
right_child=1 2 3 -5 5 6 11 -9 -10 10 -12 -13 -14 -15 16 18 -18 19 -20 -21
leaf_value=-2.586603569701159e-05 -0.00018428810220211744 -9.7289859405791184e-05 -5.9891523878005422e-06 0.00033329561112531805 0.00011625768840985985 9.1720465127803876e-05 -4.4244040302807917e-05 1.3402906097326196e-05 -0.00014537681510254125 -3.9505148322405151e-06 8.0770784115184852e-05 -0.00010506112156163955 -5.7226878726834445e-05 2.9805107487845817e-06 2.5312215881928315e-05 -4.7036412265047799e-05 -2.5074306142327957e-05 -1.8222537185535586e-05 -2.1441906841162916e-05 1.1542648644535803e-06
leaf_weight=30 25 30.600000023841858 22 36.400000095367432 40 23 22 38 28 28 26 38 27 20 23 28 21 26 31 20
leaf_count=30 25 29 22 35 40 23 22 38 28 28 26 38 27 20 23 28 21 26 31 20
internal_value=6.18796e-12 3.87362e-05 0.000101383 0.000205483 -9.41561e-06 -2.10996e-07 -1.42012e-05 -4.51794e-05 -8.35609e-05 7.62034e-06 -1.90824e-06 -6.02917e-05 -3.5636e-05 -2.17562e-05 -1.40532e-05 -2.40498e-05 -4.38978e-06 1.90551e-06 -3.35885e-05 -9.79784e-06
internal_weight=583 114 89 58.4 469 373 333 96 58 226 203 107 69 42 177 87 90 69 59 46
internal_count=580 111 86 57 469 373 333 96 58 226 203 107 69 42 177 87 90 69 59 46
cat_boundaries=0 1 2 3
cat_threshold=2 1 1
is_linear=0
shrinkage=0.05


Tree=236
num_leaves=20
num_cat=0
split_feature=13 13 15 12 13 7 11 13 11 13 11 13 13 4 11 13 4 4 11
split_gain=0.000130185 0.000214502 0.00156776 0.00573775 0.000874852 0.00102031 0.00161546 0.00027822 0.000910345 0.000243197 0.000731138 0.000493364 0.000112683 7.72042e-05 5.08903e-05 2.04745e-05 1.68301e-05 6.82933e-05 1.61904e-05
threshold=2.5000000000000004 5.5000000000000009 3.5000000000000004 1.8513000000000004 6.5000000000000009 11.000000000000002 31.000000000000004 8.5000000000000018 37.500000000000007 13.500000000000002 37.500000000000007 14.500000000000002 3.5000000000000004 42.500000000000007 34.500000000000007 7.5000000000000009 41.000000000000007 44.000000000000007 25.500000000000004
decision_type=2 2 2 2 2 2 2 2 2 2 2 2 2 2 2 2 2 2 2
left_child=-1 2 3 12 -3 6 -6 8 15 10 16 -11 -2 -13 -15 -7 -9 -18 -19
right_child=1 4 -4 -5 5 7 -8 9 -10 11 -12 13 -14 14 -16 -17 17 18 -20
leaf_value=9.0763664953583798e-05 -6.3233930545504256e-06 0.00024891508695353492 0.00022694487467355605 -0.0008994885311591511 -1.1619355850475464e-06 -3.6356346102669096e-05 -0.00054067432363632845 -2.2874621730519913e-05 0.00039526339067379017 0.00019992304156690616 -0.00029181756882462649 3.9808322459353614e-05 0.00014368324562148642 -1.5435214757444833e-05 -0.00011651251152215991 2.7114473094250707e-05 9.2995253097879799e-05 1.1228229442694053e-05 -4.0581011460744778e-05
leaf_weight=37 21 35 31 20.800000071525574 37 24 22.200000047683716 38 20 38 25 38 31 33 20 27 22 38 25
leaf_count=37 21 35 31 19 37 24 21 38 20 38 25 38 31 33 20 27 22 38 25
internal_value=-8.69253e-12 -6.15066e-06 -7.08351e-05 -0.000197637 9.03306e-06 -1.15855e-05 -0.000203479 2.10585e-05 0.000109363 -1.57564e-06 -4.53151e-05 4.8606e-05 8.31036e-05 -1.45813e-05 -5.35776e-05 -2.75415e-06 4.78705e-06 1.71534e-05 -9.33099e-06
internal_weight=583 546 103.8 72.8 442.2 407.2 59.2 348 71 277 148 129 52 91 53 51 123 85 63
internal_count=580 543 102 71 441 406 58 348 71 277 148 129 52 91 53 51 123 85 63
is_linear=0
shrinkage=0.05


Tree=237
num_leaves=23
num_cat=4
split_feature=13 12 13 10 7 13 12 12 13 13 15 12 0 12 13 4 4 12 6 4 0 13
split_gain=0.000129132 0.00040685 0.000188955 0.00302933 0.000883237 0.00297252 0.000322408 0.000203057 0.000158582 0.000348774 0.000171829 0.000327693 0.00011596 6.191e-05 5.8915e-05 0.000105157 7.2163e-05 7.79504e-05 2.13242e-05 1.08946e-05 2.96403e-06 5.9438e-10
threshold=15.500000000000002 1.6441500000000002 13.500000000000002 0 11.000000000000002 6.5000000000000009 1.5672500000000003 1.9246000000000001 6.5000000000000009 5.5000000000000009 3.5000000000000004 1.5672500000000003 1 1.4202000000000001 9.5000000000000018 42.500000000000007 42.500000000000007 1.4035500000000003 2 76.000000000000014 3 11.500000000000002
decision_type=2 2 2 1 2 2 2 2 2 2 2 2 1 2 2 2 2 2 1 2 1 2
left_child=2 13 4 -4 5 -1 -5 8 9 10 11 19 -9 -2 15 -10 21 20 -17 -6 -18 -16
right_child=1 -3 3 6 7 -7 -8 12 14 -11 -12 -13 -14 -15 16 18 17 -19 -20 -21 -22 -23
leaf_value=0.00060421775996805484 3.8167326463930558e-05 0.00025432101829210297 -0.00053917600670065093 1.6948229858826381e-06 -1.5411312675236592e-05 -9.385642075182748e-05 0.00024873184919280383 -0.0001961475037969649 0.00012017095349960983 -0.00021792355311425548 -0.00010498049943554875 0.0001916154417399825 -4.0583006225263131e-05 -7.2544106850451178e-05 -5.8386933497703548e-05 -3.2578720244848888e-05 -2.0363460842216026e-05 0.00010808341708980151 3.2701482168390769e-05 -6.383171066073163e-05 4.6826712302087497e-06 -5.8010316151921871e-05
leaf_weight=24.800000071525574 28 20 24.600000023841858 25 21 39.600000023841858 28 25 32 26 34 22 23 23 22 22 27 20 29 26 21 20
leaf_count=23 28 20 24 25 21 39 28 25 32 26 34 22 23 23 22 22 27 20 29 26 21 20
internal_value=-8.21704e-12 6.31914e-05 -8.76288e-06 -8.06297e-05 4.07521e-06 0.000174967 0.000132205 -2.56692e-05 -1.13681e-05 -5.42874e-05 -1.29812e-05 3.23519e-05 -0.000121606 -1.17614e-05 1.73189e-05 4.91215e-05 -6.67753e-06 2.51499e-05 4.54139e-06 -4.21971e-05 -9.40578e-06 -5.82076e-05
internal_weight=583 71 512 77.6 434.4 64.4 53 370 322 129 103 69 48 51 193 83 110 68 51 47 48 42
internal_count=580 71 509 77 432 62 53 370 322 129 103 69 48 51 193 83 110 68 51 47 48 42
cat_boundaries=0 1 2 3 4
cat_threshold=4 1 1 1
is_linear=0
shrinkage=0.05


Tree=238
num_leaves=22
num_cat=4
split_feature=13 13 6 12 13 12 13 6 6 13 13 15 4 13 11 4 11 11 0 13 12
split_gain=0.000131406 0.0013711 0.00167252 0.0008512 0.00281218 0.000849217 0.000159522 0.000956643 0.000260115 0.000146855 0.000283392 0.000364747 0.000469136 0.000335774 6.62524e-05 4.67697e-05 3.28392e-05 2.37545e-05 5.47262e-06 2.99987e-06 9.46178e-07
threshold=8.5000000000000018 7.5000000000000009 0 1.8826500000000002 13.500000000000002 1.8099500000000004 13.500000000000002 1 2 2.5000000000000004 5.5000000000000009 3.5000000000000004 44.000000000000007 6.5000000000000009 34.500000000000007 82.500000000000014 27.000000000000004 19.500000000000004 3 11.500000000000002 1.3575000000000002
decision_type=2 2 1 2 2 2 2 1 1 2 2 2 2 2 2 2 2 2 1 2 2
left_child=1 2 5 6 -5 -1 7 -2 -8 -4 11 12 -11 -12 18 16 17 -10 20 -20 -9
right_child=3 -3 9 4 -6 -7 8 14 15 10 13 -13 -14 -15 -16 -17 -18 -19 19 -21 -22
leaf_value=8.2783244960453543e-05 -0.0003018193432338497 -0.00029492490180849963 -0.0001352132735759268 0.00050648122352141365 -0.00023472321455768265 0.0005335233501805838 0.00016439021450491125 -2.4049897216968933e-05 -4.2461662418314847e-05 0.00029536469611974263 -0.00022904524383713059 -0.00010772032440469887 -1.5681089029663376e-05 4.7688975735796066e-06 9.7322725996491495e-05 5.581901643294952e-05 -7.0461715711581785e-05 2.6966740477161821e-05 -3.0763217728235764e-06 2.0127958155914994e-05 -9.0235078914702168e-06
leaf_weight=21 30 40.200000047683716 36 31.399999976158142 21.600000023841858 20.800000071525574 27 20 22 22 28 26 27 34 20 21 29 28 30 26 22
leaf_count=21 30 40 36 31 21 19 27 20 22 22 28 26 27 34 20 21 29 28 30 26 22
internal_value=-1.735e-12 -2.69221e-05 2.32348e-05 2.09303e-05 0.000204405 0.000307075 -1.44303e-05 -4.97068e-05 2.66792e-05 -4.53462e-05 -2.17315e-05 4.36521e-05 0.000123972 -0.000100825 1.43896e-05 -1.05028e-05 -2.81326e-05 -3.58176e-06 -2.53549e-06 7.69709e-06 -1.61789e-05
internal_weight=583 255 214.8 328 53 41.8 275 148 127 173 137 75 49 62 118 100 79 50 98 56 42
internal_count=580 253 213 327 52 40 275 148 127 173 137 75 49 62 118 100 79 50 98 56 42
cat_boundaries=0 1 2 3 4
cat_threshold=2 2 2 1
is_linear=0
shrinkage=0.05


Tree=239
num_leaves=22
num_cat=2
split_feature=13 13 15 12 13 7 11 13 11 13 12 11 13 13 0 13 10 8 11 7 13
split_gain=0.000136467 0.000261927 0.00156664 0.00553653 0.000846778 0.000903597 0.00152472 0.000281045 0.000828836 0.000237483 0.000747681 0.00046929 9.84862e-05 9.11412e-05 4.85556e-05 2.85109e-05 9.82239e-06 9.44316e-06 9.67681e-06 3.108e-06 2.82058e-06
threshold=2.5000000000000004 5.5000000000000009 3.5000000000000004 1.8513000000000004 6.5000000000000009 11.000000000000002 31.000000000000004 8.5000000000000018 37.500000000000007 13.500000000000002 1.8513000000000004 37.500000000000007 14.500000000000002 3.5000000000000004 0 7.5000000000000009 1 110.00000000000001 23.000000000000004 13.000000000000002 11.500000000000002
decision_type=2 2 2 2 2 2 2 2 2 2 2 2 2 2 1 2 1 2 2 2 2
left_child=-1 2 3 13 -3 6 -6 8 15 10 17 12 -11 -2 16 -7 -14 18 19 -9 -21
right_child=1 4 -4 -5 5 7 -8 9 -10 11 -12 -13 14 -15 -16 -17 -18 -19 -20 20 -22
leaf_value=9.2927742839123858e-05 -9.1847425708346277e-06 0.00024648304103590946 0.00021989851069989646 -0.00089396746262045156 6.1637190270089748e-06 -3.6964097762393071e-05 -0.00051797703788362276 2.0125158147438373e-05 0.00038246915377499136 8.2295303065855544e-05 -0.0002884940857676646 0.00027039161155698819 -8.2634493533491468e-05 0.00012572354035294284 1.9553703005688782e-05 3.7934359536435569e-05 -3.421983832140541e-05 3.493534391244187e-05 -2.8430362283910185e-05 -1.3337111505236301e-05 1.2577482708106151e-05
leaf_weight=37 21 35 31 20.800000071525574 37 24 22.200000047683716 33 20 31 26 20 22 31 36 27 20 24 23 21 21
leaf_count=37 21 35 31 19 37 24 21 33 20 31 26 20 22 31 36 27 20 24 23 21 21
internal_value=-1.00474e-12 -6.2973e-06 -7.77757e-05 -0.000204533 1.04812e-05 -9.80382e-06 -0.000190389 2.09164e-05 0.000109669 -1.83232e-06 -4.50549e-05 4.77563e-05 6.9058e-06 7.12413e-05 -2.30567e-05 2.68803e-06 -5.95799e-05 6.82564e-06 -5.83706e-08 8.64237e-06 -3.79814e-07
internal_weight=583 546 103.8 72.8 442.2 407.2 59.2 348 71 277 148 129 109 52 78 51 42 122 98 75 42
internal_count=580 543 102 71 441 406 58 348 71 277 148 129 109 52 78 51 42 122 98 75 42
cat_boundaries=0 1 2
cat_threshold=1 1
is_linear=0
shrinkage=0.05


Tree=240
num_leaves=21
num_cat=4
split_feature=13 13 6 12 12 13 14 13 6 6 6 13 13 15 12 13 12 12 12 13
split_gain=0.000138801 0.00125753 0.00161222 0.000863855 0.000843818 0.00269881 0.000158269 0.000139122 0.000546028 0.00022327 0.000137475 0.000134898 0.000285473 0.000380552 0.000458858 0.000325269 5.02238e-05 4.05259e-05 3.66981e-05 1.45597e-06
threshold=8.5000000000000018 7.5000000000000009 0 1.8099500000000004 1.8826500000000002 13.500000000000002 2.5000000000000004 13.500000000000002 1 2 3 2.5000000000000004 5.5000000000000009 3.5000000000000004 1.4907500000000002 6.5000000000000009 1.4202000000000001 1.3423500000000002 1.4202000000000001 13.500000000000002
decision_type=2 2 1 2 2 2 2 2 1 1 1 2 2 2 2 2 2 2 2 2
left_child=1 2 3 -1 6 -6 10 9 -9 -8 -2 -4 13 14 -13 -14 -10 -12 -11 -19
right_child=4 -3 11 -5 5 -7 7 8 16 18 17 12 15 -15 -16 -17 -18 19 -20 -21
leaf_value=7.2825397087615862e-05 1.2623589185062197e-05 -0.00028433197341675559 -0.00013309899501715944 0.00052743348057906168 0.00050011303699005582 -0.00022599671288085085 -0.00016680150051384278 0.00028208345045727801 3.8483015513130728e-05 -2.02843920680393e-05 -0.00016760315058490961 -2.0579325533057834e-05 -0.00022991713106291302 -0.0001133292312330853 0.00028600958713745377 2.1052026782212231e-07 -5.0803261345006632e-05 -7.287321049812798e-05 5.3178366953729628e-05 -9.1319208640925362e-05
leaf_weight=21 37 40.200000047683716 36 20.800000071525574 31.399999976158142 21.600000023841858 22 21 28 34 20 26 28 26 23 34 36 23 34 20
leaf_count=21 37 40 36 19 31 21 22 21 28 34 20 26 28 26 23 34 36 23 34 20
internal_value=6.7727e-13 -2.76693e-05 2.03653e-05 0.000299042 2.15112e-05 0.000204189 -1.36958e-05 1.49778e-05 6.08513e-05 -2.83471e-05 -6.38746e-05 -4.69681e-05 -2.43352e-05 4.1288e-05 0.00012333 -0.000103718 -1.17405e-05 -0.000108802 1.6447e-05 -8.14527e-05
internal_weight=583 255 214.8 41.8 328 53 275 175 85 90 100 173 137 75 49 62 64 63 68 43
internal_count=580 253 213 40 327 52 275 175 85 90 100 173 137 75 49 62 64 63 68 43
cat_boundaries=0 1 2 3 4
cat_threshold=2 2 2 1
is_linear=0
shrinkage=0.05


Tree=241
num_leaves=21
num_cat=6
split_feature=13 13 6 13 13 11 12 13 12 13 14 6 10 13 6 6 4 12 0 13
split_gain=0.000139765 0.000275123 0.00152739 0.000794197 0.000577429 0.00481048 0.000761546 0.00243567 0.000352028 0.000315397 0.000142838 0.000142024 0.000322096 0.000125558 0.00049279 0.000201501 7.73097e-05 3.312e-05 2.05945e-05 8.14237e-06
threshold=2.5000000000000004 5.5000000000000009 0 6.5000000000000009 8.5000000000000018 37.500000000000007 1.8826500000000002 13.500000000000002 1.5672500000000003 7.5000000000000009 2.5000000000000004 1 2 13.500000000000002 3 4 44.000000000000007 1.4202000000000001 5 13.500000000000002
decision_type=2 2 1 2 2 2 2 2 2 2 2 1 1 2 1 1 2 2 1 2
left_child=-1 2 -2 -3 5 9 10 -8 18 -5 11 19 -13 15 -15 -12 -16 -17 -4 -6
right_child=1 3 8 4 6 -7 7 -9 -10 -11 13 12 -14 14 16 17 -18 -19 -20 -21
leaf_value=9.404369071440621e-05 -0.00038914363908451339 0.00023938014509570038 -1.1843135763973062e-05 -6.4999787095335454e-06 1.8508174384300626e-05 -0.00075438976999444587 0.0004751073835231586 -0.00021469670392080333 0.00017565290398061767 0.00022876552177657344 -0.00015846142477213027 1.9553668924187232e-05 -0.00023297162246238253 0.00026797927254977241 -7.7589305034892343e-05 -1.9270172702710948e-05 3.4302594217718397e-05 5.0519448225660366e-05 -7.8817381703781092e-05 -2.2469769770726671e-05
leaf_weight=37 28.800000071525574 35 22 28 27 22.200000047683716 31.399999976158142 21.600000023841858 29 29 22 23 28 21 26 34 38 34 24 22
leaf_count=37 27 35 22 28 27 22 31 21 29 29 22 23 28 21 26 34 38 34 24 22
internal_value=6.54166e-12 -6.37292e-06 -7.96298e-05 1.08231e-05 -8.82208e-06 -0.000129991 2.04357e-05 0.00019398 3.92236e-05 0.000113197 -1.3011e-05 -6.06809e-05 -0.000119088 1.42289e-05 5.78087e-05 -2.69297e-05 -1.11535e-05 1.56246e-05 -4.67862e-05 1.09914e-07
internal_weight=583 546 103.8 442.2 407.2 79.2 328 53 75 57 275 100 51 175 85 90 64 68 46 49
internal_count=580 543 102 441 406 79 327 52 75 57 275 100 51 175 85 90 64 68 46 49
cat_boundaries=0 1 2 3 4 5 6
cat_threshold=2 4 1 2 2 1
is_linear=0
shrinkage=0.05


Tree=242
num_leaves=23
num_cat=3
split_feature=10 15 11 12 12 15 15 12 12 0 8 12 12 0 12 8 11 15 1 4 4 11
split_gain=9.05717e-05 0.000453443 0.0012299 0.000378371 0.000228801 0.0001573 0.000129521 0.000315105 0.000238775 8.97485e-05 7.34563e-05 5.5729e-05 6.53289e-05 4.37895e-05 5.31133e-05 4.83048e-05 1.56806e-05 1.62136e-05 1.28862e-05 5.15344e-06 4.64646e-06 2.53267e-09
threshold=0 2.5000000000000004 37.500000000000007 1.6441500000000002 1.9246000000000001 3.5000000000000004 3.5000000000000004 1.8099500000000004 1.8099500000000004 1 75.000000000000014 1.5672500000000003 1.4035500000000003 2 1.5192500000000002 75.000000000000014 25.500000000000004 2.5000000000000004 42.000000000000007 42.500000000000007 81.500000000000014 18.500000000000004
decision_type=1 2 2 2 2 2 2 2 2 1 2 2 2 1 2 2 2 2 2 2 2 2
left_child=1 3 5 9 6 10 7 13 11 -1 -3 12 -8 15 20 -2 -17 -18 -6 -7 21 -15
right_child=4 2 -4 -5 18 19 8 -9 -10 -11 -12 -13 -14 14 -16 16 17 -19 -20 -21 -22 -23
leaf_value=6.6341734448845579e-05 8.3158342894504056e-05 -2.1031510838968513e-05 0.00032787319221395125 -0.00025843620665332576 -0.00015212595641233271 4.4492831132273472e-05 1.5963142160264971e-06 0.00015457837934435874 -0.00018819367099280024 -7.5196734230433197e-05 -0.00013762564188007012 4.5293381691635663e-05 -0.00011004627068359695 -1.6007684340972143e-05 -9.0616941724874786e-05 -3.2435291282012077e-05 -1.2798291334967452e-05 4.3040796803185147e-05 -9.6735178487419737e-05 7.9196373844752103e-05 1.285963847873394e-05 -1.5221495419837084e-05
leaf_weight=24 22 35 36.400000095367432 20.600000023841858 21 23 38 37 23 21 22 32 20 21 26 26 26 26 21 20 22 20
leaf_count=24 22 35 35 19 21 23 38 37 23 21 22 32 20 21 26 26 26 26 21 20 22 20
internal_value=1.2026e-13 2.70657e-05 7.90174e-05 -8.0956e-05 -1.43498e-05 -1.1566e-05 -7.11446e-07 2.11423e-05 -4.44189e-05 2.90449e-07 -6.60328e-05 -7.67641e-06 -3.69011e-05 -4.98015e-06 -3.04912e-05 1.77247e-05 -7.30929e-07 1.51213e-05 -0.000124431 6.0634e-05 -5.67745e-06 -1.56242e-05
internal_weight=583 202 136.4 65.6 381 100 339 226 113 45 57 90 58 189 89 100 78 52 42 43 63 41
internal_count=580 199 135 64 381 100 339 226 113 45 57 90 58 189 89 100 78 52 42 43 63 41
cat_boundaries=0 1 2 3
cat_threshold=4 1 1
is_linear=0
shrinkage=0.05


Tree=243
num_leaves=21
num_cat=3
split_feature=13 13 12 7 13 12 12 13 13 15 13 15 11 4 0 11 13 0 4 0
split_gain=0.000127157 0.000400531 0.000960447 0.000778512 0.00299152 0.000339896 0.000235001 0.000181319 0.000314315 0.00014107 0.00027203 0.000120547 7.88186e-05 6.08454e-05 6.11881e-05 1.02995e-05 5.60501e-06 8.05076e-06 4.34272e-06 2.33982e-06
threshold=14.500000000000002 13.500000000000002 1.6441500000000002 11.000000000000002 9.5000000000000018 1.8513000000000004 1.9246000000000001 6.5000000000000009 5.5000000000000009 3.5000000000000004 3.5000000000000004 3.5000000000000004 36.000000000000007 82.500000000000014 0 31.000000000000004 9.5000000000000018 1 41.000000000000007 2
decision_type=2 2 2 2 2 2 2 2 2 2 2 2 2 2 1 2 2 1 2 1
left_child=1 3 -3 4 -1 13 7 8 9 10 -5 -8 15 14 -2 16 17 -9 -18 -20
right_child=5 2 -4 6 -6 -7 11 12 -10 -11 -12 -13 -14 -15 -16 -17 18 -19 19 -21
leaf_value=-9.3450425025927181e-05 -8.8499548856123603e-05 7.7116384636610755e-05 -0.00039224973384742717 -6.4258623726082563e-05 0.00061508031643545244 0.00023527913785073909 -0.00019454467748281396 4.921786037812126e-05 -0.00021021989030906788 -9.9024237565840066e-05 0.00013532761651966271 -3.3822547411546115e-05 8.7299659571726817e-05 7.7772369683192343e-05 1.60301107955872e-05 -2.4000949921780071e-05 1.8560935025342243e-05 9.0152433117371852e-06 -1.7962373890027678e-05 3.8275550813133509e-06
leaf_weight=41.00000011920929 21 22 21.600000023841858 38 23.399999976158142 20 28 20 26 34 31 20 37 22 42 24 29 33 22 28
leaf_count=39 21 22 21 38 23 20 28 20 26 34 31 20 37 22 42 24 29 33 22 28
internal_value=6.37145e-12 -1.09442e-05 -0.000155414 3.55591e-06 0.000163997 4.98224e-05 -2.43695e-05 -8.98454e-06 -5.48776e-05 -1.5665e-05 2.54106e-05 -0.000127577 2.16901e-05 6.18549e-06 -1.88131e-05 6.12887e-06 1.1607e-05 2.4186e-05 3.16793e-06 -5.76001e-06
internal_weight=583 478 43.6 434.4 64.4 105 370 322 129 103 69 48 193 85 63 156 132 53 79 50
internal_count=580 475 43 432 62 105 370 322 129 103 69 48 193 85 63 156 132 53 79 50
cat_boundaries=0 1 2 3
cat_threshold=1 1 1
is_linear=0
shrinkage=0.05


Tree=244
num_leaves=22
num_cat=4
split_feature=13 13 6 13 7 11 13 11 12 13 12 12 6 11 8 13 0 6 4 8 13
split_gain=0.000133093 0.000239562 0.00135666 0.000800628 0.000988881 0.00154579 0.000322445 0.000953609 0.000312205 0.000252099 0.000847639 0.000485738 7.04764e-05 5.39688e-05 4.69104e-05 2.7444e-05 1.76474e-05 8.38975e-06 2.1107e-05 6.24724e-06 1.75519e-06
threshold=2.5000000000000004 5.5000000000000009 0 6.5000000000000009 11.000000000000002 31.000000000000004 8.5000000000000018 37.500000000000007 1.5672500000000003 13.500000000000002 1.8513000000000004 1.8099500000000004 1 23.000000000000004 65.000000000000014 7.5000000000000009 2 3 79.500000000000014 75.000000000000014 11.500000000000002
decision_type=2 2 1 2 2 2 2 2 2 2 2 2 1 2 2 2 1 1 2 2 2
left_child=-1 2 -2 -3 5 -5 7 15 16 10 17 12 13 -11 -14 -6 -4 19 20 -8 -19
right_child=1 3 8 4 6 -7 9 -9 -10 11 -12 -13 14 -15 -16 -17 -18 18 -20 -21 -22
leaf_value=9.177164434191042e-05 -0.00036628036034201856 0.00023930778844909845 -1.1216381310739301e-05 -9.0614072128979338e-07 -3.6349318149101845e-05 -0.0005286564973054096 1.7426030303795415e-05 0.00040991928763105538 0.00016591745135946409 -1.4743262634056009e-05 -0.00030586108175786929 0.00022521670566978477 5.5050172834723656e-06 9.8742028041504622e-05 -8.5227670005506617e-05 3.7134406371327106e-05 -7.3213577055260745e-05 -8.4239436150908115e-06 6.2150604693063857e-05 -1.7097976450187212e-05 1.1828986525870278e-05
leaf_weight=37 28.800000071525574 35 22 37 24 22.200000047683716 20 20 29 20 26 30 28 22 29 27 24 23 21 38 20
leaf_count=37 27 35 22 37 24 21 20 20 29 20 26 30 28 22 29 27 24 23 21 38 20
internal_value=-3.10486e-12 -6.21896e-06 -7.45776e-05 9.82723e-06 -9.89728e-06 -0.000198813 2.224e-05 0.000117305 3.74363e-05 -2.12672e-06 -4.66595e-05 4.89651e-05 -4.44447e-06 4.47014e-05 -4.06572e-05 2.55383e-06 -4.35627e-05 8.58024e-06 2.10624e-05 -5.19315e-06 9.96024e-07
internal_weight=583 546 103.8 442.2 407.2 59.2 348 71 75 277 148 129 99 42 57 51 46 122 64 58 43
internal_count=580 543 102 441 406 58 348 71 75 277 148 129 99 42 57 51 46 122 64 58 43
cat_boundaries=0 1 2 3 4
cat_threshold=2 1 1 1
is_linear=0
shrinkage=0.05


Tree=245
num_leaves=20
num_cat=2
split_feature=13 13 15 6 13 7 11 4 13 11 13 11 13 4 11 6 13 8 11
split_gain=0.000120116 0.000216205 0.00146571 0.00559162 0.000722567 0.000892466 0.00139507 0.000419498 0.000291007 0.000860632 0.000227519 0.000770904 0.000469822 8.72394e-05 5.49839e-05 3.28065e-05 2.47682e-05 2.14966e-05 2.03405e-05
threshold=2.5000000000000004 5.5000000000000009 3.5000000000000004 0 6.5000000000000009 11.000000000000002 31.000000000000004 44.000000000000007 8.5000000000000018 37.500000000000007 13.500000000000002 37.500000000000007 14.500000000000002 42.500000000000007 34.500000000000007 1 7.5000000000000009 75.000000000000014 31.000000000000004
decision_type=2 2 2 1 2 2 2 2 2 2 2 2 2 2 2 1 2 2 2
left_child=-1 2 3 -2 -3 6 -6 -5 9 16 11 15 -12 -14 -15 18 -7 -17 -10
right_child=1 4 -4 7 5 8 -8 -9 10 -11 12 -13 13 14 -16 17 -18 -19 -20
leaf_value=8.7183054558802214e-05 -0.00082221151593141878 0.00022734238624772321 0.00021707717246646362 0.00027401354721157329 -8.6083511288617622e-07 -3.4531851285161495e-05 -0.00050222383062339027 -2.0116744282724406e-05 3.612926312795222e-06 0.00038942332050737608 0.00019417954440302168 -0.00029744383570505306 4.2672008988263673e-05 -1.6951077169792506e-05 -0.00012201498837612236 6.1968916374358475e-06 3.5277686226806879e-05 6.4974513978605897e-05 -5.6264305591036615e-05
leaf_weight=37 23.800000071525574 35 31 22 37 24 22.200000047683716 27 37 20 38 25 38 33 20 35 27 28 23
leaf_count=37 22 35 31 22 37 24 21 27 37 20 38 25 38 33 20 35 27 28 23
internal_value=-8.74936e-12 -5.90802e-06 -7.08487e-05 -0.000193455 9.33586e-06 -9.40242e-06 -0.000188872 0.000111942 2.1128e-05 0.000111439 -2.02038e-06 -4.43265e-05 4.65169e-05 -1.51445e-05 -5.65978e-05 7.12014e-06 2.42614e-06 3.23203e-05 -1.934e-05
internal_weight=583 546 103.8 72.8 442.2 407.2 59.2 49 348 71 277 148 129 91 53 123 51 63 60
internal_count=580 543 102 71 441 406 58 49 348 71 277 148 129 91 53 123 51 63 60
cat_boundaries=0 1 2
cat_threshold=2 1
is_linear=0
shrinkage=0.05


Tree=246
num_leaves=21
num_cat=1
split_feature=10 15 11 12 12 15 15 12 12 14 12 12 1 12 8 14 15 1 4 4
split_gain=0.000125392 0.000390042 0.00129188 0.000279057 0.000211906 0.000143051 0.000113649 0.000255809 0.00021851 7.1424e-05 5.28074e-05 6.00912e-05 4.7021e-05 6.67223e-05 4.70677e-05 2.3122e-05 1.40269e-05 1.15129e-05 4.24049e-06 6.94286e-09
threshold=0 2.5000000000000004 37.500000000000007 1.5672500000000003 1.9246000000000001 3.5000000000000004 3.5000000000000004 1.8099500000000004 1.8099500000000004 2.5000000000000004 1.5672500000000003 1.4035500000000003 42.000000000000007 1.5192500000000002 75.000000000000014 2.5000000000000004 2.5000000000000004 42.000000000000007 42.500000000000007 81.500000000000014
decision_type=1 2 2 2 2 2 2 2 2 2 2 2 2 2 2 2 2 2 2 2
left_child=1 3 5 -1 6 9 7 12 10 -3 11 -8 13 15 -14 -2 19 -6 -7 -16
right_child=4 2 -4 -5 17 18 8 -9 -10 -11 -12 -13 14 -15 16 -17 -18 -19 -20 -21
leaf_value=1.9548073788954706e-05 2.8119100968602843e-05 -0.0001380314696959994 0.00033507787676722613 -0.00018934411554230495 -0.00014900106800182369 4.1402043311593489e-05 -1.0788454502337691e-06 0.00013693938892322117 -0.00018223951002532292 -2.2001940369086194e-05 4.2010205859810412e-05 -0.00010815251418534901 8.5638037753597024e-05 -9.862189582674074e-05 -1.9814735460386148e-05 -3.2253424856857497e-05 2.1981056910147813e-05 -9.6644867222667449e-05 7.2881927844719034e-05 -2.111642258915665e-05
leaf_weight=38 29 21 36.400000095367432 27.600000023841858 21 23 38 37 23 36 32 20 20 27 20 35 37 21 20 21
leaf_count=38 29 21 35 26 21 23 38 37 23 36 32 20 20 27 20 35 37 21 20 21
internal_value=-6.62531e-12 3.18461e-05 8.00292e-05 -6.83395e-05 -1.68843e-05 -1.28085e-05 -3.75917e-06 1.67118e-05 -4.47011e-05 -6.47497e-05 -9.55244e-06 -3.80008e-05 -6.8248e-06 -3.27056e-05 1.72073e-05 -4.89712e-06 -3.3898e-07 -0.000122823 5.60439e-05 -2.04815e-05
internal_weight=583 202 136.4 65.6 381 100 339 226 113 57 90 58 189 91 98 64 78 42 43 41
internal_count=580 199 135 64 381 100 339 226 113 57 90 58 189 91 98 64 78 42 43 41
cat_boundaries=0 1
cat_threshold=4
is_linear=0
shrinkage=0.05


Tree=247
num_leaves=21
num_cat=1
split_feature=13 13 7 12 13 7 15 13 13 13 13 15 12 13 1 0 13 12 13 11
split_gain=0.00013102 0.00120826 0.00361026 0.000801272 0.00245739 0.000294884 0.000159317 0.000688879 0.000164528 0.000240923 0.000240829 0.000279078 0.000174 0.000116715 0.000165205 0.000101297 7.00151e-05 3.86438e-05 3.28351e-05 5.50662e-07
threshold=8.5000000000000018 7.5000000000000009 11.000000000000002 1.8826500000000002 13.500000000000002 11.000000000000002 2.5000000000000004 4.5000000000000009 6.5000000000000009 5.5000000000000009 3.5000000000000004 3.5000000000000004 1.4907500000000002 14.500000000000002 42.000000000000007 0 12.500000000000002 1.4372000000000003 12.500000000000002 19.500000000000004
decision_type=2 2 2 2 2 2 2 2 2 2 2 2 2 2 2 1 2 2 2 2
left_child=1 2 -1 5 -5 -2 7 -4 9 10 12 -12 -8 14 18 -15 17 -16 19 -7
right_child=3 -3 6 4 -6 13 8 -9 -10 -11 11 -13 -14 15 16 -17 -18 -19 -20 -21
leaf_value=0.00054113505865553376 -0.00015125577456809184 -0.00027846691605576477 0.00020361688392586078 0.0004812905764685078 -0.00021158151210352614 -2.3036506045964023e-06 -5.7292815057260907e-05 -0.00015748549485579134 2.8843922298923037e-05 -0.00027257642796030268 0.00014213665324859902 -0.00011883909298506166 -0.00024785260268356523 -9.9694218215518054e-05 8.8124534514122388e-06 1.3550840473423401e-05 0.00013944162861056006 9.2743581971414341e-05 -6.4069756942141494e-05 8.6375122918980206e-06
leaf_weight=28.800000071525574 34 40.200000047683716 25 31.399999976158142 21.600000023841858 23 23 28 24 20 20 21 25 40 32 39 30 24 30 23
leaf_count=27 34 40 25 31 21 23 23 28 24 20 20 21 25 40 32 39 30 24 30 23
internal_value=-6.19108e-12 -2.68826e-05 2.02016e-05 2.08996e-05 0.000198913 -1.34084e-05 -6.04591e-05 1.28458e-05 -8.96708e-05 -0.000115766 -8.05274e-05 8.46615e-06 -0.000156543 6.03898e-06 3.03375e-05 -4.37884e-05 7.78034e-05 4.47829e-05 -2.33739e-05 3.16693e-06
internal_weight=583 255 214.8 328 53 275 186 53 133 109 89 41 48 241 162 79 86 56 76 46
internal_count=580 253 213 327 52 275 186 53 133 109 89 41 48 241 162 79 86 56 76 46
cat_boundaries=0 1
cat_threshold=1
is_linear=0
shrinkage=0.05


Tree=248
num_leaves=23
num_cat=3
split_feature=13 13 1 7 13 4 12 12 13 13 4 15 12 15 13 4 4 12 6 10 0 13
split_gain=0.000136877 0.000395008 0.00105237 0.000816348 0.00277382 0.000320084 0.000274645 0.000246057 0.000181677 0.000307596 0.000155251 0.000124842 0.000236149 0.000100226 7.26979e-05 9.59544e-05 7.51136e-05 7.45319e-05 1.98117e-05 1.11953e-05 2.15623e-06 3.41896e-08
threshold=14.500000000000002 13.500000000000002 42.000000000000007 11.000000000000002 9.5000000000000018 42.500000000000007 1.5672500000000003 1.9246000000000001 6.5000000000000009 5.5000000000000009 82.500000000000014 3.5000000000000004 1.5672500000000003 3.5000000000000004 9.5000000000000018 42.500000000000007 42.500000000000007 1.4035500000000003 0 1 2 11.500000000000002
decision_type=2 2 2 2 2 2 2 2 2 2 2 2 2 2 2 2 2 2 1 1 1 2
left_child=1 3 -3 4 -1 6 -2 8 9 11 -7 12 19 -9 15 -10 21 20 -17 -5 -18 -16
right_child=5 2 -4 7 -6 10 -8 13 14 -11 -12 -13 -14 -15 16 18 17 -19 -20 -21 -22 -23
leaf_value=-8.056451938479053e-05 1.1260161018071813e-05 0.00011201573535799981 -0.00038096074747281754 -1.7710731288881713e-05 0.00060169866248485616 -8.7933746112252561e-05 0.00025771264873373394 -0.00019222086339141243 0.00012409320179358475 -0.00020941961948455382 7.9792588026479788e-05 -9.5373426586989172e-05 0.00015688526717977684 -4.5670772087760277e-05 -5.9692548612391956e-05 -2.2140238291451006e-05 -1.6423228909708861e-05 0.00010780681375763379 4.0782197199938504e-05 -6.65271990051817e-05 4.9390013893051744e-06 -5.6836174771888181e-05
leaf_weight=41.00000011920929 20 20 23.600000023841858 24 23.399999976158142 37 26 28 32 26 22 34 22 20 22 22 27 20 29 23 21 20
leaf_count=39 20 20 23 24 23 37 26 28 32 26 22 34 22 20 22 22 27 20 29 23 21 20
internal_value=1.49961e-12 -1.13549e-05 -0.000154825 3.04498e-06 0.000167339 5.16916e-05 0.000150559 -2.5551e-05 -9.80827e-06 -5.57466e-05 -2.53917e-05 -1.69554e-05 2.16854e-05 -0.000131158 2.08966e-05 5.62239e-05 -5.75938e-06 2.67122e-05 1.36392e-05 -4.15996e-05 -7.07725e-06 -5.83324e-05
internal_weight=583 478 43.6 434.4 64.4 105 46 370 322 129 59 103 69 48 193 83 110 68 51 47 48 42
internal_count=580 475 43 432 62 105 46 370 322 129 59 103 69 48 193 83 110 68 51 47 48 42
cat_boundaries=0 1 2 3
cat_threshold=1 1 1
is_linear=0
shrinkage=0.05


Tree=249
num_leaves=22
num_cat=3
split_feature=13 13 1 7 13 4 11 12 13 13 4 15 13 0 13 11 4 11 6 0 13
split_gain=0.000123531 0.000356495 0.000949763 0.000736754 0.00282109 0.000288876 0.000247867 0.000222066 0.000163963 0.000277606 0.000140114 0.000112669 0.000226607 9.16473e-05 6.56099e-05 0.000100317 6.779e-05 6.7265e-05 5.53064e-06 1.946e-06 3.0856e-08
threshold=14.500000000000002 13.500000000000002 42.000000000000007 11.000000000000002 6.5000000000000009 42.500000000000007 21.000000000000004 1.9246000000000001 6.5000000000000009 5.5000000000000009 82.500000000000014 3.5000000000000004 3.5000000000000004 0 9.5000000000000018 36.000000000000007 42.500000000000007 34.500000000000007 1 2 11.500000000000002
decision_type=2 2 2 2 2 2 2 2 2 2 2 2 2 1 2 2 2 2 1 1 2
left_child=1 3 -3 4 -1 6 -2 8 9 11 -7 12 -5 -9 15 18 20 19 -10 -18 -16
right_child=5 2 -4 7 -6 10 -8 13 14 -11 -12 -13 -14 -15 16 -17 17 -19 -20 -21 -22
leaf_value=0.00057714568723966561 1.0697153011278716e-05 0.00010641494765877724 -0.00036191267744427043 -6.12398419027733e-05 -0.0001029151834347114 -8.3537058231445988e-05 0.00024482700794648671 -0.00019086828711442649 1.9753738342842553e-06 -0.00019894863744411852 7.5802959769465485e-05 -9.0604754747319562e-05 0.00012092232354916633 -5.25701159226035e-05 -5.6707920434333079e-05 0.00014786317269248513 -1.5602067191543434e-05 0.00010241647076327354 3.2889527854142499e-05 4.6920513601175378e-06 -5.399436948209768e-05
leaf_weight=24.800000071525574 20 20 23.600000023841858 38 39.600000023841858 37 26 25 23 26 22 34 31 23 22 21 27 20 39 21 20
leaf_count=23 20 20 23 38 39 37 26 25 23 26 22 34 31 23 22 21 27 20 39 21 20
internal_value=-6.64493e-13 -1.07871e-05 -0.000147083 2.89273e-06 0.000158972 4.9107e-05 0.000143031 -2.42734e-05 -9.31786e-06 -5.29593e-05 -2.41221e-05 -1.61076e-05 2.06011e-05 -0.0001246 1.98518e-05 5.34127e-05 -5.47141e-06 2.53766e-05 2.14214e-05 -6.72339e-06 -5.54158e-05
internal_weight=583 478 43.6 434.4 64.4 105 46 370 322 129 59 103 69 48 193 83 110 68 62 48 42
internal_count=580 475 43 432 62 105 46 370 322 129 59 103 69 48 193 83 110 68 62 48 42
cat_boundaries=0 1 2 3
cat_threshold=1 1 1
is_linear=0
shrinkage=0.05


Tree=250
num_leaves=21
num_cat=2
split_feature=13 13 15 6 13 7 11 4 13 11 13 12 13 4 11 13 8 11 6 13
split_gain=0.000129256 0.00024597 0.00151245 0.00545048 0.000787628 0.000920039 0.00137324 0.000372412 0.000282631 0.000800473 0.000240794 0.000773348 0.000476473 5.73964e-05 4.40846e-05 3.13244e-05 9.51489e-06 1.0857e-05 3.49948e-06 3.48779e-06
threshold=2.5000000000000004 5.5000000000000009 3.5000000000000004 0 6.5000000000000009 11.000000000000002 31.000000000000004 44.000000000000007 8.5000000000000018 37.500000000000007 13.500000000000002 1.8513000000000004 14.500000000000002 42.500000000000007 34.500000000000007 7.5000000000000009 110.00000000000001 23.000000000000004 1 11.500000000000002
decision_type=2 2 2 1 2 2 2 2 2 2 2 2 2 2 2 2 2 2 1 2
left_child=-1 2 3 -2 -3 6 -6 -5 9 15 11 16 -12 -14 -15 -7 17 18 19 -10
right_child=1 4 -4 7 5 8 -8 -9 10 -11 12 -13 13 14 -16 -17 -18 -19 -20 -21
leaf_value=9.0439141864850616e-05 -0.00082071120467136277 0.00023774058842848591 0.00021708430698885012 0.00025428191772582727 -5.1199443594275699e-06 -3.6129026345103439e-05 -0.00050254370217076309 -2.2849928638135208e-05 -1.3682857440601636e-05 0.00037866005819523711 0.00019739008808085745 -0.00029235267922138943 3.3485742537059673e-05 -1.1533740290002299e-05 -0.00010560983064351604 4.2378031388647357e-05 3.620956751243891e-05 -2.896908381839951e-05 2.2483773776030196e-05 1.5134243461120822e-05
leaf_weight=37 23.800000071525574 35 31 22 37 24 22.200000047683716 27 21 20 38 26 38 33 20 27 24 23 33 21
leaf_count=37 22 35 31 22 37 24 21 27 21 20 38 26 38 33 20 27 24 23 33 21
internal_value=-1.42715e-12 -6.12866e-06 -7.53956e-05 -0.000199941 1.01307e-05 -9.43298e-06 -0.000191654 0.000101577 2.15655e-05 0.000110568 -1.24734e-06 -4.47702e-05 4.86858e-05 -1.34105e-05 -4.70342e-05 5.43353e-06 7.99331e-06 1.08321e-06 1.02992e-05 7.25693e-07
internal_weight=583 546 103.8 72.8 442.2 407.2 59.2 49 348 71 277 148 129 91 53 51 122 98 75 42
internal_count=580 543 102 71 441 406 58 49 348 71 277 148 129 91 53 51 122 98 75 42
cat_boundaries=0 1 2
cat_threshold=2 4
is_linear=0
shrinkage=0.05


Tree=251
num_leaves=22
num_cat=1
split_feature=13 13 7 12 6 13 7 16 13 13 13 13 11 11 1 13 13 13 13 11 13
split_gain=0.000131332 0.00113744 0.00327559 0.000814762 0.00267004 0.00127978 0.000429947 0.000146992 0.000626685 0.000129403 0.000196576 0.000204962 0.000167591 0.000157068 2.0669e-05 7.99284e-05 7.28616e-05 2.41383e-05 2.55666e-05 6.81799e-06 1.93108e-06
threshold=8.5000000000000018 7.5000000000000009 11.000000000000002 1.8099500000000004 0 13.500000000000002 11.000000000000002 1.0000000180025095e-35 4.5000000000000009 6.5000000000000009 5.5000000000000009 3.5000000000000004 21.000000000000004 34.500000000000007 42.000000000000007 14.500000000000002 12.500000000000002 13.500000000000002 15.500000000000002 25.500000000000004 11.500000000000002
decision_type=2 2 2 2 1 2 2 2 2 2 2 2 2 2 2 2 2 2 2 2 2
left_child=1 2 -1 6 -5 -6 -2 9 -9 10 11 12 -4 -13 17 16 19 20 -19 -16 -8
right_child=3 -3 7 4 5 -7 14 8 -10 -11 -12 13 -14 -15 15 -17 -18 18 -20 -21 -22
leaf_value=0.00051497052394391322 -0.00019705228952525725 -0.00027101485347773768 -6.161929886729923e-05 0.00062873948190826927 -0.00027773504620059753 0.00020536161927307619 8.2291642363142109e-07 0.00019430587860551896 -0.00015011041817030804 1.8983849076903426e-05 -0.00025090899707720383 -9.0839215530043793e-05 -0.00024912632804692042 0.00010494669360923582 3.4879790647127355e-05 -4.6556291631773234e-05 0.00012324180001583459 -7.0301698217787952e-05 -1.4463758326690788e-06 -2.3159217741002588e-06 1.8733671085000326e-05
leaf_weight=28.800000071525574 31 40.200000047683716 26 22 26 29 34 25 28 24 20 21 22 20 22 33 22 28 26 28 27
leaf_count=27 31 40 26 21 26 29 34 25 28 24 20 21 22 20 22 33 22 28 26 28 27
internal_value=1.64022e-12 -2.69146e-05 1.87689e-05 2.09245e-05 0.000163203 -2.30113e-05 -2.27228e-05 -5.80623e-05 1.23501e-05 -8.61213e-05 -0.000109264 -7.74334e-05 -0.00014756 4.66611e-06 1.84185e-06 1.78807e-05 4.74143e-05 -1.28023e-05 -3.71491e-05 1.40502e-05 8.75063e-06
internal_weight=583 255 214.8 328 77 55 251 186 53 133 109 89 48 41 220 105 72 115 54 50 61
internal_count=580 253 213 327 76 55 251 186 53 133 109 89 48 41 220 105 72 115 54 50 61
cat_boundaries=0 1
cat_threshold=2
is_linear=0
shrinkage=0.05


Tree=252
num_leaves=22
num_cat=4
split_feature=13 13 15 12 13 7 11 13 11 13 11 12 6 15 13 1 6 0 10 13 12
split_gain=0.000126149 0.000252778 0.00141365 0.00528497 0.000742951 0.000895143 0.00141951 0.00029383 0.000717507 0.000202192 0.0006633 0.000417436 0.000121893 5.2568e-05 3.78197e-05 3.60248e-05 3.2712e-05 4.77028e-05 1.80709e-05 2.45808e-06 3.26163e-07
threshold=2.5000000000000004 5.5000000000000009 3.5000000000000004 1.8513000000000004 6.5000000000000009 11.000000000000002 31.000000000000004 8.5000000000000018 37.500000000000007 13.500000000000002 37.500000000000007 1.7639000000000002 0 3.5000000000000004 7.5000000000000009 42.000000000000007 1 2 3 11.500000000000002 1.3575000000000002
decision_type=2 2 2 2 2 2 2 2 2 2 2 2 1 2 2 2 1 1 1 2 2
left_child=-1 2 3 12 -3 6 -6 8 14 10 16 13 -2 15 -7 -11 18 -18 -9 -19 -20
right_child=1 4 -4 -5 5 7 -8 9 -10 11 -12 -13 -14 -15 -16 -17 17 19 20 -21 -22
leaf_value=8.9345475289765342e-05 -1.3205298154903374e-05 0.00023148848556697236 0.0002064926900446505 -0.00087027215845930346 1.339794522897825e-06 -3.2453530305550275e-05 -0.00050439544884919895 -5.8645391104619196e-05 0.00036657103963079864 -1.7147686500850667e-05 -0.00027592689753510056 0.00018113338720957895 0.00014092850780861196 -6.4930311575815065e-05 5.3809871544082725e-05 6.4503601524021107e-05 9.5542112358089075e-05 -1.0161811475145874e-05 4.0787194109270787e-06 1.3753810964606766e-05 -4.9512679925101115e-06
leaf_weight=37 23 35 31 20.800000071525574 37 24 22.200000047683716 20 20 35 25 39 29 33 27 22 20 21 20 22 20
leaf_count=37 23 35 31 19 37 24 21 20 20 35 25 39 29 33 27 22 20 21 20 22 20
internal_value=2.96557e-12 -6.05454e-06 -7.62734e-05 -0.000196682 1.04283e-05 -8.57243e-06 -0.000188311 2.20038e-05 0.000112752 -1.25665e-06 -4.11385e-05 4.44993e-05 7.27539e-05 -1.47088e-05 1.32153e-05 1.43668e-05 6.58268e-06 3.17465e-05 -1.98393e-05 2.07409e-06 -4.36274e-07
internal_weight=583 546 103.8 72.8 442.2 407.2 59.2 348 71 277 148 129 52 90 51 57 123 63 60 43 40
internal_count=580 543 102 71 441 406 58 348 71 277 148 129 52 90 51 57 123 63 60 43 40
cat_boundaries=0 1 2 3 4
cat_threshold=1 1 1 2
is_linear=0
shrinkage=0.05


Tree=253
num_leaves=21
num_cat=2
split_feature=13 13 7 12 13 7 13 13 15 13 15 12 13 1 12 6 13 0 13 12
split_gain=0.000138176 0.00104875 0.00315105 0.000800947 0.00259522 0.000283397 0.000141034 0.000357048 0.00031953 0.000202287 0.000296175 0.00015839 0.000102866 0.000165979 0.000101415 9.92952e-05 3.85629e-05 3.74239e-05 1.93145e-05 8.40777e-07
threshold=8.5000000000000018 7.5000000000000009 11.000000000000002 1.8826500000000002 13.500000000000002 11.000000000000002 5.5000000000000009 6.5000000000000009 2.5000000000000004 3.5000000000000004 3.5000000000000004 1.4907500000000002 14.500000000000002 42.000000000000007 1.5672500000000003 0 12.500000000000002 1 11.500000000000002 1.4372000000000003
decision_type=2 2 2 2 2 2 2 2 2 2 2 2 2 2 2 1 2 1 2 2
left_child=1 2 -1 5 -5 -2 8 -8 -4 11 -11 -10 13 16 17 18 19 -14 -15 -7
right_child=3 -3 6 4 -6 12 7 -9 9 10 -12 -13 14 15 -16 -17 -18 -19 -20 -21
leaf_value=0.00050293641567904408 -0.00014797403859494594 -0.00026199774005783297 0.000108318266995866 0.00048962855269748303 -0.0002224091252043156 -2.7961748065022023e-06 -0.00024507610864626868 -1.000704784278891e-05 -5.0881071523611391e-05 0.00014335939316879377 -0.00012549151572221448 -0.00023269216845073971 -5.7388115467050662e-05 9.2315438996592997e-06 -0.00013785233371891082 0.00014817751185370481 -6.8901957711204879e-05 2.4261766780379429e-05 6.87377655713135e-05 1.0723354946252505e-05
leaf_weight=28.800000071525574 34 40.200000047683716 32 31.399999976158142 21.600000023841858 23 30 35 23 20 21 25 23 30 20 31 30 36 25 23
leaf_count=27 34 40 32 31 21 23 30 35 23 20 21 25 23 30 20 31 30 36 25 23
internal_value=6.11023e-12 -2.7607e-05 1.62594e-05 2.14628e-05 0.00019944 -1.28382e-05 -5.9097e-05 -0.0001185 -2.71861e-05 -7.59068e-05 5.65527e-06 -0.000145574 6.2266e-06 2.9038e-05 -4.05513e-05 7.6615e-05 -2.47991e-05 -7.56785e-06 3.62798e-05 3.96359e-06
internal_weight=583 255 214.8 328 53 275 186 65 121 89 41 48 241 162 79 86 76 59 55 46
internal_count=580 253 213 327 52 275 186 65 121 89 41 48 241 162 79 86 76 59 55 46
cat_boundaries=0 1 2
cat_threshold=1 1
is_linear=0
shrinkage=0.05


Tree=254
num_leaves=23
num_cat=5
split_feature=13 13 1 10 11 13 13 4 13 6 11 6 6 6 13 11 11 15 13 8 13 11
split_gain=0.000128966 0.000374158 0.000923039 0.000708796 0.00146349 0.00127374 0.000372198 0.000365601 0.000630963 0.000367511 0.00045575 0.00026315 0.000256883 0.000204261 0.000109742 0.000103908 6.22135e-05 4.2005e-05 6.65612e-05 2.0213e-05 1.48768e-05 9.30554e-06
threshold=14.500000000000002 13.500000000000002 42.000000000000007 0 36.000000000000007 7.5000000000000009 8.5000000000000018 41.000000000000007 4.5000000000000009 1 33.000000000000007 2 3 4 6.5000000000000009 36.000000000000007 36.000000000000007 3.5000000000000004 3.5000000000000004 65.000000000000014 8.5000000000000018 25.500000000000004
decision_type=2 2 2 1 2 2 2 2 2 1 2 1 1 1 2 2 2 2 2 2 2 2
left_child=1 3 -3 4 6 -6 12 8 -5 -10 -11 -2 -1 -8 17 20 19 18 -9 -13 -16 -22
right_child=11 2 -4 7 5 -7 13 14 9 10 -12 16 -14 -15 15 -17 -18 -19 -20 -21 21 -23
leaf_value=-3.4377566917100923e-05 0.00020848503211579685 9.9252668151166303e-05 -0.00036243914602070555 0.00010954536016718274 0.00056771329119274349 4.8769805302278604e-05 -2.8369841207417528e-06 -8.8806850938757042e-05 -0.00037245121798367195 2.2642878782510076e-05 -0.00027635053964331747 2.7911516391603595e-06 0.00017253749858355151 -0.00021249677618890509 3.2331881434402022e-05 9.8006719656820826e-05 -6.6376501927152269e-05 -0.00011449913214164553 2.6664249442267017e-05 5.9433982995768827e-05 6.2833802131177498e-07 -3.8561157543881565e-05
leaf_weight=30 21 20 23.600000023841858 22 24.800000071525574 22.600000023841858 21 24 21 26 25 28 30 26 20 35 20 20 26 36 33 28
leaf_count=30 21 20 23 22 23 22 21 24 21 26 25 28 30 26 20 35 20 20 26 36 33 28
internal_value=9.99524e-12 -1.10218e-05 -0.000150654 2.99283e-06 8.90012e-05 0.000320285 -1.34551e-05 -4.44347e-05 -0.000124803 -0.00019641 -0.000123923 5.01755e-05 6.908e-05 -0.000118819 -3.81818e-06 2.60163e-05 1.05982e-05 -5.32582e-05 -2.87619e-05 3.46527e-05 -5.09061e-06 -1.73603e-05
internal_weight=583 478 43.6 434.4 154.4 47.4 107 280 94 72 51 105 60 47 186 116 84 70 50 64 81 61
internal_count=580 475 43 432 152 45 107 280 94 72 51 105 60 47 186 116 84 70 50 64 81 61
cat_boundaries=0 1 2 3 4 5
cat_threshold=4 2 2 4 4
is_linear=0
shrinkage=0.05


Tree=255
num_leaves=21
num_cat=1
split_feature=13 13 7 12 13 7 13 13 15 13 15 11 13 1 6 1 13 13 8 11
split_gain=0.000149099 0.000925264 0.00270164 0.000740665 0.0023361 0.000248644 0.000124813 0.000312754 0.000289715 0.00018257 0.000256894 0.000154713 0.000105815 0.000168594 9.47165e-05 9.12984e-05 3.70029e-05 2.05577e-05 1.02985e-05 5.55467e-07
threshold=8.5000000000000018 7.5000000000000009 11.000000000000002 1.8826500000000002 13.500000000000002 11.000000000000002 5.5000000000000009 6.5000000000000009 2.5000000000000004 3.5000000000000004 3.5000000000000004 21.000000000000004 14.500000000000002 42.000000000000007 0 42.000000000000007 12.500000000000002 11.500000000000002 95.000000000000014 19.500000000000004
decision_type=2 2 2 2 2 2 2 2 2 2 2 2 2 2 1 2 2 2 2 2
left_child=1 2 -1 5 -5 -2 8 -8 -4 11 -11 -10 13 16 17 -14 19 -15 -17 -7
right_child=3 -3 6 4 -6 12 7 -9 9 10 -12 -13 15 14 -16 18 -18 -19 -20 -21
leaf_value=0.0004631629009779326 -0.00013726899170946768 -0.00024883666737570071 0.00010179683508795279 0.00046876433732546773 -0.00020679219412272971 -1.2752365127317204e-06 -0.00023159812936986176 -1.1592627062262702e-05 -5.7234894652188258e-05 0.00013211007213612903 -0.00011827826494395379 -0.00023739405587548391 1.4159888665651521e-05 1.09546199291799e-05 0.00014814712995435148 -0.00011872152772411937 -6.7157340793831585e-05 7.2346033713984066e-05 -6.7980683625137316e-05 9.7135617935513764e-06
leaf_weight=28.800000071525574 34 40.200000047683716 32 31.399999976158142 21.600000023841858 23 30 35 26 20 21 22 39 30 31 20 30 25 20 23
leaf_count=27 34 40 32 31 21 23 30 35 26 20 21 22 39 30 31 20 30 25 20 23
internal_value=-3.35023e-12 -2.86774e-05 1.25255e-05 2.2295e-05 0.000193443 -1.069e-05 -5.72506e-05 -0.000113134 -2.72307e-05 -7.36227e-05 3.86239e-06 -0.000139808 7.16765e-06 3.03038e-05 7.82541e-05 -4.02761e-05 -2.39558e-05 3.88598e-05 -9.33511e-05 4.21916e-06
internal_weight=583 255 214.8 328 53 275 186 65 121 89 41 48 241 162 86 79 76 55 40 46
internal_count=580 253 213 327 52 275 186 65 121 89 41 48 241 162 86 79 76 55 40 46
cat_boundaries=0 1
cat_threshold=1
is_linear=0
shrinkage=0.05


Tree=256
num_leaves=21
num_cat=1
split_feature=13 13 1 7 13 12 12 13 13 12 13 4 15 4 11 12 4 13 0 12
split_gain=0.000134873 0.000327399 0.000857941 0.00054493 0.00295798 0.000266283 0.000214794 0.000160416 0.000209228 9.04298e-05 8.68485e-05 0.000158394 8.32573e-05 7.20337e-05 8.37173e-05 7.3121e-05 5.26573e-05 5.63301e-05 1.14079e-05 8.66949e-06
threshold=14.500000000000002 13.500000000000002 42.000000000000007 11.000000000000002 9.5000000000000018 1.8513000000000004 1.9246000000000001 6.5000000000000009 5.5000000000000009 1.5672500000000003 8.5000000000000018 42.500000000000007 3.5000000000000004 42.500000000000007 21.000000000000004 1.4372000000000003 82.500000000000014 15.500000000000002 0 1.3423500000000002
decision_type=2 2 2 2 2 2 2 2 2 2 2 2 2 2 2 2 2 2 1 2
left_child=1 3 -3 4 -1 16 7 8 9 18 11 -9 -8 14 -12 19 17 -2 -5 -15
right_child=5 2 -4 6 -6 -7 12 10 -10 -11 13 -13 -14 15 -16 -17 -18 -19 -20 -21
leaf_value=-0.00011993080865157579 4.7722144721774388e-05 9.9045731476508092e-05 -0.00034606809241776739 -2.7935803000494192e-05 0.00058461699354065105 0.00021546210191445426 -0.00017584985542790882 0.00016805943290819415 -0.00017672430623441381 5.1794456226161856e-05 5.4375501545580156e-06 4.2335984592985673e-06 -4.2280198249500246e-05 1.3019992538351004e-05 -0.00012753492566844216 0.00010341395030516887 7.9284295249883809e-05 -4.891605288465048e-05 -6.811984013965182e-05 -2.642022848456029e-05
leaf_weight=41.00000011920929 25 20 23.600000023841858 33 23.399999976158142 20 28 25 26 32 29 36 20 38 20 23 22 38 38 22
leaf_count=39 25 20 23 33 23 20 28 25 26 32 29 36 20 38 20 23 22 38 38 22
internal_value=-1.8879e-12 -1.12714e-05 -0.000141887 1.83829e-06 0.000136069 5.13118e-05 -2.15252e-05 -6.81653e-06 -4.99833e-05 -1.79904e-05 2.20359e-05 7.13753e-05 -0.000120196 -7.64955e-07 -4.88369e-05 2.76149e-05 1.26882e-05 -1.05676e-05 -4.94428e-05 -1.44142e-06
internal_weight=583 478 43.6 434.4 64.4 105 370 322 129 103 193 61 48 132 49 83 85 63 71 60
internal_count=580 475 43 432 62 105 370 322 129 103 193 61 48 132 49 83 85 63 71 60
cat_boundaries=0 1
cat_threshold=1
is_linear=0
shrinkage=0.05


Tree=257
num_leaves=22
num_cat=1
split_feature=13 13 15 12 13 7 11 13 11 13 12 13 13 10 1 11 8 11 7 13 4
split_gain=0.000140582 0.000313298 0.00149254 0.00516385 0.000809452 0.000902659 0.00145077 0.000320615 0.000663076 0.000238597 0.000734429 0.000463369 6.08094e-05 5.83882e-05 5.53235e-05 1.85723e-05 7.52353e-06 1.24053e-05 3.40675e-06 3.54036e-06 7.15687e-07
threshold=2.5000000000000004 5.5000000000000009 3.5000000000000004 1.8513000000000004 6.5000000000000009 11.000000000000002 31.000000000000004 8.5000000000000018 37.500000000000007 13.500000000000002 1.8513000000000004 14.500000000000002 7.5000000000000009 0 42.000000000000007 34.500000000000007 110.00000000000001 23.000000000000004 13.000000000000002 11.500000000000002 41.000000000000007
decision_type=2 2 2 2 2 2 2 2 2 2 2 2 2 1 2 2 2 2 2 2 2
left_child=-1 2 3 13 -3 6 -6 8 12 10 16 -11 -7 -2 20 -16 17 18 -9 -20 -13
right_child=1 4 -4 -5 5 7 -8 9 -10 11 -12 14 -14 -15 15 -17 -18 -19 19 -21 -22
leaf_value=9.4318216488809912e-05 -6.3305986259365461e-06 0.00024270045621960893 0.00020598353237860027 -0.0008741154612090336 3.3616591748353598e-06 -3.5971371835330503e-05 -0.00050791116271918719 2.2356218746832579e-05 0.00036162604978017047 0.00019488249596286936 -0.00028606336742926104 3.5108335869153965e-05 7.341244439616007e-05 0.00010164947753148754 -2.3612616087120844e-05 -8.6698161030653874e-05 3.1717926208330031e-05 -3.164098673986028e-05 -1.3628400622456823e-05 1.5405085694164017e-05 2.2175702254215774e-05
leaf_weight=37 21 35 31 20.800000071525574 37 24 22.200000047683716 33 20 38 26 20 27 31 28 20 24 23 21 21 23
leaf_count=37 21 35 31 19 37 24 21 33 20 38 26 20 27 31 28 20 24 23 21 21 23
internal_value=-2.55224e-12 -6.39153e-06 -8.45657e-05 -0.000208289 1.19587e-05 -7.87419e-06 -0.000188366 2.28301e-05 0.000117625 -1.46739e-06 -4.47912e-05 4.82374e-05 2.19377e-05 5.80421e-05 -1.2999e-05 -4.98983e-05 6.62748e-06 4.82887e-07 1.03342e-05 8.88343e-07 2.81909e-05
internal_weight=583 546 103.8 72.8 442.2 407.2 59.2 348 71 277 148 129 51 52 91 48 122 98 75 42 43
internal_count=580 543 102 71 441 406 58 348 71 277 148 129 51 52 91 48 122 98 75 42 43
cat_boundaries=0 1
cat_threshold=1
is_linear=0
shrinkage=0.05


Tree=258
num_leaves=21
num_cat=4
split_feature=13 13 7 12 6 13 7 13 13 15 13 15 12 15 6 10 12 11 15 6
split_gain=0.000136347 0.000889787 0.00265863 0.000755906 0.00253315 0.00122042 0.000362195 0.00012658 0.000274739 0.000264426 0.000178722 0.000281977 0.000149676 2.89702e-05 3.04398e-05 1.5454e-05 1.57542e-05 1.72572e-05 1.47679e-05 2.61608e-07
threshold=8.5000000000000018 7.5000000000000009 11.000000000000002 1.8099500000000004 0 13.500000000000002 11.000000000000002 5.5000000000000009 6.5000000000000009 2.5000000000000004 3.5000000000000004 3.5000000000000004 1.4907500000000002 3.5000000000000004 1 2 1.4035500000000003 21.000000000000004 2.5000000000000004 3
decision_type=2 2 2 2 1 2 2 2 2 2 2 2 2 2 1 1 2 2 2 1
left_child=1 2 -1 6 -5 -6 -2 9 -9 -4 12 -12 -11 15 -15 19 18 -18 -17 -8
right_child=3 -3 7 4 5 -7 13 8 -10 10 11 -13 -14 14 -16 16 17 -19 -20 -21
leaf_value=0.00046001711251691729 -0.00018072645649343971 -0.00024332093734674698 9.7262400822728528e-05 0.00061180963133334774 -0.00027176020084880293 0.00019999868038275025 -8.5121924530540128e-06 -0.00022354547664879952 -1.7343788900429249e-05 -4.3758499257661326e-05 0.00014070101206016262 -0.00012162676180845926 -0.00022049788018921389 1.2849319426398628e-05 -5.4142663056830854e-05 -1.5284822032245917e-05 1.7387067877010583e-05 7.632490223445728e-05 3.4245629999700386e-05 -1.6599349071384497e-05
leaf_weight=28.800000071525574 31 40.200000047683716 32 22 26 29 20 30 35 23 20 21 25 30 39 34 27 23 27 20
leaf_count=27 31 40 32 21 26 29 20 30 35 23 20 21 25 30 39 34 27 23 27 20
internal_value=2.80701e-12 -2.74237e-05 1.29817e-05 2.13203e-05 0.000158364 -2.30146e-05 -2.0721e-05 -5.62367e-05 -0.000112514 -2.60053e-05 -7.03262e-05 6.33801e-06 -0.00013581 1.82526e-06 -2.50157e-05 1.40903e-05 2.36925e-05 4.44985e-05 6.63849e-06 -1.25558e-05
internal_weight=583 255 214.8 328 77 55 251 186 65 121 89 41 48 220 69 151 111 50 61 40
internal_count=580 253 213 327 76 55 251 186 65 121 89 41 48 220 69 151 111 50 61 40
cat_boundaries=0 1 2 3 4
cat_threshold=2 1 2 1
is_linear=0
shrinkage=0.05


Tree=259
num_leaves=21
num_cat=4
split_feature=13 13 15 6 13 7 11 4 13 11 13 11 13 13 11 6 0 6 11 13
split_gain=0.000139856 0.000315338 0.00143434 0.00549445 0.000768474 0.000877433 0.00148807 0.000402655 0.00032443 0.000595103 0.000193555 0.00065425 0.000412292 6.74639e-05 6.12443e-05 2.96691e-05 3.83143e-05 2.84327e-05 2.01834e-05 2.4431e-06
threshold=2.5000000000000004 5.5000000000000009 3.5000000000000004 0 6.5000000000000009 11.000000000000002 31.000000000000004 44.000000000000007 8.5000000000000018 37.500000000000007 13.500000000000002 37.500000000000007 14.500000000000002 7.5000000000000009 36.000000000000007 1 2 3 31.000000000000004 11.500000000000002
decision_type=2 2 2 1 2 2 2 2 2 2 2 2 2 2 2 1 1 1 2 2
left_child=-1 2 3 -2 -3 6 -6 -5 9 13 11 15 -12 -7 17 18 -17 -14 -10 -18
right_child=1 4 -4 7 5 8 -8 -9 10 -11 12 -13 14 -15 -16 16 19 -19 -20 -21
leaf_value=9.4074532721975088e-05 -0.00082935945653502159 0.00023686010075575073 0.00020002491838831996 0.00025542569068916649 8.9355937529330117e-06 -3.3305614063768489e-05 -0.00050886893149674713 -3.2739342040494431e-05 4.615831129420848e-06 0.00034949642096762548 0.00018163609431786953 -0.00027366099104983736 4.0803246670025953e-05 8.1907869348975119e-05 -8.9343309047676273e-05 8.8053796353051447e-05 -7.9114280197245531e-06 -2.2955162724732268e-05 -5.5029674347125643e-05 1.5931164844832067e-05
leaf_weight=37 23.800000071525574 35 31 22 37 24 22.200000047683716 27 37 20 38 25 34 27 21 20 21 36 23 22
leaf_count=37 22 35 31 22 37 24 21 27 37 20 38 25 34 27 21 20 21 36 23 22
internal_value=1.742e-12 -6.37501e-06 -8.48033e-05 -0.00020609 1.20349e-05 -7.28949e-06 -0.000185241 9.66409e-05 2.29827e-05 0.00011834 -1.45889e-06 -4.04797e-05 4.33092e-05 2.76898e-05 -1.44537e-05 6.91484e-06 3.08797e-05 8.01321e-06 -1.82483e-05 4.28711e-06
internal_weight=583 546 103.8 72.8 442.2 407.2 59.2 49 348 71 277 148 129 51 91 123 63 70 60 43
internal_count=580 543 102 71 441 406 58 49 348 71 277 148 129 51 91 123 63 70 60 43
cat_boundaries=0 1 2 3 4
cat_threshold=2 1 1 1
is_linear=0
shrinkage=0.05


Tree=260
num_leaves=21
num_cat=2
split_feature=13 13 7 12 13 7 13 13 15 13 15 12 13 1 12 6 13 0 13 12
split_gain=0.00014288 0.000828861 0.00266184 0.00077116 0.00234614 0.000224522 0.000126957 0.000267283 0.000259377 0.000162279 0.000276186 0.000139092 9.39032e-05 0.000166404 8.99316e-05 8.40928e-05 4.70849e-05 3.47527e-05 1.74987e-05 6.94085e-07
threshold=8.5000000000000018 7.5000000000000009 11.000000000000002 1.8826500000000002 13.500000000000002 11.000000000000002 5.5000000000000009 6.5000000000000009 2.5000000000000004 3.5000000000000004 3.5000000000000004 1.4907500000000002 14.500000000000002 42.000000000000007 1.5672500000000003 0 12.500000000000002 1 11.500000000000002 1.4372000000000003
decision_type=2 2 2 2 2 2 2 2 2 2 2 2 2 2 2 1 2 1 2 2
left_child=1 2 -1 5 -5 -2 8 -8 -4 11 -11 -10 13 16 17 18 19 -14 -15 -7
right_child=3 -3 6 4 -6 12 7 -9 9 10 -12 -13 14 15 -16 -17 -18 -19 -20 -21
leaf_value=0.00045822986918195795 -0.00013211459796259401 -0.00023644761868089103 9.4026032843430596e-05 0.0004723734251150173 -0.00020463378749690258 -1.3332040749525694e-06 -0.00022421120431166252 -2.0826782019867096e-05 -4.5616596192750745e-05 0.0001340734518453246 -0.00012554667052990269 -0.00021599242402589884 -5.6505698426403607e-05 1.1705373763106764e-05 -0.00013118340430082754 0.00014042696498255545 -7.5706604475271903e-05 2.21762489976148e-05 6.8345497267728212e-05 1.0950441039471037e-05
leaf_weight=28.800000071525574 34 40.200000047683716 32 31.399999976158142 21.600000023841858 23 30 35 23 20 21 25 23 30 20 31 30 36 25 23
leaf_count=27 34 40 32 31 21 23 30 35 23 20 21 25 23 30 20 31 30 36 25 23
internal_value=4.4165e-13 -2.8073e-05 1.09245e-05 2.18251e-05 0.000196461 -1.18321e-05 -5.83357e-05 -0.000114697 -2.80593e-05 -7.19551e-05 1.09729e-06 -0.000134354 5.13726e-06 2.69323e-05 -3.95564e-05 7.45702e-05 -2.69737e-05 -8.49637e-06 3.74509e-05 4.80862e-06
internal_weight=583 255 214.8 328 53 275 186 65 121 89 41 48 241 162 79 86 76 59 55 46
internal_count=580 253 213 327 52 275 186 65 121 89 41 48 241 162 79 86 76 59 55 46
cat_boundaries=0 1 2
cat_threshold=1 1
is_linear=0
shrinkage=0.05


Tree=261
num_leaves=23
num_cat=4
split_feature=13 13 1 10 14 15 13 1 4 13 6 12 6 13 12 4 15 13 12 13 8 0
split_gain=0.000144071 0.000369743 0.000800141 0.000638127 0.00137997 0.00199602 0.00277345 0.00466585 0.0003534 0.000598846 0.000394549 0.000432355 0.000281905 9.67061e-05 8.31548e-05 3.88483e-05 3.388e-05 5.86877e-05 2.87499e-05 6.10274e-06 1.82762e-05 1.49587e-05
threshold=14.500000000000002 13.500000000000002 42.000000000000007 0 4.5000000000000009 3.5000000000000004 5.5000000000000009 42.000000000000007 41.000000000000007 4.5000000000000009 1 1.9246000000000001 2 6.5000000000000009 1.8513000000000004 42.500000000000007 3.5000000000000004 3.5000000000000004 1.3794500000000001 8.5000000000000018 110.00000000000001 3
decision_type=2 2 2 1 2 2 2 2 2 2 1 2 1 2 2 2 2 2 2 2 2 1
left_child=1 3 -3 4 5 6 -1 -8 9 -5 -11 -12 -2 16 19 -14 17 -10 -17 -15 21 -21
right_child=12 2 -4 8 -6 -7 7 -9 13 10 11 -13 15 14 -16 18 -18 -19 -20 20 -22 -23
leaf_value=-0.00027643367218745942 0.00021688659121753604 8.2220489857718349e-05 -0.00034763798222733905 0.00010657153488037612 0.00033003424067488453 -0.00032574333170555341 -5.4434307494375388e-05 0.00091194931830266591 -8.3578666211299918e-05 -0.00037389764759046518 2.636522177943754e-05 -0.00026485307281836869 5.1332405200810177e-05 2.6522664295043799e-05 0.00011526103938064938 1.6748564074212618e-05 -0.00010419682621432003 2.4848024762692293e-05 -6.1255549025234017e-05 -5.0490814960178137e-05 3.3113842679692125e-05 6.5884925599372465e-06
leaf_weight=27.200000047683716 21 20 23.600000023841858 22 41.600000023841858 34.200000047683716 30 21.399999976158142 24 21 26 25 36 25 21 27 20 26 21 22 24 24
leaf_count=26 21 20 23 22 41 34 30 21 24 21 26 25 36 25 21 27 20 26 21 22 24 24
internal_value=-2.34079e-12 -1.16494e-05 -0.000150455 2.28226e-06 8.38905e-05 -6.88592e-06 0.000131854 0.000347912 -4.27188e-05 -0.000121735 -0.000191496 -0.000116389 5.30327e-05 -2.78586e-06 2.52207e-05 1.20692e-05 -4.91968e-05 -2.71968e-05 -1.73782e-05 5.3171e-06 -2.25631e-06 -2.07103e-05
internal_weight=583 478 43.6 434.4 154.4 112.8 78.6 51.4 280 94 72 51 105 186 116 84 70 50 48 95 70 46
internal_count=580 475 43 432 152 111 77 51 280 94 72 51 105 186 116 84 70 50 48 95 70 46
cat_boundaries=0 1 2 3 4
cat_threshold=4 2 2 1
is_linear=0
shrinkage=0.05


Tree=262
num_leaves=20
num_cat=3
split_feature=13 13 15 6 13 7 11 4 13 11 13 11 12 13 15 6 6 12 14
split_gain=0.000151461 0.000288369 0.00140617 0.0050828 0.000739234 0.000863105 0.00141465 0.000363039 0.000330209 0.000552149 0.000214897 0.000640757 0.000440179 7.45925e-05 4.62925e-05 3.33518e-05 1.94701e-05 1.66813e-05 1.55797e-05
threshold=2.5000000000000004 5.5000000000000009 3.5000000000000004 0 6.5000000000000009 11.000000000000002 31.000000000000004 44.000000000000007 8.5000000000000018 37.500000000000007 13.500000000000002 37.500000000000007 1.7639000000000002 7.5000000000000009 3.5000000000000004 1 2 1.4907500000000002 2.5000000000000004
decision_type=2 2 2 1 2 2 2 2 2 2 2 2 2 2 2 1 1 2 2
left_child=-1 2 3 -2 -3 6 -6 -5 9 13 11 15 14 -7 16 18 -12 -17 -10
right_child=1 4 -4 7 5 8 -8 -9 10 -11 12 -13 -14 -15 -16 17 -18 -19 -20
leaf_value=9.7899715586430151e-05 -0.00080119065372854657 0.00023147730697278997 0.00020038332703763682 0.00024021780918701552 4.8507562275296335e-06 -3.3209929764173767e-05 -0.00050001815619648031 -3.340445109643042e-05 8.8071456918007008e-06 0.00034090239380930149 4.9301483696104872e-05 -0.00027449682203587144 0.00018486191180179447 8.7937795669185346e-05 -6.3373191099372252e-05 3.2561231549266269e-06 -1.127863191262198e-05 5.4719610183852754e-05 -4.3596422324913587e-05
leaf_weight=37 23.800000071525574 35 31 22 37 24 22.200000047683716 27 23 20 21 25 39 27 33 32 36 31 37
leaf_count=37 22 35 31 22 37 24 21 27 23 20 21 25 39 27 33 32 36 31 37
internal_value=-5.1583e-12 -6.63424e-06 -8.16337e-05 -0.000201723 1.09708e-05 -7.98236e-06 -0.000184475 8.94464e-05 2.20417e-05 0.000118244 -2.61668e-06 -4.37326e-05 4.4555e-05 3.09271e-05 -1.62446e-05 3.17074e-06 1.10404e-05 2.85794e-05 -2.35084e-05
internal_weight=583 546 103.8 72.8 442.2 407.2 59.2 49 348 71 277 148 129 51 90 123 57 63 60
internal_count=580 543 102 71 441 406 58 49 348 71 277 148 129 51 90 123 57 63 60
cat_boundaries=0 1 2 3
cat_threshold=2 1 1
is_linear=0
shrinkage=0.05


Tree=263
num_leaves=20
num_cat=2
split_feature=13 13 15 13 15 13 13 11 11 13 13 13 6 4 4 4 4 4 0
split_gain=0.000136693 0.000260253 0.00126907 0.00479298 0.00496335 0.000667158 0.000549151 0.00506612 0.000675379 0.00291339 0.000467987 0.00028397 0.000936124 0.000322894 0.000100144 3.188e-05 2.47712e-05 7.79027e-05 1.16557e-05
threshold=2.5000000000000004 5.5000000000000009 3.5000000000000004 4.5000000000000009 2.5000000000000004 6.5000000000000009 8.5000000000000018 37.500000000000007 37.500000000000007 13.500000000000002 7.5000000000000009 13.500000000000002 0 39.000000000000007 84.000000000000014 44.000000000000007 44.000000000000007 41.000000000000007 1
decision_type=2 2 2 2 2 2 2 2 2 2 2 2 1 2 2 2 2 2 1
left_child=-1 2 3 4 -2 -3 7 10 11 -10 -7 12 -8 -13 15 -15 17 -14 -18
right_child=1 5 -4 -5 -6 6 8 -9 9 -11 -12 13 16 14 -16 -17 18 -19 -20
leaf_value=9.3004729095244674e-05 -0.00040901163617359094 0.00021990344787939519 0.00019036417159499721 -0.00081625639087120998 0.00057584199791017464 -2.1986158416049358e-05 -0.00033313137369427406 -0.00076652365256860177 0.00044753515639267414 -0.0002530516369836889 0.0002645941721656809 0.00021532546617725694 -2.4708497820778152e-05 -5.3972267160133931e-05 9.5941969543080472e-05 9.5579924536883873e-06 -4.0884238807995795e-05 9.6042141967700453e-05 4.4420629028931925e-06
leaf_weight=37 26.200000047683716 35 31 21.600000023841858 25 28 26 22.200000047683716 37.399999976158142 24.600000023841858 29 22 34 40 23 39 37 22 23
leaf_count=37 25 35 31 21 25 28 26 22 37 24 29 22 34 40 23 39 37 22 23
internal_value=-6.2947e-13 -6.30252e-06 -7.75521e-05 -0.000191637 7.18739e-05 1.04223e-05 -7.58323e-06 -0.000125748 2.09491e-05 0.00016956 0.000123818 -1.36896e-05 -6.19657e-05 4.15943e-05 4.12291e-06 -2.26092e-05 -1.18717e-06 2.27293e-05 -2.35092e-05
internal_weight=583 546 103.8 72.8 51.2 442.2 407.2 79.2 328 62 57 266 142 124 102 79 116 56 60
internal_count=580 543 102 71 50 441 406 79 327 61 57 266 142 124 102 79 116 56 60
cat_boundaries=0 1 2
cat_threshold=2 1
is_linear=0
shrinkage=0.05


Tree=264
num_leaves=22
num_cat=4
split_feature=13 13 12 13 7 11 13 11 16 13 11 11 12 13 13 0 6 0 11 10 13
split_gain=0.000123366 0.000234878 0.00104886 0.000602111 0.000777174 0.00133591 0.000336971 0.000661519 0.000283457 0.000212315 0.00068534 0.000461194 7.89575e-05 6.61296e-05 5.16003e-05 5.02623e-05 3.02721e-05 3.35694e-05 1.50613e-05 7.76885e-06 2.29597e-06
threshold=2.5000000000000004 5.5000000000000009 1.8826500000000002 6.5000000000000009 11.000000000000002 31.000000000000004 8.5000000000000018 37.500000000000007 1.0000000180025095e-35 13.500000000000002 37.500000000000007 37.500000000000007 1.4724500000000003 14.500000000000002 7.5000000000000009 0 1 2 31.000000000000004 3 11.500000000000002
decision_type=2 2 2 2 2 2 2 2 2 2 2 2 2 2 2 1 1 1 2 1 2
left_child=-1 2 8 -3 5 -5 7 14 12 10 16 13 -2 -11 -6 19 18 -18 -8 -15 -19
right_child=1 3 -4 4 6 -7 9 -9 -10 11 -12 -13 -14 15 -16 -17 17 20 -20 -21 -22
leaf_value=8.8354501693518964e-05 1.0469731163399187e-05 0.00020890829793643206 -0.00033646756052192132 9.3003678311770034e-06 -3.0450125420126523e-05 -0.00048131572906383638 -1.6504618297157988e-06 0.0003621834694331483 0.00015253625741496325 6.4543664320221834e-05 -0.00028314874629722909 0.00026397063076728956 -0.0001167089390472266 -7.9447667784713553e-05 7.0311196543992044e-05 2.1568199008470403e-05 8.1740175555751197e-05 -8.493809201311142e-06 -5.3174716183844877e-05 -3.6390367749845613e-05 1.4619734260308676e-05
leaf_weight=37 26 35 27.800000071525574 37 24 22.200000047683716 37 20 27 31 25 20 23 22 27 36 20 21 23 20 22
leaf_count=37 26 35 26 37 24 21 37 20 27 31 25 20 23 22 27 36 20 21 23 20 22
internal_value=-5.12067e-12 -5.9874e-06 -7.36745e-05 9.90116e-06 -7.20407e-06 -0.000174681 2.12862e-05 0.000118469 2.24525e-05 -3.62336e-06 -4.44915e-05 4.32641e-05 -4.92264e-05 2.76746e-06 2.28941e-05 -2.17846e-05 4.01611e-06 2.82233e-05 -2.14014e-05 -5.89442e-05 3.33172e-06
internal_weight=583 546 103.8 442.2 407.2 59.2 348 71 76 277 148 129 49 109 51 78 123 63 60 42 43
internal_count=580 543 102 441 406 58 348 71 76 277 148 129 49 109 51 78 123 63 60 42 43
cat_boundaries=0 1 2 3 4
cat_threshold=1 1 1 1
is_linear=0
shrinkage=0.05


Tree=265
num_leaves=21
num_cat=1
split_feature=13 13 7 12 6 13 7 13 13 15 13 15 4 1 13 13 13 13 4 13
split_gain=0.000138374 0.000807364 0.00280628 0.000765126 0.0026028 0.00112956 0.000306388 0.000153055 0.000334773 0.000306334 0.000188154 0.000279815 0.000128776 1.94323e-05 6.49222e-05 7.33709e-05 3.25435e-05 3.33594e-05 9.83531e-06 1.69729e-06
threshold=8.5000000000000018 7.5000000000000009 11.000000000000002 1.8099500000000004 0 13.500000000000002 11.000000000000002 5.5000000000000009 6.5000000000000009 2.5000000000000004 3.5000000000000004 3.5000000000000004 42.500000000000007 42.000000000000007 14.500000000000002 12.500000000000002 13.500000000000002 15.500000000000002 81.500000000000014 11.500000000000002
decision_type=2 2 2 2 1 2 2 2 2 2 2 2 2 2 2 2 2 2 2 2
left_child=1 2 -1 6 -5 -6 -2 9 -9 -4 12 -12 -11 16 15 18 19 -18 -15 -8
right_child=3 -3 7 4 5 -7 13 8 -10 10 11 -13 -14 14 -16 -17 17 -19 -20 -21
leaf_value=0.00047014279157295291 -0.00016798194753186359 -0.00023328151275349687 0.0001056670129628401 0.00061899213469587269 -0.00026380760783257964 0.00019005160690445838 3.3119388289753045e-06 -0.00024469979898033976 -1.7081382455736668e-05 -0.00022045615524984895 0.00013779414734017338 -0.00012352601680461141 -5.6520183182368309e-05 -1.1861071895206504e-05 -4.2604384107865673e-05 0.0001181787992457182 -8.0420575094259614e-05 -1.7684746825789961e-06 3.2633118541486073e-05 2.0103516157245465e-05
leaf_weight=28.800000071525574 31 40.200000047683716 32 22 26 29 34 30 35 25 20 21 23 27 33 22 28 26 23 27
leaf_count=27 31 40 32 21 26 29 34 30 35 25 20 21 23 27 33 22 28 26 23 27
internal_value=-4.01783e-12 -2.76268e-05 1.08617e-05 2.14781e-05 0.000159355 -2.45e-05 -2.08187e-05 -6.02528e-05 -0.000122136 -2.70098e-05 -7.47138e-05 3.94723e-06 -0.000141904 -8.20632e-08 1.54695e-05 4.20868e-05 -1.42814e-05 -4.2551e-05 8.60626e-06 1.07443e-05
internal_weight=583 255 214.8 328 77 55 251 186 65 121 89 41 48 220 105 72 115 54 50 61
internal_count=580 253 213 327 76 55 251 186 65 121 89 41 48 220 105 72 115 54 50 61
cat_boundaries=0 1
cat_threshold=2
is_linear=0
shrinkage=0.05


Tree=266
num_leaves=23
num_cat=3
split_feature=1 14 12 12 11 15 14 10 6 15 12 8 3 3 10 4 12 12 11 14 3 12
split_gain=0.000101064 0.000184859 0.000220491 0.000168791 0.000128443 0.000241383 0.00788265 0.000109109 5.93565e-05 0.00013625 5.68152e-05 5.18559e-05 4.93306e-05 2.35883e-05 2.3555e-05 1.48909e-05 1.39306e-05 1.34507e-05 2.37784e-05 3.95472e-06 1.96997e-06 3.28386e-08
threshold=42.000000000000007 3.5000000000000004 1.5672500000000003 1.5192500000000002 37.500000000000007 3.5000000000000004 3.5000000000000004 0 1 2.5000000000000004 1.8513000000000004 65.000000000000014 1.5000000000000002 1.5000000000000002 2 41.000000000000007 1.2583500000000003 1.3077000000000003 31.000000000000004 4.5000000000000009 1.5000000000000002 1.4202000000000001
decision_type=2 2 2 2 2 2 2 1 1 2 2 2 2 2 1 2 2 2 2 2 2 2
left_child=1 3 13 15 8 6 -6 -5 10 -10 14 -4 -11 19 -2 -1 -17 -16 -19 -3 -20 -18
right_child=4 2 11 7 5 -7 -8 -9 9 12 -12 -13 -14 -15 17 16 21 18 20 -21 -22 -23
leaf_value=5.3985648705609934e-06 -5.4584285026066935e-05 -2.9357608374474306e-05 0.00015984124947863166 -0.00020454978556909528 0.00062175421695108077 -5.9251939722967104e-05 -0.00061681565364800958 -5.5047449321769505e-05 0.00010642009904807533 -7.1836542580664772e-05 -9.0641487452597616e-05 5.5902313391698044e-05 2.7571365409620254e-05 -7.7714663530059627e-05 -2.2718644592509186e-05 -1.0389240554958992e-05 -5.2163758127356969e-05 6.2963699024294327e-05 -1.026924021841426e-05 -4.270446610192906e-07 9.4796308380172491e-06 -5.492799821447327e-05
leaf_weight=33 20 21 24 26 32.600000023841858 23.200000047683716 21.200000047683716 23 37 24 23 24 26 20 31 33 21 20 28 27 23 22
leaf_count=33 20 21 24 26 31 23 20 23 37 24 23 24 26 20 31 33 21 20 28 27 23 22
internal_value=1.59094e-12 -2.21074e-05 2.58234e-05 -5.7297e-05 1.96033e-05 7.55591e-05 0.000133693 -0.000134375 1.03177e-06 3.36819e-05 -1.85583e-05 0.000107872 -2.01444e-05 -3.20931e-05 -4.96883e-06 -2.26472e-05 -3.4825e-05 4.75969e-06 1.67573e-05 -1.30842e-05 -1.36289e-06 -5.3578e-05
internal_weight=583 274 116 158 309 77 53.8 49 232 87 145 48 50 68 122 109 76 102 71 48 51 43
internal_count=580 274 116 158 306 74 51 49 232 87 145 48 50 68 122 109 76 102 71 48 51 43
cat_boundaries=0 1 2 3
cat_threshold=2 1 4
is_linear=0
shrinkage=0.05


Tree=267
num_leaves=21
num_cat=2
split_feature=13 13 7 12 13 7 13 13 16 13 11 11 13 11 12 6 13 0 13 11
split_gain=0.000130832 0.000732699 0.00245135 0.000718662 0.00212491 0.000181322 0.000131865 0.000305244 0.000274978 0.000168661 0.000174522 0.000126407 8.22031e-05 0.000145955 9.68209e-05 4.90256e-05 4.10145e-05 3.43371e-05 1.32093e-05 9.29406e-06
threshold=8.5000000000000018 7.5000000000000009 11.000000000000002 1.8826500000000002 13.500000000000002 11.000000000000002 5.5000000000000009 6.5000000000000009 1.0000000180025095e-35 3.5000000000000004 34.500000000000007 21.000000000000004 14.500000000000002 36.000000000000007 1.5672500000000003 0 12.500000000000002 1 12.500000000000002 23.000000000000004
decision_type=2 2 2 2 2 2 2 2 2 2 2 2 2 2 2 1 2 1 2 2
left_child=1 2 -1 5 -5 -2 8 -8 9 11 -11 -4 13 15 17 18 19 -14 -7 -17
right_child=3 -3 6 4 -6 12 7 -9 -10 10 -12 -13 14 -15 -16 16 -18 -19 -20 -21
leaf_value=0.00043905805626710581 -0.00011969986649894376 -0.00022277791861448237 -5.9979845089121514e-05 0.00045205330529767961 -0.00019224477504800583 -1.1989823160547531e-05 -0.00023113667477446141 -1.3788686862556331e-05 9.9896353083295261e-05 -9.7200515544197208e-05 0.00010917726103798486 -0.00022282609546354334 -5.3667407914674748e-05 0.00014070685634657781 -0.00013324565799848644 2.3953754238651267e-05 8.0819803729860321e-05 2.4542647040309224e-05 -6.0960377483016124e-05 -1.8942052227667655e-05
leaf_weight=28.800000071525574 34 40.200000047683716 26 31.399999976158142 21.600000023841858 40 30 35 32 21 20 22 23 23 20 28 27 36 21 23
leaf_count=27 34 40 26 31 21 40 30 35 32 21 20 22 23 23 20 28 27 36 21 23
internal_value=-7.83702e-12 -2.68633e-05 9.80231e-06 2.08845e-05 0.000189471 -1.16067e-05 -5.66631e-05 -0.000114103 -2.58069e-05 -7.10035e-05 3.47157e-06 -0.000134618 3.64291e-06 2.4035e-05 -3.81738e-05 4.72958e-06 3.09894e-05 -5.94602e-06 -2.88485e-05 4.60859e-06
internal_weight=583 255 214.8 328 53 275 186 65 121 89 41 48 241 162 79 139 78 59 61 51
internal_count=580 253 213 327 52 275 186 65 121 89 41 48 241 162 79 139 78 59 61 51
cat_boundaries=0 1 2
cat_threshold=4 1
is_linear=0
shrinkage=0.05


Tree=268
num_leaves=21
num_cat=4
split_feature=13 13 1 10 14 15 13 12 4 13 6 11 6 13 13 6 11 15 13 8
split_gain=0.000140211 0.000336592 0.000748272 0.000567944 0.00134263 0.00169335 0.00250818 0.00521705 0.000325327 0.000518101 0.000384288 0.000374203 0.000266806 9.65478e-05 8.3366e-05 6.76196e-05 5.87349e-05 3.52071e-05 6.63449e-05 2.18887e-05
threshold=14.500000000000002 13.500000000000002 42.000000000000007 0 4.5000000000000009 3.5000000000000004 4.5000000000000009 1.5672500000000003 41.000000000000007 4.5000000000000009 1 33.000000000000007 2 6.5000000000000009 8.5000000000000018 3 36.000000000000007 3.5000000000000004 3.5000000000000004 65.000000000000014
decision_type=2 2 2 1 2 2 2 2 2 2 1 2 1 2 2 1 2 2 2 2
left_child=1 3 -3 4 5 6 -1 -8 9 -5 -11 -12 -2 17 -15 -16 19 18 -10 -14
right_child=12 2 -4 8 -6 -7 7 -9 13 10 11 -13 16 14 15 -17 -18 -19 -20 -21
leaf_value=-0.00033315699772252166 0.00021172294308642104 8.1078441871795811e-05 -0.00033461386986732573 9.5890529205048969e-05 0.00032158118969220924 -0.00030443855744572952 -6.7755972476233077e-05 0.00093306339350489862 -8.6233634980696183e-05 -0.0003613687951223082 2.5576626716464004e-05 -0.00024535031639970838 2.6824157560310725e-06 8.6371856933079757e-05 -4.9317445491396948e-05 4.382160698241933e-05 -6.2325674225576232e-05 -0.00010477987423655577 2.9049672258014863e-05 6.1626405699320868e-05
leaf_weight=22.200000047683716 21 20 23.600000023841858 22 41.600000023841858 34.200000047683716 36 20.399999976158142 24 21 26 25 28 38 40 38 20 20 26 36
leaf_count=21 21 20 23 22 41 34 36 20 24 21 26 25 28 38 40 38 20 20 26 36
internal_value=2.76308e-12 -1.14923e-05 -0.000143929 1.80017e-06 7.879e-05 -1.07501e-05 0.000117038 0.000294243 -4.06542e-05 -0.000116467 -0.000181354 -0.000107231 5.23174e-05 -2.3401e-06 2.56436e-05 -3.94201e-06 1.2466e-05 -4.8713e-05 -2.62863e-05 3.58384e-05
internal_weight=583 478 43.6 434.4 154.4 112.8 78.6 56.4 280 94 72 51 105 186 116 78 84 70 50 64
internal_count=580 475 43 432 152 111 77 56 280 94 72 51 105 186 116 78 84 70 50 64
cat_boundaries=0 1 2 3 4
cat_threshold=4 2 2 1
is_linear=0
shrinkage=0.05


Tree=269
num_leaves=20
num_cat=3
split_feature=1 10 12 12 11 15 15 6 15 12 3 11 15 11 10 4 11 11 11
split_gain=8.79548e-05 0.000104438 0.00020721 0.000180871 7.86105e-05 0.000264316 0.000604589 5.73862e-05 0.000111427 4.85592e-05 3.75657e-05 2.77363e-05 5.62872e-05 5.70137e-05 2.66661e-05 1.70533e-05 1.351e-05 1.30533e-05 2.58431e-06
threshold=42.000000000000007 0 1.5672500000000003 1.7083500000000003 37.500000000000007 2.5000000000000004 3.5000000000000004 1 2.5000000000000004 1.8513000000000004 1.5000000000000002 27.000000000000004 3.5000000000000004 21.000000000000004 2 44.000000000000007 19.500000000000004 34.500000000000007 17.500000000000004
decision_type=2 1 2 2 2 2 2 1 2 2 2 2 2 2 1 2 2 2 2
left_child=1 2 15 11 7 -6 -7 9 -9 14 -10 12 13 18 -2 -1 -16 -18 -3
right_child=4 3 -4 -5 5 6 -8 8 10 -11 -12 -13 -14 -15 16 -17 17 -19 -20
leaf_value=-5.5804195796429437e-06 -5.5730298754497198e-05 7.836987670089002e-06 0.00013460952801064456 -0.00015676365840287571 -6.5451829317811277e-05 0.00028929804672397848 -5.8147659923108127e-05 0.00010164197676105589 -5.7923062801516301e-05 -8.2143712295320535e-05 2.882468551643587e-05 -6.5339428069169771e-05 4.2571177431714858e-05 -0.00010406410029169084 -1.8323165653889783e-05 -5.3088873607218078e-05 3.8606691305602684e-05 -5.9051452938417376e-06 -1.5216220625065505e-05
leaf_weight=51 20 20 28 30 26.600000023841858 27.200000047683716 23.200000047683716 37 24 23 26 28 35 21 34 30 40 28 31
leaf_count=51 20 20 28 30 25 26 23 37 24 23 26 28 35 21 34 30 40 28 31
internal_value=-6.83015e-12 -2.06238e-05 1.7356e-05 -4.57135e-05 1.82878e-05 6.20631e-05 0.000129363 3.75891e-06 3.58625e-05 -1.55033e-05 -1.28142e-05 -2.10357e-05 -9.44222e-06 -3.47265e-05 -2.93992e-06 -2.31761e-05 7.41114e-06 2.02783e-05 -6.17575e-06
internal_weight=583 274 109 165 309 77 50.4 232 87 145 50 135 107 72 122 81 102 68 51
internal_count=580 274 109 165 306 74 49 232 87 145 50 135 107 72 122 81 102 68 51
cat_boundaries=0 1 2 3
cat_threshold=4 1 4
is_linear=0
shrinkage=0.05


Tree=270
num_leaves=23
num_cat=4
split_feature=13 13 16 13 11 13 7 11 13 11 13 11 11 13 13 0 6 0 10 11 13 12
split_gain=0.000144384 0.000260942 0.00122587 0.00191148 0.00154327 0.000627039 0.000896058 0.00144619 0.000364833 0.000602259 0.000218451 0.000674452 0.000446637 7.00881e-05 6.30033e-05 4.43769e-05 3.01316e-05 2.73827e-05 1.35466e-05 7.70641e-06 1.70577e-06 1.85217e-07
threshold=2.5000000000000004 5.5000000000000009 1.0000000180025095e-35 4.5000000000000009 25.500000000000004 6.5000000000000009 11.000000000000002 31.000000000000004 8.5000000000000018 37.500000000000007 13.500000000000002 37.500000000000007 37.500000000000007 7.5000000000000009 14.500000000000002 0 1 2 3 31.000000000000004 11.500000000000002 1.3575000000000002
decision_type=2 2 2 2 2 2 2 2 2 2 2 2 2 2 2 1 1 1 1 2 2 2
left_child=-1 2 3 4 -2 -3 7 -7 9 13 11 16 14 -8 -12 19 18 -18 -10 -16 -19 -20
right_child=1 5 -4 -5 -6 6 8 -9 10 -11 12 -13 -14 -15 15 -17 17 20 21 -21 -22 -23
leaf_value=9.5585118302748213e-05 -4.3744452242125679e-05 0.00021335455647723784 -0.00031769582942573274 -0.00029680033760185002 0.00055550082227758446 4.4077895172695457e-06 -2.8837606775293051e-05 -0.00050605698285565164 -5.4804418077765149e-05 0.00035706857041077459 6.5492779568528697e-05 -0.0002807217023801059 0.00026224243018077689 8.8595307304920566e-05 -7.5104122377178152e-05 2.1965431166866744e-05 7.6638416285277348e-05 -4.3701715705018231e-06 -1.0037082120106789e-06 -3.2268860448831608e-05 1.5552291908317206e-05 -7.8084226333885458e-06
leaf_weight=37 22 35 35.200000047683716 25.600000023841858 21 37 24 22.200000047683716 20 20 31 25 20 27 21 36 20 21 20 21 22 20
leaf_count=37 22 35 34 25 21 37 24 21 20 20 31 25 20 27 21 36 20 21 20 21 22 20
internal_value=1.51438e-12 -6.47738e-06 -7.78212e-05 4.52631e-05 0.00024891 1.02695e-05 -7.18619e-06 -0.000187017 2.34056e-05 0.000124526 -2.51329e-06 -4.39678e-05 4.50469e-05 3.33328e-05 5.19449e-06 -1.87702e-05 4.15296e-06 2.83039e-05 -2.12055e-05 -5.36865e-05 5.82272e-06 -4.40607e-06
internal_weight=583 546 103.8 68.6 43 442.2 407.2 59.2 348 71 277 148 129 51 109 78 123 63 60 42 43 40
internal_count=580 543 102 68 43 441 406 58 348 71 277 148 129 51 109 78 123 63 60 42 43 40
cat_boundaries=0 1 2 3 4
cat_threshold=1 1 1 2
is_linear=0
shrinkage=0.05


Tree=271
num_leaves=21
num_cat=3
split_feature=13 13 15 12 13 7 11 13 11 13 11 12 6 13 4 4 6 12 14 10
split_gain=0.000130306 0.0002355 0.0013265 0.0048582 0.000565903 0.000808692 0.00130518 0.000329262 0.000543539 0.000197152 0.000608693 0.000411039 0.000139922 6.32545e-05 4.76279e-05 5.64727e-05 2.71938e-05 1.84982e-05 1.33958e-05 8.53112e-06
threshold=2.5000000000000004 5.5000000000000009 3.5000000000000004 1.8513000000000004 6.5000000000000009 11.000000000000002 31.000000000000004 8.5000000000000018 37.500000000000007 13.500000000000002 37.500000000000007 1.7639000000000002 0 7.5000000000000009 82.500000000000014 76.000000000000014 1 1.4907500000000002 2.5000000000000004 2
decision_type=2 2 2 2 2 2 2 2 2 2 2 2 1 2 2 2 1 2 2 1
left_child=-1 2 3 12 -3 6 -6 8 13 10 16 14 -2 -7 15 19 18 -18 -9 -11
right_child=1 4 -4 -5 5 7 -8 9 -10 11 -12 -13 -14 -15 -16 -17 17 -19 -20 -21
leaf_value=9.080587492585561e-05 -2.4336924980161712e-05 0.00020268683490160455 0.0001999808697409237 -0.00083638903595432469 4.1874024916339565e-06 -2.7395724600864924e-05 -0.00048075422388230393 9.8198279058282342e-06 0.0003392151473963168 -3.2247671260847713e-05 -0.00026668561261612922 0.00017837761031562249 0.00014080294472321463 8.4165542351978802e-05 4.9973618163113278e-05 -0.00010682665073545651 2.2196193611989658e-07 5.4415646885782713e-05 -3.877217468225108e-05 1.0200307236839857e-05
leaf_weight=37 23 35 31 20.800000071525574 37 24 22.200000047683716 23 20 20 25 39 29 27 21 20 32 31 37 29
leaf_count=37 23 35 31 19 37 24 21 23 20 20 25 39 29 27 21 20 32 31 37 29
internal_value=2.26913e-12 -6.15351e-06 -7.39301e-05 -0.000190568 9.75607e-06 -6.82688e-06 -0.000177666 2.22354e-05 0.0001183 -2.38762e-06 -4.17694e-05 4.27945e-05 6.77603e-05 3.16661e-05 -1.59581e-05 -3.60243e-05 3.94531e-06 2.68887e-05 -2.01452e-05 -7.1254e-06
internal_weight=583 546 103.8 72.8 442.2 407.2 59.2 348 71 277 148 129 52 51 90 69 123 63 60 49
internal_count=580 543 102 71 441 406 58 348 71 277 148 129 52 51 90 69 123 63 60 49
cat_boundaries=0 1 2 3
cat_threshold=1 1 2
is_linear=0
shrinkage=0.05


Tree=272
num_leaves=21
num_cat=1
split_feature=13 12 6 13 13 7 7 13 15 13 13 15 11 1 13 13 13 13 14 12
split_gain=0.000147299 0.000761848 0.00247337 0.00101445 0.000716452 0.00240931 0.000297351 0.00016427 0.00029974 0.000295906 0.000182152 0.000256219 0.000134672 1.75026e-05 5.90743e-05 7.33209e-05 3.29948e-05 3.1802e-05 4.55602e-06 1.62115e-06
threshold=8.5000000000000018 1.8099500000000004 0 13.500000000000002 7.5000000000000009 11.000000000000002 11.000000000000002 5.5000000000000009 2.5000000000000004 6.5000000000000009 3.5000000000000004 3.5000000000000004 21.000000000000004 42.000000000000007 14.500000000000002 12.500000000000002 13.500000000000002 15.500000000000002 2.5000000000000004 1.4202000000000001
decision_type=2 2 1 2 2 2 2 2 2 2 2 2 2 2 2 2 2 2 2 2
left_child=4 6 -3 -4 5 -1 -2 8 -7 -9 12 -12 -10 16 15 18 19 -18 -15 -8
right_child=1 2 3 -5 -6 7 13 9 10 -11 11 -13 -14 14 -16 -17 17 -19 -20 -21
leaf_value=0.00043331164274614247 -0.00016502300103668184 0.00060780441576339808 -0.00024627065509915926 0.00018384149561511708 -0.00022223413665597332 0.00010754069332392647 2.6478461922334437e-06 -0.00023747992200090571 -5.9958478485756277e-05 -2.3482393849657718e-05 0.00013458732144499663 -0.00011547184535413095 -0.00022804416333780286 -1.1422505285736407e-05 -4.0255082857391141e-05 0.00011659787639721551 -7.853349210823322e-05 -1.7393227818292173e-06 1.9386106491007619e-05 1.9130448133312581e-05
leaf_weight=28.800000071525574 31 22 26 29 40.200000047683716 32 26 30 26 35 20 21 22 20 33 22 28 26 30 35
leaf_count=27 31 21 26 29 40 32 26 30 26 35 20 21 22 20 33 22 28 26 30 35
internal_value=-3.3849e-12 2.216e-05 0.000159741 -1.94842e-05 -2.85038e-05 7.75299e-06 -2.00462e-05 -5.814e-05 -2.37004e-05 -0.00012225 -7.08883e-05 6.50824e-06 -0.000136998 3.82355e-07 1.51416e-05 4.05318e-05 -1.30935e-05 -4.15585e-05 7.06266e-06 1.21051e-05
internal_weight=583 328 77 55 255 214.8 251 186 121 65 89 41 48 220 105 72 115 54 50 61
internal_count=580 327 76 55 253 213 251 186 121 65 89 41 48 220 105 72 115 54 50 61
cat_boundaries=0 1
cat_threshold=2
is_linear=0
shrinkage=0.05


Tree=273
num_leaves=20
num_cat=5
split_feature=13 12 13 13 6 12 14 6 10 13 6 6 11 4 14 13 13 12 13
split_gain=0.000132938 0.000690898 0.00215528 0.000646598 0.00130655 0.000669406 0.000142584 0.00012841 0.000283349 0.000109148 0.000462549 0.000140335 0.000109086 9.537e-05 7.26828e-05 9.9308e-05 0.000175571 3.66801e-05 8.3387e-06
threshold=8.5000000000000018 1.8826500000000002 13.500000000000002 7.5000000000000009 0 1.8099500000000004 2.5000000000000004 1 2 13.500000000000002 3 4 38.500000000000007 44.000000000000007 4.5000000000000009 3.5000000000000004 5.5000000000000009 1.4202000000000001 13.500000000000002
decision_type=2 2 2 2 1 2 2 1 1 2 1 1 2 2 2 2 2 2 2
left_child=3 6 -3 4 5 -1 7 18 -9 11 -11 -8 14 -12 15 -6 -17 -13 -2
right_child=1 2 -4 -5 12 -7 9 8 -10 10 13 17 -14 -15 -16 16 -18 -19 -20
leaf_value=5.9100526102286363e-05 1.7989574970906014e-05 0.00045080164687051123 -0.00019808354710690356 -0.00021112236439023454 -7.9378494760581257e-05 0.00045928643979341733 -0.00013173239144221457 1.6065108992852798e-05 -0.00022078450844804009 0.00026066221658506303 -8.3559168888314172e-05 -2.3174118666033524e-05 -0.00013659215864549878 4.0716897525558846e-05 -0.00010195764909674895 0.00010673330598365283 -5.1288807606817089e-05 5.0270615413276517e-05 -2.3479456616438586e-05
leaf_weight=21 27 31.399999976158142 21.600000023841858 40.200000047683716 39 20.800000071525574 22 23 28 21 26 34 32 38 31 32 39 34 22
leaf_count=21 27 31 21 40 39 19 22 23 28 21 26 34 32 38 31 32 39 34 22
internal_value=3.66926e-12 2.1052e-05 0.00018635 -2.70786e-05 7.36533e-06 0.000258236 -1.08055e-05 -5.8433e-05 -0.00011397 1.64102e-05 5.70425e-05 -2.19648e-05 -5.32497e-05 -9.77025e-06 -3.43351e-05 -1.52778e-05 1.99324e-05 1.35482e-05 -6.29174e-07
internal_weight=583 328 53 255 214.8 41.8 275 100 51 175 85 90 173 64 141 110 71 68 49
internal_count=580 327 52 253 213 40 275 100 51 175 85 90 173 64 141 110 71 68 49
cat_boundaries=0 1 2 3 4 5
cat_threshold=2 4 1 2 2
is_linear=0
shrinkage=0.05


Tree=274
num_leaves=20
num_cat=3
split_feature=13 13 15 10 13 7 11 13 13 12 13 11 11 13 0 4 4 11 10
split_gain=0.000139874 0.000259613 0.00130281 0.00462887 0.000542803 0.00082437 0.00139978 0.000373609 0.000575704 0.000291472 0.000181645 0.00058156 0.000395704 5.04723e-05 5.01126e-05 1.50686e-05 7.81177e-05 1.64437e-05 8.25745e-06
threshold=2.5000000000000004 5.5000000000000009 3.5000000000000004 0 6.5000000000000009 11.000000000000002 31.000000000000004 8.5000000000000018 7.5000000000000009 1.4907500000000002 13.500000000000002 37.500000000000007 37.500000000000007 14.500000000000002 1 44.000000000000007 41.000000000000007 25.500000000000004 2
decision_type=2 2 2 1 2 2 2 2 2 2 2 2 2 2 1 2 2 2 1
left_child=-1 2 3 -2 -3 6 -6 8 -7 -5 11 15 13 -12 18 16 -9 -17 -15
right_child=1 4 -4 9 5 7 -8 10 -10 -11 12 -13 -14 14 -16 17 -18 -19 -20
leaf_value=9.4080442667709096e-05 -0.0006587052279037886 0.00019928082062896076 0.0001939166231163507 1.6576114302595324e-05 9.9287163942102102e-06 -1.8637100670905024e-05 -0.00049227865218995955 -2.139247329305991e-05 0.00026614546546220987 0.00028001137980027124 5.7028769885120367e-05 -0.00026044578454457226 0.00024500715313479303 -7.6632919953309204e-05 2.4897853301000499e-05 7.725160146252931e-06 9.6998091629013129e-05 -4.4487782972282735e-05 -3.2242296292679384e-05
leaf_weight=37 30.800000071525574 35 31 21 37 35 22.200000047683716 38 36 21 31 25 20 22 36 38 22 25 20
leaf_count=37 29 35 31 21 37 35 21 38 36 21 31 25 20 22 36 38 22 25 20
internal_value=-3.84099e-13 -6.37542e-06 -7.75373e-05 -0.000193129 1.03288e-05 -5.91217e-06 -0.000178399 2.34304e-05 0.00012576 0.000148294 -2.79838e-06 -4.05996e-05 4.05704e-05 3.05912e-06 -1.83904e-05 4.0846e-06 2.20174e-05 -1.29943e-05 -5.54945e-05
internal_weight=583 546 103.8 72.8 442.2 407.2 59.2 348 71 42 277 148 129 109 78 123 60 63 42
internal_count=580 543 102 71 441 406 58 348 71 42 277 148 129 109 78 123 60 63 42
cat_boundaries=0 1 2 3
cat_threshold=4 1 1
is_linear=0
shrinkage=0.05


Tree=275
num_leaves=22
num_cat=2
split_feature=13 12 6 13 13 7 7 13 13 16 13 11 12 6 13 8 13 11 4 8 4
split_gain=0.000139579 0.000686834 0.00235264 0.000967638 0.000642181 0.00217136 0.000269948 0.000148791 0.000299012 0.000277356 0.000141634 0.00015199 0.000127205 1.93375e-05 3.95166e-05 4.08212e-05 2.75065e-05 5.15045e-05 1.88402e-05 4.37942e-06 2.20347e-06
threshold=8.5000000000000018 1.8099500000000004 0 13.500000000000002 7.5000000000000009 11.000000000000002 11.000000000000002 5.5000000000000009 6.5000000000000009 1.0000000180025095e-35 3.5000000000000004 34.500000000000007 1.4907500000000002 1 13.500000000000002 65.000000000000014 13.500000000000002 23.000000000000004 79.500000000000014 75.000000000000014 41.000000000000007
decision_type=2 2 1 2 2 2 2 2 2 2 2 2 2 1 2 2 2 2 2 2 2
left_child=4 6 -3 -4 5 -1 -2 9 -9 10 12 -12 -7 16 18 -16 19 -18 20 -8 -15
right_child=1 2 3 -5 -6 7 13 8 -10 -11 11 -13 -14 14 15 -17 17 -19 -20 -21 -22
leaf_value=0.00041057664898892641 -0.00015663807964536378 0.00058919416042044767 -0.00024408411073426788 0.00017598628676061145 -0.00021116090752679157 -4.2023728810422854e-05 1.3823405042785454e-05 -0.00023282291777528978 -1.7705245294824374e-05 0.00010304710182253985 -9.4291196797885709e-05 9.8303687791485573e-05 -0.00020495690830284728 6.3066327212172016e-06 3.2654483480395621e-07 -8.4312816535861334e-05 -1.0055469992948929e-05 0.00010080864431901401 5.3389870455638246e-05 -1.5082441996128183e-05 -1.6624330055492464e-05
leaf_weight=28.800000071525574 31 22 26 29 40.200000047683716 23 20 30 35 32 21 20 25 22 28 29 20 22 21 38 20
leaf_count=27 31 21 26 29 40 23 20 30 35 32 21 20 25 22 28 29 20 22 21 38 20
internal_value=1.04147e-11 2.15715e-05 0.000152204 -2.25924e-05 -2.77468e-05 6.5793e-06 -1.8503e-05 -5.59751e-05 -0.00011699 -2.31984e-05 -6.859e-05 -3.42473e-07 -0.000126885 9.61519e-07 -1.25707e-05 -4.27356e-05 1.72002e-05 4.80162e-05 1.47214e-05 -5.11491e-06 -4.61287e-06
internal_weight=583 328 77 55 255 214.8 251 186 65 121 89 41 48 220 120 57 100 42 63 58 42
internal_count=580 327 76 55 253 213 251 186 65 121 89 41 48 220 120 57 100 42 63 58 42
cat_boundaries=0 1 2
cat_threshold=2 1
is_linear=0
shrinkage=0.05


Tree=276
num_leaves=22
num_cat=3
split_feature=1 14 12 12 14 11 16 10 6 12 11 8 3 10 11 14 4 12 12 14 12
split_gain=8.52624e-05 0.000142678 0.000167526 0.00016241 9.45175e-05 0.000201074 0.000539651 7.29722e-05 7.1633e-05 5.02495e-05 5.08483e-05 4.035e-05 2.18532e-05 2.00582e-05 3.25786e-05 7.29133e-05 1.3737e-05 1.30753e-05 8.94095e-06 9.12945e-07 7.59092e-08
threshold=42.000000000000007 3.5000000000000004 1.5672500000000003 1.5192500000000002 4.5000000000000009 37.500000000000007 1.0000000180025095e-35 0 1 1.7639000000000002 36.000000000000007 65.000000000000014 1.5000000000000002 2 17.500000000000004 2.5000000000000004 41.000000000000007 1.2583500000000003 1.6002500000000002 4.5000000000000009 1.4202000000000001
decision_type=2 2 2 2 2 2 2 1 1 2 2 2 2 1 2 2 2 2 2 2 2
left_child=1 3 12 16 5 9 -7 -5 -6 13 -11 -4 19 -2 -15 -16 -1 -18 -10 -3 -19
right_child=4 2 11 7 8 6 -8 -9 18 10 -12 -13 -14 14 15 -17 17 20 -20 -21 -22
leaf_value=9.7047471089436758e-06 6.2280951491489907e-05 -1.8202679027689599e-05 0.00013916389577843803 -0.00018421705250288003 -0.0001147055063837954 0.00022667305834494697 -7.3593700369592899e-05 -6.1953746278405834e-05 -2.2455615544458853e-05 -7.6744614418731234e-05 1.7110840848612567e-05 4.7478271517320537e-05 -7.2591857542647634e-05 4.7387617883586932e-05 -8.5553096184975443e-05 3.0006743616421515e-05 -5.2551902464956308e-06 -4.4946880405491572e-05 2.4256462747871413e-05 -4.3024643538821557e-06 -4.9149600586547014e-05
leaf_weight=33 26 21 24 26 20.200000047683716 38.200000047683716 24.600000023841858 23 21 31 27 24 20 41 21 39 33 21 20 27 22
leaf_count=33 26 21 24 26 19 38 23 23 21 31 27 24 20 41 21 39 33 21 20 27 22
internal_value=4.84495e-12 -2.03057e-05 2.1803e-05 -5.1221e-05 1.80057e-05 3.17484e-05 0.000109053 -0.000126828 -3.76387e-05 5.50678e-06 -3.30533e-05 9.33211e-05 -2.86803e-05 2.31169e-05 1.30351e-05 -1.04392e-05 -1.72325e-05 -2.89289e-05 3.30764e-07 -1.03838e-05 -4.70971e-05
internal_weight=583 274 116 158 309 247.8 62.8 49 61.2 185 58 48 68 127 101 60 109 76 41 48 43
internal_count=580 274 116 158 306 246 61 49 60 185 58 48 68 127 101 60 109 76 41 48 43
cat_boundaries=0 1 2 3
cat_threshold=2 2 2
is_linear=0
shrinkage=0.05


Tree=277
num_leaves=21
num_cat=2
split_feature=13 13 15 6 13 7 12 13 13 4 13 12 13 1 8 0 14 14 12 12
split_gain=0.000135628 0.000260107 0.00122155 0.00475027 0.000526585 0.000815215 0.00144037 0.00036922 0.000552799 0.000320391 0.000150064 0.000484247 0.000341726 5.97253e-05 1.68481e-05 1.0139e-05 7.30554e-06 3.03811e-06 2.45868e-06 3.81315e-07
threshold=2.5000000000000004 5.5000000000000009 3.5000000000000004 0 6.5000000000000009 11.000000000000002 1.8099500000000004 8.5000000000000018 7.5000000000000009 44.000000000000007 13.500000000000002 1.8513000000000004 14.500000000000002 42.000000000000007 110.00000000000001 1 3.5000000000000004 3.5000000000000004 1.4724500000000003 1.4202000000000001
decision_type=2 2 2 1 2 2 2 2 2 2 2 2 2 2 2 1 2 2 2 2
left_child=-1 2 3 -2 -3 6 -6 8 -7 -5 11 14 -12 18 15 19 -15 -17 -14 -9
right_child=1 4 -4 9 5 7 -8 10 -10 -11 12 -13 13 16 -16 17 -18 -19 -20 -21
leaf_value=9.2641404822840041e-05 -0.00076896275682036982 0.00019655000434015948 0.00018534493001718676 0.00023368664902095177 1.3958079059218132e-05 -1.6143904587287191e-05 -0.00049547853706083638 -1.782439710950712e-05 0.00026291617072678896 -2.3361770473894905e-05 0.00016290350322378799 -0.00023272185174461743 3.8859930579995063e-05 -7.1900722091063822e-05 4.2491304748182307e-05 1.9399947404274303e-05 -3.2751882959432395e-05 -4.2725983803393324e-06 1.4941402557832634e-05 -2.7363564347317811e-05
leaf_weight=37 23.800000071525574 35 31 22 37 35 22.200000047683716 20 36 27 38 26 22 26 24 33 22 23 21 22
leaf_count=37 22 35 31 22 37 35 21 20 36 27 38 26 22 26 24 33 22 23 21 22
internal_value=-5.49655e-12 -6.2779e-06 -7.75075e-05 -0.000189436 1.04422e-05 -5.55428e-06 -0.000177081 2.36249e-05 0.000125351 9.20477e-05 -2.44936e-06 -3.68077e-05 3.69695e-05 -1.56184e-05 4.94454e-06 -4.25059e-06 -5.39575e-05 9.67729e-06 2.71788e-05 -2.28211e-05
internal_weight=583 546 103.8 72.8 442.2 407.2 59.2 348 71 49 277 148 129 91 122 98 48 56 43 42
internal_count=580 543 102 71 441 406 58 348 71 49 277 148 129 91 122 98 48 56 43 42
cat_boundaries=0 1 2
cat_threshold=2 1
is_linear=0
shrinkage=0.05


Tree=278
num_leaves=20
num_cat=4
split_feature=13 12 13 13 6 12 14 6 11 13 6 6 4 14 13 13 12 4 12
split_gain=0.000148027 0.00070242 0.00219111 0.000644621 0.0013589 0.000610061 0.000124521 0.000114658 0.000112999 8.73751e-05 0.000435032 0.000120178 9.21665e-05 6.22689e-05 8.26724e-05 0.000141012 4.49831e-05 8.70186e-05 3.73559e-05
threshold=8.5000000000000018 1.8826500000000002 13.500000000000002 7.5000000000000009 0 1.8099500000000004 2.5000000000000004 1 38.500000000000007 13.500000000000002 2 3 44.000000000000007 4.5000000000000009 3.5000000000000004 5.5000000000000009 1.3423500000000002 41.000000000000007 1.4372000000000003
decision_type=2 2 2 2 1 2 2 1 2 2 1 1 2 2 2 2 2 2 2
left_child=3 6 -3 4 5 -1 7 -2 13 11 -11 -8 -12 14 -6 -16 -9 -18 -13
right_child=1 2 -4 -5 8 -7 9 16 -10 10 12 18 -14 -15 15 -17 17 -19 -20
leaf_value=7.1561569850365193e-05 1.5446260093429718e-05 0.00045552627094996016 -0.00019873098808899034 -0.00021233635078555859 -7.7596227455591695e-05 0.00045359681334291755 -0.00012038788342827255 -0.00015739653414584612 -0.0001408244986578211 0.00024935064800610279 -8.5453563895918292e-05 -1.7901507728824167e-05 3.6717418118458131e-05 -9.9340597620128752e-05 9.0806067237281251e-05 -5.0812341988859819e-05 -0.000136124908451827 6.1699817056900687e-06 5.7031476265772903e-05
leaf_weight=21 37 31.399999976158142 21.600000023841858 40.200000047683716 39 20.800000071525574 22 20 32 21 26 39 38 31 32 39 22 21 29
leaf_count=21 37 31 21 40 39 19 22 20 32 21 26 39 38 31 32 39 22 21 29
internal_value=-9.61366e-12 2.22146e-05 0.000188886 -2.85741e-05 5.81715e-06 0.000261665 -9.90743e-06 -5.4416e-05 -5.60005e-05 1.5526e-05 5.18804e-05 -1.88087e-05 -1.29145e-05 -3.67496e-05 -1.91104e-05 1.30157e-05 -9.54462e-05 -6.66321e-05 1.40552e-05
internal_weight=583 328 53 255 214.8 41.8 275 100 173 175 85 90 64 141 110 71 63 43 68
internal_count=580 327 52 253 213 40 275 100 173 175 85 90 64 141 110 71 63 43 68
cat_boundaries=0 1 2 3 4
cat_threshold=2 1 2 2
is_linear=0
shrinkage=0.05


Tree=279
num_leaves=21
num_cat=1
split_feature=13 12 6 13 13 7 7 13 13 15 13 15 4 1 13 13 13 13 4 12
split_gain=0.000133594 0.000641391 0.00220178 0.000924204 0.000581771 0.00200689 0.000244838 0.000128975 0.000301846 0.000263744 0.000117241 0.000256832 0.000122671 1.4984e-05 5.4655e-05 5.41186e-05 2.93828e-05 3.11048e-05 1.1107e-05 1.35936e-06
threshold=8.5000000000000018 1.8099500000000004 0 13.500000000000002 7.5000000000000009 11.000000000000002 11.000000000000002 5.5000000000000009 6.5000000000000009 2.5000000000000004 3.5000000000000004 3.5000000000000004 42.500000000000007 42.000000000000007 14.500000000000002 12.500000000000002 13.500000000000002 15.500000000000002 81.500000000000014 1.4372000000000003
decision_type=2 2 1 2 2 2 2 2 2 2 2 2 2 2 2 2 2 2 2 2
left_child=4 6 -3 -4 5 -1 -2 9 -9 -7 12 -12 -11 16 15 18 19 -18 -15 -8
right_child=1 2 3 -5 -6 7 13 8 -10 10 11 -13 -14 14 -16 -17 17 -19 -20 -21
leaf_value=0.00039392214545730386 -0.00014917570384099119 0.00057008850619075181 -0.00023822212108195974 0.00017231237895963395 -0.00020171952010611846 9.9012461180336697e-05 5.1201236772158161e-06 -0.00022779963653495844 -1.1664896706601473e-05 -0.00019806617370340973 0.00012196532952657435 -0.0001283926868511896 -3.8063122559359056e-05 -1.1511649676389494e-05 -3.8713296728956544e-05 0.00010434381659830581 -7.4982897045369363e-05 9.6484235165497443e-07 3.5771704251206044e-05 2.0066249516244642e-05
leaf_weight=28.800000071525574 31 22 26 29 40.200000047683716 32 32 30 35 25 20 21 23 27 33 22 28 26 23 29
leaf_count=27 31 21 26 29 40 32 32 30 35 25 20 21 23 27 33 22 28 26 23 29
internal_value=-1.11901e-12 2.11039e-05 0.000147341 -2.17585e-05 -2.71454e-05 5.5263e-06 -1.76221e-05 -5.46124e-05 -0.000111419 -2.40963e-05 -6.83601e-05 -6.26683e-06 -0.000121398 9.14954e-07 1.4571e-05 3.8993e-05 -1.15537e-05 -3.84155e-05 1.02387e-05 1.22257e-05
internal_weight=583 328 77 55 255 214.8 251 186 65 121 89 41 48 220 105 72 115 54 50 61
internal_count=580 327 76 55 253 213 251 186 65 121 89 41 48 220 105 72 115 54 50 61
cat_boundaries=0 1
cat_threshold=2
is_linear=0
shrinkage=0.05


Tree=280
num_leaves=21
num_cat=3
split_feature=13 13 15 12 13 7 11 13 13 6 13 11 11 14 14 6 0 14 14 13
split_gain=0.000144304 0.000279092 0.00120183 0.00475354 0.000506225 0.000832572 0.00151735 0.000408727 0.000562727 0.00015601 0.000140334 0.000518441 0.000345397 3.23873e-05 4.42715e-05 2.46401e-05 3.37182e-05 2.23718e-05 1.79976e-05 1.57516e-06
threshold=2.5000000000000004 5.5000000000000009 3.5000000000000004 1.8513000000000004 6.5000000000000009 11.000000000000002 31.000000000000004 8.5000000000000018 7.5000000000000009 0 13.500000000000002 37.500000000000007 37.500000000000007 4.5000000000000009 3.5000000000000004 1 2 2.5000000000000004 2.5000000000000004 11.500000000000002
decision_type=2 2 2 2 2 2 2 2 2 1 2 2 2 2 2 1 1 2 2 2
left_child=-1 2 3 9 -3 6 -6 8 -7 -2 11 15 13 14 17 18 -17 -12 -9 -18
right_child=1 4 -4 -5 5 7 -8 10 -10 -11 12 -13 -14 -15 -16 16 19 -19 -20 -21
leaf_value=9.5558764017344381e-05 -3.2997686835385498e-05 0.00019331856488861377 0.00018046284329161169 -0.00083010664402526557 1.7894626551030861e-05 -1.1081653210567311e-05 -0.0005049793236018477 1.7979123411192712e-05 0.00027047315420026689 0.00014137734567690321 -1.584927943584166e-05 -0.00024358496756758544 0.00022633339191088453 5.0246797880390656e-05 -7.3695394878640127e-05 8.1652956678226476e-05 -6.7240064665730608e-06 4.6629039887035186e-05 -3.8344118862320056e-05 1.2420532886959666e-05
leaf_weight=37 23 35 31 20.800000071525574 37 35 22.200000047683716 23 36 29 38 25 20 25 23 20 21 23 37 22
leaf_count=37 23 35 31 19 37 35 21 23 36 29 38 25 20 25 23 20 21 23 37 22
internal_value=-8.59042e-12 -6.4756e-06 -8.02589e-05 -0.000191281 1.08439e-05 -4.84026e-06 -0.000178183 2.46479e-05 0.000131679 6.42499e-05 -2.78589e-06 -3.60117e-05 3.53336e-05 2.87809e-07 -1.45809e-05 6.178e-06 2.80176e-05 7.70812e-06 -1.67535e-05 3.07087e-06
internal_weight=583 546 103.8 72.8 442.2 407.2 59.2 348 71 52 277 148 129 109 84 123 63 61 60 43
internal_count=580 543 102 71 441 406 58 348 71 52 277 148 129 109 84 123 63 61 60 43
cat_boundaries=0 1 2 3
cat_threshold=1 1 1
is_linear=0
shrinkage=0.05


Tree=281
num_leaves=21
num_cat=6
split_feature=13 12 13 13 6 12 14 6 10 11 13 6 11 4 11 10 11 10 14 13
split_gain=0.000140226 0.00063974 0.0021541 0.000581917 0.00116663 0.000608845 0.000115232 0.000113332 0.000246688 9.22047e-05 7.44249e-05 0.000397116 0.000120645 8.30443e-05 6.94232e-05 3.30553e-05 2.42617e-05 3.50762e-05 3.73865e-05 9.77653e-06
threshold=8.5000000000000018 1.8826500000000002 13.500000000000002 7.5000000000000009 0 1.8099500000000004 2.5000000000000004 1 2 38.500000000000007 13.500000000000002 3 29.000000000000004 44.000000000000007 36.000000000000007 4 31.000000000000004 5 2.5000000000000004 13.500000000000002
decision_type=2 2 2 2 1 2 2 1 1 2 2 1 2 2 2 1 2 1 2 2
left_child=3 6 -3 4 5 -1 7 19 -9 14 12 -12 15 -13 16 -8 17 -6 -19 -2
right_child=1 2 -4 -5 9 -7 10 8 -10 -11 11 13 -14 -15 -16 -17 -18 18 -20 -21
leaf_value=5.2008481690704475e-05 2.261412812879792e-05 0.00044506088294111258 -0.00020364624582210161 -0.00020240706421777198 -7.9102011780681413e-05 0.0004336628689777523 -8.8417850780994446e-05 1.7306514307521233e-05 -0.00020369025936426105 -0.00012903550156124767 0.00023765330044538829 -8.1777884098790731e-05 8.5520398236192051e-05 3.4189647536358708e-05 4.4444419504345761e-05 -1.8208852021703742e-05 -9.9239145527549446e-05 3.1737025650121117e-05 -4.8391286986156341e-05 -2.2288020806048406e-05
leaf_weight=21 27 31.399999976158142 21.600000023841858 40.200000047683716 36 20.800000071525574 30 23 28 32 21 26 22 38 23 38 21 24 37 22
leaf_count=21 27 31 21 40 36 19 30 23 28 32 21 26 22 38 23 38 21 24 37 22
internal_value=3.60803e-12 2.16213e-05 0.000180682 -2.7811e-05 4.86484e-06 0.000241923 -9.03402e-06 -5.18503e-05 -0.000104025 -5.24127e-05 1.54324e-05 4.89847e-05 -1.62558e-05 -1.29222e-05 -3.50231e-05 -4.91834e-05 -5.05126e-05 -3.99635e-05 -1.68654e-05 2.45398e-06
internal_weight=583 328 53 255 214.8 41.8 275 100 51 173 175 85 90 64 141 68 118 97 61 49
internal_count=580 327 52 253 213 40 275 100 51 173 175 85 90 64 141 68 118 97 61 49
cat_boundaries=0 1 2 3 4 5 6
cat_threshold=2 4 1 2 4 4
is_linear=0
shrinkage=0.05


Tree=282
num_leaves=21
num_cat=2
split_feature=13 13 16 13 11 13 7 11 13 13 13 11 11 14 14 6 0 14 11 13
split_gain=0.000137323 0.000261567 0.00110766 0.00193293 0.00145641 0.000451229 0.00078722 0.00142238 0.000406204 0.000540725 0.000140256 0.000534052 0.00032921 2.85584e-05 4.07729e-05 2.24154e-05 3.04479e-05 2.02047e-05 1.92227e-05 1.45241e-06
threshold=2.5000000000000004 5.5000000000000009 1.0000000180025095e-35 4.5000000000000009 25.500000000000004 6.5000000000000009 11.000000000000002 31.000000000000004 8.5000000000000018 7.5000000000000009 13.500000000000002 37.500000000000007 37.500000000000007 4.5000000000000009 3.5000000000000004 0 1 2.5000000000000004 19.500000000000004 11.500000000000002
decision_type=2 2 2 2 2 2 2 2 2 2 2 2 2 2 2 1 1 2 2 2
left_child=-1 2 3 4 -2 -3 7 -7 9 -8 11 15 13 14 18 17 -17 -10 -12 -18
right_child=1 5 -4 -5 -6 6 8 -9 10 -11 12 -13 -14 -15 -16 16 19 -19 -20 -21
leaf_value=9.3218695658563511e-05 -4.0259862395363274e-05 0.0001827276005185143 -0.00030576217188109552 -0.00030472441557136538 0.00054187768484033382 1.6928588652140085e-05 -8.9257650220783299e-06 -0.00048931638672222136 2.1499547192891186e-05 0.00026706985113883599 -2.6561212962405989e-05 -0.00024692479020450262 0.00022154641439556144 4.7774208855116741e-05 -6.9831595971228805e-05 7.8368888998738847e-05 -5.7107150323212234e-06 -3.8177496380002772e-05 3.0894882316666505e-05 1.2672762792672901e-05
leaf_weight=37 22 35 35.200000047683716 25.600000023841858 21 37 35 22.200000047683716 23 36 24 25 20 25 23 20 21 37 37 22
leaf_count=37 22 35 34 25 21 37 35 21 23 36 24 25 20 25 23 20 21 37 37 22
internal_value=-2.75927e-13 -6.31702e-06 -7.77462e-05 3.92532e-05 0.00024404 1.04499e-05 -4.35781e-06 -0.000172913 2.4316e-05 0.000131016 -3.03302e-06 -3.62496e-05 3.5076e-05 8.61193e-07 -1.3101e-05 6.57053e-06 2.74008e-05 -1.53013e-05 8.28921e-06 3.69479e-06
internal_weight=583 546 103.8 68.6 43 442.2 407.2 59.2 348 71 277 148 129 109 84 123 63 60 61 43
internal_count=580 543 102 68 43 441 406 58 348 71 277 148 129 109 84 123 63 60 61 43
cat_boundaries=0 1 2
cat_threshold=1 1
is_linear=0
shrinkage=0.05


Tree=283
num_leaves=21
num_cat=1
split_feature=13 12 13 13 7 13 13 15 13 15 11 7 13 11 12 6 13 8 11 11
split_gain=0.00014624 0.000633003 0.00206162 0.00058159 0.00185886 0.000137414 0.000326633 0.000287952 0.000130955 0.000267103 0.000139081 0.00012268 7.77377e-05 0.000139645 5.33163e-05 1.53037e-05 2.33435e-05 1.45686e-05 1.18017e-05 4.02031e-06
threshold=8.5000000000000018 1.8826500000000002 13.500000000000002 7.5000000000000009 11.000000000000002 5.5000000000000009 6.5000000000000009 2.5000000000000004 3.5000000000000004 3.5000000000000004 21.000000000000004 11.000000000000002 15.500000000000002 36.000000000000007 1.4372000000000003 0 13.500000000000002 65.000000000000014 25.500000000000004 16.500000000000004
decision_type=2 2 2 2 2 2 2 2 2 2 2 2 2 2 2 1 2 2 2 2
left_child=3 11 -3 4 -1 7 -7 -6 10 -10 -9 -2 13 15 -14 17 18 -13 19 -17
right_child=1 2 -4 -5 5 6 -8 8 9 -11 -12 12 14 -15 -16 16 -18 -19 -20 -21
leaf_value=0.00037806295896378335 -9.7325199492522254e-05 0.00043894296914602862 -0.00019568705861738726 -0.00020294824321149727 0.00010652039029537264 -0.0002333134043268122 -8.4794773647445245e-06 -4.6128383536807426e-05 0.00012803087512111233 -0.00012728442902915134 -0.00021694380378572866 4.8793568203109321e-06 -1.4157427627920968e-07 0.000126773944514123 -0.0001004573714453727 -1.0904235723717735e-06 5.358165352455606e-05 -4.0383330454574209e-05 -3.1903863574760701e-05 3.0232845901991826e-05
leaf_weight=28.800000071525574 34 31.399999976158142 21.600000023841858 40.200000047683716 32 30 35 26 20 21 22 40 27 26 26 21 28 32 21 20
leaf_count=27 34 31 21 40 32 30 35 26 20 21 22 40 27 26 26 21 28 32 21 20
internal_value=-5.84173e-12 2.20802e-05 0.000180301 -2.84012e-05 4.26548e-06 -5.36128e-05 -0.000112249 -2.21141e-05 -6.83647e-05 -2.74038e-06 -0.000124419 -8.41337e-06 4.1302e-06 1.92079e-05 -4.93531e-05 1.94426e-06 1.56896e-05 -1.52374e-05 -1.42295e-06 1.41892e-05
internal_weight=583 328 53 255 214.8 186 65 121 89 41 48 275 241 188 53 162 90 72 62 41
internal_count=580 327 52 253 213 186 65 121 89 41 48 275 241 188 53 162 90 72 62 41
cat_boundaries=0 1
cat_threshold=4
is_linear=0
shrinkage=0.05


Tree=284
num_leaves=21
num_cat=2
split_feature=13 13 16 13 11 13 7 11 13 13 13 12 11 6 8 8 8 11 6 13
split_gain=0.000133985 0.000259826 0.00105285 0.00177662 0.00132822 0.000441543 0.000724399 0.00134391 0.000404607 0.000524871 0.000144167 0.000553138 0.000315167 2.64975e-05 1.93044e-05 1.76619e-05 1.71979e-05 1.46377e-05 2.1758e-06 1.88915e-06
threshold=2.5000000000000004 5.5000000000000009 1.0000000180025095e-35 4.5000000000000009 25.500000000000004 6.5000000000000009 11.000000000000002 31.000000000000004 8.5000000000000018 7.5000000000000009 13.500000000000002 1.8513000000000004 37.500000000000007 0 95.000000000000014 110.00000000000001 65.000000000000014 23.000000000000004 1 11.500000000000002
decision_type=2 2 2 2 2 2 2 2 2 2 2 2 2 1 2 2 2 2 1 2
left_child=-1 2 3 4 -2 -3 7 -7 9 -8 11 15 13 14 -12 17 -15 18 19 -10
right_child=1 5 -4 -5 -6 6 8 -9 10 -11 12 -13 -14 16 -16 -17 -18 -19 -20 -21
leaf_value=9.2078621349394999e-05 -3.852962915764445e-05 0.00018088991751678157 -0.00029973422666685148 -0.00029313930029372873 0.00051739733244176027 1.8664216072097222e-05 -8.0555030061597279e-06 -0.0004734187796276029 -9.8857202309383363e-06 0.00026386376921436753 2.7749294531531634e-06 -0.00024702919315761676 0.00021712076661060562 6.2589484774174965e-06 6.5781784269347557e-05 4.5423768207146037e-05 -4.8226754297502343e-05 -3.7328440837724058e-05 1.7874993230207385e-05 1.1322726454853269e-05
leaf_weight=37 22 35 35.200000047683716 25.600000023841858 21 37 35 22.200000047683716 21 36 31 26 20 28 20 24 30 23 33 21
leaf_count=37 22 35 34 25 21 37 35 21 21 36 31 26 20 28 20 24 30 23 33 21
internal_value=7.68793e-13 -6.23976e-06 -7.74308e-05 3.66374e-05 0.00023297 1.04713e-05 -4.17666e-06 -0.000165867 2.33293e-05 0.000129819 -3.96595e-06 -3.76425e-05 3.46707e-05 1.19364e-06 2.74835e-05 6.98089e-06 -2.19233e-05 -2.4337e-06 8.26736e-06 7.18503e-07
internal_weight=583 546 103.8 68.6 43 442.2 407.2 59.2 348 71 277 148 129 109 51 122 58 98 75 42
internal_count=580 543 102 68 43 441 406 58 348 71 277 148 129 109 51 122 58 98 75 42
cat_boundaries=0 1 2
cat_threshold=1 4
is_linear=0
shrinkage=0.05


Tree=285
num_leaves=22
num_cat=2
split_feature=13 12 6 14 13 7 7 13 13 15 13 15 11 6 13 4 13 11 4 13 4
split_gain=0.000151838 0.000642369 0.00237053 0.000920953 0.00058079 0.00173365 0.000216375 0.000136326 0.00032144 0.000306498 0.000132182 0.000233077 0.000142283 1.62218e-05 4.04306e-05 5.2422e-05 2.0605e-05 4.30322e-05 2.02599e-05 2.85308e-06 1.42677e-06
threshold=8.5000000000000018 1.8099500000000004 0 3.5000000000000004 7.5000000000000009 11.000000000000002 11.000000000000002 5.5000000000000009 6.5000000000000009 2.5000000000000004 3.5000000000000004 3.5000000000000004 21.000000000000004 1 13.500000000000002 79.500000000000014 13.500000000000002 23.000000000000004 79.500000000000014 11.500000000000002 41.000000000000007
decision_type=2 2 1 2 2 2 2 2 2 2 2 2 2 1 2 2 2 2 2 2 2
left_child=4 6 -3 -4 5 -1 -2 9 -9 -7 12 -12 -11 16 18 -16 19 -18 20 -8 -15
right_child=1 2 3 -5 -6 7 13 8 -10 10 11 -13 -14 14 15 -17 17 -19 -20 -21 -22
leaf_value=0.00036469351057220417 -0.00013992752510896554 0.00058748055228286173 -0.00025915967095594777 0.00015339694500360039 -0.0002033665625389235 0.000111895631380321 4.7739843945524437e-06 -0.00023069223204705242 -7.6527284025879856e-06 -4.5663028689747226e-05 0.00011955580819630996 -0.00011894355577948904 -0.00021843361206596126 5.1184787480451636e-06 -5.113896936058559e-06 -0.00010451779692500299 -1.0366916758357549e-05 9.0969385432386354e-05 5.6480213951155229e-05 -1.8557045214038228e-05 -1.3333605347725096e-05
leaf_weight=28.800000071525574 31 22 24 31 40.200000047683716 32 38 30 35 26 20 21 22 22 36 21 20 22 21 20 20
leaf_count=27 31 21 24 31 40 32 38 30 35 26 20 21 22 22 36 21 20 22 21 20 20
internal_value=6.75998e-12 2.24988e-05 0.000148832 -2.66278e-05 -2.89396e-05 3.70458e-06 -1.62568e-05 -5.21905e-05 -0.000110594 -2.08167e-05 -6.85334e-05 -2.6024e-06 -0.00012485 1.16956e-06 -1.12246e-05 -4.17364e-05 1.60426e-05 4.2714e-05 1.63813e-05 -3.2712e-06 -3.66823e-06
internal_weight=583 328 77 55 255 214.8 251 186 65 121 89 41 48 220 120 57 100 42 63 58 42
internal_count=580 327 76 55 253 213 251 186 65 121 89 41 48 220 120 57 100 42 63 58 42
cat_boundaries=0 1 2
cat_threshold=2 1
is_linear=0
shrinkage=0.05


Tree=286
num_leaves=22
num_cat=2
split_feature=13 12 6 13 7 13 7 13 13 15 13 15 11 6 13 8 13 11 4 8 4
split_gain=0.000137033 0.000579738 0.0021394 0.000862539 0.000547616 0.00116258 0.000195278 0.000123034 0.000290099 0.000276614 0.000119294 0.000210352 0.000128411 1.46402e-05 3.64886e-05 4.92173e-05 1.8596e-05 3.88366e-05 1.82845e-05 5.43605e-06 1.28766e-06
threshold=8.5000000000000018 1.8099500000000004 0 13.500000000000002 11.000000000000002 7.5000000000000009 11.000000000000002 5.5000000000000009 6.5000000000000009 2.5000000000000004 3.5000000000000004 3.5000000000000004 21.000000000000004 1 13.500000000000002 95.000000000000014 13.500000000000002 23.000000000000004 79.500000000000014 75.000000000000014 41.000000000000007
decision_type=2 2 1 2 2 2 2 2 2 2 2 2 2 1 2 2 2 2 2 2 2
left_child=4 6 -3 -4 -1 7 -2 9 -9 -6 12 -12 -11 16 18 -16 19 -18 20 -8 -15
right_child=1 2 3 -5 5 -7 13 8 -10 10 11 -13 -14 14 15 -17 17 -19 -20 -21 -22
leaf_value=-0.0002175379709497303 -0.0001329311522039784 0.00055810647847300227 -0.00023441380248046841 0.00016218822325001761 0.00010630084948829444 0.00026083891239573454 1.7991968998103404e-05 -0.00021915761860630785 -7.2700907289150314e-06 -4.3379877059543595e-05 0.00011357801762642341 -0.00011299637822265227 -0.00020751193086735757 4.8625556618472649e-06 -1.4361625396893087e-06 -9.6138949194700331e-05 -9.8485706257633881e-06 8.6420915944141933e-05 5.3656203826470854e-05 -1.4212694737867233e-05 -1.2666925595112846e-05
leaf_weight=33.00000011920929 31 22 26 29 32 36 20 30 35 26 20 21 22 22 34 23 20 22 21 38 20
leaf_count=31 31 21 26 29 32 36 20 30 35 26 20 21 22 22 34 23 20 22 21 38 20
internal_value=8.79473e-12 2.13738e-05 0.00014139 -2.52964e-05 -2.74926e-05 7.57403e-07 -1.54439e-05 -4.9581e-05 -0.000105064 -1.97758e-05 -6.51068e-05 -2.47228e-06 -0.000118607 1.11108e-06 -1.06634e-05 -3.96496e-05 1.52405e-05 4.05783e-05 1.55622e-05 -3.10764e-06 -3.48482e-06
internal_weight=583 328 77 55 255 222 251 186 65 121 89 41 48 220 120 57 100 42 63 58 42
internal_count=580 327 76 55 253 222 251 186 65 121 89 41 48 220 120 57 100 42 63 58 42
cat_boundaries=0 1 2
cat_threshold=2 1
is_linear=0
shrinkage=0.05


Tree=287
num_leaves=21
num_cat=1
split_feature=13 13 15 12 13 7 11 13 11 6 13 11 11 13 4 4 11 4 4 11
split_gain=0.000142847 0.000243112 0.00120849 0.00462215 0.000494516 0.000736225 0.00155176 0.000358861 0.000507313 0.000135919 0.000120909 0.000491327 0.000286064 4.55366e-05 2.62209e-05 9.18475e-05 6.5152e-05 2.06981e-05 9.48258e-05 1.36057e-05
threshold=2.5000000000000004 5.5000000000000009 3.5000000000000004 1.8513000000000004 6.5000000000000009 11.000000000000002 31.000000000000004 8.5000000000000018 37.500000000000007 0 13.500000000000002 37.500000000000007 37.500000000000007 7.5000000000000009 41.000000000000007 44.000000000000007 24.500000000000004 41.000000000000007 44.000000000000007 25.500000000000004
decision_type=2 2 2 2 2 2 2 2 2 1 2 2 2 2 2 2 2 2 2 2
left_child=-1 2 3 9 -3 6 -6 8 13 -2 11 17 14 -7 -12 -16 -17 -9 -19 -20
right_child=1 4 -4 -5 5 7 -8 10 -10 -11 12 -13 -14 -15 15 16 -18 18 19 -21
leaf_value=9.5075158674877173e-05 -2.543085094025035e-05 0.00019007360532538901 0.00018613752454594274 -0.00081657109945696121 2.9503717539498486e-05 -1.1569844537007158e-05 -0.00049926535966586343 -2.4201388475232405e-05 0.00033566555834113393 0.00013732938870565829 4.0463856842914792e-05 -0.00023666936060180886 0.00020544883584079797 8.3086118226034442e-05 -9.6868805121630438e-05 -2.4983810219441005e-05 8.4640527632512635e-05 0.00010955692414427176 7.8277097881446512e-06 -3.9666288535954667e-05
leaf_weight=37 23 35 31 20.800000071525574 37 24 22.200000047683716 38 20 29 29 25 20 27 24 33 23 22 38 25
leaf_count=37 23 35 31 19 37 24 21 38 20 29 29 25 20 27 24 33 23 22 38 25
internal_value=-7.417e-12 -6.44283e-06 -7.53061e-05 -0.000186635 9.72182e-06 -5.77993e-06 -0.000168785 2.19496e-05 0.000122239 6.53393e-05 -3.7563e-06 -3.45969e-05 3.16267e-05 3.85421e-05 -2.67276e-07 -1.50323e-05 2.00405e-05 6.47476e-06 2.01888e-05 -1.10191e-05
internal_weight=583 546 103.8 72.8 442.2 407.2 59.2 348 71 52 277 148 129 51 109 80 56 123 85 63
internal_count=580 543 102 71 441 406 58 348 71 52 277 148 129 51 109 80 56 123 85 63
cat_boundaries=0 1
cat_threshold=1
is_linear=0
shrinkage=0.05


Tree=288
num_leaves=22
num_cat=2
split_feature=13 13 7 12 13 13 13 15 13 15 14 7 10 4 7 13 1 0 12 13 12
split_gain=0.000143161 0.000624666 0.00176707 0.000581518 0.00209543 0.000125996 0.000273986 0.000255332 0.000121208 0.000230598 0.000105906 0.000103315 0.000221447 0.000102819 8.46039e-05 9.48135e-05 0.000116862 8.21191e-05 4.02181e-05 8.21707e-06 7.62677e-10
threshold=8.5000000000000018 7.5000000000000009 11.000000000000002 1.8826500000000002 13.500000000000002 5.5000000000000009 6.5000000000000009 2.5000000000000004 3.5000000000000004 3.5000000000000004 2.5000000000000004 13.000000000000002 0 42.500000000000007 11.000000000000002 14.500000000000002 42.000000000000007 1 1.5672500000000003 13.500000000000002 1.4372000000000003
decision_type=2 2 2 2 2 2 2 2 2 2 2 2 1 2 2 2 2 1 2 2 2
left_child=1 2 -1 10 -5 7 -7 -4 13 -10 11 12 -2 -9 -12 16 20 -17 -18 -13 -16
right_child=3 -3 5 4 -6 6 -8 8 9 -11 14 19 -14 -15 15 17 18 -19 -20 -21 -22
leaf_value=0.00037020575381492701 1.6713507588776892e-05 -0.00020899608400527306 0.00010061418886380125 0.00043425074578639012 -0.00020556242881274221 -0.00021770341675922587 -1.1784649312695755e-05 -0.00018818601046223196 0.00012057421296049142 -0.00011665343772619963 9.9299657533545257e-05 2.1903446202873898e-05 -0.00019267220341134816 -4.1701096300960715e-05 -3.2934493598683431e-05 -0.00011123991553176894 4.4788597744107912e-05 1.6267126604519866e-05 0.00013231343473307788 -1.926204495248385e-05 -3.2508360233069178e-05
leaf_weight=28.800000071525574 23 40.200000047683716 32 31.399999976158142 21.600000023841858 30 35 25 20 21 26 27 28 23 21 28 35 23 21 22 21
leaf_count=27 23 40 32 31 21 30 35 25 20 21 26 27 28 23 21 28 35 23 21 22 21
internal_value=1.7586e-12 -2.81006e-05 5.7542e-06 2.18465e-05 0.000173497 -5.0677e-05 -0.000106824 -2.05154e-05 -6.40676e-05 -9.32633e-07 -7.38066e-06 -4.84278e-05 -9.82434e-05 -0.000117995 1.60749e-05 1.55241e-06 3.03253e-05 -5.37367e-05 7.76104e-05 3.42098e-06 -3.27214e-05
internal_weight=583 255 214.8 328 53 186 65 121 89 41 275 100 51 48 175 149 98 51 56 49 42
internal_count=580 253 213 327 52 186 65 121 89 41 275 100 51 48 175 149 98 51 56 49 42
cat_boundaries=0 1 2
cat_threshold=1 1
is_linear=0
shrinkage=0.05


Tree=289
num_leaves=21
num_cat=2
split_feature=13 13 15 6 13 7 11 13 13 4 13 11 11 14 14 14 6 11 8 14
split_gain=0.000139245 0.00024252 0.0011606 0.00457974 0.000478848 0.000709443 0.00143492 0.00035655 0.000487762 0.000348188 0.000129214 0.000500999 0.00027443 2.42067e-05 3.88701e-05 1.98496e-05 3.27951e-05 2.15425e-05 1.68512e-05 1.24086e-05
threshold=2.5000000000000004 5.5000000000000009 3.5000000000000004 0 6.5000000000000009 11.000000000000002 31.000000000000004 8.5000000000000018 7.5000000000000009 44.000000000000007 13.500000000000002 37.500000000000007 37.500000000000007 4.5000000000000009 3.5000000000000004 1.5000000000000002 1 25.500000000000004 75.000000000000014 2.5000000000000004
decision_type=2 2 2 1 2 2 2 2 2 2 2 2 2 2 2 2 1 2 2 2
left_child=-1 2 3 -2 -3 6 -6 8 -7 -5 11 15 13 14 19 -9 17 -17 -18 -12
right_child=1 4 -4 9 5 7 -8 10 -10 -11 12 -13 -14 -15 -16 16 18 -19 -20 -21
leaf_value=9.3868802756529683e-05 -0.00075326996989555513 0.00018725574701550484 0.00018107075754209467 0.00023979956961490894 2.5194319956377466e-05 -1.1195419065188618e-05 -0.00048327769902728522 4.271659775960351e-05 0.00025093522098258188 -2.8167737440930471e-05 -8.0472173546073276e-06 -0.0002398067536414601 0.00020295618931413632 4.4657630554866048e-05 -6.6778934263350931e-05 -5.9459088203896372e-06 -1.2648671044088487e-06 -7.3888930546672793e-05 5.9288295433361787e-05 3.8483607868724707e-05
leaf_weight=37 23.800000071525574 35 31 22 37 35 22.200000047683716 28 36 27 38 25 20 25 23 28 27 20 20 23
leaf_count=37 22 35 31 22 37 35 21 28 36 27 38 25 20 25 23 28 27 20 20 23
internal_value=6.72106e-12 -6.36107e-06 -7.51404e-05 -0.000184241 9.78387e-06 -5.47034e-06 -0.000165483 2.17502e-05 0.000121716 9.21441e-05 -3.87284e-06 -3.57551e-05 3.27053e-05 1.46655e-06 -1.13879e-05 5.71882e-06 -5.18578e-06 -3.42555e-05 2.45024e-05 9.49719e-06
internal_weight=583 546 103.8 72.8 442.2 407.2 59.2 348 71 49 277 148 129 109 84 123 95 48 47 61
internal_count=580 543 102 71 441 406 58 348 71 49 277 148 129 109 84 123 95 48 47 61
cat_boundaries=0 1 2
cat_threshold=2 1
is_linear=0
shrinkage=0.05


Tree=290
num_leaves=22
num_cat=3
split_feature=13 13 7 12 13 13 13 15 13 15 11 14 6 7 13 1 1 6 8 10 12
split_gain=0.000148793 0.000617635 0.00178268 0.000579768 0.00200161 0.000115848 0.000272993 0.00024885 0.000110521 0.000225455 0.000114982 9.78817e-05 0.000105809 7.69913e-05 8.76492e-05 0.000109248 7.49005e-05 4.72624e-05 4.39093e-05 1.95953e-05 1.6682e-10
threshold=8.5000000000000018 7.5000000000000009 11.000000000000002 1.8826500000000002 13.500000000000002 5.5000000000000009 6.5000000000000009 2.5000000000000004 3.5000000000000004 3.5000000000000004 21.000000000000004 2.5000000000000004 0 11.000000000000002 14.500000000000002 42.000000000000007 42.000000000000007 1 95.000000000000014 2 1.4372000000000003
decision_type=2 2 2 2 2 2 2 2 2 2 2 2 1 2 2 2 2 1 2 1 2
left_child=1 2 -1 11 -5 7 -7 -4 10 -10 -9 12 -2 -13 15 20 -16 -17 19 -14 -15
right_child=3 -3 5 4 -6 6 -8 8 9 -11 -12 13 18 14 16 17 -18 -19 -20 -21 -22
leaf_value=0.00037107374847341229 2.0739497149652628e-05 -0.00020852254578174591 9.6839389578917695e-05 0.00042854332446573616 -0.00019678158374961984 -0.00021618103302898815 -1.0635647798023586e-05 -4.6048758821808201e-05 0.00011469297285657376 -0.00011987430156988836 -0.0002013617361874574 9.5030626821076465e-05 -8.9130616106558602e-05 -3.160876183842664e-05 1.5481699127754522e-05 3.9587548942238629e-05 -0.00010629227971159189 0.00013446831310700094 -0.00014083589970971883 -1.9139055730192922e-05 -3.1409465468424882e-05
leaf_weight=28.800000071525574 37 40.200000047683716 32 31.399999976158142 21.600000023841858 30 35 26 20 21 22 26 20 21 23 35 28 21 23 20 21
leaf_count=27 37 40 32 31 21 30 35 26 20 21 22 26 20 21 23 35 28 21 23 20 21
internal_value=1.06784e-12 -2.8648e-05 5.01573e-06 2.2272e-05 0.000173694 -5.16642e-05 -0.000105503 -2.27427e-05 -6.57385e-05 -5.45124e-06 -0.000117234 -6.91109e-06 -4.63726e-05 1.56383e-05 1.78464e-06 2.94491e-05 -5.13746e-05 7.51678e-05 -8.57876e-05 -5.41348e-05 -3.15091e-05
internal_weight=583 255 214.8 328 53 186 65 121 89 41 48 275 100 175 149 98 51 56 63 40 42
internal_count=580 253 213 327 52 186 65 121 89 41 48 275 100 175 149 98 51 56 63 40 42
cat_boundaries=0 1 2 3
cat_threshold=1 1 2
is_linear=0
shrinkage=0.05


Tree=291
num_leaves=21
num_cat=2
split_feature=13 13 11 13 13 6 13 11 13 7 11 13 13 15 13 15 11 10 11 8
split_gain=0.000143513 0.000415999 0.000792291 0.000615441 0.00036117 0.000274255 0.0002687 0.00206455 0.000557415 0.00160887 0.000117134 0.000104553 0.000246376 0.000224587 9.9745e-05 0.000203473 0.000103771 3.66088e-05 4.74844e-05 1.60016e-05
threshold=14.500000000000002 13.500000000000002 31.000000000000004 12.500000000000002 11.500000000000002 0 8.5000000000000018 36.000000000000007 7.5000000000000009 11.000000000000002 36.000000000000007 5.5000000000000009 6.5000000000000009 2.5000000000000004 3.5000000000000004 3.5000000000000004 21.000000000000004 1 25.500000000000004 65.000000000000014
decision_type=2 2 2 2 2 1 2 2 2 2 2 2 2 2 2 2 2 1 2 2
left_child=1 3 -3 4 6 -2 8 17 9 -1 19 13 -13 -11 16 -16 -15 -8 -19 -7
right_child=5 2 -4 -5 -6 10 7 -9 -10 11 -12 12 -14 14 15 -17 -18 18 -20 -21
leaf_value=0.00035252003356279078 0.0002145454140623943 5.2336055986498574e-05 -0.0003739659100657326 0.00020419330497264 -0.00016327109828174851 1.7183585571599129e-05 -0.00010077676277198349 0.00045105683742694503 -0.0001980963500489969 9.1997413142053128e-05 -9.3093927425798035e-05 -0.00020537198351424499 -1.0103864593215154e-05 -4.3746320660340224e-05 0.00010895832179812714 -0.00011388058677160491 -0.00019129365067452786 9.8447314234488607e-06 -8.8879083549337737e-05 6.7581305787219522e-05
leaf_weight=28.800000071525574 21 22 21.600000023841858 35 37 28 31 26.399999976158142 40.200000047683716 32 20 30 35 26 20 21 22 29 21 36
leaf_count=27 21 22 21 35 37 28 31 26 40 32 20 30 35 26 20 21 22 29 21 36
internal_value=1.52258e-13 -1.16269e-05 -0.000158859 3.15062e-06 -1.4467e-05 5.29299e-05 7.25422e-07 6.70657e-05 -2.72155e-05 4.76494e-06 1.25261e-05 -4.9081e-05 -0.000100228 -2.16056e-05 -6.24516e-05 -5.17868e-06 -0.000111372 -5.8087e-05 -3.16193e-05 4.55323e-05
internal_weight=583 478 43.6 434.4 399.4 105 362.4 107.4 255 214.8 84 186 65 121 89 41 48 81 50 64
internal_count=580 475 43 432 397 105 360 107 253 213 84 186 65 121 89 41 48 81 50 64
cat_boundaries=0 1 2
cat_threshold=2 4
is_linear=0
shrinkage=0.05


Tree=292
num_leaves=21
num_cat=2
split_feature=13 13 15 6 13 7 13 13 13 4 13 4 8 13 1 3 8 10 14 4
split_gain=0.00014461 0.000262297 0.00118348 0.00437178 0.000495236 0.000731195 0.000956768 0.00038606 0.00051106 0.000305264 0.000146355 0.000380138 0.000841728 0.000276755 6.40783e-05 3.29538e-05 1.81754e-05 1.1145e-05 4.46634e-06 1.48706e-08
threshold=2.5000000000000004 5.5000000000000009 3.5000000000000004 0 6.5000000000000009 11.000000000000002 12.500000000000002 8.5000000000000018 7.5000000000000009 44.000000000000007 13.500000000000002 42.500000000000007 65.000000000000014 14.500000000000002 42.000000000000007 1.5000000000000002 110.00000000000001 1 3.5000000000000004 41.000000000000007
decision_type=2 2 2 1 2 2 2 2 2 2 2 2 2 2 2 2 2 1 2 2
left_child=-1 2 3 -2 -3 6 -6 8 -7 -5 11 12 18 -12 19 -13 -17 -16 -9 -15
right_child=1 4 -4 9 5 7 -8 10 -10 -11 13 15 -14 14 17 16 -18 -19 -20 -21
leaf_value=9.5660023765270353e-05 -0.00074414157404411425 0.00019079097771152321 0.00018071313201465774 0.00022010953596856618 -0.00034310588993488264 -9.5986714482673328e-06 6.263102028321176e-05 2.5857210712274536e-05 0.00025871940431695999 -3.0797184579703888e-05 0.00014802778605371714 8.3635016325506913e-05 -0.00036388650672355049 3.2697086844564182e-05 -7.2703337614906814e-05 -9.2261940608295848e-06 4.6947232840466318e-05 -2.383392791671213e-05 -7.1579192124426344e-06 3.0832901456565399e-05
leaf_weight=37 23.800000071525574 35 31 22 33.600000023841858 35 25.600000023841858 20 36 27 38 23 24 20 28 36 24 20 21 23
leaf_count=37 22 35 31 22 33 35 25 20 36 27 38 23 24 20 28 36 24 20 21 23
internal_value=-3.34313e-13 -6.48246e-06 -7.80113e-05 -0.000188182 1.03079e-05 -5.20513e-06 -0.000167652 2.24295e-05 0.00012645 8.18548e-05 -4.23274e-06 -3.81639e-05 -0.000128715 3.4696e-05 -1.26294e-05 3.27493e-05 1.32432e-05 -5.23411e-05 8.94702e-06 3.17e-05
internal_weight=583 546 103.8 72.8 442.2 407.2 59.2 348 71 49 277 148 65 129 91 83 60 48 41 43
internal_count=580 543 102 71 441 406 58 348 71 49 277 148 65 129 91 83 60 48 41 43
cat_boundaries=0 1 2
cat_threshold=2 1
is_linear=0
shrinkage=0.05


Tree=293
num_leaves=23
num_cat=1
split_feature=10 15 11 12 15 1 11 15 11 1 12 15 15 15 11 14 12 3 11 14 12 4
split_gain=0.000118841 0.000545646 0.000978773 0.000468243 0.000241968 0.000122229 0.000220967 0.000135551 0.000177445 0.000110872 0.000101767 7.97388e-05 7.46361e-05 5.73338e-05 6.0646e-05 4.8497e-05 3.48375e-05 6.20052e-05 1.47935e-05 1.14087e-05 8.68861e-06 3.40323e-06
threshold=0 2.5000000000000004 37.500000000000007 1.6441500000000002 3.5000000000000004 42.000000000000007 29.000000000000004 3.5000000000000004 36.000000000000007 42.000000000000007 1.8099500000000004 3.5000000000000004 2.5000000000000004 3.5000000000000004 21.000000000000004 2.5000000000000004 1.7639000000000002 1.5000000000000002 25.500000000000004 2.5000000000000004 1.4372000000000003 42.500000000000007
decision_type=1 2 2 2 2 2 2 2 2 2 2 2 2 2 2 2 2 2 2 2 2 2
left_child=1 3 4 9 15 6 13 8 16 -1 20 -8 -10 14 19 -3 17 -7 -19 -2 -9 -6
right_child=5 2 -4 -5 21 7 11 10 12 -11 -12 -13 -14 -15 -16 -17 -18 18 -20 -21 -22 -23
leaf_value=-8.1013284597290862e-05 2.1996188408356039e-05 -0.00012075387106354658 0.0003099926629880697 -0.00028492917654637161 8.3614909082193071e-05 8.954702963819728e-05 -8.5187214199322636e-05 2.2004198383555102e-05 0.00017863067999617974 7.6302583875076382e-05 -0.00011959460700444621 -0.00021245444702799434 5.1131785783747378e-05 4.0446508425798369e-05 -0.00010048175381598412 -2.5143740069526959e-05 -5.8704030345238392e-05 -4.0645431195466351e-05 1.1294395028079604e-05 -2.5529683352942814e-05 -2.1947542601000435e-05 0.00011181632541592991
leaf_weight=21 23 21 36.400000095367432 20.600000023841858 23 20 32 23 24 24 29 20 22 38 24 36 21 26 29 28 22 20
leaf_count=21 23 21 35 19 23 20 32 23 24 24 29 20 22 38 24 36 21 26 29 28 22 20
internal_value=-1.70589e-13 3.10032e-05 8.79926e-05 -8.74933e-05 7.18463e-06 -1.64374e-05 -4.884e-05 8.31461e-06 3.69081e-05 2.88851e-06 -4.6554e-05 -0.000134136 0.000117653 -9.58862e-06 -3.49397e-05 -6.03685e-05 -1.78216e-06 1.4156e-05 -1.3259e-05 -4.09645e-06 5.16681e-07 9.67318e-05
internal_weight=583 202 136.4 65.6 100 381 165 216 142 45 74 52 46 113 75 57 96 75 55 51 45 43
internal_count=580 199 135 64 100 381 165 216 142 45 74 52 46 113 75 57 96 75 55 51 45 43
cat_boundaries=0 1
cat_threshold=4
is_linear=0
shrinkage=0.05


Tree=294
num_leaves=22
num_cat=2
split_feature=13 13 7 12 6 13 7 13 13 15 13 15 4 6 13 15 4 13 11 8 4
split_gain=0.000137949 0.000560646 0.00166142 0.000557529 0.00210315 0.000898691 0.000185225 9.46298e-05 0.000241772 0.000221933 9.374e-05 0.000198404 0.000106179 1.54842e-05 3.92877e-05 4.56638e-05 1.76017e-05 1.70662e-05 3.45483e-05 5.81837e-06 1.42028e-06
threshold=8.5000000000000018 7.5000000000000009 11.000000000000002 1.8099500000000004 0 13.500000000000002 11.000000000000002 5.5000000000000009 6.5000000000000009 2.5000000000000004 3.5000000000000004 3.5000000000000004 42.500000000000007 1 13.500000000000002 3.5000000000000004 79.500000000000014 13.500000000000002 23.000000000000004 75.000000000000014 41.000000000000007
decision_type=2 2 2 2 1 2 2 2 2 2 2 2 2 1 2 2 2 2 2 2 2
left_child=1 2 -1 6 -5 -6 -2 9 -9 -4 12 -12 -11 17 16 -16 20 19 -19 -8 -15
right_child=3 -3 7 4 5 -7 13 8 -10 10 11 -13 -14 14 15 -17 -18 18 -20 -21 -22
leaf_value=0.00035787783207472026 -0.00012908365029180724 -0.00019895968442759627 8.8839465956880306e-05 0.00055231082329886374 -0.00023958302358201202 0.00016524530646134296 2.024543370680476e-05 -0.00020304591297948114 -9.6108802868652023e-06 -0.00018344794586300852 0.0001035339547888725 -0.00011651146422601806 -3.4588657051600704e-05 6.6452231046489707e-06 -6.5434248729919394e-06 -9.9318792871643042e-05 5.3942418309729662e-05 -7.2945373176480649e-06 8.3504610533550886e-05 -1.3072479460836469e-05 -1.1764820046664683e-05
leaf_weight=28.800000071525574 31 40.200000047683716 32 22 26 29 20 30 35 25 20 21 23 22 36 21 21 20 22 38 20
leaf_count=27 31 40 32 21 26 29 20 30 35 25 20 21 23 22 36 21 21 20 22 38 20
internal_value=7.34007e-12 -2.75843e-05 4.48877e-06 2.14451e-05 0.00013914 -2.61281e-05 -1.46605e-05 -5.02295e-05 -9.88886e-05 -2.40904e-05 -6.46944e-05 -9.17224e-06 -0.00011212 1.46271e-06 -1.06464e-05 -4.07238e-05 1.65665e-05 1.59937e-05 4.02669e-05 -1.58354e-06 -2.12146e-06
internal_weight=583 255 214.8 328 77 55 251 186 65 121 89 41 48 220 120 57 63 100 42 58 42
internal_count=580 253 213 327 76 55 251 186 65 121 89 41 48 220 120 57 63 100 42 58 42
cat_boundaries=0 1 2
cat_threshold=2 1
is_linear=0
shrinkage=0.05


Tree=295
num_leaves=20
num_cat=0
split_feature=13 13 15 13 15 13 7 11 13 13 13 11 11 14 14 14 15 4 1
split_gain=0.00013534 0.000257285 0.00112937 0.0043984 0.0043356 0.000486809 0.000730937 0.00152481 0.000375763 0.000498463 0.000119604 0.000482679 0.000283681 2.30977e-05 3.58982e-05 2.10229e-05 1.64908e-05 1.28346e-05 1.22578e-05
threshold=2.5000000000000004 5.5000000000000009 3.5000000000000004 4.5000000000000009 2.5000000000000004 6.5000000000000009 11.000000000000002 31.000000000000004 8.5000000000000018 7.5000000000000009 13.500000000000002 37.500000000000007 37.500000000000007 4.5000000000000009 3.5000000000000004 1.5000000000000002 3.5000000000000004 44.000000000000007 42.000000000000007
decision_type=2 2 2 2 2 2 2 2 2 2 2 2 2 2 2 2 2 2 2
left_child=-1 2 3 4 -2 -3 7 -7 9 -8 11 15 13 14 18 -10 17 -17 -12
right_child=1 5 -4 -5 -6 6 8 -9 10 -11 12 -13 -14 -15 -16 16 -18 -19 -20
leaf_value=9.2543006895858855e-05 -0.00038175198631260884 0.00018929896496826717 0.00017562686898600079 -0.00078309265822637086 0.00053871619101846597 2.9117893663587402e-05 -9.1303372028050944e-06 -0.00049503880912278673 4.4413266170652477e-05 0.00025586013256947304 -1.7903782605167687e-05 -0.00023465698712971063 0.00020459105675399772 4.1923888318706305e-05 -6.6054174543672201e-05 2.6480565520614621e-05 -4.3989940353466889e-05 -1.5180878929438932e-05 2.722150908512584e-05
leaf_weight=37 26.200000047683716 35 31 21.600000023841858 25 37 35 22.200000047683716 28 36 27 25 20 25 23 38 21 36 34
leaf_count=37 25 35 31 21 25 37 35 21 28 36 27 25 20 25 23 38 21 36 34
internal_value=3.56684e-12 -6.27123e-06 -7.71134e-05 -0.000184736 6.76954e-05 1.03579e-05 -5.02256e-06 -0.000167441 2.26072e-05 0.000125231 -3.69708e-06 -3.43709e-05 3.14946e-05 -2.66235e-07 -1.28228e-05 6.33766e-06 -4.88462e-06 6.21284e-06 7.24802e-06
internal_weight=583 546 103.8 72.8 51.2 442.2 407.2 59.2 348 71 277 148 129 109 84 123 95 74 61
internal_count=580 543 102 71 50 441 406 58 348 71 277 148 129 109 84 123 95 74 61
is_linear=0
shrinkage=0.05


Tree=296
num_leaves=22
num_cat=5
split_feature=10 15 11 12 15 0 1 11 15 11 6 12 10 15 11 6 14 14 12 12 4
split_gain=0.000106329 0.000470917 0.000895316 0.000438564 0.000233488 0.000110738 0.000110111 0.000211678 0.00012397 0.000163268 9.20939e-05 9.02486e-05 7.81947e-05 5.07686e-05 5.16982e-05 4.86391e-05 3.57408e-05 1.02133e-05 7.69199e-06 4.0667e-06 2.89772e-06
threshold=0 2.5000000000000004 37.500000000000007 1.6441500000000002 3.5000000000000004 1 42.000000000000007 29.000000000000004 3.5000000000000004 37.500000000000007 2 1.8099500000000004 3 3.5000000000000004 21.000000000000004 4 2.5000000000000004 2.5000000000000004 1.4372000000000003 1.4907500000000002 42.500000000000007
decision_type=1 2 2 2 2 1 2 2 2 2 1 2 1 2 2 1 2 2 2 2 2
left_child=1 3 4 5 15 -1 7 13 9 10 16 18 -9 14 17 -3 -8 -2 -10 -18 -6
right_child=6 2 -4 -5 20 -7 8 12 11 -11 -12 -13 -14 -15 -16 -17 19 -19 -20 -21 -22
leaf_value=8.0082477870746524e-05 2.1424394935820602e-05 -1.2690020297735896e-05 0.00029459359734098132 -0.00027183421384966089 8.0843383266651284e-05 -7.7138229036271318e-05 2.498495209389754e-05 -7.3021073993524108e-05 2.001722763373476e-05 0.00015127397840842606 7.8406050285723605e-05 -0.000113310365223101 -0.00019601273567483682 3.9198277753664456e-05 -9.2254706578387421e-05 -0.00010519342196251577 -3.2493289359081247e-05 -2.3542646868739732e-05 -2.1337054104978136e-05 -6.1234357126522802e-05 0.00010686615016311408
leaf_weight=24 23 27 36.400000095367432 20.600000023841858 23 21 30 28 23 25 35 29 24 38 24 30 32 28 22 20 20
leaf_count=24 23 27 35 19 23 21 30 28 23 25 35 29 24 38 24 30 32 28 22 20 20
internal_value=-4.96589e-12 2.93257e-05 8.2269e-05 -8.07577e-05 4.98288e-06 6.71281e-06 -1.5548e-05 -4.63025e-05 7.94499e-06 3.52897e-05 1.05067e-05 -4.45273e-05 -0.000129786 -7.88506e-06 -3.17406e-05 -6.1376e-05 -1.84747e-05 -3.26339e-06 -2.00421e-07 -4.35475e-05 9.2947e-05
internal_weight=583 202 136.4 65.6 100 45 381 165 216 142 117 74 52 113 75 57 82 51 45 52 43
internal_count=580 199 135 64 100 45 381 165 216 142 117 74 52 113 75 57 82 51 45 52 43
cat_boundaries=0 1 2 3 4 5
cat_threshold=4 1 1 1 4
is_linear=0
shrinkage=0.05


Tree=297
num_leaves=21
num_cat=5
split_feature=13 13 7 11 13 13 6 6 15 13 11 0 10 11 14 3 14 13 6 11
split_gain=0.000146266 0.000563117 0.00159003 0.000460811 0.00283169 0.000183636 0.000614774 0.000184571 0.000107902 0.000428246 0.00012309 6.45817e-05 7.94448e-05 4.95848e-05 2.47864e-05 4.0497e-05 2.14449e-05 2.31144e-05 2.1916e-05 1.07223e-05
threshold=8.5000000000000018 7.5000000000000009 11.000000000000002 37.500000000000007 13.500000000000002 13.500000000000002 0 1 2.5000000000000004 4.5000000000000009 38.500000000000007 2 3 18.500000000000004 4.5000000000000009 1.5000000000000002 1.5000000000000002 10.500000000000002 4 21.000000000000004
decision_type=2 2 2 2 2 2 1 1 2 2 2 1 1 2 2 2 2 2 1 2
left_child=1 2 -1 5 -5 6 -2 -7 9 -4 11 12 -10 -13 15 19 -8 -18 -19 -9
right_child=3 -3 8 4 -6 7 16 14 10 -11 -12 13 -14 -15 -16 -17 17 18 -20 -21
leaf_value=0.00034945265597463446 -0.00026510016849407784 -0.00020015617254306572 0.000160951585683506 0.00041888650829884782 -0.00027180701404933905 0.00015635870843722771 4.2014579555273362e-05 -1.1342643180493422e-05 -3.4358438291140677e-05 -0.00012376012928143611 -0.00017141012236047222 -6.8317802933134697e-05 -0.00015640720739611426 2.9832131050141233e-05 5.1914375596780977e-05 4.1569457486427086e-05 -4.4775237588980639e-05 4.0735860179979527e-05 -2.0220257865730674e-05 -5.8605886624718555e-05
leaf_weight=28.800000071525574 26 40.200000047683716 25 37.399999976158142 24.600000023841858 26 28 24 30 28 26 22 24 31 23 27 29 29 30 24
leaf_count=27 26 40 25 37 24 26 28 24 30 28 26 22 24 31 23 27 29 29 30 24
internal_value=7.19207e-12 -2.84036e-05 3.74003e-06 2.20821e-05 0.000144837 -6.52999e-06 -4.53517e-05 3.79272e-05 -4.97897e-05 1.05378e-05 -7.383e-05 -5.01189e-05 -8.86023e-05 -1.09094e-05 6.50654e-06 -7.41852e-06 3.90223e-06 -8.22443e-06 9.74122e-06 -3.49743e-05
internal_weight=583 255 214.8 328 62 266 142 124 186 53 133 107 54 53 98 75 116 88 59 48
internal_count=580 253 213 327 61 266 142 124 186 53 133 107 54 53 98 75 116 88 59 48
cat_boundaries=0 1 2 3 4 5
cat_threshold=2 2 1 1 4
is_linear=0
shrinkage=0.05


Tree=298
num_leaves=21
num_cat=4
split_feature=13 12 6 13 13 12 14 13 12 15 6 6 14 13 6 13 11 15 4 4
split_gain=0.000132005 0.000515848 0.00196455 0.000842312 0.000508213 0.0010821 0.00457534 0.000395391 0.000547854 0.000223154 0.000259534 0.000110341 0.000461549 2.13575e-05 2.65946e-05 3.47843e-05 1.02405e-05 7.92137e-06 8.70287e-06 2.30484e-06
threshold=8.5000000000000018 1.8099500000000004 0 13.500000000000002 7.5000000000000009 1.8826500000000002 2.5000000000000004 5.5000000000000009 1.5672500000000003 3.5000000000000004 1 2 3.5000000000000004 14.500000000000002 3 12.500000000000002 21.000000000000004 3.5000000000000004 44.000000000000007 42.500000000000007
decision_type=2 2 1 2 2 2 2 2 2 2 1 1 2 2 1 2 2 2 2 2
left_child=4 11 -3 -4 5 7 -7 9 -9 10 -1 12 -2 14 15 19 -16 18 -15 -13
right_child=1 2 3 -5 -6 6 -8 8 -10 -11 -12 13 -14 17 16 -17 -18 -19 -20 -21
leaf_value=-4.5885317569413663e-05 -0.00021126499110511667 0.0005335128273476254 -0.00023219273380863551 0.00015973157845517816 -0.00019014834528891799 -0.00036934654217131739 0.00059709694301828681 -4.3212348751503193e-05 -0.00035239255774523258 -0.0001040031966915515 0.00014807726415581003 7.6164128369696088e-06 8.8663486784081104e-05 1.50761902659724e-05 -8.5565665964774478e-06 -8.0590925284448778e-05 3.0299828722490929e-05 2.3106742777268995e-06 6.0174118540168787e-05 -1.5809439474607991e-05
leaf_weight=34 29 22 26 29 40.200000047683716 20.600000023841858 30.200000047683716 38 23 34 35 21 23 20 30 23 39 22 23 21
leaf_count=34 29 21 26 29 40 20 29 38 23 34 35 21 23 20 30 23 39 22 23 21
internal_value=-1.16758e-12 2.0978e-05 0.000134188 -2.55417e-05 -2.69834e-05 3.55301e-06 0.000205193 -5.89061e-05 -0.000159788 8.39755e-07 5.25015e-05 -1.37518e-05 -7.86043e-05 3.19455e-06 -8.21379e-06 -3.11638e-05 1.34057e-05 2.67133e-05 3.91983e-05 -4.09651e-06
internal_weight=583 328 77 55 255 214.8 50.8 164 61 103 69 251 52 199 134 65 69 65 43 42
internal_count=580 327 76 55 253 213 49 164 61 103 69 251 52 199 134 65 69 65 43 42
cat_boundaries=0 1 2 3 4
cat_threshold=2 1 2 4
is_linear=0
shrinkage=0.05


Tree=299
num_leaves=22
num_cat=4
split_feature=13 7 13 12 13 11 14 7 7 10 13 1 0 11 11 10 12 13 10 13 12
split_gain=0.000119134 0.000594099 0.00115177 0.000469342 0.00184592 0.000100781 9.09674e-05 0.000103314 9.6809e-05 0.000186489 8.66466e-05 8.43609e-05 7.63682e-05 7.44977e-05 5.25878e-05 4.27641e-05 2.93101e-05 1.7672e-05 3.64233e-05 5.81563e-06 1.01754e-07
threshold=8.5000000000000018 11.000000000000002 7.5000000000000009 1.8826500000000002 13.500000000000002 38.500000000000007 2.5000000000000004 11.000000000000002 13.000000000000002 0 14.500000000000002 42.000000000000007 1 36.000000000000007 31.000000000000004 2 1.5672500000000003 3.5000000000000004 3 13.500000000000002 1.4372000000000003
decision_type=2 2 2 2 2 2 2 2 2 1 2 2 1 2 2 1 2 2 1 2 2
left_child=1 -1 5 6 -5 13 8 -8 9 -2 11 20 -12 14 15 -3 -13 -17 -19 -10 -9
right_child=3 2 -4 4 -6 -7 7 10 19 -11 12 16 -14 -15 -16 17 -18 18 -20 -21 -22
leaf_value=-0.00022358122504349018 1.2901946288563878e-05 2.4348483579901601e-05 0.0002626598018751894 0.00040090688149881407 -0.00019960593175977694 -0.00012705336266947143 0.00010737825980938326 -2.916008541086783e-05 2.1368263413832111e-05 -0.0001792475277397898 -0.00010894533240519065 3.9023648615901557e-05 1.4015931178026063e-05 4.9459799949545416e-05 -0.00011337980464779085 -2.1335260509444838e-05 0.00011374231461169466 -2.3102555199081757e-05 -0.00011309186145650608 -1.3263392520457274e-05 -2.4237974364604315e-05
leaf_weight=33.00000011920929 23 27 36 31.399999976158142 21.600000023841858 32 26 21 27 28 28 35 23 25 23 34 21 22 23 22 21
leaf_count=31 23 27 36 31 21 32 26 21 27 28 28 35 23 25 23 34 21 22 23 22 21
internal_value=8.22227e-12 -2.56343e-05 3.7903e-06 1.99291e-05 0.00015617 -4.63135e-05 -6.32818e-06 1.54102e-05 -4.43704e-05 -9.25919e-05 -6.37892e-07 2.68679e-05 -5.34922e-05 -2.95364e-05 -4.48457e-05 -2.99751e-05 6.70431e-05 -4.85414e-05 -6.90971e-05 5.81936e-06 -2.6699e-05
internal_weight=583 255 222 328 53 186 275 175 100 51 149 98 51 154 129 106 56 79 45 49 42
internal_count=580 253 222 327 52 186 275 175 100 51 149 98 51 154 129 106 56 79 45 49 42
cat_boundaries=0 1 2 3 4
cat_threshold=1 1 2 1
is_linear=0
shrinkage=0.05


end of trees

feature_importances:
week_number=1875
capacity_ratio=846
capacity_margin=627
teacher_title=381
total_student_count=336
teacher_max_weekly_hours=320
period_index=316
day_of_week=296
room_building=220
total_hours=137
course_type=123
room_capacity=93
class_group_count=30
is_morning=28
is_afternoon=1

parameters:
[boosting: gbdt]
[objective: regression]
[metric: l2]
[tree_learner: serial]
[device_type: cpu]
[data_sample_strategy: bagging]
[data: ]
[valid: ]
[num_iterations: 300]
[learning_rate: 0.05]
[num_leaves: 31]
[num_threads: 10]
[seed: 42]
[deterministic: 0]
[force_col_wise: 0]
[force_row_wise: 0]
[histogram_pool_size: -1]
[max_depth: -1]
[min_data_in_leaf: 20]
[min_sum_hessian_in_leaf: 0.001]
[bagging_fraction: 0.9]
[pos_bagging_fraction: 1]
[neg_bagging_fraction: 1]
[bagging_freq: 0]
[bagging_seed: 400]
[bagging_by_query: 0]
[feature_fraction: 0.9]
[feature_fraction_bynode: 1]
[feature_fraction_seed: 30056]
[extra_trees: 0]
[extra_seed: 12879]
[early_stopping_round: 0]
[early_stopping_min_delta: 0]
[first_metric_only: 0]
[max_delta_step: 0]
[lambda_l1: 0]
[lambda_l2: 0]
[linear_lambda: 0]
[min_gain_to_split: 0]
[drop_rate: 0.1]
[max_drop: 50]
[skip_drop: 0.5]
[xgboost_dart_mode: 0]
[uniform_drop: 0]
[drop_seed: 17869]
[top_rate: 0.2]
[other_rate: 0.1]
[min_data_per_group: 100]
[max_cat_threshold: 32]
[cat_l2: 10]
[cat_smooth: 10]
[max_cat_to_onehot: 4]
[top_k: 20]
[monotone_constraints: ]
[monotone_constraints_method: basic]
[monotone_penalty: 0]
[feature_contri: ]
[forcedsplits_filename: ]
[refit_decay_rate: 0.9]
[cegb_tradeoff: 1]
[cegb_penalty_split: 0]
[cegb_penalty_feature_lazy: ]
[cegb_penalty_feature_coupled: ]
[path_smooth: 0]
[interaction_constraints: ]
[verbosity: 1]
[saved_feature_importance_type: 0]
[use_quantized_grad: 0]
[num_grad_quant_bins: 4]
[quant_train_renew_leaf: 0]
[stochastic_rounding: 1]
[linear_tree: 0]
[max_bin: 255]
[max_bin_by_feature: ]
[min_data_in_bin: 3]
[bin_construct_sample_cnt: 200000]
[data_random_seed: 175]
[is_enable_sparse: 1]
[enable_bundle: 1]
[use_missing: 1]
[zero_as_missing: 0]
[feature_pre_filter: 1]
[pre_partition: 0]
[two_round: 0]
[header: 0]
[label_column: ]
[weight_column: ]
[group_column: ]
[ignore_column: ]
[categorical_feature: 0,2,5,6,9,10]
[forcedbins_filename: ]
[precise_float_parser: 0]
[parser_config_file: ]
[objective_seed: 16083]
[num_class: 1]
[is_unbalance: 0]
[scale_pos_weight: 1]
[sigmoid: 1]
[boost_from_average: 1]
[reg_sqrt: 0]
[alpha: 0.9]
[fair_c: 1]
[poisson_max_delta_step: 0.7]
[tweedie_variance_power: 1.5]
[lambdarank_truncation_level: 30]
[lambdarank_norm: 1]
[label_gain: ]
[lambdarank_position_bias_regularization: 0]
[eval_at: ]
[multi_error_top_k: 1]
[auc_mu_weights: ]
[num_machines: 1]
[local_listen_port: 12400]
[time_out: 120]
[machine_list_filename: ]
[machines: ]
[gpu_platform_id: -1]
[gpu_device_id: -1]
[gpu_use_dp: 0]
[num_gpu: 1]

end of parameters

pandas_categorical:[["\u4e13\u4e1a\u6838\u5fc3\u8bfe", "\u4e13\u4e1a\u9009\u4fee\u8bfe"], ["UNKNOWN"], ["\u7535\u5b50\u4fe1\u606f\u4e0e\u8ba1\u7b97\u673a\u5de5\u7a0b\u7cfb"], ["\u526f\u6559\u6388", "\u6559\u6388", "\u8bb2\u5e08"], ["\u666e\u901a\u6559\u5ba4", "\u673a\u623f/\u5b9e\u9a8c\u5ba4", "\u673a\u623f\u5b9e\u9a8c\u5ba4", "\u9636\u68af\u6559\u5ba4"], ["\u7efc\u5408\u697cA\u5ea7", "\u7efc\u5408\u697cB\u5ea7", "\u7efc\u5408\u697cC\u5ea7"]]
