sample_id,teaching_task_id,candidate_classroom_id,candidate_time_slot_id,course_type,total_hours,required_room_type,class_group_count,total_student_count,teacher_department,teacher_title,teacher_max_weekly_hours,room_capacity,room_type,room_building,capacity_margin,capacity_ratio,week_number,day_of_week,period_index,is_morning,is_afternoon,is_evening,is_early_period,is_late_period,teacher_occupied_at_slot,class_occupied_at_slot,room_occupied_at_slot,teacher_day_load,class_day_load,teacher_week_load,class_week_load,is_capacity_enough,is_room_type_match,has_teacher_conflict,has_class_conflict,has_room_conflict,has_hard_conflict,sample_weight,score,reject_reason
confirmed_item_58363,1,13,188,专业核心课,48,,2,82,电子信息与计算机工程系,教授,12,100,阶梯教室,综合楼C座,18,1.2195,8,4,2,1,0,0,1,0,0,0,0,0,0,0,0,1,1,0,0,0,0,1.0,1.0,confirmed_item_positive
confirmed_item_58364,1,4,441,专业核心课,48,,2,82,电子信息与计算机工程系,教授,12,100,阶梯教室,综合楼A座,18,1.2195,9,4,4,0,1,0,0,0,0,0,0,0,0,0,0,1,1,0,0,0,0,1.0,1.0,confirmed_item_positive
confirmed_item_58365,1,16,473,专业核心课,48,,2,82,电子信息与计算机工程系,教授,12,120,阶梯教室,综合楼A座,38,1.4634,5,2,4,0,1,0,0,0,0,0,0,0,0,0,0,1,1,0,0,0,0,1.0,1.0,confirmed_item_positive
confirmed_item_58366,1,4,177,专业核心课,48,,2,82,电子信息与计算机工程系,教授,12,100,阶梯教室,综合楼A座,18,1.2195,15,5,2,1,0,0,1,0,0,0,0,0,0,0,0,1,1,0,0,0,0,1.0,1.0,confirmed_item_positive
confirmed_item_58367,1,16,353,专业核心课,48,,2,82,电子信息与计算机工程系,教授,12,120,阶梯教室,综合楼A座,38,1.4634,11,2,3,0,1,0,0,0,0,0,0,0,0,0,0,1,1,0,0,0,0,1.0,1.0,confirmed_item_positive
confirmed_item_58368,1,16,462,专业核心课,48,,2,82,电子信息与计算机工程系,教授,12,120,阶梯教室,综合楼A座,38,1.4634,12,3,4,0,1,0,0,0,0,0,0,0,0,0,0,1,1,0,0,0,0,1.0,1.0,confirmed_item_positive
confirmed_item_58369,1,13,203,专业核心课,48,,2,82,电子信息与计算机工程系,教授,12,100,阶梯教室,综合楼C座,18,1.2195,5,3,2,1,0,0,1,0,0,0,0,0,0,0,0,1,1,0,0,0,0,1.0,1.0,confirmed_item_positive
confirmed_item_58370,1,13,466,专业核心课,48,,2,82,电子信息与计算机工程系,教授,12,100,阶梯教室,综合楼C座,18,1.2195,16,3,4,0,1,0,0,0,0,0,0,0,0,0,0,1,1,0,0,0,0,1.0,1.0,confirmed_item_positive
confirmed_item_58371,1,16,211,专业核心课,48,,2,82,电子信息与计算机工程系,教授,12,120,阶梯教室,综合楼A座,38,1.4634,13,3,2,1,0,0,1,0,0,0,0,0,0,0,0,1,1,0,0,0,0,1.0,1.0,confirmed_item_positive
confirmed_item_58372,1,4,482,专业核心课,48,,2,82,电子信息与计算机工程系,教授,12,100,阶梯教室,综合楼A座,18,1.2195,14,2,4,0,1,0,0,0,0,0,0,0,0,0,0,1,1,0,0,0,0,1.0,1.0,confirmed_item_positive
confirmed_item_58373,1,16,444,专业核心课,48,,2,82,电子信息与计算机工程系,教授,12,120,阶梯教室,综合楼A座,38,1.4634,12,4,4,0,1,0,0,0,0,0,0,0,0,0,0,1,1,0,0,0,0,1.0,1.0,confirmed_item_positive
confirmed_item_58374,1,4,484,专业核心课,48,,2,82,电子信息与计算机工程系,教授,12,100,阶梯教室,综合楼A座,18,1.2195,16,2,4,0,1,0,0,0,0,0,0,0,0,0,0,1,1,0,0,0,0,1.0,1.0,confirmed_item_positive
confirmed_item_58375,1,4,183,专业核心课,48,,2,82,电子信息与计算机工程系,教授,12,100,阶梯教室,综合楼A座,18,1.2195,3,4,2,1,0,0,1,0,0,0,0,0,0,0,0,1,1,0,0,0,0,1.0,1.0,confirmed_item_positive
confirmed_item_58376,1,4,215,专业核心课,48,,2,82,电子信息与计算机工程系,教授,12,100,阶梯教室,综合楼A座,18,1.2195,17,3,2,1,0,0,1,0,0,0,0,0,0,0,0,1,1,0,0,0,0,1.0,1.0,confirmed_item_positive
confirmed_item_58377,1,16,169,专业核心课,48,,2,82,电子信息与计算机工程系,教授,12,120,阶梯教室,综合楼A座,38,1.4634,7,5,2,1,0,0,1,0,0,0,0,0,0,0,0,1,1,0,0,0,0,1.0,1.0,confirmed_item_positive
confirmed_item_58378,1,4,206,专业核心课,48,,2,82,电子信息与计算机工程系,教授,12,100,阶梯教室,综合楼A座,18,1.2195,8,3,2,1,0,0,1,0,0,0,0,0,0,0,0,1,1,0,0,0,0,1.0,1.0,confirmed_item_positive
confirmed_item_58379,1,16,329,专业核心课,48,,2,82,电子信息与计算机工程系,教授,12,120,阶梯教室,综合楼A座,38,1.4634,5,3,3,0,1,0,0,0,0,0,0,0,0,0,0,1,1,0,0,0,0,1.0,1.0,confirmed_item_positive
confirmed_item_58380,1,16,337,专业核心课,48,,2,82,电子信息与计算机工程系,教授,12,120,阶梯教室,综合楼A座,38,1.4634,13,3,3,0,1,0,0,0,0,0,0,0,0,0,0,1,1,0,0,0,0,1.0,1.0,confirmed_item_positive
confirmed_item_58381,1,13,355,专业核心课,48,,2,82,电子信息与计算机工程系,教授,12,100,阶梯教室,综合楼C座,18,1.2195,13,2,3,0,1,0,0,0,0,0,0,0,0,0,0,1,1,0,0,0,0,1.0,1.0,confirmed_item_positive
confirmed_item_58382,1,13,176,专业核心课,48,,2,82,电子信息与计算机工程系,教授,12,100,阶梯教室,综合楼C座,18,1.2195,14,5,2,1,0,0,1,0,0,0,0,0,0,0,0,1,1,0,0,0,0,1.0,1.0,confirmed_item_positive
confirmed_item_58383,1,13,315,专业核心课,48,,2,82,电子信息与计算机工程系,教授,12,100,阶梯教室,综合楼C座,18,1.2195,9,4,3,0,1,0,0,0,0,0,0,0,0,0,0,1,1,0,0,0,0,1.0,1.0,confirmed_item_positive
confirmed_item_58384,1,13,310,专业核心课,48,,2,82,电子信息与计算机工程系,教授,12,100,阶梯教室,综合楼C座,18,1.2195,4,4,3,0,1,0,0,0,0,0,0,0,0,0,0,1,1,0,0,0,0,1.0,1.0,confirmed_item_positive
confirmed_item_58385,1,16,448,专业核心课,48,,2,82,电子信息与计算机工程系,教授,12,120,阶梯教室,综合楼A座,38,1.4634,16,4,4,0,1,0,0,0,0,0,0,0,0,0,0,1,1,0,0,0,0,1.0,1.0,confirmed_item_positive
confirmed_item_58386,1,13,460,专业核心课,48,,2,82,电子信息与计算机工程系,教授,12,100,阶梯教室,综合楼C座,18,1.2195,10,3,4,0,1,0,0,0,0,0,0,0,0,0,0,1,1,0,0,0,0,1.0,1.0,confirmed_item_positive
confirmed_item_58387,2,2,476,专业核心课,48,,1,42,电子信息与计算机工程系,副教授,12,80,普通教室,综合楼A座,38,1.9048,8,2,4,0,1,0,0,0,0,0,0,0,0,0,0,1,1,0,0,0,0,1.0,1.0,confirmed_item_positive
confirmed_item_58388,2,2,313,专业核心课,48,,1,42,电子信息与计算机工程系,副教授,12,80,普通教室,综合楼A座,38,1.9048,7,4,3,0,1,0,0,0,0,0,0,0,0,0,0,1,1,0,0,0,0,1.0,1.0,confirmed_item_positive
confirmed_item_58389,2,2,443,专业核心课,48,,1,42,电子信息与计算机工程系,副教授,12,80,普通教室,综合楼A座,38,1.9048,11,4,4,0,1,0,0,0,0,0,0,0,0,0,0,1,1,0,0,0,0,1.0,1.0,confirmed_item_positive
confirmed_item_58390,2,2,365,专业核心课,48,,1,42,电子信息与计算机工程系,副教授,12,80,普通教室,综合楼A座,38,1.9048,5,1,3,0,1,0,0,0,0,0,0,0,0,0,0,1,1,0,0,0,0,1.0,1.0,confirmed_item_positive
confirmed_item_58391,2,2,224,专业核心课,48,,1,42,电子信息与计算机工程系,副教授,12,80,普通教室,综合楼A座,38,1.9048,8,2,2,1,0,0,1,0,0,0,0,0,0,0,0,1,1,0,0,0,0,1.0,1.0,confirmed_item_positive
confirmed_item_58392,2,10,318,专业核心课,48,,1,42,电子信息与计算机工程系,副教授,12,60,机房/实验室,综合楼B座,18,1.4286,12,4,3,0,1,0,0,0,0,0,0,0,0,0,0,1,1,0,0,0,0,1.0,1.0,confirmed_item_positive
confirmed_item_58393,2,2,502,专业核心课,48,,1,42,电子信息与计算机工程系,副教授,12,80,普通教室,综合楼A座,38,1.9048,16,1,4,0,1,0,0,0,0,0,0,0,0,0,0,1,1,0,0,0,0,1.0,1.0,confirmed_item_positive
confirmed_item_58394,2,2,182,专业核心课,48,,1,42,电子信息与计算机工程系,副教授,12,80,普通教室,综合楼A座,38,1.9048,2,4,2,1,0,0,1,0,0,0,0,0,0,0,0,1,1,0,0,0,0,1.0,1.0,confirmed_item_positive
confirmed_item_58395,2,2,196,专业核心课,48,,1,42,电子信息与计算机工程系,副教授,12,80,普通教室,综合楼A座,38,1.9048,16,4,2,1,0,0,1,0,0,0,0,0,0,0,0,1,1,0,0,0,0,1.0,1.0,confirmed_item_positive
confirmed_item_58396,2,2,251,专业核心课,48,,1,42,电子信息与计算机工程系,副教授,12,80,普通教室,综合楼A座,38,1.9048,17,1,2,1,0,0,1,0,0,0,0,0,0,0,0,1,1,0,0,0,0,1.0,1.0,confirmed_item_positive
confirmed_item_58397,2,9,226,专业核心课,48,,1,42,电子信息与计算机工程系,副教授,12,60,机房/实验室,综合楼B座,18,1.4286,10,2,2,1,0,0,1,0,0,0,0,0,0,0,0,1,1,0,0,0,0,1.0,1.0,confirmed_item_positive
confirmed_item_58398,2,2,449,专业核心课,48,,1,42,电子信息与计算机工程系,副教授,12,80,普通教室,综合楼A座,38,1.9048,17,4,4,0,1,0,0,0,0,0,0,0,0,0,0,1,1,0,0,0,0,1.0,1.0,confirmed_item_positive
confirmed_item_58399,2,2,361,专业核心课,48,,1,42,电子信息与计算机工程系,副教授,12,80,普通教室,综合楼A座,38,1.9048,1,1,3,0,1,0,0,0,0,0,0,0,0,0,0,1,1,0,0,0,0,1.0,1.0,confirmed_item_positive
confirmed_item_58400,2,2,242,专业核心课,48,,1,42,电子信息与计算机工程系,副教授,12,80,普通教室,综合楼A座,38,1.9048,8,1,2,1,0,0,1,0,0,0,0,0,0,0,0,1,1,0,0,0,0,1.0,1.0,confirmed_item_positive
confirmed_item_58401,2,2,194,专业核心课,48,,1,42,电子信息与计算机工程系,副教授,12,80,普通教室,综合楼A座,38,1.9048,14,4,2,1,0,0,1,0,0,0,0,0,0,0,0,1,1,0,0,0,0,1.0,1.0,confirmed_item_positive
confirmed_item_58402,2,2,501,专业核心课,48,,1,42,电子信息与计算机工程系,副教授,12,80,普通教室,综合楼A座,38,1.9048,15,1,4,0,1,0,0,0,0,0,0,0,0,0,0,1,1,0,0,0,0,1.0,1.0,confirmed_item_positive
confirmed_item_58403,2,2,308,专业核心课,48,,1,42,电子信息与计算机工程系,副教授,12,80,普通教室,综合楼A座,38,1.9048,2,4,3,0,1,0,0,0,0,0,0,0,0,0,0,1,1,0,0,0,0,1.0,1.0,confirmed_item_positive
confirmed_item_58404,2,2,439,专业核心课,48,,1,42,电子信息与计算机工程系,副教授,12,80,普通教室,综合楼A座,38,1.9048,7,4,4,0,1,0,0,0,0,0,0,0,0,0,0,1,1,0,0,0,0,1.0,1.0,confirmed_item_positive
confirmed_item_58405,2,2,362,专业核心课,48,,1,42,电子信息与计算机工程系,副教授,12,80,普通教室,综合楼A座,38,1.9048,2,1,3,0,1,0,0,0,0,0,0,0,0,0,0,1,1,0,0,0,0,1.0,1.0,confirmed_item_positive
confirmed_item_58406,2,2,195,专业核心课,48,,1,42,电子信息与计算机工程系,副教授,12,80,普通教室,综合楼A座,38,1.9048,15,4,2,1,0,0,1,0,0,0,0,0,0,0,0,1,1,0,0,0,0,1.0,1.0,confirmed_item_positive
confirmed_item_58407,2,10,485,专业核心课,48,,1,42,电子信息与计算机工程系,副教授,12,60,机房/实验室,综合楼B座,18,1.4286,17,2,4,0,1,0,0,0,0,0,0,0,0,0,0,1,1,0,0,0,0,1.0,1.0,confirmed_item_positive
confirmed_item_58408,2,2,480,专业核心课,48,,1,42,电子信息与计算机工程系,副教授,12,80,普通教室,综合楼A座,38,1.9048,12,2,4,0,1,0,0,0,0,0,0,0,0,0,0,1,1,0,0,0,0,1.0,1.0,confirmed_item_positive
confirmed_item_58409,2,2,231,专业核心课,48,,1,42,电子信息与计算机工程系,副教授,12,80,普通教室,综合楼A座,38,1.9048,15,2,2,1,0,0,1,0,0,0,0,0,0,0,0,1,1,0,0,0,0,1.0,1.0,confirmed_item_positive
confirmed_item_58410,2,15,185,专业核心课,48,,1,42,电子信息与计算机工程系,副教授,12,60,机房实验室,综合楼C座,18,1.4286,5,4,2,1,0,0,1,0,0,0,0,0,0,0,0,1,1,0,0,0,0,1.0,1.0,confirmed_item_positive
confirmed_item_58411,3,3,357,专业核心课,48,,1,45,电子信息与计算机工程系,副教授,12,80,普通教室,综合楼A座,35,1.7778,15,2,3,0,1,0,0,0,0,0,0,0,0,0,0,1,1,0,0,0,0,1.0,1.0,confirmed_item_positive
confirmed_item_58412,3,3,188,专业核心课,48,,1,45,电子信息与计算机工程系,副教授,12,80,普通教室,综合楼A座,35,1.7778,8,4,2,1,0,0,1,0,0,0,0,0,0,0,0,1,1,0,0,0,0,1.0,1.0,confirmed_item_positive
confirmed_item_58413,3,3,185,专业核心课,48,,1,45,电子信息与计算机工程系,副教授,12,80,普通教室,综合楼A座,35,1.7778,5,4,2,1,0,0,1,0,0,0,0,0,0,0,0,1,1,0,0,0,0,1.0,1.0,confirmed_item_positive
confirmed_item_58414,3,3,215,专业核心课,48,,1,45,电子信息与计算机工程系,副教授,12,80,普通教室,综合楼A座,35,1.7778,17,3,2,1,0,0,1,0,0,0,0,0,0,0,0,1,1,0,0,0,0,1.0,1.0,confirmed_item_positive
confirmed_item_58415,3,5,332,专业核心课,48,,1,45,电子信息与计算机工程系,副教授,12,60,机房/实验室,综合楼A座,15,1.3333,8,3,3,0,1,0,0,0,0,0,0,0,0,0,0,1,1,0,0,0,0,1.0,1.0,confirmed_item_positive
confirmed_item_58416,3,1,196,专业核心课,48,,1,45,电子信息与计算机工程系,副教授,12,80,普通教室,综合楼A座,35,1.7778,16,4,2,1,0,0,1,0,0,0,0,0,0,0,0,1,1,0,0,0,0,1.0,1.0,confirmed_item_positive
confirmed_item_58417,3,3,242,专业核心课,48,,1,45,电子信息与计算机工程系,副教授,12,80,普通教室,综合楼A座,35,1.7778,8,1,2,1,0,0,1,0,0,0,0,0,0,0,0,1,1,0,0,0,0,1.0,1.0,confirmed_item_positive
confirmed_item_58418,3,3,174,专业核心课,48,,1,45,电子信息与计算机工程系,副教授,12,80,普通教室,综合楼A座,35,1.7778,12,5,2,1,0,0,1,0,0,0,0,0,0,0,0,1,1,0,0,0,0,1.0,1.0,confirmed_item_positive
confirmed_item_58419,3,6,239,专业核心课,48,,1,45,电子信息与计算机工程系,副教授,12,80,普通教室,综合楼B座,35,1.7778,5,1,2,1,0,0,1,0,0,0,0,0,0,0,0,1,1,0,0,0,0,1.0,1.0,confirmed_item_positive
confirmed_item_58420,3,3,477,专业核心课,48,,1,45,电子信息与计算机工程系,副教授,12,80,普通教室,综合楼A座,35,1.7778,9,2,4,0,1,0,0,0,0,0,0,0,0,0,0,1,1,0,0,0,0,1.0,1.0,confirmed_item_positive
confirmed_item_58421,3,3,422,专业核心课,48,,1,45,电子信息与计算机工程系,副教授,12,80,普通教室,综合楼A座,35,1.7778,8,5,4,0,1,0,0,0,0,0,0,0,0,0,0,1,1,0,0,0,0,1.0,1.0,confirmed_item_positive
confirmed_item_58422,3,3,229,专业核心课,48,,1,45,电子信息与计算机工程系,副教授,12,80,普通教室,综合楼A座,35,1.7778,13,2,2,1,0,0,1,0,0,0,0,0,0,0,0,1,1,0,0,0,0,1.0,1.0,confirmed_item_positive
confirmed_item_58423,3,3,373,专业核心课,48,,1,45,电子信息与计算机工程系,副教授,12,80,普通教室,综合楼A座,35,1.7778,13,1,3,0,1,0,0,0,0,0,0,0,0,0,0,1,1,0,0,0,0,1.0,1.0,confirmed_item_positive
confirmed_item_58424,3,3,462,专业核心课,48,,1,45,电子信息与计算机工程系,副教授,12,80,普通教室,综合楼A座,35,1.7778,12,3,4,0,1,0,0,0,0,0,0,0,0,0,0,1,1,0,0,0,0,1.0,1.0,confirmed_item_positive
confirmed_item_58425,3,3,296,专业核心课,48,,1,45,电子信息与计算机工程系,副教授,12,80,普通教室,综合楼A座,35,1.7778,8,5,3,0,1,0,0,0,0,0,0,0,0,0,0,1,1,0,0,0,0,1.0,1.0,confirmed_item_positive
confirmed_item_58426,3,3,200,专业核心课,48,,1,45,电子信息与计算机工程系,副教授,12,80,普通教室,综合楼A座,35,1.7778,2,3,2,1,0,0,1,0,0,0,0,0,0,0,0,1,1,0,0,0,0,1.0,1.0,confirmed_item_positive
confirmed_item_58427,3,3,419,专业核心课,48,,1,45,电子信息与计算机工程系,副教授,12,80,普通教室,综合楼A座,35,1.7778,5,5,4,0,1,0,0,0,0,0,0,0,0,0,0,1,1,0,0,0,0,1.0,1.0,confirmed_item_positive
confirmed_item_58428,3,3,209,专业核心课,48,,1,45,电子信息与计算机工程系,副教授,12,80,普通教室,综合楼A座,35,1.7778,11,3,2,1,0,0,1,0,0,0,0,0,0,0,0,1,1,0,0,0,0,1.0,1.0,confirmed_item_positive
confirmed_item_58429,3,3,329,专业核心课,48,,1,45,电子信息与计算机工程系,副教授,12,80,普通教室,综合楼A座,35,1.7778,5,3,3,0,1,0,0,0,0,0,0,0,0,0,0,1,1,0,0,0,0,1.0,1.0,confirmed_item_positive
confirmed_item_58430,3,3,340,专业核心课,48,,1,45,电子信息与计算机工程系,副教授,12,80,普通教室,综合楼A座,35,1.7778,16,3,3,0,1,0,0,0,0,0,0,0,0,0,0,1,1,0,0,0,0,1.0,1.0,confirmed_item_positive
confirmed_item_58431,3,3,344,专业核心课,48,,1,45,电子信息与计算机工程系,副教授,12,80,普通教室,综合楼A座,35,1.7778,2,2,3,0,1,0,0,0,0,0,0,0,0,0,0,1,1,0,0,0,0,1.0,1.0,confirmed_item_positive
confirmed_item_58432,3,3,169,专业核心课,48,,1,45,电子信息与计算机工程系,副教授,12,80,普通教室,综合楼A座,35,1.7778,7,5,2,1,0,0,1,0,0,0,0,0,0,0,0,1,1,0,0,0,0,1.0,1.0,confirmed_item_positive
confirmed_item_58433,3,3,347,专业核心课,48,,1,45,电子信息与计算机工程系,副教授,12,80,普通教室,综合楼A座,35,1.7778,5,2,3,0,1,0,0,0,0,0,0,0,0,0,0,1,1,0,0,0,0,1.0,1.0,confirmed_item_positive
confirmed_item_58434,3,3,370,专业核心课,48,,1,45,电子信息与计算机工程系,副教授,12,80,普通教室,综合楼A座,35,1.7778,10,1,3,0,1,0,0,0,0,0,0,0,0,0,0,1,1,0,0,0,0,1.0,1.0,confirmed_item_positive
confirmed_item_58435,4,4,190,专业核心课,48,,2,74,电子信息与计算机工程系,讲师,14,100,阶梯教室,综合楼A座,26,1.3514,10,4,2,1,0,0,1,0,0,0,0,0,0,0,0,1,1,0,0,0,0,1.0,1.0,confirmed_item_positive
confirmed_item_58436,4,4,173,专业核心课,48,,2,74,电子信息与计算机工程系,讲师,14,100,阶梯教室,综合楼A座,26,1.3514,11,5,2,1,0,0,1,0,0,0,0,0,0,0,0,1,1,0,0,0,0,1.0,1.0,confirmed_item_positive
confirmed_item_58437,4,4,291,专业核心课,48,,2,74,电子信息与计算机工程系,讲师,14,100,阶梯教室,综合楼A座,26,1.3514,3,5,3,0,1,0,0,0,0,0,0,0,0,0,0,1,1,0,0,0,0,1.0,1.0,confirmed_item_positive
confirmed_item_58438,4,4,423,专业核心课,48,,2,74,电子信息与计算机工程系,讲师,14,100,阶梯教室,综合楼A座,26,1.3514,9,5,4,0,1,0,0,0,0,0,0,0,0,0,0,1,1,0,0,0,0,1.0,1.0,confirmed_item_positive
confirmed_item_58439,4,4,338,专业核心课,48,,2,74,电子信息与计算机工程系,讲师,14,100,阶梯教室,综合楼A座,26,1.3514,14,3,3,0,1,0,0,0,0,0,0,0,0,0,0,1,1,0,0,0,0,1.0,1.0,confirmed_item_positive
confirmed_item_58440,4,4,329,专业核心课,48,,2,74,电子信息与计算机工程系,讲师,14,100,阶梯教室,综合楼A座,26,1.3514,5,3,3,0,1,0,0,0,0,0,0,0,0,0,0,1,1,0,0,0,0,1.0,1.0,confirmed_item_positive
confirmed_item_58441,4,4,462,专业核心课,48,,2,74,电子信息与计算机工程系,讲师,14,100,阶梯教室,综合楼A座,26,1.3514,12,3,4,0,1,0,0,0,0,0,0,0,0,0,0,1,1,0,0,0,0,1.0,1.0,confirmed_item_positive
confirmed_item_58442,4,4,312,专业核心课,48,,2,74,电子信息与计算机工程系,讲师,14,100,阶梯教室,综合楼A座,26,1.3514,6,4,3,0,1,0,0,0,0,0,0,0,0,0,0,1,1,0,0,0,0,1.0,1.0,confirmed_item_positive
confirmed_item_58443,4,4,225,专业核心课,48,,2,74,电子信息与计算机工程系,讲师,14,100,阶梯教室,综合楼A座,26,1.3514,9,2,2,1,0,0,1,0,0,0,0,0,0,0,0,1,1,0,0,0,0,1.0,1.0,confirmed_item_positive
confirmed_item_58444,4,4,188,专业核心课,48,,2,74,电子信息与计算机工程系,讲师,14,100,阶梯教室,综合楼A座,26,1.3514,8,4,2,1,0,0,1,0,0,0,0,0,0,0,0,1,1,0,0,0,0,1.0,1.0,confirmed_item_positive
confirmed_item_58445,4,4,169,专业核心课,48,,2,74,电子信息与计算机工程系,讲师,14,100,阶梯教室,综合楼A座,26,1.3514,7,5,2,1,0,0,1,0,0,0,0,0,0,0,0,1,1,0,0,0,0,1.0,1.0,confirmed_item_positive
confirmed_item_58446,4,4,363,专业核心课,48,,2,74,电子信息与计算机工程系,讲师,14,100,阶梯教室,综合楼A座,26,1.3514,3,1,3,0,1,0,0,0,0,0,0,0,0,0,0,1,1,0,0,0,0,1.0,1.0,confirmed_item_positive
confirmed_item_58447,4,4,437,专业核心课,48,,2,74,电子信息与计算机工程系,讲师,14,100,阶梯教室,综合楼A座,26,1.3514,5,4,4,0,1,0,0,0,0,0,0,0,0,0,0,1,1,0,0,0,0,1.0,1.0,confirmed_item_positive
confirmed_item_58448,4,4,464,专业核心课,48,,2,74,电子信息与计算机工程系,讲师,14,100,阶梯教室,综合楼A座,26,1.3514,14,3,4,0,1,0,0,0,0,0,0,0,0,0,0,1,1,0,0,0,0,1.0,1.0,confirmed_item_positive
confirmed_item_58449,4,4,375,专业核心课,48,,2,74,电子信息与计算机工程系,讲师,14,100,阶梯教室,综合楼A座,26,1.3514,15,1,3,0,1,0,0,0,0,0,0,0,0,0,0,1,1,0,0,0,0,1.0,1.0,confirmed_item_positive
confirmed_item_58450,4,4,186,专业核心课,48,,2,74,电子信息与计算机工程系,讲师,14,100,阶梯教室,综合楼A座,26,1.3514,6,4,2,1,0,0,1,0,0,0,0,0,0,0,0,1,1,0,0,0,0,1.0,1.0,confirmed_item_positive
confirmed_item_58451,4,4,440,专业核心课,48,,2,74,电子信息与计算机工程系,讲师,14,100,阶梯教室,综合楼A座,26,1.3514,8,4,4,0,1,0,0,0,0,0,0,0,0,0,0,1,1,0,0,0,0,1.0,1.0,confirmed_item_positive
confirmed_item_58452,4,4,332,专业核心课,48,,2,74,电子信息与计算机工程系,讲师,14,100,阶梯教室,综合楼A座,26,1.3514,8,3,3,0,1,0,0,0,0,0,0,0,0,0,0,1,1,0,0,0,0,1.0,1.0,confirmed_item_positive
confirmed_item_58453,4,4,204,专业核心课,48,,2,74,电子信息与计算机工程系,讲师,14,100,阶梯教室,综合楼A座,26,1.3514,6,3,2,1,0,0,1,0,0,0,0,0,0,0,0,1,1,0,0,0,0,1.0,1.0,confirmed_item_positive
confirmed_item_58454,4,4,341,专业核心课,48,,2,74,电子信息与计算机工程系,讲师,14,100,阶梯教室,综合楼A座,26,1.3514,17,3,3,0,1,0,0,0,0,0,0,0,0,0,0,1,1,0,0,0,0,1.0,1.0,confirmed_item_positive
confirmed_item_58455,4,4,187,专业核心课,48,,2,74,电子信息与计算机工程系,讲师,14,100,阶梯教室,综合楼A座,26,1.3514,7,4,2,1,0,0,1,0,0,0,0,0,0,0,0,1,1,0,0,0,0,1.0,1.0,confirmed_item_positive
confirmed_item_58456,4,4,245,专业核心课,48,,2,74,电子信息与计算机工程系,讲师,14,100,阶梯教室,综合楼A座,26,1.3514,11,1,2,1,0,0,1,0,0,0,0,0,0,0,0,1,1,0,0,0,0,1.0,1.0,confirmed_item_positive
confirmed_item_58457,4,4,498,专业核心课,48,,2,74,电子信息与计算机工程系,讲师,14,100,阶梯教室,综合楼A座,26,1.3514,12,1,4,0,1,0,0,0,0,0,0,0,0,0,0,1,1,0,0,0,0,1.0,1.0,confirmed_item_positive
confirmed_item_58458,4,4,209,专业核心课,48,,2,74,电子信息与计算机工程系,讲师,14,100,阶梯教室,综合楼A座,26,1.3514,11,3,2,1,0,0,1,0,0,0,0,0,0,0,0,1,1,0,0,0,0,1.0,1.0,confirmed_item_positive
confirmed_item_58459,5,6,196,专业核心课,48,,1,43,电子信息与计算机工程系,讲师,14,80,普通教室,综合楼B座,37,1.8605,16,4,2,1,0,0,1,0,0,0,0,0,0,0,0,1,1,0,0,0,0,1.0,1.0,confirmed_item_positive
confirmed_item_58460,5,6,311,专业核心课,48,,1,43,电子信息与计算机工程系,讲师,14,80,普通教室,综合楼B座,37,1.8605,5,4,3,0,1,0,0,0,0,0,0,0,0,0,0,1,1,0,0,0,0,1.0,1.0,confirmed_item_positive
confirmed_item_58461,5,6,176,专业核心课,48,,1,43,电子信息与计算机工程系,讲师,14,80,普通教室,综合楼B座,37,1.8605,14,5,2,1,0,0,1,0,0,0,0,0,0,0,0,1,1,0,0,0,0,1.0,1.0,confirmed_item_positive
confirmed_item_58462,5,6,418,专业核心课,48,,1,43,电子信息与计算机工程系,讲师,14,80,普通教室,综合楼B座,37,1.8605,4,5,4,0,1,0,0,0,0,0,0,0,0,0,0,1,1,0,0,0,0,1.0,1.0,confirmed_item_positive
confirmed_item_58463,5,6,369,专业核心课,48,,1,43,电子信息与计算机工程系,讲师,14,80,普通教室,综合楼B座,37,1.8605,9,1,3,0,1,0,0,0,0,0,0,0,0,0,0,1,1,0,0,0,0,1.0,1.0,confirmed_item_positive
confirmed_item_58464,5,6,444,专业核心课,48,,1,43,电子信息与计算机工程系,讲师,14,80,普通教室,综合楼B座,37,1.8605,12,4,4,0,1,0,0,0,0,0,0,0,0,0,0,1,1,0,0,0,0,1.0,1.0,confirmed_item_positive
confirmed_item_58465,5,12,443,专业核心课,48,,1,43,电子信息与计算机工程系,讲师,14,80,普通教室,综合楼C座,37,1.8605,11,4,4,0,1,0,0,0,0,0,0,0,0,0,0,1,1,0,0,0,0,1.0,1.0,confirmed_item_positive
confirmed_item_58466,5,12,249,专业核心课,48,,1,43,电子信息与计算机工程系,讲师,14,80,普通教室,综合楼C座,37,1.8605,15,1,2,1,0,0,1,0,0,0,0,0,0,0,0,1,1,0,0,0,0,1.0,1.0,confirmed_item_positive
confirmed_item_58467,5,6,356,专业核心课,48,,1,43,电子信息与计算机工程系,讲师,14,80,普通教室,综合楼B座,37,1.8605,14,2,3,0,1,0,0,0,0,0,0,0,0,0,0,1,1,0,0,0,0,1.0,1.0,confirmed_item_positive
confirmed_item_58468,5,6,376,专业核心课,48,,1,43,电子信息与计算机工程系,讲师,14,80,普通教室,综合楼B座,37,1.8605,16,1,3,0,1,0,0,0,0,0,0,0,0,0,0,1,1,0,0,0,0,1.0,1.0,confirmed_item_positive
confirmed_item_58469,5,6,492,专业核心课,48,,1,43,电子信息与计算机工程系,讲师,14,80,普通教室,综合楼B座,37,1.8605,6,1,4,0,1,0,0,0,0,0,0,0,0,0,0,1,1,0,0,0,0,1.0,1.0,confirmed_item_positive
confirmed_item_58470,5,6,310,专业核心课,48,,1,43,电子信息与计算机工程系,讲师,14,80,普通教室,综合楼B座,37,1.8605,4,4,3,0,1,0,0,0,0,0,0,0,0,0,0,1,1,0,0,0,0,1.0,1.0,confirmed_item_positive
confirmed_item_58471,5,6,475,专业核心课,48,,1,43,电子信息与计算机工程系,讲师,14,80,普通教室,综合楼B座,37,1.8605,7,2,4,0,1,0,0,0,0,0,0,0,0,0,0,1,1,0,0,0,0,1.0,1.0,confirmed_item_positive
confirmed_item_58472,5,6,373,专业核心课,48,,1,43,电子信息与计算机工程系,讲师,14,80,普通教室,综合楼B座,37,1.8605,13,1,3,0,1,0,0,0,0,0,0,0,0,0,0,1,1,0,0,0,0,1.0,1.0,confirmed_item_positive
confirmed_item_58473,5,14,184,专业核心课,48,,1,43,电子信息与计算机工程系,讲师,14,60,机房实验室,综合楼C座,17,1.3953,4,4,2,1,0,0,1,0,0,0,0,0,0,0,0,1,1,0,0,0,0,1.0,1.0,confirmed_item_positive
confirmed_item_58474,5,6,439,专业核心课,48,,1,43,电子信息与计算机工程系,讲师,14,80,普通教室,综合楼B座,37,1.8605,7,4,4,0,1,0,0,0,0,0,0,0,0,0,0,1,1,0,0,0,0,1.0,1.0,confirmed_item_positive
confirmed_item_58475,5,6,229,专业核心课,48,,1,43,电子信息与计算机工程系,讲师,14,80,普通教室,综合楼B座,37,1.8605,13,2,2,1,0,0,1,0,0,0,0,0,0,0,0,1,1,0,0,0,0,1.0,1.0,confirmed_item_positive
confirmed_item_58476,5,11,446,专业核心课,48,,1,43,电子信息与计算机工程系,讲师,14,80,普通教室,综合楼C座,37,1.8605,14,4,4,0,1,0,0,0,0,0,0,0,0,0,0,1,1,0,0,0,0,1.0,1.0,confirmed_item_positive
confirmed_item_58477,5,6,188,专业核心课,48,,1,43,电子信息与计算机工程系,讲师,14,80,普通教室,综合楼B座,37,1.8605,8,4,2,1,0,0,1,0,0,0,0,0,0,0,0,1,1,0,0,0,0,1.0,1.0,confirmed_item_positive
confirmed_item_58478,5,6,366,专业核心课,48,,1,43,电子信息与计算机工程系,讲师,14,80,普通教室,综合楼B座,37,1.8605,6,1,3,0,1,0,0,0,0,0,0,0,0,0,0,1,1,0,0,0,0,1.0,1.0,confirmed_item_positive
confirmed_item_58479,5,6,238,专业核心课,48,,1,43,电子信息与计算机工程系,讲师,14,80,普通教室,综合楼B座,37,1.8605,4,1,2,1,0,0,1,0,0,0,0,0,0,0,0,1,1,0,0,0,0,1.0,1.0,confirmed_item_positive
confirmed_item_58480,5,2,300,专业核心课,48,,1,43,电子信息与计算机工程系,讲师,14,80,普通教室,综合楼A座,37,1.8605,12,5,3,0,1,0,0,0,0,0,0,0,0,0,0,1,1,0,0,0,0,1.0,1.0,confirmed_item_positive
confirmed_item_58481,5,6,483,专业核心课,48,,1,43,电子信息与计算机工程系,讲师,14,80,普通教室,综合楼B座,37,1.8605,15,2,4,0,1,0,0,0,0,0,0,0,0,0,0,1,1,0,0,0,0,1.0,1.0,confirmed_item_positive
confirmed_item_58482,5,6,191,专业核心课,48,,1,43,电子信息与计算机工程系,讲师,14,80,普通教室,综合楼B座,37,1.8605,11,4,2,1,0,0,1,0,0,0,0,0,0,0,0,1,1,0,0,0,0,1.0,1.0,confirmed_item_positive
confirmed_item_58483,6,7,209,专业核心课,36,,1,40,电子信息与计算机工程系,讲师,14,80,普通教室,综合楼B座,40,2.0,11,3,2,1,0,0,1,0,0,0,0,0,0,0,0,1,1,0,0,0,0,1.0,1.0,confirmed_item_positive
confirmed_item_58484,6,6,353,专业核心课,36,,1,40,电子信息与计算机工程系,讲师,14,80,普通教室,综合楼B座,40,2.0,11,2,3,0,1,0,0,0,0,0,0,0,0,0,0,1,1,0,0,0,0,1.0,1.0,confirmed_item_positive
confirmed_item_58485,6,2,340,专业核心课,36,,1,40,电子信息与计算机工程系,讲师,14,80,普通教室,综合楼A座,40,2.0,16,3,3,0,1,0,0,0,0,0,0,0,0,0,0,1,1,0,0,0,0,1.0,1.0,confirmed_item_positive
confirmed_item_58486,6,6,336,专业核心课,36,,1,40,电子信息与计算机工程系,讲师,14,80,普通教室,综合楼B座,40,2.0,12,3,3,0,1,0,0,0,0,0,0,0,0,0,0,1,1,0,0,0,0,1.0,1.0,confirmed_item_positive
confirmed_item_58487,6,1,313,专业核心课,36,,1,40,电子信息与计算机工程系,讲师,14,80,普通教室,综合楼A座,40,2.0,7,4,3,0,1,0,0,0,0,0,0,0,0,0,0,1,1,0,0,0,0,1.0,1.0,confirmed_item_positive
confirmed_item_58488,6,15,479,专业核心课,36,,1,40,电子信息与计算机工程系,讲师,14,60,机房实验室,综合楼C座,20,1.5,11,2,4,0,1,0,0,0,0,0,0,0,0,0,0,1,1,0,0,0,0,1.0,1.0,confirmed_item_positive
confirmed_item_58489,6,5,490,专业核心课,36,,1,40,电子信息与计算机工程系,讲师,14,60,机房/实验室,综合楼A座,20,1.5,4,1,4,0,1,0,0,0,0,0,0,0,0,0,0,1,1,0,0,0,0,1.0,1.0,confirmed_item_positive
confirmed_item_58490,6,11,211,专业核心课,36,,1,40,电子信息与计算机工程系,讲师,14,80,普通教室,综合楼C座,40,2.0,13,3,2,1,0,0,1,0,0,0,0,0,0,0,0,1,1,0,0,0,0,1.0,1.0,confirmed_item_positive
confirmed_item_58491,6,6,424,专业核心课,36,,1,40,电子信息与计算机工程系,讲师,14,80,普通教室,综合楼B座,40,2.0,10,5,4,0,1,0,0,0,0,0,0,0,0,0,0,1,1,0,0,0,0,1.0,1.0,confirmed_item_positive
confirmed_item_58492,6,15,334,专业核心课,36,,1,40,电子信息与计算机工程系,讲师,14,60,机房实验室,综合楼C座,20,1.5,10,3,3,0,1,0,0,0,0,0,0,0,0,0,0,1,1,0,0,0,0,1.0,1.0,confirmed_item_positive
confirmed_item_58493,6,5,220,专业核心课,36,,1,40,电子信息与计算机工程系,讲师,14,60,机房/实验室,综合楼A座,20,1.5,4,2,2,1,0,0,1,0,0,0,0,0,0,0,0,1,1,0,0,0,0,1.0,1.0,confirmed_item_positive
confirmed_item_58494,6,7,339,专业核心课,36,,1,40,电子信息与计算机工程系,讲师,14,80,普通教室,综合楼B座,40,2.0,15,3,3,0,1,0,0,0,0,0,0,0,0,0,0,1,1,0,0,0,0,1.0,1.0,confirmed_item_positive
confirmed_item_58495,6,18,374,专业核心课,36,,1,40,电子信息与计算机工程系,讲师,14,70,普通教室,综合楼B座,30,1.75,14,1,3,0,1,0,0,0,0,0,0,0,0,0,0,1,1,0,0,0,0,1.0,1.0,confirmed_item_positive
confirmed_item_58496,6,2,241,专业核心课,36,,1,40,电子信息与计算机工程系,讲师,14,80,普通教室,综合楼A座,40,2.0,7,1,2,1,0,0,1,0,0,0,0,0,0,0,0,1,1,0,0,0,0,1.0,1.0,confirmed_item_positive
confirmed_item_58497,6,2,458,专业核心课,36,,1,40,电子信息与计算机工程系,讲师,14,80,普通教室,综合楼A座,40,2.0,8,3,4,0,1,0,0,0,0,0,0,0,0,0,0,1,1,0,0,0,0,1.0,1.0,confirmed_item_positive
confirmed_item_58498,6,15,233,专业核心课,36,,1,40,电子信息与计算机工程系,讲师,14,60,机房实验室,综合楼C座,20,1.5,17,2,2,1,0,0,1,0,0,0,0,0,0,0,0,1,1,0,0,0,0,1.0,1.0,confirmed_item_positive
confirmed_item_58499,6,5,427,专业核心课,36,,1,40,电子信息与计算机工程系,讲师,14,60,机房/实验室,综合楼A座,20,1.5,13,5,4,0,1,0,0,0,0,0,0,0,0,0,0,1,1,0,0,0,0,1.0,1.0,confirmed_item_positive
confirmed_item_58500,6,6,419,专业核心课,36,,1,40,电子信息与计算机工程系,讲师,14,80,普通教室,综合楼B座,40,2.0,5,5,4,0,1,0,0,0,0,0,0,0,0,0,0,1,1,0,0,0,0,1.0,1.0,confirmed_item_positive
confirmed_item_58501,7,5,204,专业选修课,36,,1,40,电子信息与计算机工程系,讲师,14,60,机房/实验室,综合楼A座,20,1.5,6,3,2,1,0,0,1,0,0,0,0,0,0,0,0,1,1,0,0,0,0,1.0,1.0,confirmed_item_positive
confirmed_item_58502,7,5,313,专业选修课,36,,1,40,电子信息与计算机工程系,讲师,14,60,机房/实验室,综合楼A座,20,1.5,7,4,3,0,1,0,0,0,0,0,0,0,0,0,0,1,1,0,0,0,0,1.0,1.0,confirmed_item_positive
confirmed_item_58503,7,5,458,专业选修课,36,,1,40,电子信息与计算机工程系,讲师,14,60,机房/实验室,综合楼A座,20,1.5,8,3,4,0,1,0,0,0,0,0,0,0,0,0,0,1,1,0,0,0,0,1.0,1.0,confirmed_item_positive
confirmed_item_58504,7,5,175,专业选修课,36,,1,40,电子信息与计算机工程系,讲师,14,60,机房/实验室,综合楼A座,20,1.5,13,5,2,1,0,0,1,0,0,0,0,0,0,0,0,1,1,0,0,0,0,1.0,1.0,confirmed_item_positive
confirmed_item_58505,7,5,354,专业选修课,36,,1,40,电子信息与计算机工程系,讲师,14,60,机房/实验室,综合楼A座,20,1.5,12,2,3,0,1,0,0,0,0,0,0,0,0,0,0,1,1,0,0,0,0,1.0,1.0,confirmed_item_positive
confirmed_item_58506,7,5,415,专业选修课,36,,1,40,电子信息与计算机工程系,讲师,14,60,机房/实验室,综合楼A座,20,1.5,1,5,4,0,1,0,0,0,0,0,0,0,0,0,0,1,1,0,0,0,0,1.0,1.0,confirmed_item_positive
confirmed_item_58507,7,5,357,专业选修课,36,,1,40,电子信息与计算机工程系,讲师,14,60,机房/实验室,综合楼A座,20,1.5,15,2,3,0,1,0,0,0,0,0,0,0,0,0,0,1,1,0,0,0,0,1.0,1.0,confirmed_item_positive
confirmed_item_58508,7,5,233,专业选修课,36,,1,40,电子信息与计算机工程系,讲师,14,60,机房/实验室,综合楼A座,20,1.5,17,2,2,1,0,0,1,0,0,0,0,0,0,0,0,1,1,0,0,0,0,1.0,1.0,confirmed_item_positive
confirmed_item_58509,7,5,297,专业选修课,36,,1,40,电子信息与计算机工程系,讲师,14,60,机房/实验室,综合楼A座,20,1.5,9,5,3,0,1,0,0,0,0,0,0,0,0,0,0,1,1,0,0,0,0,1.0,1.0,confirmed_item_positive
confirmed_item_58510,7,5,417,专业选修课,36,,1,40,电子信息与计算机工程系,讲师,14,60,机房/实验室,综合楼A座,20,1.5,3,5,4,0,1,0,0,0,0,0,0,0,0,0,0,1,1,0,0,0,0,1.0,1.0,confirmed_item_positive
confirmed_item_58511,7,5,433,专业选修课,36,,1,40,电子信息与计算机工程系,讲师,14,60,机房/实验室,综合楼A座,20,1.5,1,4,4,0,1,0,0,0,0,0,0,0,0,0,0,1,1,0,0,0,0,1.0,1.0,confirmed_item_positive
confirmed_item_58512,7,5,309,专业选修课,36,,1,40,电子信息与计算机工程系,讲师,14,60,机房/实验室,综合楼A座,20,1.5,3,4,3,0,1,0,0,0,0,0,0,0,0,0,0,1,1,0,0,0,0,1.0,1.0,confirmed_item_positive
confirmed_item_58513,7,5,348,专业选修课,36,,1,40,电子信息与计算机工程系,讲师,14,60,机房/实验室,综合楼A座,20,1.5,6,2,3,0,1,0,0,0,0,0,0,0,0,0,0,1,1,0,0,0,0,1.0,1.0,confirmed_item_positive
confirmed_item_58514,7,5,456,专业选修课,36,,1,40,电子信息与计算机工程系,讲师,14,60,机房/实验室,综合楼A座,20,1.5,6,3,4,0,1,0,0,0,0,0,0,0,0,0,0,1,1,0,0,0,0,1.0,1.0,confirmed_item_positive
confirmed_item_58515,7,5,223,专业选修课,36,,1,40,电子信息与计算机工程系,讲师,14,60,机房/实验室,综合楼A座,20,1.5,7,2,2,1,0,0,1,0,0,0,0,0,0,0,0,1,1,0,0,0,0,1.0,1.0,confirmed_item_positive
confirmed_item_58516,7,5,196,专业选修课,36,,1,40,电子信息与计算机工程系,讲师,14,60,机房/实验室,综合楼A座,20,1.5,16,4,2,1,0,0,1,0,0,0,0,0,0,0,0,1,1,0,0,0,0,1.0,1.0,confirmed_item_positive
confirmed_item_58517,7,5,430,专业选修课,36,,1,40,电子信息与计算机工程系,讲师,14,60,机房/实验室,综合楼A座,20,1.5,16,5,4,0,1,0,0,0,0,0,0,0,0,0,0,1,1,0,0,0,0,1.0,1.0,confirmed_item_positive
confirmed_item_58518,7,5,485,专业选修课,36,,1,40,电子信息与计算机工程系,讲师,14,60,机房/实验室,综合楼A座,20,1.5,17,2,4,0,1,0,0,0,0,0,0,0,0,0,0,1,1,0,0,0,0,1.0,1.0,confirmed_item_positive
confirmed_item_58519,8,3,490,专业选修课,36,,1,42,电子信息与计算机工程系,讲师,14,80,普通教室,综合楼A座,38,1.9048,4,1,4,0,1,0,0,0,0,0,0,0,0,0,0,1,1,0,0,0,0,1.0,1.0,confirmed_item_positive
confirmed_item_58520,8,9,464,专业选修课,36,,1,42,电子信息与计算机工程系,讲师,14,60,机房/实验室,综合楼B座,18,1.4286,14,3,4,0,1,0,0,0,0,0,0,0,0,0,0,1,1,0,0,0,0,1.0,1.0,confirmed_item_positive
confirmed_item_58521,8,9,174,专业选修课,36,,1,42,电子信息与计算机工程系,讲师,14,60,机房/实验室,综合楼B座,18,1.4286,12,5,2,1,0,0,1,0,0,0,0,0,0,0,0,1,1,0,0,0,0,1.0,1.0,confirmed_item_positive
confirmed_item_58522,8,9,341,专业选修课,36,,1,42,电子信息与计算机工程系,讲师,14,60,机房/实验室,综合楼B座,18,1.4286,17,3,3,0,1,0,0,0,0,0,0,0,0,0,0,1,1,0,0,0,0,1.0,1.0,confirmed_item_positive
confirmed_item_58523,8,9,335,专业选修课,36,,1,42,电子信息与计算机工程系,讲师,14,60,机房/实验室,综合楼B座,18,1.4286,11,3,3,0,1,0,0,0,0,0,0,0,0,0,0,1,1,0,0,0,0,1.0,1.0,confirmed_item_positive
confirmed_item_58524,8,9,446,专业选修课,36,,1,42,电子信息与计算机工程系,讲师,14,60,机房/实验室,综合楼B座,18,1.4286,14,4,4,0,1,0,0,0,0,0,0,0,0,0,0,1,1,0,0,0,0,1.0,1.0,confirmed_item_positive
confirmed_item_58525,8,9,494,专业选修课,36,,1,42,电子信息与计算机工程系,讲师,14,60,机房/实验室,综合楼B座,18,1.4286,8,1,4,0,1,0,0,0,0,0,0,0,0,0,0,1,1,0,0,0,0,1.0,1.0,confirmed_item_positive
confirmed_item_58526,8,9,250,专业选修课,36,,1,42,电子信息与计算机工程系,讲师,14,60,机房/实验室,综合楼B座,18,1.4286,16,1,2,1,0,0,1,0,0,0,0,0,0,0,0,1,1,0,0,0,0,1.0,1.0,confirmed_item_positive
confirmed_item_58527,8,9,291,专业选修课,36,,1,42,电子信息与计算机工程系,讲师,14,60,机房/实验室,综合楼B座,18,1.4286,3,5,3,0,1,0,0,0,0,0,0,0,0,0,0,1,1,0,0,0,0,1.0,1.0,confirmed_item_positive
confirmed_item_58528,8,9,488,专业选修课,36,,1,42,电子信息与计算机工程系,讲师,14,60,机房/实验室,综合楼B座,18,1.4286,2,1,4,0,1,0,0,0,0,0,0,0,0,0,0,1,1,0,0,0,0,1.0,1.0,confirmed_item_positive
confirmed_item_58529,8,9,339,专业选修课,36,,1,42,电子信息与计算机工程系,讲师,14,60,机房/实验室,综合楼B座,18,1.4286,15,3,3,0,1,0,0,0,0,0,0,0,0,0,0,1,1,0,0,0,0,1.0,1.0,confirmed_item_positive
confirmed_item_58530,8,9,427,专业选修课,36,,1,42,电子信息与计算机工程系,讲师,14,60,机房/实验室,综合楼B座,18,1.4286,13,5,4,0,1,0,0,0,0,0,0,0,0,0,0,1,1,0,0,0,0,1.0,1.0,confirmed_item_positive
confirmed_item_58531,8,9,340,专业选修课,36,,1,42,电子信息与计算机工程系,讲师,14,60,机房/实验室,综合楼B座,18,1.4286,16,3,3,0,1,0,0,0,0,0,0,0,0,0,0,1,1,0,0,0,0,1.0,1.0,confirmed_item_positive
confirmed_item_58532,8,9,321,专业选修课,36,,1,42,电子信息与计算机工程系,讲师,14,60,机房/实验室,综合楼B座,18,1.4286,15,4,3,0,1,0,0,0,0,0,0,0,0,0,0,1,1,0,0,0,0,1.0,1.0,confirmed_item_positive
confirmed_item_58533,8,9,309,专业选修课,36,,1,42,电子信息与计算机工程系,讲师,14,60,机房/实验室,综合楼B座,18,1.4286,3,4,3,0,1,0,0,0,0,0,0,0,0,0,0,1,1,0,0,0,0,1.0,1.0,confirmed_item_positive
confirmed_item_58534,8,9,187,专业选修课,36,,1,42,电子信息与计算机工程系,讲师,14,60,机房/实验室,综合楼B座,18,1.4286,7,4,2,1,0,0,1,0,0,0,0,0,0,0,0,1,1,0,0,0,0,1.0,1.0,confirmed_item_positive
confirmed_item_58535,8,9,300,专业选修课,36,,1,42,电子信息与计算机工程系,讲师,14,60,机房/实验室,综合楼B座,18,1.4286,12,5,3,0,1,0,0,0,0,0,0,0,0,0,0,1,1,0,0,0,0,1.0,1.0,confirmed_item_positive
confirmed_item_58536,8,9,241,专业选修课,36,,1,42,电子信息与计算机工程系,讲师,14,60,机房/实验室,综合楼B座,18,1.4286,7,1,2,1,0,0,1,0,0,0,0,0,0,0,0,1,1,0,0,0,0,1.0,1.0,confirmed_item_positive
confirmed_item_58537,9,16,481,专业核心课,48,,2,88,电子信息与计算机工程系,副教授,12,120,阶梯教室,综合楼A座,32,1.3636,13,2,4,0,1,0,0,0,0,0,0,0,0,0,0,1,1,0,0,0,0,1.0,1.0,confirmed_item_positive
confirmed_item_58538,9,13,363,专业核心课,48,,2,88,电子信息与计算机工程系,副教授,12,100,阶梯教室,综合楼C座,12,1.1364,3,1,3,0,1,0,0,0,0,0,0,0,0,0,0,1,1,0,0,0,0,1.0,1.0,confirmed_item_positive
confirmed_item_58539,9,4,485,专业核心课,48,,2,88,电子信息与计算机工程系,副教授,12,100,阶梯教室,综合楼A座,12,1.1364,17,2,4,0,1,0,0,0,0,0,0,0,0,0,0,1,1,0,0,0,0,1.0,1.0,confirmed_item_positive
confirmed_item_58540,9,4,497,专业核心课,48,,2,88,电子信息与计算机工程系,副教授,12,100,阶梯教室,综合楼A座,12,1.1364,11,1,4,0,1,0,0,0,0,0,0,0,0,0,0,1,1,0,0,0,0,1.0,1.0,confirmed_item_positive
confirmed_item_58541,9,16,232,专业核心课,48,,2,88,电子信息与计算机工程系,副教授,12,120,阶梯教室,综合楼A座,32,1.3636,16,2,2,1,0,0,1,0,0,0,0,0,0,0,0,1,1,0,0,0,0,1.0,1.0,confirmed_item_positive
confirmed_item_58542,9,13,201,专业核心课,48,,2,88,电子信息与计算机工程系,副教授,12,100,阶梯教室,综合楼C座,12,1.1364,3,3,2,1,0,0,1,0,0,0,0,0,0,0,0,1,1,0,0,0,0,1.0,1.0,confirmed_item_positive
confirmed_item_58543,9,13,226,专业核心课,48,,2,88,电子信息与计算机工程系,副教授,12,100,阶梯教室,综合楼C座,12,1.1364,10,2,2,1,0,0,1,0,0,0,0,0,0,0,0,1,1,0,0,0,0,1.0,1.0,confirmed_item_positive
confirmed_item_58544,9,13,192,专业核心课,48,,2,88,电子信息与计算机工程系,副教授,12,100,阶梯教室,综合楼C座,12,1.1364,12,4,2,1,0,0,1,0,0,0,0,0,0,0,0,1,1,0,0,0,0,1.0,1.0,confirmed_item_positive
confirmed_item_58545,9,13,421,专业核心课,48,,2,88,电子信息与计算机工程系,副教授,12,100,阶梯教室,综合楼C座,12,1.1364,7,5,4,0,1,0,0,0,0,0,0,0,0,0,0,1,1,0,0,0,0,1.0,1.0,confirmed_item_positive
confirmed_item_58546,9,16,372,专业核心课,48,,2,88,电子信息与计算机工程系,副教授,12,120,阶梯教室,综合楼A座,32,1.3636,12,1,3,0,1,0,0,0,0,0,0,0,0,0,0,1,1,0,0,0,0,1.0,1.0,confirmed_item_positive
confirmed_item_58547,9,13,211,专业核心课,48,,2,88,电子信息与计算机工程系,副教授,12,100,阶梯教室,综合楼C座,12,1.1364,13,3,2,1,0,0,1,0,0,0,0,0,0,0,0,1,1,0,0,0,0,1.0,1.0,confirmed_item_positive
confirmed_item_58548,9,13,338,专业核心课,48,,2,88,电子信息与计算机工程系,副教授,12,100,阶梯教室,综合楼C座,12,1.1364,14,3,3,0,1,0,0,0,0,0,0,0,0,0,0,1,1,0,0,0,0,1.0,1.0,confirmed_item_positive
confirmed_item_58549,9,4,164,专业核心课,48,,2,88,电子信息与计算机工程系,副教授,12,100,阶梯教室,综合楼A座,12,1.1364,2,5,2,1,0,0,1,0,0,0,0,0,0,0,0,1,1,0,0,0,0,1.0,1.0,confirmed_item_positive
confirmed_item_58550,9,13,179,专业核心课,48,,2,88,电子信息与计算机工程系,副教授,12,100,阶梯教室,综合楼C座,12,1.1364,17,5,2,1,0,0,1,0,0,0,0,0,0,0,0,1,1,0,0,0,0,1.0,1.0,confirmed_item_positive
confirmed_item_58551,9,16,478,专业核心课,48,,2,88,电子信息与计算机工程系,副教授,12,120,阶梯教室,综合楼A座,32,1.3636,10,2,4,0,1,0,0,0,0,0,0,0,0,0,0,1,1,0,0,0,0,1.0,1.0,confirmed_item_positive
confirmed_item_58552,9,13,461,专业核心课,48,,2,88,电子信息与计算机工程系,副教授,12,100,阶梯教室,综合楼C座,12,1.1364,11,3,4,0,1,0,0,0,0,0,0,0,0,0,0,1,1,0,0,0,0,1.0,1.0,confirmed_item_positive
confirmed_item_58553,9,13,208,专业核心课,48,,2,88,电子信息与计算机工程系,副教授,12,100,阶梯教室,综合楼C座,12,1.1364,10,3,2,1,0,0,1,0,0,0,0,0,0,0,0,1,1,0,0,0,0,1.0,1.0,confirmed_item_positive
confirmed_item_58554,9,4,194,专业核心课,48,,2,88,电子信息与计算机工程系,副教授,12,100,阶梯教室,综合楼A座,12,1.1364,14,4,2,1,0,0,1,0,0,0,0,0,0,0,0,1,1,0,0,0,0,1.0,1.0,confirmed_item_positive
confirmed_item_58555,9,4,350,专业核心课,48,,2,88,电子信息与计算机工程系,副教授,12,100,阶梯教室,综合楼A座,12,1.1364,8,2,3,0,1,0,0,0,0,0,0,0,0,0,0,1,1,0,0,0,0,1.0,1.0,confirmed_item_positive
confirmed_item_58556,9,4,467,专业核心课,48,,2,88,电子信息与计算机工程系,副教授,12,100,阶梯教室,综合楼A座,12,1.1364,17,3,4,0,1,0,0,0,0,0,0,0,0,0,0,1,1,0,0,0,0,1.0,1.0,confirmed_item_positive
confirmed_item_58557,9,13,501,专业核心课,48,,2,88,电子信息与计算机工程系,副教授,12,100,阶梯教室,综合楼C座,12,1.1364,15,1,4,0,1,0,0,0,0,0,0,0,0,0,0,1,1,0,0,0,0,1.0,1.0,confirmed_item_positive
confirmed_item_58558,9,4,246,专业核心课,48,,2,88,电子信息与计算机工程系,副教授,12,100,阶梯教室,综合楼A座,12,1.1364,12,1,2,1,0,0,1,0,0,0,0,0,0,0,0,1,1,0,0,0,0,1.0,1.0,confirmed_item_positive
confirmed_item_58559,9,16,222,专业核心课,48,,2,88,电子信息与计算机工程系,副教授,12,120,阶梯教室,综合楼A座,32,1.3636,6,2,2,1,0,0,1,0,0,0,0,0,0,0,0,1,1,0,0,0,0,1.0,1.0,confirmed_item_positive
confirmed_item_58560,9,4,301,专业核心课,48,,2,88,电子信息与计算机工程系,副教授,12,100,阶梯教室,综合楼A座,12,1.1364,13,5,3,0,1,0,0,0,0,0,0,0,0,0,0,1,1,0,0,0,0,1.0,1.0,confirmed_item_positive
confirmed_item_58561,10,7,484,专业核心课,48,,1,45,电子信息与计算机工程系,副教授,12,80,普通教室,综合楼B座,35,1.7778,16,2,4,0,1,0,0,0,0,0,0,0,0,0,0,1,1,0,0,0,0,1.0,1.0,confirmed_item_positive
confirmed_item_58562,10,7,428,专业核心课,48,,1,45,电子信息与计算机工程系,副教授,12,80,普通教室,综合楼B座,35,1.7778,14,5,4,0,1,0,0,0,0,0,0,0,0,0,0,1,1,0,0,0,0,1.0,1.0,confirmed_item_positive
confirmed_item_58563,10,12,294,专业核心课,48,,1,45,电子信息与计算机工程系,副教授,12,80,普通教室,综合楼C座,35,1.7778,6,5,3,0,1,0,0,0,0,0,0,0,0,0,0,1,1,0,0,0,0,1.0,1.0,confirmed_item_positive
confirmed_item_58564,10,18,349,专业核心课,48,,1,45,电子信息与计算机工程系,副教授,12,70,普通教室,综合楼B座,25,1.5556,7,2,3,0,1,0,0,0,0,0,0,0,0,0,0,1,1,0,0,0,0,1.0,1.0,confirmed_item_positive
confirmed_item_58565,10,8,451,专业核心课,48,,1,45,电子信息与计算机工程系,副教授,12,90,阶梯教室,综合楼B座,45,2.0,1,3,4,0,1,0,0,0,0,0,0,0,0,0,0,1,1,0,0,0,0,1.0,1.0,confirmed_item_positive
confirmed_item_58566,10,18,212,专业核心课,48,,1,45,电子信息与计算机工程系,副教授,12,70,普通教室,综合楼B座,25,1.5556,14,3,2,1,0,0,1,0,0,0,0,0,0,0,0,1,1,0,0,0,0,1.0,1.0,confirmed_item_positive
confirmed_item_58567,10,7,470,专业核心课,48,,1,45,电子信息与计算机工程系,副教授,12,80,普通教室,综合楼B座,35,1.7778,2,2,4,0,1,0,0,0,0,0,0,0,0,0,0,1,1,0,0,0,0,1.0,1.0,confirmed_item_positive
confirmed_item_58568,10,7,368,专业核心课,48,,1,45,电子信息与计算机工程系,副教授,12,80,普通教室,综合楼B座,35,1.7778,8,1,3,0,1,0,0,0,0,0,0,0,0,0,0,1,1,0,0,0,0,1.0,1.0,confirmed_item_positive
confirmed_item_58569,10,7,236,专业核心课,48,,1,45,电子信息与计算机工程系,副教授,12,80,普通教室,综合楼B座,35,1.7778,2,1,2,1,0,0,1,0,0,0,0,0,0,0,0,1,1,0,0,0,0,1.0,1.0,confirmed_item_positive
confirmed_item_58570,10,7,489,专业核心课,48,,1,45,电子信息与计算机工程系,副教授,12,80,普通教室,综合楼B座,35,1.7778,3,1,4,0,1,0,0,0,0,0,0,0,0,0,0,1,1,0,0,0,0,1.0,1.0,confirmed_item_positive
confirmed_item_58571,10,7,371,专业核心课,48,,1,45,电子信息与计算机工程系,副教授,12,80,普通教室,综合楼B座,35,1.7778,11,1,3,0,1,0,0,0,0,0,0,0,0,0,0,1,1,0,0,0,0,1.0,1.0,confirmed_item_positive
confirmed_item_58572,10,7,453,专业核心课,48,,1,45,电子信息与计算机工程系,副教授,12,80,普通教室,综合楼B座,35,1.7778,3,3,4,0,1,0,0,0,0,0,0,0,0,0,0,1,1,0,0,0,0,1.0,1.0,confirmed_item_positive
confirmed_item_58573,10,7,364,专业核心课,48,,1,45,电子信息与计算机工程系,副教授,12,80,普通教室,综合楼B座,35,1.7778,4,1,3,0,1,0,0,0,0,0,0,0,0,0,0,1,1,0,0,0,0,1.0,1.0,confirmed_item_positive
confirmed_item_58574,10,7,249,专业核心课,48,,1,45,电子信息与计算机工程系,副教授,12,80,普通教室,综合楼B座,35,1.7778,15,1,2,1,0,0,1,0,0,0,0,0,0,0,0,1,1,0,0,0,0,1.0,1.0,confirmed_item_positive
confirmed_item_58575,10,18,418,专业核心课,48,,1,45,电子信息与计算机工程系,副教授,12,70,普通教室,综合楼B座,25,1.5556,4,5,4,0,1,0,0,0,0,0,0,0,0,0,0,1,1,0,0,0,0,1.0,1.0,confirmed_item_positive
confirmed_item_58576,10,18,459,专业核心课,48,,1,45,电子信息与计算机工程系,副教授,12,70,普通教室,综合楼B座,25,1.5556,9,3,4,0,1,0,0,0,0,0,0,0,0,0,0,1,1,0,0,0,0,1.0,1.0,confirmed_item_positive
confirmed_item_58577,10,7,498,专业核心课,48,,1,45,电子信息与计算机工程系,副教授,12,80,普通教室,综合楼B座,35,1.7778,12,1,4,0,1,0,0,0,0,0,0,0,0,0,0,1,1,0,0,0,0,1.0,1.0,confirmed_item_positive
confirmed_item_58578,10,7,465,专业核心课,48,,1,45,电子信息与计算机工程系,副教授,12,80,普通教室,综合楼B座,35,1.7778,15,3,4,0,1,0,0,0,0,0,0,0,0,0,0,1,1,0,0,0,0,1.0,1.0,confirmed_item_positive
confirmed_item_58579,10,7,213,专业核心课,48,,1,45,电子信息与计算机工程系,副教授,12,80,普通教室,综合楼B座,35,1.7778,15,3,2,1,0,0,1,0,0,0,0,0,0,0,0,1,1,0,0,0,0,1.0,1.0,confirmed_item_positive
confirmed_item_58580,10,7,430,专业核心课,48,,1,45,电子信息与计算机工程系,副教授,12,80,普通教室,综合楼B座,35,1.7778,16,5,4,0,1,0,0,0,0,0,0,0,0,0,0,1,1,0,0,0,0,1.0,1.0,confirmed_item_positive
confirmed_item_58581,10,7,334,专业核心课,48,,1,45,电子信息与计算机工程系,副教授,12,80,普通教室,综合楼B座,35,1.7778,10,3,3,0,1,0,0,0,0,0,0,0,0,0,0,1,1,0,0,0,0,1.0,1.0,confirmed_item_positive
confirmed_item_58582,10,7,328,专业核心课,48,,1,45,电子信息与计算机工程系,副教授,12,80,普通教室,综合楼B座,35,1.7778,4,3,3,0,1,0,0,0,0,0,0,0,0,0,0,1,1,0,0,0,0,1.0,1.0,confirmed_item_positive
confirmed_item_58583,10,7,496,专业核心课,48,,1,45,电子信息与计算机工程系,副教授,12,80,普通教室,综合楼B座,35,1.7778,10,1,4,0,1,0,0,0,0,0,0,0,0,0,0,1,1,0,0,0,0,1.0,1.0,confirmed_item_positive
confirmed_item_58584,10,7,240,专业核心课,48,,1,45,电子信息与计算机工程系,副教授,12,80,普通教室,综合楼B座,35,1.7778,6,1,2,1,0,0,1,0,0,0,0,0,0,0,0,1,1,0,0,0,0,1.0,1.0,confirmed_item_positive
confirmed_item_58585,11,9,298,专业选修课,36,,1,38,电子信息与计算机工程系,教授,10,60,机房/实验室,综合楼B座,22,1.5789,10,5,3,0,1,0,0,0,0,0,0,0,0,0,0,1,1,0,0,0,0,1.0,1.0,confirmed_item_positive
confirmed_item_58586,11,18,421,专业选修课,36,,1,38,电子信息与计算机工程系,教授,10,70,普通教室,综合楼B座,32,1.8421,7,5,4,0,1,0,0,0,0,0,0,0,0,0,0,1,1,0,0,0,0,1.0,1.0,confirmed_item_positive
confirmed_item_58587,11,15,422,专业选修课,36,,1,38,电子信息与计算机工程系,教授,10,60,机房实验室,综合楼C座,22,1.5789,8,5,4,0,1,0,0,0,0,0,0,0,0,0,0,1,1,0,0,0,0,1.0,1.0,confirmed_item_positive
confirmed_item_58588,11,10,171,专业选修课,36,,1,38,电子信息与计算机工程系,教授,10,60,机房/实验室,综合楼B座,22,1.5789,9,5,2,1,0,0,1,0,0,0,0,0,0,0,0,1,1,0,0,0,0,1.0,1.0,confirmed_item_positive
confirmed_item_58589,11,10,214,专业选修课,36,,1,38,电子信息与计算机工程系,教授,10,60,机房/实验室,综合楼B座,22,1.5789,16,3,2,1,0,0,1,0,0,0,0,0,0,0,0,1,1,0,0,0,0,1.0,1.0,confirmed_item_positive
confirmed_item_58590,11,18,304,专业选修课,36,,1,38,电子信息与计算机工程系,教授,10,70,普通教室,综合楼B座,32,1.8421,16,5,3,0,1,0,0,0,0,0,0,0,0,0,0,1,1,0,0,0,0,1.0,1.0,confirmed_item_positive
confirmed_item_58591,11,18,419,专业选修课,36,,1,38,电子信息与计算机工程系,教授,10,70,普通教室,综合楼B座,32,1.8421,5,5,4,0,1,0,0,0,0,0,0,0,0,0,0,1,1,0,0,0,0,1.0,1.0,confirmed_item_positive
confirmed_item_58592,11,9,211,专业选修课,36,,1,38,电子信息与计算机工程系,教授,10,60,机房/实验室,综合楼B座,22,1.5789,13,3,2,1,0,0,1,0,0,0,0,0,0,0,0,1,1,0,0,0,0,1.0,1.0,confirmed_item_positive
confirmed_item_58593,11,15,191,专业选修课,36,,1,38,电子信息与计算机工程系,教授,10,60,机房实验室,综合楼C座,22,1.5789,11,4,2,1,0,0,1,0,0,0,0,0,0,0,0,1,1,0,0,0,0,1.0,1.0,confirmed_item_positive
confirmed_item_58594,11,5,463,专业选修课,36,,1,38,电子信息与计算机工程系,教授,10,60,机房/实验室,综合楼A座,22,1.5789,13,3,4,0,1,0,0,0,0,0,0,0,0,0,0,1,1,0,0,0,0,1.0,1.0,confirmed_item_positive
confirmed_item_58595,11,14,328,专业选修课,36,,1,38,电子信息与计算机工程系,教授,10,60,机房实验室,综合楼C座,22,1.5789,4,3,3,0,1,0,0,0,0,0,0,0,0,0,0,1,1,0,0,0,0,1.0,1.0,confirmed_item_positive
confirmed_item_58596,11,10,229,专业选修课,36,,1,38,电子信息与计算机工程系,教授,10,60,机房/实验室,综合楼B座,22,1.5789,13,2,2,1,0,0,1,0,0,0,0,0,0,0,0,1,1,0,0,0,0,1.0,1.0,confirmed_item_positive
confirmed_item_58597,11,10,436,专业选修课,36,,1,38,电子信息与计算机工程系,教授,10,60,机房/实验室,综合楼B座,22,1.5789,4,4,4,0,1,0,0,0,0,0,0,0,0,0,0,1,1,0,0,0,0,1.0,1.0,confirmed_item_positive
confirmed_item_58598,11,17,194,专业选修课,36,,1,38,电子信息与计算机工程系,教授,10,70,普通教室,综合楼B座,32,1.8421,14,4,2,1,0,0,1,0,0,0,0,0,0,0,0,1,1,0,0,0,0,1.0,1.0,confirmed_item_positive
confirmed_item_58599,11,14,313,专业选修课,36,,1,38,电子信息与计算机工程系,教授,10,60,机房实验室,综合楼C座,22,1.5789,7,4,3,0,1,0,0,0,0,0,0,0,0,0,0,1,1,0,0,0,0,1.0,1.0,confirmed_item_positive
confirmed_item_58600,11,18,426,专业选修课,36,,1,38,电子信息与计算机工程系,教授,10,70,普通教室,综合楼B座,32,1.8421,12,5,4,0,1,0,0,0,0,0,0,0,0,0,0,1,1,0,0,0,0,1.0,1.0,confirmed_item_positive
confirmed_item_58601,11,5,339,专业选修课,36,,1,38,电子信息与计算机工程系,教授,10,60,机房/实验室,综合楼A座,22,1.5789,15,3,3,0,1,0,0,0,0,0,0,0,0,0,0,1,1,0,0,0,0,1.0,1.0,confirmed_item_positive
confirmed_item_58602,11,18,197,专业选修课,36,,1,38,电子信息与计算机工程系,教授,10,70,普通教室,综合楼B座,32,1.8421,17,4,2,1,0,0,1,0,0,0,0,0,0,0,0,1,1,0,0,0,0,1.0,1.0,confirmed_item_positive
confirmed_item_58603,12,10,323,专业选修课,36,,1,38,电子信息与计算机工程系,副教授,12,60,机房/实验室,综合楼B座,22,1.5789,17,4,3,0,1,0,0,0,0,0,0,0,0,0,0,1,1,0,0,0,0,1.0,1.0,confirmed_item_positive
confirmed_item_58604,12,10,315,专业选修课,36,,1,38,电子信息与计算机工程系,副教授,12,60,机房/实验室,综合楼B座,22,1.5789,9,4,3,0,1,0,0,0,0,0,0,0,0,0,0,1,1,0,0,0,0,1.0,1.0,confirmed_item_positive
confirmed_item_58605,12,10,197,专业选修课,36,,1,38,电子信息与计算机工程系,副教授,12,60,机房/实验室,综合楼B座,22,1.5789,17,4,2,1,0,0,1,0,0,0,0,0,0,0,0,1,1,0,0,0,0,1.0,1.0,confirmed_item_positive
confirmed_item_58606,12,10,496,专业选修课,36,,1,38,电子信息与计算机工程系,副教授,12,60,机房/实验室,综合楼B座,22,1.5789,10,1,4,0,1,0,0,0,0,0,0,0,0,0,0,1,1,0,0,0,0,1.0,1.0,confirmed_item_positive
confirmed_item_58607,12,10,230,专业选修课,36,,1,38,电子信息与计算机工程系,副教授,12,60,机房/实验室,综合楼B座,22,1.5789,14,2,2,1,0,0,1,0,0,0,0,0,0,0,0,1,1,0,0,0,0,1.0,1.0,confirmed_item_positive
confirmed_item_58608,12,10,434,专业选修课,36,,1,38,电子信息与计算机工程系,副教授,12,60,机房/实验室,综合楼B座,22,1.5789,2,4,4,0,1,0,0,0,0,0,0,0,0,0,0,1,1,0,0,0,0,1.0,1.0,confirmed_item_positive
confirmed_item_58609,12,10,493,专业选修课,36,,1,38,电子信息与计算机工程系,副教授,12,60,机房/实验室,综合楼B座,22,1.5789,7,1,4,0,1,0,0,0,0,0,0,0,0,0,0,1,1,0,0,0,0,1.0,1.0,confirmed_item_positive
confirmed_item_58610,12,10,348,专业选修课,36,,1,38,电子信息与计算机工程系,副教授,12,60,机房/实验室,综合楼B座,22,1.5789,6,2,3,0,1,0,0,0,0,0,0,0,0,0,0,1,1,0,0,0,0,1.0,1.0,confirmed_item_positive
confirmed_item_58611,12,10,184,专业选修课,36,,1,38,电子信息与计算机工程系,副教授,12,60,机房/实验室,综合楼B座,22,1.5789,4,4,2,1,0,0,1,0,0,0,0,0,0,0,0,1,1,0,0,0,0,1.0,1.0,confirmed_item_positive
confirmed_item_58612,12,10,442,专业选修课,36,,1,38,电子信息与计算机工程系,副教授,12,60,机房/实验室,综合楼B座,22,1.5789,10,4,4,0,1,0,0,0,0,0,0,0,0,0,0,1,1,0,0,0,0,1.0,1.0,confirmed_item_positive
confirmed_item_58613,12,10,317,专业选修课,36,,1,38,电子信息与计算机工程系,副教授,12,60,机房/实验室,综合楼B座,22,1.5789,11,4,3,0,1,0,0,0,0,0,0,0,0,0,0,1,1,0,0,0,0,1.0,1.0,confirmed_item_positive
confirmed_item_58614,12,10,321,专业选修课,36,,1,38,电子信息与计算机工程系,副教授,12,60,机房/实验室,综合楼B座,22,1.5789,15,4,3,0,1,0,0,0,0,0,0,0,0,0,0,1,1,0,0,0,0,1.0,1.0,confirmed_item_positive
confirmed_item_58615,12,10,481,专业选修课,36,,1,38,电子信息与计算机工程系,副教授,12,60,机房/实验室,综合楼B座,22,1.5789,13,2,4,0,1,0,0,0,0,0,0,0,0,0,0,1,1,0,0,0,0,1.0,1.0,confirmed_item_positive
confirmed_item_58616,12,10,470,专业选修课,36,,1,38,电子信息与计算机工程系,副教授,12,60,机房/实验室,综合楼B座,22,1.5789,2,2,4,0,1,0,0,0,0,0,0,0,0,0,0,1,1,0,0,0,0,1.0,1.0,confirmed_item_positive
confirmed_item_58617,12,14,322,专业选修课,36,,1,38,电子信息与计算机工程系,副教授,12,60,机房实验室,综合楼C座,22,1.5789,16,4,3,0,1,0,0,0,0,0,0,0,0,0,0,1,1,0,0,0,0,1.0,1.0,confirmed_item_positive
confirmed_item_58618,12,10,165,专业选修课,36,,1,38,电子信息与计算机工程系,副教授,12,60,机房/实验室,综合楼B座,22,1.5789,3,5,2,1,0,0,1,0,0,0,0,0,0,0,0,1,1,0,0,0,0,1.0,1.0,confirmed_item_positive
confirmed_item_58619,12,10,236,专业选修课,36,,1,38,电子信息与计算机工程系,副教授,12,60,机房/实验室,综合楼B座,22,1.5789,2,1,2,1,0,0,1,0,0,0,0,0,0,0,0,1,1,0,0,0,0,1.0,1.0,confirmed_item_positive
confirmed_item_58620,12,10,168,专业选修课,36,,1,38,电子信息与计算机工程系,副教授,12,60,机房/实验室,综合楼B座,22,1.5789,6,5,2,1,0,0,1,0,0,0,0,0,0,0,0,1,1,0,0,0,0,1.0,1.0,confirmed_item_positive
confirmed_item_58621,13,9,244,专业选修课,24,,1,43,电子信息与计算机工程系,讲师,14,60,机房/实验室,综合楼B座,17,1.3953,10,1,2,1,0,0,1,0,0,0,0,0,0,0,0,1,1,0,0,0,0,1.0,1.0,confirmed_item_positive
confirmed_item_58622,13,9,491,专业选修课,24,,1,43,电子信息与计算机工程系,讲师,14,60,机房/实验室,综合楼B座,17,1.3953,5,1,4,0,1,0,0,0,0,0,0,0,0,0,0,1,1,0,0,0,0,1.0,1.0,confirmed_item_positive
confirmed_item_58623,13,18,494,专业选修课,24,,1,43,电子信息与计算机工程系,讲师,14,70,普通教室,综合楼B座,27,1.6279,8,1,4,0,1,0,0,0,0,0,0,0,0,0,0,1,1,0,0,0,0,1.0,1.0,confirmed_item_positive
confirmed_item_58624,13,9,433,专业选修课,24,,1,43,电子信息与计算机工程系,讲师,14,60,机房/实验室,综合楼B座,17,1.3953,1,4,4,0,1,0,0,0,0,0,0,0,0,0,0,1,1,0,0,0,0,1.0,1.0,confirmed_item_positive
confirmed_item_58625,13,9,290,专业选修课,24,,1,43,电子信息与计算机工程系,讲师,14,60,机房/实验室,综合楼B座,17,1.3953,2,5,3,0,1,0,0,0,0,0,0,0,0,0,0,1,1,0,0,0,0,1.0,1.0,confirmed_item_positive
confirmed_item_58626,13,9,316,专业选修课,24,,1,43,电子信息与计算机工程系,讲师,14,60,机房/实验室,综合楼B座,17,1.3953,10,4,3,0,1,0,0,0,0,0,0,0,0,0,0,1,1,0,0,0,0,1.0,1.0,confirmed_item_positive
confirmed_item_58627,13,9,195,专业选修课,24,,1,43,电子信息与计算机工程系,讲师,14,60,机房/实验室,综合楼B座,17,1.3953,15,4,2,1,0,0,1,0,0,0,0,0,0,0,0,1,1,0,0,0,0,1.0,1.0,confirmed_item_positive
confirmed_item_58628,13,9,502,专业选修课,24,,1,43,电子信息与计算机工程系,讲师,14,60,机房/实验室,综合楼B座,17,1.3953,16,1,4,0,1,0,0,0,0,0,0,0,0,0,0,1,1,0,0,0,0,1.0,1.0,confirmed_item_positive
confirmed_item_58629,13,9,237,专业选修课,24,,1,43,电子信息与计算机工程系,讲师,14,60,机房/实验室,综合楼B座,17,1.3953,3,1,2,1,0,0,1,0,0,0,0,0,0,0,0,1,1,0,0,0,0,1.0,1.0,confirmed_item_positive
confirmed_item_58630,13,9,429,专业选修课,24,,1,43,电子信息与计算机工程系,讲师,14,60,机房/实验室,综合楼B座,17,1.3953,15,5,4,0,1,0,0,0,0,0,0,0,0,0,0,1,1,0,0,0,0,1.0,1.0,confirmed_item_positive
confirmed_item_58631,13,9,455,专业选修课,24,,1,43,电子信息与计算机工程系,讲师,14,60,机房/实验室,综合楼B座,17,1.3953,5,3,4,0,1,0,0,0,0,0,0,0,0,0,0,1,1,0,0,0,0,1.0,1.0,confirmed_item_positive
confirmed_item_58632,13,9,336,专业选修课,24,,1,43,电子信息与计算机工程系,讲师,14,60,机房/实验室,综合楼B座,17,1.3953,12,3,3,0,1,0,0,0,0,0,0,0,0,0,0,1,1,0,0,0,0,1.0,1.0,confirmed_item_positive
confirmed_item_58633,14,7,464,专业选修课,24,,1,40,电子信息与计算机工程系,讲师,14,80,普通教室,综合楼B座,40,2.0,14,3,4,0,1,0,0,0,0,0,0,0,0,0,0,1,1,0,0,0,0,1.0,1.0,confirmed_item_positive
confirmed_item_58634,14,9,329,专业选修课,24,,1,40,电子信息与计算机工程系,讲师,14,60,机房/实验室,综合楼B座,20,1.5,5,3,3,0,1,0,0,0,0,0,0,0,0,0,0,1,1,0,0,0,0,1.0,1.0,confirmed_item_positive
confirmed_item_58635,14,7,295,专业选修课,24,,1,40,电子信息与计算机工程系,讲师,14,80,普通教室,综合楼B座,40,2.0,7,5,3,0,1,0,0,0,0,0,0,0,0,0,0,1,1,0,0,0,0,1.0,1.0,confirmed_item_positive
confirmed_item_58636,14,7,417,专业选修课,24,,1,40,电子信息与计算机工程系,讲师,14,80,普通教室,综合楼B座,40,2.0,3,5,4,0,1,0,0,0,0,0,0,0,0,0,0,1,1,0,0,0,0,1.0,1.0,confirmed_item_positive
confirmed_item_58637,14,7,491,专业选修课,24,,1,40,电子信息与计算机工程系,讲师,14,80,普通教室,综合楼B座,40,2.0,5,1,4,0,1,0,0,0,0,0,0,0,0,0,0,1,1,0,0,0,0,1.0,1.0,confirmed_item_positive
confirmed_item_58638,14,7,307,专业选修课,24,,1,40,电子信息与计算机工程系,讲师,14,80,普通教室,综合楼B座,40,2.0,1,4,3,0,1,0,0,0,0,0,0,0,0,0,0,1,1,0,0,0,0,1.0,1.0,confirmed_item_positive
confirmed_item_58639,14,7,215,专业选修课,24,,1,40,电子信息与计算机工程系,讲师,14,80,普通教室,综合楼B座,40,2.0,17,3,2,1,0,0,1,0,0,0,0,0,0,0,0,1,1,0,0,0,0,1.0,1.0,confirmed_item_positive
confirmed_item_58640,14,7,292,专业选修课,24,,1,40,电子信息与计算机工程系,讲师,14,80,普通教室,综合楼B座,40,2.0,4,5,3,0,1,0,0,0,0,0,0,0,0,0,0,1,1,0,0,0,0,1.0,1.0,confirmed_item_positive
confirmed_item_58641,14,7,332,专业选修课,24,,1,40,电子信息与计算机工程系,讲师,14,80,普通教室,综合楼B座,40,2.0,8,3,3,0,1,0,0,0,0,0,0,0,0,0,0,1,1,0,0,0,0,1.0,1.0,confirmed_item_positive
confirmed_item_58642,14,7,322,专业选修课,24,,1,40,电子信息与计算机工程系,讲师,14,80,普通教室,综合楼B座,40,2.0,16,4,3,0,1,0,0,0,0,0,0,0,0,0,0,1,1,0,0,0,0,1.0,1.0,confirmed_item_positive
confirmed_item_58643,14,7,475,专业选修课,24,,1,40,电子信息与计算机工程系,讲师,14,80,普通教室,综合楼B座,40,2.0,7,2,4,0,1,0,0,0,0,0,0,0,0,0,0,1,1,0,0,0,0,1.0,1.0,confirmed_item_positive
confirmed_item_58644,14,7,462,专业选修课,24,,1,40,电子信息与计算机工程系,讲师,14,80,普通教室,综合楼B座,40,2.0,12,3,4,0,1,0,0,0,0,0,0,0,0,0,0,1,1,0,0,0,0,1.0,1.0,confirmed_item_positive
confirmed_item_58645,15,2,316,专业核心课,48,,1,40,电子信息与计算机工程系,副教授,12,80,普通教室,综合楼A座,40,2.0,10,4,3,0,1,0,0,0,0,0,0,0,0,0,0,1,1,0,0,0,0,1.0,1.0,confirmed_item_positive
confirmed_item_58646,15,2,444,专业核心课,48,,1,40,电子信息与计算机工程系,副教授,12,80,普通教室,综合楼A座,40,2.0,12,4,4,0,1,0,0,0,0,0,0,0,0,0,0,1,1,0,0,0,0,1.0,1.0,confirmed_item_positive
confirmed_item_58647,15,18,440,专业核心课,48,,1,40,电子信息与计算机工程系,副教授,12,70,普通教室,综合楼B座,30,1.75,8,4,4,0,1,0,0,0,0,0,0,0,0,0,0,1,1,0,0,0,0,1.0,1.0,confirmed_item_positive
confirmed_item_58648,15,2,186,专业核心课,48,,1,40,电子信息与计算机工程系,副教授,12,80,普通教室,综合楼A座,40,2.0,6,4,2,1,0,0,1,0,0,0,0,0,0,0,0,1,1,0,0,0,0,1.0,1.0,confirmed_item_positive
confirmed_item_58649,15,2,219,专业核心课,48,,1,40,电子信息与计算机工程系,副教授,12,80,普通教室,综合楼A座,40,2.0,3,2,2,1,0,0,1,0,0,0,0,0,0,0,0,1,1,0,0,0,0,1.0,1.0,confirmed_item_positive
confirmed_item_58650,15,2,483,专业核心课,48,,1,40,电子信息与计算机工程系,副教授,12,80,普通教室,综合楼A座,40,2.0,15,2,4,0,1,0,0,0,0,0,0,0,0,0,0,1,1,0,0,0,0,1.0,1.0,confirmed_item_positive
confirmed_item_58651,15,2,164,专业核心课,48,,1,40,电子信息与计算机工程系,副教授,12,80,普通教室,综合楼A座,40,2.0,2,5,2,1,0,0,1,0,0,0,0,0,0,0,0,1,1,0,0,0,0,1.0,1.0,confirmed_item_positive
confirmed_item_58652,15,2,364,专业核心课,48,,1,40,电子信息与计算机工程系,副教授,12,80,普通教室,综合楼A座,40,2.0,4,1,3,0,1,0,0,0,0,0,0,0,0,0,0,1,1,0,0,0,0,1.0,1.0,confirmed_item_positive
confirmed_item_58653,15,3,472,专业核心课,48,,1,40,电子信息与计算机工程系,副教授,12,80,普通教室,综合楼A座,40,2.0,4,2,4,0,1,0,0,0,0,0,0,0,0,0,0,1,1,0,0,0,0,1.0,1.0,confirmed_item_positive
confirmed_item_58654,15,12,178,专业核心课,48,,1,40,电子信息与计算机工程系,副教授,12,80,普通教室,综合楼C座,40,2.0,16,5,2,1,0,0,1,0,0,0,0,0,0,0,0,1,1,0,0,0,0,1.0,1.0,confirmed_item_positive
confirmed_item_58655,15,2,494,专业核心课,48,,1,40,电子信息与计算机工程系,副教授,12,80,普通教室,综合楼A座,40,2.0,8,1,4,0,1,0,0,0,0,0,0,0,0,0,0,1,1,0,0,0,0,1.0,1.0,confirmed_item_positive
confirmed_item_58656,15,2,474,专业核心课,48,,1,40,电子信息与计算机工程系,副教授,12,80,普通教室,综合楼A座,40,2.0,6,2,4,0,1,0,0,0,0,0,0,0,0,0,0,1,1,0,0,0,0,1.0,1.0,confirmed_item_positive
confirmed_item_58657,15,18,192,专业核心课,48,,1,40,电子信息与计算机工程系,副教授,12,70,普通教室,综合楼B座,30,1.75,12,4,2,1,0,0,1,0,0,0,0,0,0,0,0,1,1,0,0,0,0,1.0,1.0,confirmed_item_positive
confirmed_item_58658,15,11,320,专业核心课,48,,1,40,电子信息与计算机工程系,副教授,12,80,普通教室,综合楼C座,40,2.0,14,4,3,0,1,0,0,0,0,0,0,0,0,0,0,1,1,0,0,0,0,1.0,1.0,confirmed_item_positive
confirmed_item_58659,15,2,223,专业核心课,48,,1,40,电子信息与计算机工程系,副教授,12,80,普通教室,综合楼A座,40,2.0,7,2,2,1,0,0,1,0,0,0,0,0,0,0,0,1,1,0,0,0,0,1.0,1.0,confirmed_item_positive
confirmed_item_58660,15,2,189,专业核心课,48,,1,40,电子信息与计算机工程系,副教授,12,80,普通教室,综合楼A座,40,2.0,9,4,2,1,0,0,1,0,0,0,0,0,0,0,0,1,1,0,0,0,0,1.0,1.0,confirmed_item_positive
confirmed_item_58661,15,2,310,专业核心课,48,,1,40,电子信息与计算机工程系,副教授,12,80,普通教室,综合楼A座,40,2.0,4,4,3,0,1,0,0,0,0,0,0,0,0,0,0,1,1,0,0,0,0,1.0,1.0,confirmed_item_positive
confirmed_item_58662,15,2,170,专业核心课,48,,1,40,电子信息与计算机工程系,副教授,12,80,普通教室,综合楼A座,40,2.0,8,5,2,1,0,0,1,0,0,0,0,0,0,0,0,1,1,0,0,0,0,1.0,1.0,confirmed_item_positive
confirmed_item_58663,15,18,484,专业核心课,48,,1,40,电子信息与计算机工程系,副教授,12,70,普通教室,综合楼B座,30,1.75,16,2,4,0,1,0,0,0,0,0,0,0,0,0,0,1,1,0,0,0,0,1.0,1.0,confirmed_item_positive
confirmed_item_58664,15,10,367,专业核心课,48,,1,40,电子信息与计算机工程系,副教授,12,60,机房/实验室,综合楼B座,20,1.5,7,1,3,0,1,0,0,0,0,0,0,0,0,0,0,1,1,0,0,0,0,1.0,1.0,confirmed_item_positive
confirmed_item_58665,15,10,227,专业核心课,48,,1,40,电子信息与计算机工程系,副教授,12,60,机房/实验室,综合楼B座,20,1.5,11,2,2,1,0,0,1,0,0,0,0,0,0,0,0,1,1,0,0,0,0,1.0,1.0,confirmed_item_positive
confirmed_item_58666,15,12,240,专业核心课,48,,1,40,电子信息与计算机工程系,副教授,12,80,普通教室,综合楼C座,40,2.0,6,1,2,1,0,0,1,0,0,0,0,0,0,0,0,1,1,0,0,0,0,1.0,1.0,confirmed_item_positive
confirmed_item_58667,15,9,377,专业核心课,48,,1,40,电子信息与计算机工程系,副教授,12,60,机房/实验室,综合楼B座,20,1.5,17,1,3,0,1,0,0,0,0,0,0,0,0,0,0,1,1,0,0,0,0,1.0,1.0,confirmed_item_positive
confirmed_item_58668,15,9,191,专业核心课,48,,1,40,电子信息与计算机工程系,副教授,12,60,机房/实验室,综合楼B座,20,1.5,11,4,2,1,0,0,1,0,0,0,0,0,0,0,0,1,1,0,0,0,0,1.0,1.0,confirmed_item_positive
confirmed_item_58669,16,3,305,专业核心课,48,,1,43,电子信息与计算机工程系,副教授,12,80,普通教室,综合楼A座,37,1.8605,17,5,3,0,1,0,0,0,0,0,0,0,0,0,0,1,1,0,0,0,0,1.0,1.0,confirmed_item_positive
confirmed_item_58670,16,3,496,专业核心课,48,,1,43,电子信息与计算机工程系,副教授,12,80,普通教室,综合楼A座,37,1.8605,10,1,4,0,1,0,0,0,0,0,0,0,0,0,0,1,1,0,0,0,0,1.0,1.0,confirmed_item_positive
confirmed_item_58671,16,3,476,专业核心课,48,,1,43,电子信息与计算机工程系,副教授,12,80,普通教室,综合楼A座,37,1.8605,8,2,4,0,1,0,0,0,0,0,0,0,0,0,0,1,1,0,0,0,0,1.0,1.0,confirmed_item_positive
confirmed_item_58672,16,3,428,专业核心课,48,,1,43,电子信息与计算机工程系,副教授,12,80,普通教室,综合楼A座,37,1.8605,14,5,4,0,1,0,0,0,0,0,0,0,0,0,0,1,1,0,0,0,0,1.0,1.0,confirmed_item_positive
confirmed_item_58673,16,3,493,专业核心课,48,,1,43,电子信息与计算机工程系,副教授,12,80,普通教室,综合楼A座,37,1.8605,7,1,4,0,1,0,0,0,0,0,0,0,0,0,0,1,1,0,0,0,0,1.0,1.0,confirmed_item_positive
confirmed_item_58674,16,3,206,专业核心课,48,,1,43,电子信息与计算机工程系,副教授,12,80,普通教室,综合楼A座,37,1.8605,8,3,2,1,0,0,1,0,0,0,0,0,0,0,0,1,1,0,0,0,0,1.0,1.0,confirmed_item_positive
confirmed_item_58675,16,3,241,专业核心课,48,,1,43,电子信息与计算机工程系,副教授,12,80,普通教室,综合楼A座,37,1.8605,7,1,2,1,0,0,1,0,0,0,0,0,0,0,0,1,1,0,0,0,0,1.0,1.0,confirmed_item_positive
confirmed_item_58676,16,3,375,专业核心课,48,,1,43,电子信息与计算机工程系,副教授,12,80,普通教室,综合楼A座,37,1.8605,15,1,3,0,1,0,0,0,0,0,0,0,0,0,0,1,1,0,0,0,0,1.0,1.0,confirmed_item_positive
confirmed_item_58677,16,3,459,专业核心课,48,,1,43,电子信息与计算机工程系,副教授,12,80,普通教室,综合楼A座,37,1.8605,9,3,4,0,1,0,0,0,0,0,0,0,0,0,0,1,1,0,0,0,0,1.0,1.0,confirmed_item_positive
confirmed_item_58678,16,15,172,专业核心课,48,,1,43,电子信息与计算机工程系,副教授,12,60,机房实验室,综合楼C座,17,1.3953,10,5,2,1,0,0,1,0,0,0,0,0,0,0,0,1,1,0,0,0,0,1.0,1.0,confirmed_item_positive
confirmed_item_58679,16,3,374,专业核心课,48,,1,43,电子信息与计算机工程系,副教授,12,80,普通教室,综合楼A座,37,1.8605,14,1,3,0,1,0,0,0,0,0,0,0,0,0,0,1,1,0,0,0,0,1.0,1.0,confirmed_item_positive
confirmed_item_58680,16,3,187,专业核心课,48,,1,43,电子信息与计算机工程系,副教授,12,80,普通教室,综合楼A座,37,1.8605,7,4,2,1,0,0,1,0,0,0,0,0,0,0,0,1,1,0,0,0,0,1.0,1.0,confirmed_item_positive
confirmed_item_58681,16,3,189,专业核心课,48,,1,43,电子信息与计算机工程系,副教授,12,80,普通教室,综合楼A座,37,1.8605,9,4,2,1,0,0,1,0,0,0,0,0,0,0,0,1,1,0,0,0,0,1.0,1.0,confirmed_item_positive
confirmed_item_58682,16,3,480,专业核心课,48,,1,43,电子信息与计算机工程系,副教授,12,80,普通教室,综合楼A座,37,1.8605,12,2,4,0,1,0,0,0,0,0,0,0,0,0,0,1,1,0,0,0,0,1.0,1.0,confirmed_item_positive
confirmed_item_58683,16,3,365,专业核心课,48,,1,43,电子信息与计算机工程系,副教授,12,80,普通教室,综合楼A座,37,1.8605,5,1,3,0,1,0,0,0,0,0,0,0,0,0,0,1,1,0,0,0,0,1.0,1.0,confirmed_item_positive
confirmed_item_58684,16,3,197,专业核心课,48,,1,43,电子信息与计算机工程系,副教授,12,80,普通教室,综合楼A座,37,1.8605,17,4,2,1,0,0,1,0,0,0,0,0,0,0,0,1,1,0,0,0,0,1.0,1.0,confirmed_item_positive
confirmed_item_58685,16,3,420,专业核心课,48,,1,43,电子信息与计算机工程系,副教授,12,80,普通教室,综合楼A座,37,1.8605,6,5,4,0,1,0,0,0,0,0,0,0,0,0,0,1,1,0,0,0,0,1.0,1.0,confirmed_item_positive
confirmed_item_58686,16,7,348,专业核心课,48,,1,43,电子信息与计算机工程系,副教授,12,80,普通教室,综合楼B座,37,1.8605,6,2,3,0,1,0,0,0,0,0,0,0,0,0,0,1,1,0,0,0,0,1.0,1.0,confirmed_item_positive
confirmed_item_58687,16,3,175,专业核心课,48,,1,43,电子信息与计算机工程系,副教授,12,80,普通教室,综合楼A座,37,1.8605,13,5,2,1,0,0,1,0,0,0,0,0,0,0,0,1,1,0,0,0,0,1.0,1.0,confirmed_item_positive
confirmed_item_58688,16,3,456,专业核心课,48,,1,43,电子信息与计算机工程系,副教授,12,80,普通教室,综合楼A座,37,1.8605,6,3,4,0,1,0,0,0,0,0,0,0,0,0,0,1,1,0,0,0,0,1.0,1.0,confirmed_item_positive
confirmed_item_58689,16,3,498,专业核心课,48,,1,43,电子信息与计算机工程系,副教授,12,80,普通教室,综合楼A座,37,1.8605,12,1,4,0,1,0,0,0,0,0,0,0,0,0,0,1,1,0,0,0,0,1.0,1.0,confirmed_item_positive
confirmed_item_58690,16,3,430,专业核心课,48,,1,43,电子信息与计算机工程系,副教授,12,80,普通教室,综合楼A座,37,1.8605,16,5,4,0,1,0,0,0,0,0,0,0,0,0,0,1,1,0,0,0,0,1.0,1.0,confirmed_item_positive
confirmed_item_58691,16,3,171,专业核心课,48,,1,43,电子信息与计算机工程系,副教授,12,80,普通教室,综合楼A座,37,1.8605,9,5,2,1,0,0,1,0,0,0,0,0,0,0,0,1,1,0,0,0,0,1.0,1.0,confirmed_item_positive
confirmed_item_58692,16,3,334,专业核心课,48,,1,43,电子信息与计算机工程系,副教授,12,80,普通教室,综合楼A座,37,1.8605,10,3,3,0,1,0,0,0,0,0,0,0,0,0,0,1,1,0,0,0,0,1.0,1.0,confirmed_item_positive
confirmed_item_58693,17,18,425,专业核心课,48,,1,36,电子信息与计算机工程系,副教授,12,70,普通教室,综合楼B座,34,1.9444,11,5,4,0,1,0,0,0,0,0,0,0,0,0,0,1,1,0,0,0,0,1.0,1.0,confirmed_item_positive
confirmed_item_58694,17,5,244,专业核心课,48,,1,36,电子信息与计算机工程系,副教授,12,60,机房/实验室,综合楼A座,24,1.6667,10,1,2,1,0,0,1,0,0,0,0,0,0,0,0,1,1,0,0,0,0,1.0,1.0,confirmed_item_positive
confirmed_item_58695,17,18,485,专业核心课,48,,1,36,电子信息与计算机工程系,副教授,12,70,普通教室,综合楼B座,34,1.9444,17,2,4,0,1,0,0,0,0,0,0,0,0,0,0,1,1,0,0,0,0,1.0,1.0,confirmed_item_positive
confirmed_item_58696,17,9,458,专业核心课,48,,1,36,电子信息与计算机工程系,副教授,12,60,机房/实验室,综合楼B座,24,1.6667,8,3,4,0,1,0,0,0,0,0,0,0,0,0,0,1,1,0,0,0,0,1.0,1.0,confirmed_item_positive
confirmed_item_58697,17,10,220,专业核心课,48,,1,36,电子信息与计算机工程系,副教授,12,60,机房/实验室,综合楼B座,24,1.6667,4,2,2,1,0,0,1,0,0,0,0,0,0,0,0,1,1,0,0,0,0,1.0,1.0,confirmed_item_positive
confirmed_item_58698,17,15,492,专业核心课,48,,1,36,电子信息与计算机工程系,副教授,12,60,机房实验室,综合楼C座,24,1.6667,6,1,4,0,1,0,0,0,0,0,0,0,0,0,0,1,1,0,0,0,0,1.0,1.0,confirmed_item_positive
confirmed_item_58699,17,9,251,专业核心课,48,,1,36,电子信息与计算机工程系,副教授,12,60,机房/实验室,综合楼B座,24,1.6667,17,1,2,1,0,0,1,0,0,0,0,0,0,0,0,1,1,0,0,0,0,1.0,1.0,confirmed_item_positive
confirmed_item_58700,17,9,374,专业核心课,48,,1,36,电子信息与计算机工程系,副教授,12,60,机房/实验室,综合楼B座,24,1.6667,14,1,3,0,1,0,0,0,0,0,0,0,0,0,0,1,1,0,0,0,0,1.0,1.0,confirmed_item_positive
confirmed_item_58701,17,5,457,专业核心课,48,,1,36,电子信息与计算机工程系,副教授,12,60,机房/实验室,综合楼A座,24,1.6667,7,3,4,0,1,0,0,0,0,0,0,0,0,0,0,1,1,0,0,0,0,1.0,1.0,confirmed_item_positive
confirmed_item_58702,17,18,502,专业核心课,48,,1,36,电子信息与计算机工程系,副教授,12,70,普通教室,综合楼B座,34,1.9444,16,1,4,0,1,0,0,0,0,0,0,0,0,0,0,1,1,0,0,0,0,1.0,1.0,confirmed_item_positive
confirmed_item_58703,17,9,337,专业核心课,48,,1,36,电子信息与计算机工程系,副教授,12,60,机房/实验室,综合楼B座,24,1.6667,13,3,3,0,1,0,0,0,0,0,0,0,0,0,0,1,1,0,0,0,0,1.0,1.0,confirmed_item_positive
confirmed_item_58704,17,17,191,专业核心课,48,,1,36,电子信息与计算机工程系,副教授,12,70,普通教室,综合楼B座,34,1.9444,11,4,2,1,0,0,1,0,0,0,0,0,0,0,0,1,1,0,0,0,0,1.0,1.0,confirmed_item_positive
confirmed_item_58705,17,14,352,专业核心课,48,,1,36,电子信息与计算机工程系,副教授,12,60,机房实验室,综合楼C座,24,1.6667,10,2,3,0,1,0,0,0,0,0,0,0,0,0,0,1,1,0,0,0,0,1.0,1.0,confirmed_item_positive
confirmed_item_58706,17,14,503,专业核心课,48,,1,36,电子信息与计算机工程系,副教授,12,60,机房实验室,综合楼C座,24,1.6667,17,1,4,0,1,0,0,0,0,0,0,0,0,0,0,1,1,0,0,0,0,1.0,1.0,confirmed_item_positive
confirmed_item_58707,17,5,367,专业核心课,48,,1,36,电子信息与计算机工程系,副教授,12,60,机房/实验室,综合楼A座,24,1.6667,7,1,3,0,1,0,0,0,0,0,0,0,0,0,0,1,1,0,0,0,0,1.0,1.0,confirmed_item_positive
confirmed_item_58708,17,17,330,专业核心课,48,,1,36,电子信息与计算机工程系,副教授,12,70,普通教室,综合楼B座,34,1.9444,6,3,3,0,1,0,0,0,0,0,0,0,0,0,0,1,1,0,0,0,0,1.0,1.0,confirmed_item_positive
confirmed_item_58709,17,10,299,专业核心课,48,,1,36,电子信息与计算机工程系,副教授,12,60,机房/实验室,综合楼B座,24,1.6667,11,5,3,0,1,0,0,0,0,0,0,0,0,0,0,1,1,0,0,0,0,1.0,1.0,confirmed_item_positive
confirmed_item_58710,17,15,243,专业核心课,48,,1,36,电子信息与计算机工程系,副教授,12,60,机房实验室,综合楼C座,24,1.6667,9,1,2,1,0,0,1,0,0,0,0,0,0,0,0,1,1,0,0,0,0,1.0,1.0,confirmed_item_positive
confirmed_item_58711,17,15,365,专业核心课,48,,1,36,电子信息与计算机工程系,副教授,12,60,机房实验室,综合楼C座,24,1.6667,5,1,3,0,1,0,0,0,0,0,0,0,0,0,0,1,1,0,0,0,0,1.0,1.0,confirmed_item_positive
confirmed_item_58712,17,5,477,专业核心课,48,,1,36,电子信息与计算机工程系,副教授,12,60,机房/实验室,综合楼A座,24,1.6667,9,2,4,0,1,0,0,0,0,0,0,0,0,0,0,1,1,0,0,0,0,1.0,1.0,confirmed_item_positive
confirmed_item_58713,17,18,194,专业核心课,48,,1,36,电子信息与计算机工程系,副教授,12,70,普通教室,综合楼B座,34,1.9444,14,4,2,1,0,0,1,0,0,0,0,0,0,0,0,1,1,0,0,0,0,1.0,1.0,confirmed_item_positive
confirmed_item_58714,17,10,353,专业核心课,48,,1,36,电子信息与计算机工程系,副教授,12,60,机房/实验室,综合楼B座,24,1.6667,11,2,3,0,1,0,0,0,0,0,0,0,0,0,0,1,1,0,0,0,0,1.0,1.0,confirmed_item_positive
confirmed_item_58715,17,18,424,专业核心课,48,,1,36,电子信息与计算机工程系,副教授,12,70,普通教室,综合楼B座,34,1.9444,10,5,4,0,1,0,0,0,0,0,0,0,0,0,0,1,1,0,0,0,0,1.0,1.0,confirmed_item_positive
confirmed_item_58716,17,18,431,专业核心课,48,,1,36,电子信息与计算机工程系,副教授,12,70,普通教室,综合楼B座,34,1.9444,17,5,4,0,1,0,0,0,0,0,0,0,0,0,0,1,1,0,0,0,0,1.0,1.0,confirmed_item_positive
confirmed_item_58717,18,15,485,专业核心课,48,,1,38,电子信息与计算机工程系,教授,12,60,机房实验室,综合楼C座,22,1.5789,17,2,4,0,1,0,0,0,0,0,0,0,0,0,0,1,1,0,0,0,0,1.0,1.0,confirmed_item_positive
confirmed_item_58718,18,10,350,专业核心课,48,,1,38,电子信息与计算机工程系,教授,12,60,机房/实验室,综合楼B座,22,1.5789,8,2,3,0,1,0,0,0,0,0,0,0,0,0,0,1,1,0,0,0,0,1.0,1.0,confirmed_item_positive
confirmed_item_58719,18,10,193,专业核心课,48,,1,38,电子信息与计算机工程系,教授,12,60,机房/实验室,综合楼B座,22,1.5789,13,4,2,1,0,0,1,0,0,0,0,0,0,0,0,1,1,0,0,0,0,1.0,1.0,confirmed_item_positive
confirmed_item_58720,18,5,192,专业核心课,48,,1,38,电子信息与计算机工程系,教授,12,60,机房/实验室,综合楼A座,22,1.5789,12,4,2,1,0,0,1,0,0,0,0,0,0,0,0,1,1,0,0,0,0,1.0,1.0,confirmed_item_positive
confirmed_item_58721,18,5,320,专业核心课,48,,1,38,电子信息与计算机工程系,教授,12,60,机房/实验室,综合楼A座,22,1.5789,14,4,3,0,1,0,0,0,0,0,0,0,0,0,0,1,1,0,0,0,0,1.0,1.0,confirmed_item_positive
confirmed_item_58722,18,9,440,专业核心课,48,,1,38,电子信息与计算机工程系,教授,12,60,机房/实验室,综合楼B座,22,1.5789,8,4,4,0,1,0,0,0,0,0,0,0,0,0,0,1,1,0,0,0,0,1.0,1.0,confirmed_item_positive
confirmed_item_58723,18,14,212,专业核心课,48,,1,38,电子信息与计算机工程系,教授,12,60,机房实验室,综合楼C座,22,1.5789,14,3,2,1,0,0,1,0,0,0,0,0,0,0,0,1,1,0,0,0,0,1.0,1.0,confirmed_item_positive
confirmed_item_58724,18,9,214,专业核心课,48,,1,38,电子信息与计算机工程系,教授,12,60,机房/实验室,综合楼B座,22,1.5789,16,3,2,1,0,0,1,0,0,0,0,0,0,0,0,1,1,0,0,0,0,1.0,1.0,confirmed_item_positive
confirmed_item_58725,18,5,318,专业核心课,48,,1,38,电子信息与计算机工程系,教授,12,60,机房/实验室,综合楼A座,22,1.5789,12,4,3,0,1,0,0,0,0,0,0,0,0,0,0,1,1,0,0,0,0,1.0,1.0,confirmed_item_positive
confirmed_item_58726,18,14,201,专业核心课,48,,1,38,电子信息与计算机工程系,教授,12,60,机房实验室,综合楼C座,22,1.5789,3,3,2,1,0,0,1,0,0,0,0,0,0,0,0,1,1,0,0,0,0,1.0,1.0,confirmed_item_positive
confirmed_item_58727,18,5,346,专业核心课,48,,1,38,电子信息与计算机工程系,教授,12,60,机房/实验室,综合楼A座,22,1.5789,4,2,3,0,1,0,0,0,0,0,0,0,0,0,0,1,1,0,0,0,0,1.0,1.0,confirmed_item_positive
confirmed_item_58728,18,5,209,专业核心课,48,,1,38,电子信息与计算机工程系,教授,12,60,机房/实验室,综合楼A座,22,1.5789,11,3,2,1,0,0,1,0,0,0,0,0,0,0,0,1,1,0,0,0,0,1.0,1.0,confirmed_item_positive
confirmed_item_58729,18,14,472,专业核心课,48,,1,38,电子信息与计算机工程系,教授,12,60,机房实验室,综合楼C座,22,1.5789,4,2,4,0,1,0,0,0,0,0,0,0,0,0,0,1,1,0,0,0,0,1.0,1.0,confirmed_item_positive
confirmed_item_58730,18,15,437,专业核心课,48,,1,38,电子信息与计算机工程系,教授,12,60,机房实验室,综合楼C座,22,1.5789,5,4,4,0,1,0,0,0,0,0,0,0,0,0,0,1,1,0,0,0,0,1.0,1.0,confirmed_item_positive
confirmed_item_58731,18,10,445,专业核心课,48,,1,38,电子信息与计算机工程系,教授,12,60,机房/实验室,综合楼B座,22,1.5789,13,4,4,0,1,0,0,0,0,0,0,0,0,0,0,1,1,0,0,0,0,1.0,1.0,confirmed_item_positive
confirmed_item_58732,18,14,358,专业核心课,48,,1,38,电子信息与计算机工程系,教授,12,60,机房实验室,综合楼C座,22,1.5789,16,2,3,0,1,0,0,0,0,0,0,0,0,0,0,1,1,0,0,0,0,1.0,1.0,confirmed_item_positive
confirmed_item_58733,18,10,219,专业核心课,48,,1,38,电子信息与计算机工程系,教授,12,60,机房/实验室,综合楼B座,22,1.5789,3,2,2,1,0,0,1,0,0,0,0,0,0,0,0,1,1,0,0,0,0,1.0,1.0,confirmed_item_positive
confirmed_item_58734,18,17,338,专业核心课,48,,1,38,电子信息与计算机工程系,教授,12,70,普通教室,综合楼B座,32,1.8421,14,3,3,0,1,0,0,0,0,0,0,0,0,0,0,1,1,0,0,0,0,1.0,1.0,confirmed_item_positive
confirmed_item_58735,18,18,228,专业核心课,48,,1,38,电子信息与计算机工程系,教授,12,70,普通教室,综合楼B座,32,1.8421,12,2,2,1,0,0,1,0,0,0,0,0,0,0,0,1,1,0,0,0,0,1.0,1.0,confirmed_item_positive
confirmed_item_58736,18,14,195,专业核心课,48,,1,38,电子信息与计算机工程系,教授,12,60,机房实验室,综合楼C座,22,1.5789,15,4,2,1,0,0,1,0,0,0,0,0,0,0,0,1,1,0,0,0,0,1.0,1.0,confirmed_item_positive
confirmed_item_58737,18,17,455,专业核心课,48,,1,38,电子信息与计算机工程系,教授,12,70,普通教室,综合楼B座,32,1.8421,5,3,4,0,1,0,0,0,0,0,0,0,0,0,0,1,1,0,0,0,0,1.0,1.0,confirmed_item_positive
confirmed_item_58738,18,17,227,专业核心课,48,,1,38,电子信息与计算机工程系,教授,12,70,普通教室,综合楼B座,32,1.8421,11,2,2,1,0,0,1,0,0,0,0,0,0,0,0,1,1,0,0,0,0,1.0,1.0,confirmed_item_positive
confirmed_item_58739,18,5,474,专业核心课,48,,1,38,电子信息与计算机工程系,教授,12,60,机房/实验室,综合楼A座,22,1.5789,6,2,4,0,1,0,0,0,0,0,0,0,0,0,0,1,1,0,0,0,0,1.0,1.0,confirmed_item_positive
confirmed_item_58740,18,18,438,专业核心课,48,,1,38,电子信息与计算机工程系,教授,12,70,普通教室,综合楼B座,32,1.8421,6,4,4,0,1,0,0,0,0,0,0,0,0,0,0,1,1,0,0,0,0,1.0,1.0,confirmed_item_positive
confirmed_item_58741,19,11,204,专业核心课,48,,1,42,电子信息与计算机工程系,教授,10,80,普通教室,综合楼C座,38,1.9048,6,3,2,1,0,0,1,0,0,0,0,0,0,0,0,1,1,0,0,0,0,1.0,1.0,confirmed_item_positive
confirmed_item_58742,19,11,463,专业核心课,48,,1,42,电子信息与计算机工程系,教授,10,80,普通教室,综合楼C座,38,1.9048,13,3,4,0,1,0,0,0,0,0,0,0,0,0,0,1,1,0,0,0,0,1.0,1.0,confirmed_item_positive
confirmed_item_58743,19,11,301,专业核心课,48,,1,42,电子信息与计算机工程系,教授,10,80,普通教室,综合楼C座,38,1.9048,13,5,3,0,1,0,0,0,0,0,0,0,0,0,0,1,1,0,0,0,0,1.0,1.0,confirmed_item_positive
confirmed_item_58744,19,11,479,专业核心课,48,,1,42,电子信息与计算机工程系,教授,10,80,普通教室,综合楼C座,38,1.9048,11,2,4,0,1,0,0,0,0,0,0,0,0,0,0,1,1,0,0,0,0,1.0,1.0,confirmed_item_positive
confirmed_item_58745,19,11,220,专业核心课,48,,1,42,电子信息与计算机工程系,教授,10,80,普通教室,综合楼C座,38,1.9048,4,2,2,1,0,0,1,0,0,0,0,0,0,0,0,1,1,0,0,0,0,1.0,1.0,confirmed_item_positive
confirmed_item_58746,19,11,302,专业核心课,48,,1,42,电子信息与计算机工程系,教授,10,80,普通教室,综合楼C座,38,1.9048,14,5,3,0,1,0,0,0,0,0,0,0,0,0,0,1,1,0,0,0,0,1.0,1.0,confirmed_item_positive
confirmed_item_58747,19,11,227,专业核心课,48,,1,42,电子信息与计算机工程系,教授,10,80,普通教室,综合楼C座,38,1.9048,11,2,2,1,0,0,1,0,0,0,0,0,0,0,0,1,1,0,0,0,0,1.0,1.0,confirmed_item_positive
confirmed_item_58748,19,11,293,专业核心课,48,,1,42,电子信息与计算机工程系,教授,10,80,普通教室,综合楼C座,38,1.9048,5,5,3,0,1,0,0,0,0,0,0,0,0,0,0,1,1,0,0,0,0,1.0,1.0,confirmed_item_positive
confirmed_item_58749,19,11,292,专业核心课,48,,1,42,电子信息与计算机工程系,教授,10,80,普通教室,综合楼C座,38,1.9048,4,5,3,0,1,0,0,0,0,0,0,0,0,0,0,1,1,0,0,0,0,1.0,1.0,confirmed_item_positive
confirmed_item_58750,19,11,326,专业核心课,48,,1,42,电子信息与计算机工程系,教授,10,80,普通教室,综合楼C座,38,1.9048,2,3,3,0,1,0,0,0,0,0,0,0,0,0,0,1,1,0,0,0,0,1.0,1.0,confirmed_item_positive
confirmed_item_58751,19,11,419,专业核心课,48,,1,42,电子信息与计算机工程系,教授,10,80,普通教室,综合楼C座,38,1.9048,5,5,4,0,1,0,0,0,0,0,0,0,0,0,0,1,1,0,0,0,0,1.0,1.0,confirmed_item_positive
confirmed_item_58752,19,11,330,专业核心课,48,,1,42,电子信息与计算机工程系,教授,10,80,普通教室,综合楼C座,38,1.9048,6,3,3,0,1,0,0,0,0,0,0,0,0,0,0,1,1,0,0,0,0,1.0,1.0,confirmed_item_positive
confirmed_item_58753,19,11,424,专业核心课,48,,1,42,电子信息与计算机工程系,教授,10,80,普通教室,综合楼C座,38,1.9048,10,5,4,0,1,0,0,0,0,0,0,0,0,0,0,1,1,0,0,0,0,1.0,1.0,confirmed_item_positive
confirmed_item_58754,19,11,202,专业核心课,48,,1,42,电子信息与计算机工程系,教授,10,80,普通教室,综合楼C座,38,1.9048,4,3,2,1,0,0,1,0,0,0,0,0,0,0,0,1,1,0,0,0,0,1.0,1.0,confirmed_item_positive
confirmed_item_58755,19,11,461,专业核心课,48,,1,42,电子信息与计算机工程系,教授,10,80,普通教室,综合楼C座,38,1.9048,11,3,4,0,1,0,0,0,0,0,0,0,0,0,0,1,1,0,0,0,0,1.0,1.0,confirmed_item_positive
confirmed_item_58756,19,11,458,专业核心课,48,,1,42,电子信息与计算机工程系,教授,10,80,普通教室,综合楼C座,38,1.9048,8,3,4,0,1,0,0,0,0,0,0,0,0,0,0,1,1,0,0,0,0,1.0,1.0,confirmed_item_positive
confirmed_item_58757,19,11,351,专业核心课,48,,1,42,电子信息与计算机工程系,教授,10,80,普通教室,综合楼C座,38,1.9048,9,2,3,0,1,0,0,0,0,0,0,0,0,0,0,1,1,0,0,0,0,1.0,1.0,confirmed_item_positive
confirmed_item_58758,19,11,371,专业核心课,48,,1,42,电子信息与计算机工程系,教授,10,80,普通教室,综合楼C座,38,1.9048,11,1,3,0,1,0,0,0,0,0,0,0,0,0,0,1,1,0,0,0,0,1.0,1.0,confirmed_item_positive
confirmed_item_58759,19,11,497,专业核心课,48,,1,42,电子信息与计算机工程系,教授,10,80,普通教室,综合楼C座,38,1.9048,11,1,4,0,1,0,0,0,0,0,0,0,0,0,0,1,1,0,0,0,0,1.0,1.0,confirmed_item_positive
confirmed_item_58760,19,11,246,专业核心课,48,,1,42,电子信息与计算机工程系,教授,10,80,普通教室,综合楼C座,38,1.9048,12,1,2,1,0,0,1,0,0,0,0,0,0,0,0,1,1,0,0,0,0,1.0,1.0,confirmed_item_positive
confirmed_item_58761,19,11,483,专业核心课,48,,1,42,电子信息与计算机工程系,教授,10,80,普通教室,综合楼C座,38,1.9048,15,2,4,0,1,0,0,0,0,0,0,0,0,0,0,1,1,0,0,0,0,1.0,1.0,confirmed_item_positive
confirmed_item_58762,19,11,426,专业核心课,48,,1,42,电子信息与计算机工程系,教授,10,80,普通教室,综合楼C座,38,1.9048,12,5,4,0,1,0,0,0,0,0,0,0,0,0,0,1,1,0,0,0,0,1.0,1.0,confirmed_item_positive
confirmed_item_58763,19,11,376,专业核心课,48,,1,42,电子信息与计算机工程系,教授,10,80,普通教室,综合楼C座,38,1.9048,16,1,3,0,1,0,0,0,0,0,0,0,0,0,0,1,1,0,0,0,0,1.0,1.0,confirmed_item_positive
confirmed_item_58764,19,11,243,专业核心课,48,,1,42,电子信息与计算机工程系,教授,10,80,普通教室,综合楼C座,38,1.9048,9,1,2,1,0,0,1,0,0,0,0,0,0,0,0,1,1,0,0,0,0,1.0,1.0,confirmed_item_positive
confirmed_item_58765,20,14,172,专业选修课,36,,1,45,电子信息与计算机工程系,副教授,12,60,机房实验室,综合楼C座,15,1.3333,10,5,2,1,0,0,1,0,0,0,0,0,0,0,0,1,1,0,0,0,0,1.0,1.0,confirmed_item_positive
confirmed_item_58766,20,14,466,专业选修课,36,,1,45,电子信息与计算机工程系,副教授,12,60,机房实验室,综合楼C座,15,1.3333,16,3,4,0,1,0,0,0,0,0,0,0,0,0,0,1,1,0,0,0,0,1.0,1.0,confirmed_item_positive
confirmed_item_58767,20,12,176,专业选修课,36,,1,45,电子信息与计算机工程系,副教授,12,80,普通教室,综合楼C座,35,1.7778,14,5,2,1,0,0,1,0,0,0,0,0,0,0,0,1,1,0,0,0,0,1.0,1.0,confirmed_item_positive
confirmed_item_58768,20,14,499,专业选修课,36,,1,45,电子信息与计算机工程系,副教授,12,60,机房实验室,综合楼C座,15,1.3333,13,1,4,0,1,0,0,0,0,0,0,0,0,0,0,1,1,0,0,0,0,1.0,1.0,confirmed_item_positive
confirmed_item_58769,20,14,337,专业选修课,36,,1,45,电子信息与计算机工程系,副教授,12,60,机房实验室,综合楼C座,15,1.3333,13,3,3,0,1,0,0,0,0,0,0,0,0,0,0,1,1,0,0,0,0,1.0,1.0,confirmed_item_positive
confirmed_item_58770,20,14,299,专业选修课,36,,1,45,电子信息与计算机工程系,副教授,12,60,机房实验室,综合楼C座,15,1.3333,11,5,3,0,1,0,0,0,0,0,0,0,0,0,0,1,1,0,0,0,0,1.0,1.0,confirmed_item_positive
confirmed_item_58771,20,14,171,专业选修课,36,,1,45,电子信息与计算机工程系,副教授,12,60,机房实验室,综合楼C座,15,1.3333,9,5,2,1,0,0,1,0,0,0,0,0,0,0,0,1,1,0,0,0,0,1.0,1.0,confirmed_item_positive
confirmed_item_58772,20,14,175,专业选修课,36,,1,45,电子信息与计算机工程系,副教授,12,60,机房实验室,综合楼C座,15,1.3333,13,5,2,1,0,0,1,0,0,0,0,0,0,0,0,1,1,0,0,0,0,1.0,1.0,confirmed_item_positive
confirmed_item_58773,20,14,431,专业选修课,36,,1,45,电子信息与计算机工程系,副教授,12,60,机房实验室,综合楼C座,15,1.3333,17,5,4,0,1,0,0,0,0,0,0,0,0,0,0,1,1,0,0,0,0,1.0,1.0,confirmed_item_positive
confirmed_item_58774,20,14,233,专业选修课,36,,1,45,电子信息与计算机工程系,副教授,12,60,机房实验室,综合楼C座,15,1.3333,17,2,2,1,0,0,1,0,0,0,0,0,0,0,0,1,1,0,0,0,0,1.0,1.0,confirmed_item_positive
confirmed_item_58775,20,14,417,专业选修课,36,,1,45,电子信息与计算机工程系,副教授,12,60,机房实验室,综合楼C座,15,1.3333,3,5,4,0,1,0,0,0,0,0,0,0,0,0,0,1,1,0,0,0,0,1.0,1.0,confirmed_item_positive
confirmed_item_58776,20,14,331,专业选修课,36,,1,45,电子信息与计算机工程系,副教授,12,60,机房实验室,综合楼C座,15,1.3333,7,3,3,0,1,0,0,0,0,0,0,0,0,0,0,1,1,0,0,0,0,1.0,1.0,confirmed_item_positive
confirmed_item_58777,20,14,492,专业选修课,36,,1,45,电子信息与计算机工程系,副教授,12,60,机房实验室,综合楼C座,15,1.3333,6,1,4,0,1,0,0,0,0,0,0,0,0,0,0,1,1,0,0,0,0,1.0,1.0,confirmed_item_positive
confirmed_item_58778,20,14,230,专业选修课,36,,1,45,电子信息与计算机工程系,副教授,12,60,机房实验室,综合楼C座,15,1.3333,14,2,2,1,0,0,1,0,0,0,0,0,0,0,0,1,1,0,0,0,0,1.0,1.0,confirmed_item_positive
confirmed_item_58779,20,14,454,专业选修课,36,,1,45,电子信息与计算机工程系,副教授,12,60,机房实验室,综合楼C座,15,1.3333,4,3,4,0,1,0,0,0,0,0,0,0,0,0,0,1,1,0,0,0,0,1.0,1.0,confirmed_item_positive
confirmed_item_58780,20,14,500,专业选修课,36,,1,45,电子信息与计算机工程系,副教授,12,60,机房实验室,综合楼C座,15,1.3333,14,1,4,0,1,0,0,0,0,0,0,0,0,0,0,1,1,0,0,0,0,1.0,1.0,confirmed_item_positive
confirmed_item_58781,20,14,369,专业选修课,36,,1,45,电子信息与计算机工程系,副教授,12,60,机房实验室,综合楼C座,15,1.3333,9,1,3,0,1,0,0,0,0,0,0,0,0,0,0,1,1,0,0,0,0,1.0,1.0,confirmed_item_positive
confirmed_item_58782,20,14,291,专业选修课,36,,1,45,电子信息与计算机工程系,副教授,12,60,机房实验室,综合楼C座,15,1.3333,3,5,3,0,1,0,0,0,0,0,0,0,0,0,0,1,1,0,0,0,0,1.0,1.0,confirmed_item_positive
confirmed_item_58783,21,4,302,专业核心课,48,,2,74,电子信息与计算机工程系,副教授,12,100,阶梯教室,综合楼A座,26,1.3514,14,5,3,0,1,0,0,0,0,0,0,0,0,0,0,1,1,0,0,0,0,1.0,1.0,confirmed_item_positive
confirmed_item_58784,21,4,443,专业核心课,48,,2,74,电子信息与计算机工程系,副教授,12,100,阶梯教室,综合楼A座,26,1.3514,11,4,4,0,1,0,0,0,0,0,0,0,0,0,0,1,1,0,0,0,0,1.0,1.0,confirmed_item_positive
confirmed_item_58785,21,16,459,专业核心课,48,,2,74,电子信息与计算机工程系,副教授,12,120,阶梯教室,综合楼A座,46,1.6216,9,3,4,0,1,0,0,0,0,0,0,0,0,0,0,1,1,0,0,0,0,1.0,1.0,confirmed_item_positive
confirmed_item_58786,21,8,224,专业核心课,48,,2,74,电子信息与计算机工程系,副教授,12,90,阶梯教室,综合楼B座,16,1.2162,8,2,2,1,0,0,1,0,0,0,0,0,0,0,0,1,1,0,0,0,0,1.0,1.0,confirmed_item_positive
confirmed_item_58787,21,16,334,专业核心课,48,,2,74,电子信息与计算机工程系,副教授,12,120,阶梯教室,综合楼A座,46,1.6216,10,3,3,0,1,0,0,0,0,0,0,0,0,0,0,1,1,0,0,0,0,1.0,1.0,confirmed_item_positive
confirmed_item_58788,21,8,319,专业核心课,48,,2,74,电子信息与计算机工程系,副教授,12,90,阶梯教室,综合楼B座,16,1.2162,13,4,3,0,1,0,0,0,0,0,0,0,0,0,0,1,1,0,0,0,0,1.0,1.0,confirmed_item_positive
confirmed_item_58789,21,13,207,专业核心课,48,,2,74,电子信息与计算机工程系,副教授,12,100,阶梯教室,综合楼C座,26,1.3514,9,3,2,1,0,0,1,0,0,0,0,0,0,0,0,1,1,0,0,0,0,1.0,1.0,confirmed_item_positive
confirmed_item_58790,21,8,208,专业核心课,48,,2,74,电子信息与计算机工程系,副教授,12,90,阶梯教室,综合楼B座,16,1.2162,10,3,2,1,0,0,1,0,0,0,0,0,0,0,0,1,1,0,0,0,0,1.0,1.0,confirmed_item_positive
confirmed_item_58791,21,8,202,专业核心课,48,,2,74,电子信息与计算机工程系,副教授,12,90,阶梯教室,综合楼B座,16,1.2162,4,3,2,1,0,0,1,0,0,0,0,0,0,0,0,1,1,0,0,0,0,1.0,1.0,confirmed_item_positive
confirmed_item_58792,21,8,347,专业核心课,48,,2,74,电子信息与计算机工程系,副教授,12,90,阶梯教室,综合楼B座,16,1.2162,5,2,3,0,1,0,0,0,0,0,0,0,0,0,0,1,1,0,0,0,0,1.0,1.0,confirmed_item_positive
confirmed_item_58793,21,4,348,专业核心课,48,,2,74,电子信息与计算机工程系,副教授,12,100,阶梯教室,综合楼A座,26,1.3514,6,2,3,0,1,0,0,0,0,0,0,0,0,0,0,1,1,0,0,0,0,1.0,1.0,confirmed_item_positive
confirmed_item_58794,21,4,314,专业核心课,48,,2,74,电子信息与计算机工程系,副教授,12,100,阶梯教室,综合楼A座,26,1.3514,8,4,3,0,1,0,0,0,0,0,0,0,0,0,0,1,1,0,0,0,0,1.0,1.0,confirmed_item_positive
confirmed_item_58795,21,16,427,专业核心课,48,,2,74,电子信息与计算机工程系,副教授,12,120,阶梯教室,综合楼A座,46,1.6216,13,5,4,0,1,0,0,0,0,0,0,0,0,0,0,1,1,0,0,0,0,1.0,1.0,confirmed_item_positive
confirmed_item_58796,21,13,196,专业核心课,48,,2,74,电子信息与计算机工程系,副教授,12,100,阶梯教室,综合楼C座,26,1.3514,16,4,2,1,0,0,1,0,0,0,0,0,0,0,0,1,1,0,0,0,0,1.0,1.0,confirmed_item_positive
confirmed_item_58797,21,8,184,专业核心课,48,,2,74,电子信息与计算机工程系,副教授,12,90,阶梯教室,综合楼B座,16,1.2162,4,4,2,1,0,0,1,0,0,0,0,0,0,0,0,1,1,0,0,0,0,1.0,1.0,confirmed_item_positive
confirmed_item_58798,21,8,185,专业核心课,48,,2,74,电子信息与计算机工程系,副教授,12,90,阶梯教室,综合楼B座,16,1.2162,5,4,2,1,0,0,1,0,0,0,0,0,0,0,0,1,1,0,0,0,0,1.0,1.0,confirmed_item_positive
confirmed_item_58799,21,16,471,专业核心课,48,,2,74,电子信息与计算机工程系,副教授,12,120,阶梯教室,综合楼A座,46,1.6216,3,2,4,0,1,0,0,0,0,0,0,0,0,0,0,1,1,0,0,0,0,1.0,1.0,confirmed_item_positive
confirmed_item_58800,21,4,483,专业核心课,48,,2,74,电子信息与计算机工程系,副教授,12,100,阶梯教室,综合楼A座,26,1.3514,15,2,4,0,1,0,0,0,0,0,0,0,0,0,0,1,1,0,0,0,0,1.0,1.0,confirmed_item_positive
confirmed_item_58801,21,8,177,专业核心课,48,,2,74,电子信息与计算机工程系,副教授,12,90,阶梯教室,综合楼B座,16,1.2162,15,5,2,1,0,0,1,0,0,0,0,0,0,0,0,1,1,0,0,0,0,1.0,1.0,confirmed_item_positive
confirmed_item_58802,21,8,447,专业核心课,48,,2,74,电子信息与计算机工程系,副教授,12,90,阶梯教室,综合楼B座,16,1.2162,15,4,4,0,1,0,0,0,0,0,0,0,0,0,0,1,1,0,0,0,0,1.0,1.0,confirmed_item_positive
confirmed_item_58803,21,8,296,专业核心课,48,,2,74,电子信息与计算机工程系,副教授,12,90,阶梯教室,综合楼B座,16,1.2162,8,5,3,0,1,0,0,0,0,0,0,0,0,0,0,1,1,0,0,0,0,1.0,1.0,confirmed_item_positive
confirmed_item_58804,21,13,195,专业核心课,48,,2,74,电子信息与计算机工程系,副教授,12,100,阶梯教室,综合楼C座,26,1.3514,15,4,2,1,0,0,1,0,0,0,0,0,0,0,0,1,1,0,0,0,0,1.0,1.0,confirmed_item_positive
confirmed_item_58805,21,13,309,专业核心课,48,,2,74,电子信息与计算机工程系,副教授,12,100,阶梯教室,综合楼C座,26,1.3514,3,4,3,0,1,0,0,0,0,0,0,0,0,0,0,1,1,0,0,0,0,1.0,1.0,confirmed_item_positive
confirmed_item_58806,21,8,182,专业核心课,48,,2,74,电子信息与计算机工程系,副教授,12,90,阶梯教室,综合楼B座,16,1.2162,2,4,2,1,0,0,1,0,0,0,0,0,0,0,0,1,1,0,0,0,0,1.0,1.0,confirmed_item_positive
confirmed_item_58807,22,15,210,专业选修课,36,,1,40,电子信息与计算机工程系,讲师,14,60,机房实验室,综合楼C座,20,1.5,12,3,2,1,0,0,1,0,0,0,0,0,0,0,0,1,1,0,0,0,0,1.0,1.0,confirmed_item_positive
confirmed_item_58808,22,15,244,专业选修课,36,,1,40,电子信息与计算机工程系,讲师,14,60,机房实验室,综合楼C座,20,1.5,10,1,2,1,0,0,1,0,0,0,0,0,0,0,0,1,1,0,0,0,0,1.0,1.0,confirmed_item_positive
confirmed_item_58809,22,15,290,专业选修课,36,,1,40,电子信息与计算机工程系,讲师,14,60,机房实验室,综合楼C座,20,1.5,2,5,3,0,1,0,0,0,0,0,0,0,0,0,0,1,1,0,0,0,0,1.0,1.0,confirmed_item_positive
confirmed_item_58810,22,15,371,专业选修课,36,,1,40,电子信息与计算机工程系,讲师,14,60,机房实验室,综合楼C座,20,1.5,11,1,3,0,1,0,0,0,0,0,0,0,0,0,0,1,1,0,0,0,0,1.0,1.0,confirmed_item_positive
confirmed_item_58811,22,15,433,专业选修课,36,,1,40,电子信息与计算机工程系,讲师,14,60,机房实验室,综合楼C座,20,1.5,1,4,4,0,1,0,0,0,0,0,0,0,0,0,0,1,1,0,0,0,0,1.0,1.0,confirmed_item_positive
confirmed_item_58812,22,15,251,专业选修课,36,,1,40,电子信息与计算机工程系,讲师,14,60,机房实验室,综合楼C座,20,1.5,17,1,2,1,0,0,1,0,0,0,0,0,0,0,0,1,1,0,0,0,0,1.0,1.0,confirmed_item_positive
confirmed_item_58813,22,15,187,专业选修课,36,,1,40,电子信息与计算机工程系,讲师,14,60,机房实验室,综合楼C座,20,1.5,7,4,2,1,0,0,1,0,0,0,0,0,0,0,0,1,1,0,0,0,0,1.0,1.0,confirmed_item_positive
confirmed_item_58814,22,15,289,专业选修课,36,,1,40,电子信息与计算机工程系,讲师,14,60,机房实验室,综合楼C座,20,1.5,1,5,3,0,1,0,0,0,0,0,0,0,0,0,0,1,1,0,0,0,0,1.0,1.0,confirmed_item_positive
confirmed_item_58815,22,15,301,专业选修课,36,,1,40,电子信息与计算机工程系,讲师,14,60,机房实验室,综合楼C座,20,1.5,13,5,3,0,1,0,0,0,0,0,0,0,0,0,0,1,1,0,0,0,0,1.0,1.0,confirmed_item_positive
confirmed_item_58816,22,7,437,专业选修课,36,,1,40,电子信息与计算机工程系,讲师,14,80,普通教室,综合楼B座,40,2.0,5,4,4,0,1,0,0,0,0,0,0,0,0,0,0,1,1,0,0,0,0,1.0,1.0,confirmed_item_positive
confirmed_item_58817,22,15,438,专业选修课,36,,1,40,电子信息与计算机工程系,讲师,14,60,机房实验室,综合楼C座,20,1.5,6,4,4,0,1,0,0,0,0,0,0,0,0,0,0,1,1,0,0,0,0,1.0,1.0,confirmed_item_positive
confirmed_item_58818,22,15,318,专业选修课,36,,1,40,电子信息与计算机工程系,讲师,14,60,机房实验室,综合楼C座,20,1.5,12,4,3,0,1,0,0,0,0,0,0,0,0,0,0,1,1,0,0,0,0,1.0,1.0,confirmed_item_positive
confirmed_item_58819,22,15,503,专业选修课,36,,1,40,电子信息与计算机工程系,讲师,14,60,机房实验室,综合楼C座,20,1.5,17,1,4,0,1,0,0,0,0,0,0,0,0,0,0,1,1,0,0,0,0,1.0,1.0,confirmed_item_positive
confirmed_item_58820,22,15,361,专业选修课,36,,1,40,电子信息与计算机工程系,讲师,14,60,机房实验室,综合楼C座,20,1.5,1,1,3,0,1,0,0,0,0,0,0,0,0,0,0,1,1,0,0,0,0,1.0,1.0,confirmed_item_positive
confirmed_item_58821,22,15,291,专业选修课,36,,1,40,电子信息与计算机工程系,讲师,14,60,机房实验室,综合楼C座,20,1.5,3,5,3,0,1,0,0,0,0,0,0,0,0,0,0,1,1,0,0,0,0,1.0,1.0,confirmed_item_positive
confirmed_item_58822,22,15,441,专业选修课,36,,1,40,电子信息与计算机工程系,讲师,14,60,机房实验室,综合楼C座,20,1.5,9,4,4,0,1,0,0,0,0,0,0,0,0,0,0,1,1,0,0,0,0,1.0,1.0,confirmed_item_positive
confirmed_item_58823,22,15,330,专业选修课,36,,1,40,电子信息与计算机工程系,讲师,14,60,机房实验室,综合楼C座,20,1.5,6,3,3,0,1,0,0,0,0,0,0,0,0,0,0,1,1,0,0,0,0,1.0,1.0,confirmed_item_positive
confirmed_item_58824,22,15,314,专业选修课,36,,1,40,电子信息与计算机工程系,讲师,14,60,机房实验室,综合楼C座,20,1.5,8,4,3,0,1,0,0,0,0,0,0,0,0,0,0,1,1,0,0,0,0,1.0,1.0,confirmed_item_positive
confirmed_item_58825,23,12,300,专业选修课,36,,1,40,电子信息与计算机工程系,讲师,14,80,普通教室,综合楼C座,40,2.0,12,5,3,0,1,0,0,0,0,0,0,0,0,0,0,1,1,0,0,0,0,1.0,1.0,confirmed_item_positive
confirmed_item_58826,23,12,489,专业选修课,36,,1,40,电子信息与计算机工程系,讲师,14,80,普通教室,综合楼C座,40,2.0,3,1,4,0,1,0,0,0,0,0,0,0,0,0,0,1,1,0,0,0,0,1.0,1.0,confirmed_item_positive
confirmed_item_58827,23,10,424,专业选修课,36,,1,40,电子信息与计算机工程系,讲师,14,60,机房/实验室,综合楼B座,20,1.5,10,5,4,0,1,0,0,0,0,0,0,0,0,0,0,1,1,0,0,0,0,1.0,1.0,confirmed_item_positive
confirmed_item_58828,23,12,232,专业选修课,36,,1,40,电子信息与计算机工程系,讲师,14,80,普通教室,综合楼C座,40,2.0,16,2,2,1,0,0,1,0,0,0,0,0,0,0,0,1,1,0,0,0,0,1.0,1.0,confirmed_item_positive
confirmed_item_58829,23,12,361,专业选修课,36,,1,40,电子信息与计算机工程系,讲师,14,80,普通教室,综合楼C座,40,2.0,1,1,3,0,1,0,0,0,0,0,0,0,0,0,0,1,1,0,0,0,0,1.0,1.0,confirmed_item_positive
confirmed_item_58830,23,12,421,专业选修课,36,,1,40,电子信息与计算机工程系,讲师,14,80,普通教室,综合楼C座,40,2.0,7,5,4,0,1,0,0,0,0,0,0,0,0,0,0,1,1,0,0,0,0,1.0,1.0,confirmed_item_positive
confirmed_item_58831,23,12,224,专业选修课,36,,1,40,电子信息与计算机工程系,讲师,14,80,普通教室,综合楼C座,40,2.0,8,2,2,1,0,0,1,0,0,0,0,0,0,0,0,1,1,0,0,0,0,1.0,1.0,confirmed_item_positive
confirmed_item_58832,23,12,472,专业选修课,36,,1,40,电子信息与计算机工程系,讲师,14,80,普通教室,综合楼C座,40,2.0,4,2,4,0,1,0,0,0,0,0,0,0,0,0,0,1,1,0,0,0,0,1.0,1.0,confirmed_item_positive
confirmed_item_58833,23,12,301,专业选修课,36,,1,40,电子信息与计算机工程系,讲师,14,80,普通教室,综合楼C座,40,2.0,13,5,3,0,1,0,0,0,0,0,0,0,0,0,0,1,1,0,0,0,0,1.0,1.0,confirmed_item_positive
confirmed_item_58834,23,12,302,专业选修课,36,,1,40,电子信息与计算机工程系,讲师,14,80,普通教室,综合楼C座,40,2.0,14,5,3,0,1,0,0,0,0,0,0,0,0,0,0,1,1,0,0,0,0,1.0,1.0,confirmed_item_positive
confirmed_item_58835,23,12,343,专业选修课,36,,1,40,电子信息与计算机工程系,讲师,14,80,普通教室,综合楼C座,40,2.0,1,2,3,0,1,0,0,0,0,0,0,0,0,0,0,1,1,0,0,0,0,1.0,1.0,confirmed_item_positive
confirmed_item_58836,23,12,164,专业选修课,36,,1,40,电子信息与计算机工程系,讲师,14,80,普通教室,综合楼C座,40,2.0,2,5,2,1,0,0,1,0,0,0,0,0,0,0,0,1,1,0,0,0,0,1.0,1.0,confirmed_item_positive
confirmed_item_58837,23,12,440,专业选修课,36,,1,40,电子信息与计算机工程系,讲师,14,80,普通教室,综合楼C座,40,2.0,8,4,4,0,1,0,0,0,0,0,0,0,0,0,0,1,1,0,0,0,0,1.0,1.0,confirmed_item_positive
confirmed_item_58838,23,12,416,专业选修课,36,,1,40,电子信息与计算机工程系,讲师,14,80,普通教室,综合楼C座,40,2.0,2,5,4,0,1,0,0,0,0,0,0,0,0,0,0,1,1,0,0,0,0,1.0,1.0,confirmed_item_positive
confirmed_item_58839,23,6,173,专业选修课,36,,1,40,电子信息与计算机工程系,讲师,14,80,普通教室,综合楼B座,40,2.0,11,5,2,1,0,0,1,0,0,0,0,0,0,0,0,1,1,0,0,0,0,1.0,1.0,confirmed_item_positive
confirmed_item_58840,23,12,419,专业选修课,36,,1,40,电子信息与计算机工程系,讲师,14,80,普通教室,综合楼C座,40,2.0,5,5,4,0,1,0,0,0,0,0,0,0,0,0,0,1,1,0,0,0,0,1.0,1.0,confirmed_item_positive
confirmed_item_58841,23,12,299,专业选修课,36,,1,40,电子信息与计算机工程系,讲师,14,80,普通教室,综合楼C座,40,2.0,11,5,3,0,1,0,0,0,0,0,0,0,0,0,0,1,1,0,0,0,0,1.0,1.0,confirmed_item_positive
confirmed_item_58842,23,12,303,专业选修课,36,,1,40,电子信息与计算机工程系,讲师,14,80,普通教室,综合楼C座,40,2.0,15,5,3,0,1,0,0,0,0,0,0,0,0,0,0,1,1,0,0,0,0,1.0,1.0,confirmed_item_positive
confirmed_item_58843,24,12,208,专业选修课,36,,1,42,电子信息与计算机工程系,讲师,14,80,普通教室,综合楼C座,38,1.9048,10,3,2,1,0,0,1,0,0,0,0,0,0,0,0,1,1,0,0,0,0,1.0,1.0,confirmed_item_positive
confirmed_item_58844,24,18,209,专业选修课,36,,1,42,电子信息与计算机工程系,讲师,14,70,普通教室,综合楼B座,28,1.6667,11,3,2,1,0,0,1,0,0,0,0,0,0,0,0,1,1,0,0,0,0,1.0,1.0,confirmed_item_positive
confirmed_item_58845,24,15,359,专业选修课,36,,1,42,电子信息与计算机工程系,讲师,14,60,机房实验室,综合楼C座,18,1.4286,17,2,3,0,1,0,0,0,0,0,0,0,0,0,0,1,1,0,0,0,0,1.0,1.0,confirmed_item_positive
confirmed_item_58846,24,15,469,专业选修课,36,,1,42,电子信息与计算机工程系,讲师,14,60,机房实验室,综合楼C座,18,1.4286,1,2,4,0,1,0,0,0,0,0,0,0,0,0,0,1,1,0,0,0,0,1.0,1.0,confirmed_item_positive
confirmed_item_58847,24,15,453,专业选修课,36,,1,42,电子信息与计算机工程系,讲师,14,60,机房实验室,综合楼C座,18,1.4286,3,3,4,0,1,0,0,0,0,0,0,0,0,0,0,1,1,0,0,0,0,1.0,1.0,confirmed_item_positive
confirmed_item_58848,24,15,455,专业选修课,36,,1,42,电子信息与计算机工程系,讲师,14,60,机房实验室,综合楼C座,18,1.4286,5,3,4,0,1,0,0,0,0,0,0,0,0,0,0,1,1,0,0,0,0,1.0,1.0,confirmed_item_positive
confirmed_item_58849,24,12,364,专业选修课,36,,1,42,电子信息与计算机工程系,讲师,14,80,普通教室,综合楼C座,38,1.9048,4,1,3,0,1,0,0,0,0,0,0,0,0,0,0,1,1,0,0,0,0,1.0,1.0,confirmed_item_positive
confirmed_item_58850,24,18,428,专业选修课,36,,1,42,电子信息与计算机工程系,讲师,14,70,普通教室,综合楼B座,28,1.6667,14,5,4,0,1,0,0,0,0,0,0,0,0,0,0,1,1,0,0,0,0,1.0,1.0,confirmed_item_positive
confirmed_item_58851,24,15,499,专业选修课,36,,1,42,电子信息与计算机工程系,讲师,14,60,机房实验室,综合楼C座,18,1.4286,13,1,4,0,1,0,0,0,0,0,0,0,0,0,0,1,1,0,0,0,0,1.0,1.0,confirmed_item_positive
confirmed_item_58852,24,3,248,专业选修课,36,,1,42,电子信息与计算机工程系,讲师,14,80,普通教室,综合楼A座,38,1.9048,14,1,2,1,0,0,1,0,0,0,0,0,0,0,0,1,1,0,0,0,0,1.0,1.0,confirmed_item_positive
confirmed_item_58853,24,18,495,专业选修课,36,,1,42,电子信息与计算机工程系,讲师,14,70,普通教室,综合楼B座,28,1.6667,9,1,4,0,1,0,0,0,0,0,0,0,0,0,0,1,1,0,0,0,0,1.0,1.0,confirmed_item_positive
confirmed_item_58854,24,15,496,专业选修课,36,,1,42,电子信息与计算机工程系,讲师,14,60,机房实验室,综合楼C座,18,1.4286,10,1,4,0,1,0,0,0,0,0,0,0,0,0,0,1,1,0,0,0,0,1.0,1.0,confirmed_item_positive
confirmed_item_58855,24,18,229,专业选修课,36,,1,42,电子信息与计算机工程系,讲师,14,70,普通教室,综合楼B座,28,1.6667,13,2,2,1,0,0,1,0,0,0,0,0,0,0,0,1,1,0,0,0,0,1.0,1.0,confirmed_item_positive
confirmed_item_58856,24,18,230,专业选修课,36,,1,42,电子信息与计算机工程系,讲师,14,70,普通教室,综合楼B座,28,1.6667,14,2,2,1,0,0,1,0,0,0,0,0,0,0,0,1,1,0,0,0,0,1.0,1.0,confirmed_item_positive
confirmed_item_58857,24,15,344,专业选修课,36,,1,42,电子信息与计算机工程系,讲师,14,60,机房实验室,综合楼C座,18,1.4286,2,2,3,0,1,0,0,0,0,0,0,0,0,0,0,1,1,0,0,0,0,1.0,1.0,confirmed_item_positive
confirmed_item_58858,24,15,171,专业选修课,36,,1,42,电子信息与计算机工程系,讲师,14,60,机房实验室,综合楼C座,18,1.4286,9,5,2,1,0,0,1,0,0,0,0,0,0,0,0,1,1,0,0,0,0,1.0,1.0,confirmed_item_positive
confirmed_item_58859,24,18,475,专业选修课,36,,1,42,电子信息与计算机工程系,讲师,14,70,普通教室,综合楼B座,28,1.6667,7,2,4,0,1,0,0,0,0,0,0,0,0,0,0,1,1,0,0,0,0,1.0,1.0,confirmed_item_positive
confirmed_item_58860,24,15,296,专业选修课,36,,1,42,电子信息与计算机工程系,讲师,14,60,机房实验室,综合楼C座,18,1.4286,8,5,3,0,1,0,0,0,0,0,0,0,0,0,0,1,1,0,0,0,0,1.0,1.0,confirmed_item_positive
confirmed_item_58861,25,16,293,专业核心课,48,,2,88,电子信息与计算机工程系,副教授,12,120,阶梯教室,综合楼A座,32,1.3636,5,5,3,0,1,0,0,0,0,0,0,0,0,0,0,1,1,0,0,0,0,1.0,1.0,confirmed_item_positive
confirmed_item_58862,25,16,447,专业核心课,48,,2,88,电子信息与计算机工程系,副教授,12,120,阶梯教室,综合楼A座,32,1.3636,15,4,4,0,1,0,0,0,0,0,0,0,0,0,0,1,1,0,0,0,0,1.0,1.0,confirmed_item_positive
confirmed_item_58863,25,16,352,专业核心课,48,,2,88,电子信息与计算机工程系,副教授,12,120,阶梯教室,综合楼A座,32,1.3636,10,2,3,0,1,0,0,0,0,0,0,0,0,0,0,1,1,0,0,0,0,1.0,1.0,confirmed_item_positive
confirmed_item_58864,25,16,207,专业核心课,48,,2,88,电子信息与计算机工程系,副教授,12,120,阶梯教室,综合楼A座,32,1.3636,9,3,2,1,0,0,1,0,0,0,0,0,0,0,0,1,1,0,0,0,0,1.0,1.0,confirmed_item_positive
confirmed_item_58865,25,16,297,专业核心课,48,,2,88,电子信息与计算机工程系,副教授,12,120,阶梯教室,综合楼A座,32,1.3636,9,5,3,0,1,0,0,0,0,0,0,0,0,0,0,1,1,0,0,0,0,1.0,1.0,confirmed_item_positive
confirmed_item_58866,25,16,183,专业核心课,48,,2,88,电子信息与计算机工程系,副教授,12,120,阶梯教室,综合楼A座,32,1.3636,3,4,2,1,0,0,1,0,0,0,0,0,0,0,0,1,1,0,0,0,0,1.0,1.0,confirmed_item_positive
confirmed_item_58867,25,16,214,专业核心课,48,,2,88,电子信息与计算机工程系,副教授,12,120,阶梯教室,综合楼A座,32,1.3636,16,3,2,1,0,0,1,0,0,0,0,0,0,0,0,1,1,0,0,0,0,1.0,1.0,confirmed_item_positive
confirmed_item_58868,25,16,304,专业核心课,48,,2,88,电子信息与计算机工程系,副教授,12,120,阶梯教室,综合楼A座,32,1.3636,16,5,3,0,1,0,0,0,0,0,0,0,0,0,0,1,1,0,0,0,0,1.0,1.0,confirmed_item_positive
confirmed_item_58869,25,16,165,专业核心课,48,,2,88,电子信息与计算机工程系,副教授,12,120,阶梯教室,综合楼A座,32,1.3636,3,5,2,1,0,0,1,0,0,0,0,0,0,0,0,1,1,0,0,0,0,1.0,1.0,confirmed_item_positive
confirmed_item_58870,25,16,203,专业核心课,48,,2,88,电子信息与计算机工程系,副教授,12,120,阶梯教室,综合楼A座,32,1.3636,5,3,2,1,0,0,1,0,0,0,0,0,0,0,0,1,1,0,0,0,0,1.0,1.0,confirmed_item_positive
confirmed_item_58871,25,16,333,专业核心课,48,,2,88,电子信息与计算机工程系,副教授,12,120,阶梯教室,综合楼A座,32,1.3636,9,3,3,0,1,0,0,0,0,0,0,0,0,0,0,1,1,0,0,0,0,1.0,1.0,confirmed_item_positive
confirmed_item_58872,25,16,318,专业核心课,48,,2,88,电子信息与计算机工程系,副教授,12,120,阶梯教室,综合楼A座,32,1.3636,12,4,3,0,1,0,0,0,0,0,0,0,0,0,0,1,1,0,0,0,0,1.0,1.0,confirmed_item_positive
confirmed_item_58873,25,16,437,专业核心课,48,,2,88,电子信息与计算机工程系,副教授,12,120,阶梯教室,综合楼A座,32,1.3636,5,4,4,0,1,0,0,0,0,0,0,0,0,0,0,1,1,0,0,0,0,1.0,1.0,confirmed_item_positive
confirmed_item_58874,25,16,220,专业核心课,48,,2,88,电子信息与计算机工程系,副教授,12,120,阶梯教室,综合楼A座,32,1.3636,4,2,2,1,0,0,1,0,0,0,0,0,0,0,0,1,1,0,0,0,0,1.0,1.0,confirmed_item_positive
confirmed_item_58875,25,16,458,专业核心课,48,,2,88,电子信息与计算机工程系,副教授,12,120,阶梯教室,综合楼A座,32,1.3636,8,3,4,0,1,0,0,0,0,0,0,0,0,0,0,1,1,0,0,0,0,1.0,1.0,confirmed_item_positive
confirmed_item_58876,25,16,224,专业核心课,48,,2,88,电子信息与计算机工程系,副教授,12,120,阶梯教室,综合楼A座,32,1.3636,8,2,2,1,0,0,1,0,0,0,0,0,0,0,0,1,1,0,0,0,0,1.0,1.0,confirmed_item_positive
confirmed_item_58877,25,16,223,专业核心课,48,,2,88,电子信息与计算机工程系,副教授,12,120,阶梯教室,综合楼A座,32,1.3636,7,2,2,1,0,0,1,0,0,0,0,0,0,0,0,1,1,0,0,0,0,1.0,1.0,confirmed_item_positive
confirmed_item_58878,25,16,292,专业核心课,48,,2,88,电子信息与计算机工程系,副教授,12,120,阶梯教室,综合楼A座,32,1.3636,4,5,3,0,1,0,0,0,0,0,0,0,0,0,0,1,1,0,0,0,0,1.0,1.0,confirmed_item_positive
confirmed_item_58879,25,16,173,专业核心课,48,,2,88,电子信息与计算机工程系,副教授,12,120,阶梯教室,综合楼A座,32,1.3636,11,5,2,1,0,0,1,0,0,0,0,0,0,0,0,1,1,0,0,0,0,1.0,1.0,confirmed_item_positive
confirmed_item_58880,25,16,464,专业核心课,48,,2,88,电子信息与计算机工程系,副教授,12,120,阶梯教室,综合楼A座,32,1.3636,14,3,4,0,1,0,0,0,0,0,0,0,0,0,0,1,1,0,0,0,0,1.0,1.0,confirmed_item_positive
confirmed_item_58881,25,16,435,专业核心课,48,,2,88,电子信息与计算机工程系,副教授,12,120,阶梯教室,综合楼A座,32,1.3636,3,4,4,0,1,0,0,0,0,0,0,0,0,0,0,1,1,0,0,0,0,1.0,1.0,confirmed_item_positive
confirmed_item_58882,25,16,359,专业核心课,48,,2,88,电子信息与计算机工程系,副教授,12,120,阶梯教室,综合楼A座,32,1.3636,17,2,3,0,1,0,0,0,0,0,0,0,0,0,0,1,1,0,0,0,0,1.0,1.0,confirmed_item_positive
confirmed_item_58883,25,16,228,专业核心课,48,,2,88,电子信息与计算机工程系,副教授,12,120,阶梯教室,综合楼A座,32,1.3636,12,2,2,1,0,0,1,0,0,0,0,0,0,0,0,1,1,0,0,0,0,1.0,1.0,confirmed_item_positive
confirmed_item_58884,25,16,210,专业核心课,48,,2,88,电子信息与计算机工程系,副教授,12,120,阶梯教室,综合楼A座,32,1.3636,12,3,2,1,0,0,1,0,0,0,0,0,0,0,0,1,1,0,0,0,0,1.0,1.0,confirmed_item_positive
confirmed_item_58885,26,2,210,专业选修课,36,,1,40,电子信息与计算机工程系,讲师,14,80,普通教室,综合楼A座,40,2.0,12,3,2,1,0,0,1,0,0,0,0,0,0,0,0,1,1,0,0,0,0,1.0,1.0,confirmed_item_positive
confirmed_item_58886,26,15,374,专业选修课,36,,1,40,电子信息与计算机工程系,讲师,14,60,机房实验室,综合楼C座,20,1.5,14,1,3,0,1,0,0,0,0,0,0,0,0,0,0,1,1,0,0,0,0,1.0,1.0,confirmed_item_positive
confirmed_item_58887,26,15,193,专业选修课,36,,1,40,电子信息与计算机工程系,讲师,14,60,机房实验室,综合楼C座,20,1.5,13,4,2,1,0,0,1,0,0,0,0,0,0,0,0,1,1,0,0,0,0,1.0,1.0,confirmed_item_positive
confirmed_item_58888,26,15,497,专业选修课,36,,1,40,电子信息与计算机工程系,讲师,14,60,机房实验室,综合楼C座,20,1.5,11,1,4,0,1,0,0,0,0,0,0,0,0,0,0,1,1,0,0,0,0,1.0,1.0,confirmed_item_positive
confirmed_item_58889,26,15,341,专业选修课,36,,1,40,电子信息与计算机工程系,讲师,14,60,机房实验室,综合楼C座,20,1.5,17,3,3,0,1,0,0,0,0,0,0,0,0,0,0,1,1,0,0,0,0,1.0,1.0,confirmed_item_positive
confirmed_item_58890,26,15,363,专业选修课,36,,1,40,电子信息与计算机工程系,讲师,14,60,机房实验室,综合楼C座,20,1.5,3,1,3,0,1,0,0,0,0,0,0,0,0,0,0,1,1,0,0,0,0,1.0,1.0,confirmed_item_positive
confirmed_item_58891,26,15,298,专业选修课,36,,1,40,电子信息与计算机工程系,讲师,14,60,机房实验室,综合楼C座,20,1.5,10,5,3,0,1,0,0,0,0,0,0,0,0,0,0,1,1,0,0,0,0,1.0,1.0,confirmed_item_positive
confirmed_item_58892,26,15,246,专业选修课,36,,1,40,电子信息与计算机工程系,讲师,14,60,机房实验室,综合楼C座,20,1.5,12,1,2,1,0,0,1,0,0,0,0,0,0,0,0,1,1,0,0,0,0,1.0,1.0,confirmed_item_positive
confirmed_item_58893,26,5,304,专业选修课,36,,1,40,电子信息与计算机工程系,讲师,14,60,机房/实验室,综合楼A座,20,1.5,16,5,3,0,1,0,0,0,0,0,0,0,0,0,0,1,1,0,0,0,0,1.0,1.0,confirmed_item_positive
confirmed_item_58894,26,15,502,专业选修课,36,,1,40,电子信息与计算机工程系,讲师,14,60,机房实验室,综合楼C座,20,1.5,16,1,4,0,1,0,0,0,0,0,0,0,0,0,0,1,1,0,0,0,0,1.0,1.0,confirmed_item_positive
confirmed_item_58895,26,15,461,专业选修课,36,,1,40,电子信息与计算机工程系,讲师,14,60,机房实验室,综合楼C座,20,1.5,11,3,4,0,1,0,0,0,0,0,0,0,0,0,0,1,1,0,0,0,0,1.0,1.0,confirmed_item_positive
confirmed_item_58896,26,15,465,专业选修课,36,,1,40,电子信息与计算机工程系,讲师,14,60,机房实验室,综合楼C座,20,1.5,15,3,4,0,1,0,0,0,0,0,0,0,0,0,0,1,1,0,0,0,0,1.0,1.0,confirmed_item_positive
confirmed_item_58897,26,15,317,专业选修课,36,,1,40,电子信息与计算机工程系,讲师,14,60,机房实验室,综合楼C座,20,1.5,11,4,3,0,1,0,0,0,0,0,0,0,0,0,0,1,1,0,0,0,0,1.0,1.0,confirmed_item_positive
confirmed_item_58898,26,15,375,专业选修课,36,,1,40,电子信息与计算机工程系,讲师,14,60,机房实验室,综合楼C座,20,1.5,15,1,3,0,1,0,0,0,0,0,0,0,0,0,0,1,1,0,0,0,0,1.0,1.0,confirmed_item_positive
confirmed_item_58899,26,15,368,专业选修课,36,,1,40,电子信息与计算机工程系,讲师,14,60,机房实验室,综合楼C座,20,1.5,8,1,3,0,1,0,0,0,0,0,0,0,0,0,0,1,1,0,0,0,0,1.0,1.0,confirmed_item_positive
confirmed_item_58900,26,15,370,专业选修课,36,,1,40,电子信息与计算机工程系,讲师,14,60,机房实验室,综合楼C座,20,1.5,10,1,3,0,1,0,0,0,0,0,0,0,0,0,0,1,1,0,0,0,0,1.0,1.0,confirmed_item_positive
confirmed_item_58901,26,15,184,专业选修课,36,,1,40,电子信息与计算机工程系,讲师,14,60,机房实验室,综合楼C座,20,1.5,4,4,2,1,0,0,1,0,0,0,0,0,0,0,0,1,1,0,0,0,0,1.0,1.0,confirmed_item_positive
confirmed_item_58902,26,15,427,专业选修课,36,,1,40,电子信息与计算机工程系,讲师,14,60,机房实验室,综合楼C座,20,1.5,13,5,4,0,1,0,0,0,0,0,0,0,0,0,0,1,1,0,0,0,0,1.0,1.0,confirmed_item_positive
confirmed_item_58903,27,18,420,专业选修课,36,,1,38,电子信息与计算机工程系,教授,10,70,普通教室,综合楼B座,32,1.8421,6,5,4,0,1,0,0,0,0,0,0,0,0,0,0,1,1,0,0,0,0,1.0,1.0,confirmed_item_positive
confirmed_item_58904,27,10,247,专业选修课,36,,1,38,电子信息与计算机工程系,教授,10,60,机房/实验室,综合楼B座,22,1.5789,13,1,2,1,0,0,1,0,0,0,0,0,0,0,0,1,1,0,0,0,0,1.0,1.0,confirmed_item_positive
confirmed_item_58905,27,15,207,专业选修课,36,,1,38,电子信息与计算机工程系,教授,10,60,机房实验室,综合楼C座,22,1.5789,9,3,2,1,0,0,1,0,0,0,0,0,0,0,0,1,1,0,0,0,0,1.0,1.0,confirmed_item_positive
confirmed_item_58906,27,5,294,专业选修课,36,,1,38,电子信息与计算机工程系,教授,10,60,机房/实验室,综合楼A座,22,1.5789,6,5,3,0,1,0,0,0,0,0,0,0,0,0,0,1,1,0,0,0,0,1.0,1.0,confirmed_item_positive
confirmed_item_58907,27,14,300,专业选修课,36,,1,38,电子信息与计算机工程系,教授,10,60,机房实验室,综合楼C座,22,1.5789,12,5,3,0,1,0,0,0,0,0,0,0,0,0,0,1,1,0,0,0,0,1.0,1.0,confirmed_item_positive
confirmed_item_58908,27,10,439,专业选修课,36,,1,38,电子信息与计算机工程系,教授,10,60,机房/实验室,综合楼B座,22,1.5789,7,4,4,0,1,0,0,0,0,0,0,0,0,0,0,1,1,0,0,0,0,1.0,1.0,confirmed_item_positive
confirmed_item_58909,27,17,366,专业选修课,36,,1,38,电子信息与计算机工程系,教授,10,70,普通教室,综合楼B座,32,1.8421,6,1,3,0,1,0,0,0,0,0,0,0,0,0,0,1,1,0,0,0,0,1.0,1.0,confirmed_item_positive
confirmed_item_58910,27,5,428,专业选修课,36,,1,38,电子信息与计算机工程系,教授,10,60,机房/实验室,综合楼A座,22,1.5789,14,5,4,0,1,0,0,0,0,0,0,0,0,0,0,1,1,0,0,0,0,1.0,1.0,confirmed_item_positive
confirmed_item_58911,27,14,187,专业选修课,36,,1,38,电子信息与计算机工程系,教授,10,60,机房实验室,综合楼C座,22,1.5789,7,4,2,1,0,0,1,0,0,0,0,0,0,0,0,1,1,0,0,0,0,1.0,1.0,confirmed_item_positive
confirmed_item_58912,27,14,341,专业选修课,36,,1,38,电子信息与计算机工程系,教授,10,60,机房实验室,综合楼C座,22,1.5789,17,3,3,0,1,0,0,0,0,0,0,0,0,0,0,1,1,0,0,0,0,1.0,1.0,confirmed_item_positive
confirmed_item_58913,27,5,447,专业选修课,36,,1,38,电子信息与计算机工程系,教授,10,60,机房/实验室,综合楼A座,22,1.5789,15,4,4,0,1,0,0,0,0,0,0,0,0,0,0,1,1,0,0,0,0,1.0,1.0,confirmed_item_positive
confirmed_item_58914,27,10,499,专业选修课,36,,1,38,电子信息与计算机工程系,教授,10,60,机房/实验室,综合楼B座,22,1.5789,13,1,4,0,1,0,0,0,0,0,0,0,0,0,0,1,1,0,0,0,0,1.0,1.0,confirmed_item_positive
confirmed_item_58915,27,17,501,专业选修课,36,,1,38,电子信息与计算机工程系,教授,10,70,普通教室,综合楼B座,32,1.8421,15,1,4,0,1,0,0,0,0,0,0,0,0,0,0,1,1,0,0,0,0,1.0,1.0,confirmed_item_positive
confirmed_item_58916,27,10,166,专业选修课,36,,1,38,电子信息与计算机工程系,教授,10,60,机房/实验室,综合楼B座,22,1.5789,4,5,2,1,0,0,1,0,0,0,0,0,0,0,0,1,1,0,0,0,0,1.0,1.0,confirmed_item_positive
confirmed_item_58917,27,18,457,专业选修课,36,,1,38,电子信息与计算机工程系,教授,10,70,普通教室,综合楼B座,32,1.8421,7,3,4,0,1,0,0,0,0,0,0,0,0,0,0,1,1,0,0,0,0,1.0,1.0,confirmed_item_positive
confirmed_item_58918,27,15,377,专业选修课,36,,1,38,电子信息与计算机工程系,教授,10,60,机房实验室,综合楼C座,22,1.5789,17,1,3,0,1,0,0,0,0,0,0,0,0,0,0,1,1,0,0,0,0,1.0,1.0,confirmed_item_positive
confirmed_item_58919,27,10,303,专业选修课,36,,1,38,电子信息与计算机工程系,教授,10,60,机房/实验室,综合楼B座,22,1.5789,15,5,3,0,1,0,0,0,0,0,0,0,0,0,0,1,1,0,0,0,0,1.0,1.0,confirmed_item_positive
confirmed_item_58920,27,14,190,专业选修课,36,,1,38,电子信息与计算机工程系,教授,10,60,机房实验室,综合楼C座,22,1.5789,10,4,2,1,0,0,1,0,0,0,0,0,0,0,0,1,1,0,0,0,0,1.0,1.0,confirmed_item_positive
confirmed_item_58921,28,14,315,专业选修课,36,,1,40,电子信息与计算机工程系,讲师,14,60,机房实验室,综合楼C座,20,1.5,9,4,3,0,1,0,0,0,0,0,0,0,0,0,0,1,1,0,0,0,0,1.0,1.0,confirmed_item_positive
confirmed_item_58922,28,14,222,专业选修课,36,,1,40,电子信息与计算机工程系,讲师,14,60,机房实验室,综合楼C座,20,1.5,6,2,2,1,0,0,1,0,0,0,0,0,0,0,0,1,1,0,0,0,0,1.0,1.0,confirmed_item_positive
confirmed_item_58923,28,14,439,专业选修课,36,,1,40,电子信息与计算机工程系,讲师,14,60,机房实验室,综合楼C座,20,1.5,7,4,4,0,1,0,0,0,0,0,0,0,0,0,0,1,1,0,0,0,0,1.0,1.0,confirmed_item_positive
confirmed_item_58924,28,14,434,专业选修课,36,,1,40,电子信息与计算机工程系,讲师,14,60,机房实验室,综合楼C座,20,1.5,2,4,4,0,1,0,0,0,0,0,0,0,0,0,0,1,1,0,0,0,0,1.0,1.0,confirmed_item_positive
confirmed_item_58925,28,14,370,专业选修课,36,,1,40,电子信息与计算机工程系,讲师,14,60,机房实验室,综合楼C座,20,1.5,10,1,3,0,1,0,0,0,0,0,0,0,0,0,0,1,1,0,0,0,0,1.0,1.0,confirmed_item_positive
confirmed_item_58926,28,14,168,专业选修课,36,,1,40,电子信息与计算机工程系,讲师,14,60,机房实验室,综合楼C座,20,1.5,6,5,2,1,0,0,1,0,0,0,0,0,0,0,0,1,1,0,0,0,0,1.0,1.0,confirmed_item_positive
confirmed_item_58927,28,14,487,专业选修课,36,,1,40,电子信息与计算机工程系,讲师,14,60,机房实验室,综合楼C座,20,1.5,1,1,4,0,1,0,0,0,0,0,0,0,0,0,0,1,1,0,0,0,0,1.0,1.0,confirmed_item_positive
confirmed_item_58928,28,14,309,专业选修课,36,,1,40,电子信息与计算机工程系,讲师,14,60,机房实验室,综合楼C座,20,1.5,3,4,3,0,1,0,0,0,0,0,0,0,0,0,0,1,1,0,0,0,0,1.0,1.0,confirmed_item_positive
confirmed_item_58929,28,7,228,专业选修课,36,,1,40,电子信息与计算机工程系,讲师,14,80,普通教室,综合楼B座,40,2.0,12,2,2,1,0,0,1,0,0,0,0,0,0,0,0,1,1,0,0,0,0,1.0,1.0,confirmed_item_positive
confirmed_item_58930,28,14,470,专业选修课,36,,1,40,电子信息与计算机工程系,讲师,14,60,机房实验室,综合楼C座,20,1.5,2,2,4,0,1,0,0,0,0,0,0,0,0,0,0,1,1,0,0,0,0,1.0,1.0,confirmed_item_positive
confirmed_item_58931,28,14,481,专业选修课,36,,1,40,电子信息与计算机工程系,讲师,14,60,机房实验室,综合楼C座,20,1.5,13,2,4,0,1,0,0,0,0,0,0,0,0,0,0,1,1,0,0,0,0,1.0,1.0,confirmed_item_positive
confirmed_item_58932,28,14,346,专业选修课,36,,1,40,电子信息与计算机工程系,讲师,14,60,机房实验室,综合楼C座,20,1.5,4,2,3,0,1,0,0,0,0,0,0,0,0,0,0,1,1,0,0,0,0,1.0,1.0,confirmed_item_positive
confirmed_item_58933,28,14,348,专业选修课,36,,1,40,电子信息与计算机工程系,讲师,14,60,机房实验室,综合楼C座,20,1.5,6,2,3,0,1,0,0,0,0,0,0,0,0,0,0,1,1,0,0,0,0,1.0,1.0,confirmed_item_positive
confirmed_item_58934,28,14,422,专业选修课,36,,1,40,电子信息与计算机工程系,讲师,14,60,机房实验室,综合楼C座,20,1.5,8,5,4,0,1,0,0,0,0,0,0,0,0,0,0,1,1,0,0,0,0,1.0,1.0,confirmed_item_positive
confirmed_item_58935,28,14,224,专业选修课,36,,1,40,电子信息与计算机工程系,讲师,14,60,机房实验室,综合楼C座,20,1.5,8,2,2,1,0,0,1,0,0,0,0,0,0,0,0,1,1,0,0,0,0,1.0,1.0,confirmed_item_positive
confirmed_item_58936,28,14,177,专业选修课,36,,1,40,电子信息与计算机工程系,讲师,14,60,机房实验室,综合楼C座,20,1.5,15,5,2,1,0,0,1,0,0,0,0,0,0,0,0,1,1,0,0,0,0,1.0,1.0,confirmed_item_positive
confirmed_item_58937,28,14,321,专业选修课,36,,1,40,电子信息与计算机工程系,讲师,14,60,机房实验室,综合楼C座,20,1.5,15,4,3,0,1,0,0,0,0,0,0,0,0,0,0,1,1,0,0,0,0,1.0,1.0,confirmed_item_positive
confirmed_item_58938,28,14,354,专业选修课,36,,1,40,电子信息与计算机工程系,讲师,14,60,机房实验室,综合楼C座,20,1.5,12,2,3,0,1,0,0,0,0,0,0,0,0,0,0,1,1,0,0,0,0,1.0,1.0,confirmed_item_positive
confirmed_item_58939,29,13,174,专业核心课,48,,2,85,电子信息与计算机工程系,教授,10,100,阶梯教室,综合楼C座,15,1.1765,12,5,2,1,0,0,1,0,0,0,0,0,0,0,0,1,1,0,0,0,0,1.0,1.0,confirmed_item_positive
confirmed_item_58940,29,13,369,专业核心课,48,,2,85,电子信息与计算机工程系,教授,10,100,阶梯教室,综合楼C座,15,1.1765,9,1,3,0,1,0,0,0,0,0,0,0,0,0,0,1,1,0,0,0,0,1.0,1.0,confirmed_item_positive
confirmed_item_58941,29,13,249,专业核心课,48,,2,85,电子信息与计算机工程系,教授,10,100,阶梯教室,综合楼C座,15,1.1765,15,1,2,1,0,0,1,0,0,0,0,0,0,0,0,1,1,0,0,0,0,1.0,1.0,confirmed_item_positive
confirmed_item_58942,29,13,173,专业核心课,48,,2,85,电子信息与计算机工程系,教授,10,100,阶梯教室,综合楼C座,15,1.1765,11,5,2,1,0,0,1,0,0,0,0,0,0,0,0,1,1,0,0,0,0,1.0,1.0,confirmed_item_positive
confirmed_item_58943,29,13,332,专业核心课,48,,2,85,电子信息与计算机工程系,教授,10,100,阶梯教室,综合楼C座,15,1.1765,8,3,3,0,1,0,0,0,0,0,0,0,0,0,0,1,1,0,0,0,0,1.0,1.0,confirmed_item_positive
confirmed_item_58944,29,13,423,专业核心课,48,,2,85,电子信息与计算机工程系,教授,10,100,阶梯教室,综合楼C座,15,1.1765,9,5,4,0,1,0,0,0,0,0,0,0,0,0,0,1,1,0,0,0,0,1.0,1.0,confirmed_item_positive
confirmed_item_58945,29,13,250,专业核心课,48,,2,85,电子信息与计算机工程系,教授,10,100,阶梯教室,综合楼C座,15,1.1765,16,1,2,1,0,0,1,0,0,0,0,0,0,0,0,1,1,0,0,0,0,1.0,1.0,confirmed_item_positive
confirmed_item_58946,29,13,239,专业核心课,48,,2,85,电子信息与计算机工程系,教授,10,100,阶梯教室,综合楼C座,15,1.1765,5,1,2,1,0,0,1,0,0,0,0,0,0,0,0,1,1,0,0,0,0,1.0,1.0,confirmed_item_positive
confirmed_item_58947,29,13,299,专业核心课,48,,2,85,电子信息与计算机工程系,教授,10,100,阶梯教室,综合楼C座,15,1.1765,11,5,3,0,1,0,0,0,0,0,0,0,0,0,0,1,1,0,0,0,0,1.0,1.0,confirmed_item_positive
confirmed_item_58948,29,13,331,专业核心课,48,,2,85,电子信息与计算机工程系,教授,10,100,阶梯教室,综合楼C座,15,1.1765,7,3,3,0,1,0,0,0,0,0,0,0,0,0,0,1,1,0,0,0,0,1.0,1.0,confirmed_item_positive
confirmed_item_58949,29,13,485,专业核心课,48,,2,85,电子信息与计算机工程系,教授,10,100,阶梯教室,综合楼C座,15,1.1765,17,2,4,0,1,0,0,0,0,0,0,0,0,0,0,1,1,0,0,0,0,1.0,1.0,confirmed_item_positive
confirmed_item_58950,29,13,354,专业核心课,48,,2,85,电子信息与计算机工程系,教授,10,100,阶梯教室,综合楼C座,15,1.1765,12,2,3,0,1,0,0,0,0,0,0,0,0,0,0,1,1,0,0,0,0,1.0,1.0,confirmed_item_positive
confirmed_item_58951,29,13,214,专业核心课,48,,2,85,电子信息与计算机工程系,教授,10,100,阶梯教室,综合楼C座,15,1.1765,16,3,2,1,0,0,1,0,0,0,0,0,0,0,0,1,1,0,0,0,0,1.0,1.0,confirmed_item_positive
confirmed_item_58952,29,13,300,专业核心课,48,,2,85,电子信息与计算机工程系,教授,10,100,阶梯教室,综合楼C座,15,1.1765,12,5,3,0,1,0,0,0,0,0,0,0,0,0,0,1,1,0,0,0,0,1.0,1.0,confirmed_item_positive
confirmed_item_58953,29,13,341,专业核心课,48,,2,85,电子信息与计算机工程系,教授,10,100,阶梯教室,综合楼C座,15,1.1765,17,3,3,0,1,0,0,0,0,0,0,0,0,0,0,1,1,0,0,0,0,1.0,1.0,confirmed_item_positive
confirmed_item_58954,29,13,476,专业核心课,48,,2,85,电子信息与计算机工程系,教授,10,100,阶梯教室,综合楼C座,15,1.1765,8,2,4,0,1,0,0,0,0,0,0,0,0,0,0,1,1,0,0,0,0,1.0,1.0,confirmed_item_positive
confirmed_item_58955,29,13,333,专业核心课,48,,2,85,电子信息与计算机工程系,教授,10,100,阶梯教室,综合楼C座,15,1.1765,9,3,3,0,1,0,0,0,0,0,0,0,0,0,0,1,1,0,0,0,0,1.0,1.0,confirmed_item_positive
confirmed_item_58956,29,13,221,专业核心课,48,,2,85,电子信息与计算机工程系,教授,10,100,阶梯教室,综合楼C座,15,1.1765,5,2,2,1,0,0,1,0,0,0,0,0,0,0,0,1,1,0,0,0,0,1.0,1.0,confirmed_item_positive
confirmed_item_58957,29,13,171,专业核心课,48,,2,85,电子信息与计算机工程系,教授,10,100,阶梯教室,综合楼C座,15,1.1765,9,5,2,1,0,0,1,0,0,0,0,0,0,0,0,1,1,0,0,0,0,1.0,1.0,confirmed_item_positive
confirmed_item_58958,29,13,364,专业核心课,48,,2,85,电子信息与计算机工程系,教授,10,100,阶梯教室,综合楼C座,15,1.1765,4,1,3,0,1,0,0,0,0,0,0,0,0,0,0,1,1,0,0,0,0,1.0,1.0,confirmed_item_positive
confirmed_item_58959,29,13,339,专业核心课,48,,2,85,电子信息与计算机工程系,教授,10,100,阶梯教室,综合楼C座,15,1.1765,15,3,3,0,1,0,0,0,0,0,0,0,0,0,0,1,1,0,0,0,0,1.0,1.0,confirmed_item_positive
confirmed_item_58960,29,13,178,专业核心课,48,,2,85,电子信息与计算机工程系,教授,10,100,阶梯教室,综合楼C座,15,1.1765,16,5,2,1,0,0,1,0,0,0,0,0,0,0,0,1,1,0,0,0,0,1.0,1.0,confirmed_item_positive
confirmed_item_58961,29,13,465,专业核心课,48,,2,85,电子信息与计算机工程系,教授,10,100,阶梯教室,综合楼C座,15,1.1765,15,3,4,0,1,0,0,0,0,0,0,0,0,0,0,1,1,0,0,0,0,1.0,1.0,confirmed_item_positive
confirmed_item_58962,29,13,215,专业核心课,48,,2,85,电子信息与计算机工程系,教授,10,100,阶梯教室,综合楼C座,15,1.1765,17,3,2,1,0,0,1,0,0,0,0,0,0,0,0,1,1,0,0,0,0,1.0,1.0,confirmed_item_positive
confirmed_item_58963,30,16,335,专业核心课,48,,3,120,电子信息与计算机工程系,副教授,12,120,阶梯教室,综合楼A座,0,1.0,11,3,3,0,1,0,0,0,0,0,0,0,0,0,0,1,1,0,0,0,0,1.0,1.0,confirmed_item_positive
confirmed_item_58964,30,16,166,专业核心课,48,,3,120,电子信息与计算机工程系,副教授,12,120,阶梯教室,综合楼A座,0,1.0,4,5,2,1,0,0,1,0,0,0,0,0,0,0,0,1,1,0,0,0,0,1.0,1.0,confirmed_item_positive
confirmed_item_58965,30,16,199,专业核心课,48,,3,120,电子信息与计算机工程系,副教授,12,120,阶梯教室,综合楼A座,0,1.0,1,3,2,1,0,0,1,0,0,0,0,0,0,0,0,1,1,0,0,0,0,1.0,1.0,confirmed_item_positive
confirmed_item_58966,30,16,469,专业核心课,48,,3,120,电子信息与计算机工程系,副教授,12,120,阶梯教室,综合楼A座,0,1.0,1,2,4,0,1,0,0,0,0,0,0,0,0,0,0,1,1,0,0,0,0,1.0,1.0,confirmed_item_positive
confirmed_item_58967,30,16,289,专业核心课,48,,3,120,电子信息与计算机工程系,副教授,12,120,阶梯教室,综合楼A座,0,1.0,1,5,3,0,1,0,0,0,0,0,0,0,0,0,0,1,1,0,0,0,0,1.0,1.0,confirmed_item_positive
confirmed_item_58968,30,16,433,专业核心课,48,,3,120,电子信息与计算机工程系,副教授,12,120,阶梯教室,综合楼A座,0,1.0,1,4,4,0,1,0,0,0,0,0,0,0,0,0,0,1,1,0,0,0,0,1.0,1.0,confirmed_item_positive
confirmed_item_58969,30,16,233,专业核心课,48,,3,120,电子信息与计算机工程系,副教授,12,120,阶梯教室,综合楼A座,0,1.0,17,2,2,1,0,0,1,0,0,0,0,0,0,0,0,1,1,0,0,0,0,1.0,1.0,confirmed_item_positive
confirmed_item_58970,30,16,429,专业核心课,48,,3,120,电子信息与计算机工程系,副教授,12,120,阶梯教室,综合楼A座,0,1.0,15,5,4,0,1,0,0,0,0,0,0,0,0,0,0,1,1,0,0,0,0,1.0,1.0,confirmed_item_positive
confirmed_item_58971,30,16,346,专业核心课,48,,3,120,电子信息与计算机工程系,副教授,12,120,阶梯教室,综合楼A座,0,1.0,4,2,3,0,1,0,0,0,0,0,0,0,0,0,0,1,1,0,0,0,0,1.0,1.0,confirmed_item_positive
confirmed_item_58972,30,16,178,专业核心课,48,,3,120,电子信息与计算机工程系,副教授,12,120,阶梯教室,综合楼A座,0,1.0,16,5,2,1,0,0,1,0,0,0,0,0,0,0,0,1,1,0,0,0,0,1.0,1.0,confirmed_item_positive
confirmed_item_58973,30,16,317,专业核心课,48,,3,120,电子信息与计算机工程系,副教授,12,120,阶梯教室,综合楼A座,0,1.0,11,4,3,0,1,0,0,0,0,0,0,0,0,0,0,1,1,0,0,0,0,1.0,1.0,confirmed_item_positive
confirmed_item_58974,30,16,336,专业核心课,48,,3,120,电子信息与计算机工程系,副教授,12,120,阶梯教室,综合楼A座,0,1.0,12,3,3,0,1,0,0,0,0,0,0,0,0,0,0,1,1,0,0,0,0,1.0,1.0,confirmed_item_positive
confirmed_item_58975,30,16,345,专业核心课,48,,3,120,电子信息与计算机工程系,副教授,12,120,阶梯教室,综合楼A座,0,1.0,3,2,3,0,1,0,0,0,0,0,0,0,0,0,0,1,1,0,0,0,0,1.0,1.0,confirmed_item_positive
confirmed_item_58976,30,16,316,专业核心课,48,,3,120,电子信息与计算机工程系,副教授,12,120,阶梯教室,综合楼A座,0,1.0,10,4,3,0,1,0,0,0,0,0,0,0,0,0,0,1,1,0,0,0,0,1.0,1.0,confirmed_item_positive
confirmed_item_58977,30,16,323,专业核心课,48,,3,120,电子信息与计算机工程系,副教授,12,120,阶梯教室,综合楼A座,0,1.0,17,4,3,0,1,0,0,0,0,0,0,0,0,0,0,1,1,0,0,0,0,1.0,1.0,confirmed_item_positive
confirmed_item_58978,30,16,466,专业核心课,48,,3,120,电子信息与计算机工程系,副教授,12,120,阶梯教室,综合楼A座,0,1.0,16,3,4,0,1,0,0,0,0,0,0,0,0,0,0,1,1,0,0,0,0,1.0,1.0,confirmed_item_positive
confirmed_item_58979,30,16,417,专业核心课,48,,3,120,电子信息与计算机工程系,副教授,12,120,阶梯教室,综合楼A座,0,1.0,3,5,4,0,1,0,0,0,0,0,0,0,0,0,0,1,1,0,0,0,0,1.0,1.0,confirmed_item_positive
confirmed_item_58980,30,16,470,专业核心课,48,,3,120,电子信息与计算机工程系,副教授,12,120,阶梯教室,综合楼A座,0,1.0,2,2,4,0,1,0,0,0,0,0,0,0,0,0,0,1,1,0,0,0,0,1.0,1.0,confirmed_item_positive
confirmed_item_58981,30,16,307,专业核心课,48,,3,120,电子信息与计算机工程系,副教授,12,120,阶梯教室,综合楼A座,0,1.0,1,4,3,0,1,0,0,0,0,0,0,0,0,0,0,1,1,0,0,0,0,1.0,1.0,confirmed_item_positive
confirmed_item_58982,30,16,215,专业核心课,48,,3,120,电子信息与计算机工程系,副教授,12,120,阶梯教室,综合楼A座,0,1.0,17,3,2,1,0,0,1,0,0,0,0,0,0,0,0,1,1,0,0,0,0,1.0,1.0,confirmed_item_positive
confirmed_item_58983,30,16,219,专业核心课,48,,3,120,电子信息与计算机工程系,副教授,12,120,阶梯教室,综合楼A座,0,1.0,3,2,2,1,0,0,1,0,0,0,0,0,0,0,0,1,1,0,0,0,0,1.0,1.0,confirmed_item_positive
confirmed_item_58984,30,16,325,专业核心课,48,,3,120,电子信息与计算机工程系,副教授,12,120,阶梯教室,综合楼A座,0,1.0,1,3,3,0,1,0,0,0,0,0,0,0,0,0,0,1,1,0,0,0,0,1.0,1.0,confirmed_item_positive
confirmed_item_58985,30,16,343,专业核心课,48,,3,120,电子信息与计算机工程系,副教授,12,120,阶梯教室,综合楼A座,0,1.0,1,2,3,0,1,0,0,0,0,0,0,0,0,0,0,1,1,0,0,0,0,1.0,1.0,confirmed_item_positive
confirmed_item_58986,30,16,434,专业核心课,48,,3,120,电子信息与计算机工程系,副教授,12,120,阶梯教室,综合楼A座,0,1.0,2,4,4,0,1,0,0,0,0,0,0,0,0,0,0,1,1,0,0,0,0,1.0,1.0,confirmed_item_positive
confirmed_item_58987,32,16,460,专业选修课,36,,2,85,电子信息与计算机工程系,副教授,12,120,阶梯教室,综合楼A座,35,1.4118,10,3,4,0,1,0,0,0,0,0,0,0,0,0,0,1,1,0,0,0,0,1.0,1.0,confirmed_item_positive
confirmed_item_58988,32,4,495,专业选修课,36,,2,85,电子信息与计算机工程系,副教授,12,100,阶梯教室,综合楼A座,15,1.1765,9,1,4,0,1,0,0,0,0,0,0,0,0,0,0,1,1,0,0,0,0,1.0,1.0,confirmed_item_positive
confirmed_item_58989,32,13,452,专业选修课,36,,2,85,电子信息与计算机工程系,副教授,12,100,阶梯教室,综合楼C座,15,1.1765,2,3,4,0,1,0,0,0,0,0,0,0,0,0,0,1,1,0,0,0,0,1.0,1.0,confirmed_item_positive
confirmed_item_58990,32,4,168,专业选修课,36,,2,85,电子信息与计算机工程系,副教授,12,100,阶梯教室,综合楼A座,15,1.1765,6,5,2,1,0,0,1,0,0,0,0,0,0,0,0,1,1,0,0,0,0,1.0,1.0,confirmed_item_positive
confirmed_item_58991,32,4,178,专业选修课,36,,2,85,电子信息与计算机工程系,副教授,12,100,阶梯教室,综合楼A座,15,1.1765,16,5,2,1,0,0,1,0,0,0,0,0,0,0,0,1,1,0,0,0,0,1.0,1.0,confirmed_item_positive
confirmed_item_58992,32,13,366,专业选修课,36,,2,85,电子信息与计算机工程系,副教授,12,100,阶梯教室,综合楼C座,15,1.1765,6,1,3,0,1,0,0,0,0,0,0,0,0,0,0,1,1,0,0,0,0,1.0,1.0,confirmed_item_positive
confirmed_item_58993,32,4,336,专业选修课,36,,2,85,电子信息与计算机工程系,副教授,12,100,阶梯教室,综合楼A座,15,1.1765,12,3,3,0,1,0,0,0,0,0,0,0,0,0,0,1,1,0,0,0,0,1.0,1.0,confirmed_item_positive
confirmed_item_58994,32,16,326,专业选修课,36,,2,85,电子信息与计算机工程系,副教授,12,120,阶梯教室,综合楼A座,35,1.4118,2,3,3,0,1,0,0,0,0,0,0,0,0,0,0,1,1,0,0,0,0,1.0,1.0,confirmed_item_positive
confirmed_item_58995,32,13,351,专业选修课,36,,2,85,电子信息与计算机工程系,副教授,12,100,阶梯教室,综合楼C座,15,1.1765,9,2,3,0,1,0,0,0,0,0,0,0,0,0,0,1,1,0,0,0,0,1.0,1.0,confirmed_item_positive
confirmed_item_58996,32,4,244,专业选修课,36,,2,85,电子信息与计算机工程系,副教授,12,100,阶梯教室,综合楼A座,15,1.1765,10,1,2,1,0,0,1,0,0,0,0,0,0,0,0,1,1,0,0,0,0,1.0,1.0,confirmed_item_positive
confirmed_item_58997,32,16,356,专业选修课,36,,2,85,电子信息与计算机工程系,副教授,12,120,阶梯教室,综合楼A座,35,1.4118,14,2,3,0,1,0,0,0,0,0,0,0,0,0,0,1,1,0,0,0,0,1.0,1.0,confirmed_item_positive
confirmed_item_58998,32,16,463,专业选修课,36,,2,85,电子信息与计算机工程系,副教授,12,120,阶梯教室,综合楼A座,35,1.4118,13,3,4,0,1,0,0,0,0,0,0,0,0,0,0,1,1,0,0,0,0,1.0,1.0,confirmed_item_positive
confirmed_item_58999,32,13,295,专业选修课,36,,2,85,电子信息与计算机工程系,副教授,12,100,阶梯教室,综合楼C座,15,1.1765,7,5,3,0,1,0,0,0,0,0,0,0,0,0,0,1,1,0,0,0,0,1.0,1.0,confirmed_item_positive
confirmed_item_59000,32,16,376,专业选修课,36,,2,85,电子信息与计算机工程系,副教授,12,120,阶梯教室,综合楼A座,35,1.4118,16,1,3,0,1,0,0,0,0,0,0,0,0,0,0,1,1,0,0,0,0,1.0,1.0,confirmed_item_positive
confirmed_item_59001,32,16,218,专业选修课,36,,2,85,电子信息与计算机工程系,副教授,12,120,阶梯教室,综合楼A座,35,1.4118,2,2,2,1,0,0,1,0,0,0,0,0,0,0,0,1,1,0,0,0,0,1.0,1.0,confirmed_item_positive
confirmed_item_59002,32,13,490,专业选修课,36,,2,85,电子信息与计算机工程系,副教授,12,100,阶梯教室,综合楼C座,15,1.1765,4,1,4,0,1,0,0,0,0,0,0,0,0,0,0,1,1,0,0,0,0,1.0,1.0,confirmed_item_positive
confirmed_item_59003,32,4,346,专业选修课,36,,2,85,电子信息与计算机工程系,副教授,12,100,阶梯教室,综合楼A座,15,1.1765,4,2,3,0,1,0,0,0,0,0,0,0,0,0,0,1,1,0,0,0,0,1.0,1.0,confirmed_item_positive
confirmed_item_59004,32,4,205,专业选修课,36,,2,85,电子信息与计算机工程系,副教授,12,100,阶梯教室,综合楼A座,15,1.1765,7,3,2,1,0,0,1,0,0,0,0,0,0,0,0,1,1,0,0,0,0,1.0,1.0,confirmed_item_positive
confirmed_item_59005,33,4,175,专业选修课,36,,2,78,电子信息与计算机工程系,讲师,14,100,阶梯教室,综合楼A座,22,1.2821,13,5,2,1,0,0,1,0,0,0,0,0,0,0,0,1,1,0,0,0,0,1.0,1.0,confirmed_item_positive
confirmed_item_59006,33,4,421,专业选修课,36,,2,78,电子信息与计算机工程系,讲师,14,100,阶梯教室,综合楼A座,22,1.2821,7,5,4,0,1,0,0,0,0,0,0,0,0,0,0,1,1,0,0,0,0,1.0,1.0,confirmed_item_positive
confirmed_item_59007,33,16,331,专业选修课,36,,2,78,电子信息与计算机工程系,讲师,14,120,阶梯教室,综合楼A座,42,1.5385,7,3,3,0,1,0,0,0,0,0,0,0,0,0,0,1,1,0,0,0,0,1.0,1.0,confirmed_item_positive
confirmed_item_59008,33,4,203,专业选修课,36,,2,78,电子信息与计算机工程系,讲师,14,100,阶梯教室,综合楼A座,22,1.2821,5,3,2,1,0,0,1,0,0,0,0,0,0,0,0,1,1,0,0,0,0,1.0,1.0,confirmed_item_positive
confirmed_item_59009,33,16,366,专业选修课,36,,2,78,电子信息与计算机工程系,讲师,14,120,阶梯教室,综合楼A座,42,1.5385,6,1,3,0,1,0,0,0,0,0,0,0,0,0,0,1,1,0,0,0,0,1.0,1.0,confirmed_item_positive
confirmed_item_59010,33,8,204,专业选修课,36,,2,78,电子信息与计算机工程系,讲师,14,90,阶梯教室,综合楼B座,12,1.1538,6,3,2,1,0,0,1,0,0,0,0,0,0,0,0,1,1,0,0,0,0,1.0,1.0,confirmed_item_positive
confirmed_item_59011,33,16,457,专业选修课,36,,2,78,电子信息与计算机工程系,讲师,14,120,阶梯教室,综合楼A座,42,1.5385,7,3,4,0,1,0,0,0,0,0,0,0,0,0,0,1,1,0,0,0,0,1.0,1.0,confirmed_item_positive
confirmed_item_59012,33,13,488,专业选修课,36,,2,78,电子信息与计算机工程系,讲师,14,100,阶梯教室,综合楼C座,22,1.2821,2,1,4,0,1,0,0,0,0,0,0,0,0,0,0,1,1,0,0,0,0,1.0,1.0,confirmed_item_positive
confirmed_item_59013,33,13,242,专业选修课,36,,2,78,电子信息与计算机工程系,讲师,14,100,阶梯教室,综合楼C座,22,1.2821,8,1,2,1,0,0,1,0,0,0,0,0,0,0,0,1,1,0,0,0,0,1.0,1.0,confirmed_item_positive
confirmed_item_59014,33,8,201,专业选修课,36,,2,78,电子信息与计算机工程系,讲师,14,90,阶梯教室,综合楼B座,12,1.1538,3,3,2,1,0,0,1,0,0,0,0,0,0,0,0,1,1,0,0,0,0,1.0,1.0,confirmed_item_positive
confirmed_item_59015,33,16,368,专业选修课,36,,2,78,电子信息与计算机工程系,讲师,14,120,阶梯教室,综合楼A座,42,1.5385,8,1,3,0,1,0,0,0,0,0,0,0,0,0,0,1,1,0,0,0,0,1.0,1.0,confirmed_item_positive
confirmed_item_59016,33,4,454,专业选修课,36,,2,78,电子信息与计算机工程系,讲师,14,100,阶梯教室,综合楼A座,22,1.2821,4,3,4,0,1,0,0,0,0,0,0,0,0,0,0,1,1,0,0,0,0,1.0,1.0,confirmed_item_positive
confirmed_item_59017,33,16,312,专业选修课,36,,2,78,电子信息与计算机工程系,讲师,14,120,阶梯教室,综合楼A座,42,1.5385,6,4,3,0,1,0,0,0,0,0,0,0,0,0,0,1,1,0,0,0,0,1.0,1.0,confirmed_item_positive
confirmed_item_59018,33,13,166,专业选修课,36,,2,78,电子信息与计算机工程系,讲师,14,100,阶梯教室,综合楼C座,22,1.2821,4,5,2,1,0,0,1,0,0,0,0,0,0,0,0,1,1,0,0,0,0,1.0,1.0,confirmed_item_positive
confirmed_item_59019,33,4,429,专业选修课,36,,2,78,电子信息与计算机工程系,讲师,14,100,阶梯教室,综合楼A座,22,1.2821,15,5,4,0,1,0,0,0,0,0,0,0,0,0,0,1,1,0,0,0,0,1.0,1.0,confirmed_item_positive
confirmed_item_59020,33,8,376,专业选修课,36,,2,78,电子信息与计算机工程系,讲师,14,90,阶梯教室,综合楼B座,12,1.1538,16,1,3,0,1,0,0,0,0,0,0,0,0,0,0,1,1,0,0,0,0,1.0,1.0,confirmed_item_positive
confirmed_item_59021,33,13,302,专业选修课,36,,2,78,电子信息与计算机工程系,讲师,14,100,阶梯教室,综合楼C座,22,1.2821,14,5,3,0,1,0,0,0,0,0,0,0,0,0,0,1,1,0,0,0,0,1.0,1.0,confirmed_item_positive
confirmed_item_59022,33,4,463,专业选修课,36,,2,78,电子信息与计算机工程系,讲师,14,100,阶梯教室,综合楼A座,22,1.2821,13,3,4,0,1,0,0,0,0,0,0,0,0,0,0,1,1,0,0,0,0,1.0,1.0,confirmed_item_positive
confirmed_item_59023,34,4,242,专业选修课,36,,2,83,电子信息与计算机工程系,讲师,14,100,阶梯教室,综合楼A座,17,1.2048,8,1,2,1,0,0,1,0,0,0,0,0,0,0,0,1,1,0,0,0,0,1.0,1.0,confirmed_item_positive
confirmed_item_59024,34,4,319,专业选修课,36,,2,83,电子信息与计算机工程系,讲师,14,100,阶梯教室,综合楼A座,17,1.2048,13,4,3,0,1,0,0,0,0,0,0,0,0,0,0,1,1,0,0,0,0,1.0,1.0,confirmed_item_positive
confirmed_item_59025,34,4,228,专业选修课,36,,2,83,电子信息与计算机工程系,讲师,14,100,阶梯教室,综合楼A座,17,1.2048,12,2,2,1,0,0,1,0,0,0,0,0,0,0,0,1,1,0,0,0,0,1.0,1.0,confirmed_item_positive
confirmed_item_59026,34,16,291,专业选修课,36,,2,83,电子信息与计算机工程系,讲师,14,120,阶梯教室,综合楼A座,37,1.4458,3,5,3,0,1,0,0,0,0,0,0,0,0,0,0,1,1,0,0,0,0,1.0,1.0,confirmed_item_positive
confirmed_item_59027,34,13,494,专业选修课,36,,2,83,电子信息与计算机工程系,讲师,14,100,阶梯教室,综合楼C座,17,1.2048,8,1,4,0,1,0,0,0,0,0,0,0,0,0,0,1,1,0,0,0,0,1.0,1.0,confirmed_item_positive
confirmed_item_59028,34,4,369,专业选修课,36,,2,83,电子信息与计算机工程系,讲师,14,100,阶梯教室,综合楼A座,17,1.2048,9,1,3,0,1,0,0,0,0,0,0,0,0,0,0,1,1,0,0,0,0,1.0,1.0,confirmed_item_positive
confirmed_item_59029,34,4,237,专业选修课,36,,2,83,电子信息与计算机工程系,讲师,14,100,阶梯教室,综合楼A座,17,1.2048,3,1,2,1,0,0,1,0,0,0,0,0,0,0,0,1,1,0,0,0,0,1.0,1.0,confirmed_item_positive
confirmed_item_59030,34,13,376,专业选修课,36,,2,83,电子信息与计算机工程系,讲师,14,100,阶梯教室,综合楼C座,17,1.2048,16,1,3,0,1,0,0,0,0,0,0,0,0,0,0,1,1,0,0,0,0,1.0,1.0,confirmed_item_positive
confirmed_item_59031,34,4,349,专业选修课,36,,2,83,电子信息与计算机工程系,讲师,14,100,阶梯教室,综合楼A座,17,1.2048,7,2,3,0,1,0,0,0,0,0,0,0,0,0,0,1,1,0,0,0,0,1.0,1.0,confirmed_item_positive
confirmed_item_59032,34,4,496,专业选修课,36,,2,83,电子信息与计算机工程系,讲师,14,100,阶梯教室,综合楼A座,17,1.2048,10,1,4,0,1,0,0,0,0,0,0,0,0,0,0,1,1,0,0,0,0,1.0,1.0,confirmed_item_positive
confirmed_item_59033,34,13,230,专业选修课,36,,2,83,电子信息与计算机工程系,讲师,14,100,阶梯教室,综合楼C座,17,1.2048,14,2,2,1,0,0,1,0,0,0,0,0,0,0,0,1,1,0,0,0,0,1.0,1.0,confirmed_item_positive
confirmed_item_59034,34,13,359,专业选修课,36,,2,83,电子信息与计算机工程系,讲师,14,100,阶梯教室,综合楼C座,17,1.2048,17,2,3,0,1,0,0,0,0,0,0,0,0,0,0,1,1,0,0,0,0,1.0,1.0,confirmed_item_positive
confirmed_item_59035,34,4,170,专业选修课,36,,2,83,电子信息与计算机工程系,讲师,14,100,阶梯教室,综合楼A座,17,1.2048,8,5,2,1,0,0,1,0,0,0,0,0,0,0,0,1,1,0,0,0,0,1.0,1.0,confirmed_item_positive
confirmed_item_59036,34,16,499,专业选修课,36,,2,83,电子信息与计算机工程系,讲师,14,120,阶梯教室,综合楼A座,37,1.4458,13,1,4,0,1,0,0,0,0,0,0,0,0,0,0,1,1,0,0,0,0,1.0,1.0,confirmed_item_positive
confirmed_item_59037,34,13,229,专业选修课,36,,2,83,电子信息与计算机工程系,讲师,14,100,阶梯教室,综合楼C座,17,1.2048,13,2,2,1,0,0,1,0,0,0,0,0,0,0,0,1,1,0,0,0,0,1.0,1.0,confirmed_item_positive
confirmed_item_59038,34,4,358,专业选修课,36,,2,83,电子信息与计算机工程系,讲师,14,100,阶梯教室,综合楼A座,17,1.2048,16,2,3,0,1,0,0,0,0,0,0,0,0,0,0,1,1,0,0,0,0,1.0,1.0,confirmed_item_positive
confirmed_item_59039,34,16,322,专业选修课,36,,2,83,电子信息与计算机工程系,讲师,14,120,阶梯教室,综合楼A座,37,1.4458,16,4,3,0,1,0,0,0,0,0,0,0,0,0,0,1,1,0,0,0,0,1.0,1.0,confirmed_item_positive
confirmed_item_59040,34,13,236,专业选修课,36,,2,83,电子信息与计算机工程系,讲师,14,100,阶梯教室,综合楼C座,17,1.2048,2,1,2,1,0,0,1,0,0,0,0,0,0,0,0,1,1,0,0,0,0,1.0,1.0,confirmed_item_positive
confirmed_item_59041,35,16,172,专业选修课,36,,2,81,电子信息与计算机工程系,讲师,14,120,阶梯教室,综合楼A座,39,1.4815,10,5,2,1,0,0,1,0,0,0,0,0,0,0,0,1,1,0,0,0,0,1.0,1.0,confirmed_item_positive
confirmed_item_59042,35,8,372,专业选修课,36,,2,81,电子信息与计算机工程系,讲师,14,90,阶梯教室,综合楼B座,9,1.1111,12,1,3,0,1,0,0,0,0,0,0,0,0,0,0,1,1,0,0,0,0,1.0,1.0,confirmed_item_positive
confirmed_item_59043,35,13,368,专业选修课,36,,2,81,电子信息与计算机工程系,讲师,14,100,阶梯教室,综合楼C座,19,1.2346,8,1,3,0,1,0,0,0,0,0,0,0,0,0,0,1,1,0,0,0,0,1.0,1.0,confirmed_item_positive
confirmed_item_59044,35,8,357,专业选修课,36,,2,81,电子信息与计算机工程系,讲师,14,90,阶梯教室,综合楼B座,9,1.1111,15,2,3,0,1,0,0,0,0,0,0,0,0,0,0,1,1,0,0,0,0,1.0,1.0,confirmed_item_positive
confirmed_item_59045,35,4,366,专业选修课,36,,2,81,电子信息与计算机工程系,讲师,14,100,阶梯教室,综合楼A座,19,1.2346,6,1,3,0,1,0,0,0,0,0,0,0,0,0,0,1,1,0,0,0,0,1.0,1.0,confirmed_item_positive
confirmed_item_59046,35,16,338,专业选修课,36,,2,81,电子信息与计算机工程系,讲师,14,120,阶梯教室,综合楼A座,39,1.4815,14,3,3,0,1,0,0,0,0,0,0,0,0,0,0,1,1,0,0,0,0,1.0,1.0,confirmed_item_positive
confirmed_item_59047,35,16,170,专业选修课,36,,2,81,电子信息与计算机工程系,讲师,14,120,阶梯教室,综合楼A座,39,1.4815,8,5,2,1,0,0,1,0,0,0,0,0,0,0,0,1,1,0,0,0,0,1.0,1.0,confirmed_item_positive
confirmed_item_59048,35,13,474,专业选修课,36,,2,81,电子信息与计算机工程系,讲师,14,100,阶梯教室,综合楼C座,19,1.2346,6,2,4,0,1,0,0,0,0,0,0,0,0,0,0,1,1,0,0,0,0,1.0,1.0,confirmed_item_positive
confirmed_item_59049,35,8,477,专业选修课,36,,2,81,电子信息与计算机工程系,讲师,14,90,阶梯教室,综合楼B座,9,1.1111,9,2,4,0,1,0,0,0,0,0,0,0,0,0,0,1,1,0,0,0,0,1.0,1.0,confirmed_item_positive
confirmed_item_59050,35,16,377,专业选修课,36,,2,81,电子信息与计算机工程系,讲师,14,120,阶梯教室,综合楼A座,39,1.4815,17,1,3,0,1,0,0,0,0,0,0,0,0,0,0,1,1,0,0,0,0,1.0,1.0,confirmed_item_positive
confirmed_item_59051,35,16,369,专业选修课,36,,2,81,电子信息与计算机工程系,讲师,14,120,阶梯教室,综合楼A座,39,1.4815,9,1,3,0,1,0,0,0,0,0,0,0,0,0,0,1,1,0,0,0,0,1.0,1.0,confirmed_item_positive
confirmed_item_59052,35,16,205,专业选修课,36,,2,81,电子信息与计算机工程系,讲师,14,120,阶梯教室,综合楼A座,39,1.4815,7,3,2,1,0,0,1,0,0,0,0,0,0,0,0,1,1,0,0,0,0,1.0,1.0,confirmed_item_positive
confirmed_item_59053,35,8,430,专业选修课,36,,2,81,电子信息与计算机工程系,讲师,14,90,阶梯教室,综合楼B座,9,1.1111,16,5,4,0,1,0,0,0,0,0,0,0,0,0,0,1,1,0,0,0,0,1.0,1.0,confirmed_item_positive
confirmed_item_59054,35,4,210,专业选修课,36,,2,81,电子信息与计算机工程系,讲师,14,100,阶梯教室,综合楼A座,19,1.2346,12,3,2,1,0,0,1,0,0,0,0,0,0,0,0,1,1,0,0,0,0,1.0,1.0,confirmed_item_positive
confirmed_item_59055,35,4,456,专业选修课,36,,2,81,电子信息与计算机工程系,讲师,14,100,阶梯教室,综合楼A座,19,1.2346,6,3,4,0,1,0,0,0,0,0,0,0,0,0,0,1,1,0,0,0,0,1.0,1.0,confirmed_item_positive
confirmed_item_59056,35,8,245,专业选修课,36,,2,81,电子信息与计算机工程系,讲师,14,90,阶梯教室,综合楼B座,9,1.1111,11,1,2,1,0,0,1,0,0,0,0,0,0,0,0,1,1,0,0,0,0,1.0,1.0,confirmed_item_positive
confirmed_item_59057,35,16,503,专业选修课,36,,2,81,电子信息与计算机工程系,讲师,14,120,阶梯教室,综合楼A座,39,1.4815,17,1,4,0,1,0,0,0,0,0,0,0,0,0,0,1,1,0,0,0,0,1.0,1.0,confirmed_item_positive
confirmed_item_59058,35,16,418,专业选修课,36,,2,81,电子信息与计算机工程系,讲师,14,120,阶梯教室,综合楼A座,39,1.4815,4,5,4,0,1,0,0,0,0,0,0,0,0,0,0,1,1,0,0,0,0,1.0,1.0,confirmed_item_positive
confirmed_item_59059,36,4,243,专业选修课,36,,2,82,电子信息与计算机工程系,讲师,14,100,阶梯教室,综合楼A座,18,1.2195,9,1,2,1,0,0,1,0,0,0,0,0,0,0,0,1,1,0,0,0,0,1.0,1.0,confirmed_item_positive
confirmed_item_59060,36,4,317,专业选修课,36,,2,82,电子信息与计算机工程系,讲师,14,100,阶梯教室,综合楼A座,18,1.2195,11,4,3,0,1,0,0,0,0,0,0,0,0,0,0,1,1,0,0,0,0,1.0,1.0,confirmed_item_positive
confirmed_item_59061,36,4,351,专业选修课,36,,2,82,电子信息与计算机工程系,讲师,14,100,阶梯教室,综合楼A座,18,1.2195,9,2,3,0,1,0,0,0,0,0,0,0,0,0,0,1,1,0,0,0,0,1.0,1.0,confirmed_item_positive
confirmed_item_59062,36,16,502,专业选修课,36,,2,82,电子信息与计算机工程系,讲师,14,120,阶梯教室,综合楼A座,38,1.4634,16,1,4,0,1,0,0,0,0,0,0,0,0,0,0,1,1,0,0,0,0,1.0,1.0,confirmed_item_positive
confirmed_item_59063,36,4,372,专业选修课,36,,2,82,电子信息与计算机工程系,讲师,14,100,阶梯教室,综合楼A座,18,1.2195,12,1,3,0,1,0,0,0,0,0,0,0,0,0,0,1,1,0,0,0,0,1.0,1.0,confirmed_item_positive
confirmed_item_59064,36,4,493,专业选修课,36,,2,82,电子信息与计算机工程系,讲师,14,100,阶梯教室,综合楼A座,18,1.2195,7,1,4,0,1,0,0,0,0,0,0,0,0,0,0,1,1,0,0,0,0,1.0,1.0,confirmed_item_positive
confirmed_item_59065,36,16,231,专业选修课,36,,2,82,电子信息与计算机工程系,讲师,14,120,阶梯教室,综合楼A座,38,1.4634,15,2,2,1,0,0,1,0,0,0,0,0,0,0,0,1,1,0,0,0,0,1.0,1.0,confirmed_item_positive
confirmed_item_59066,36,4,197,专业选修课,36,,2,82,电子信息与计算机工程系,讲师,14,100,阶梯教室,综合楼A座,18,1.2195,17,4,2,1,0,0,1,0,0,0,0,0,0,0,0,1,1,0,0,0,0,1.0,1.0,confirmed_item_positive
confirmed_item_59067,36,13,478,专业选修课,36,,2,82,电子信息与计算机工程系,讲师,14,100,阶梯教室,综合楼C座,18,1.2195,10,2,4,0,1,0,0,0,0,0,0,0,0,0,0,1,1,0,0,0,0,1.0,1.0,confirmed_item_positive
confirmed_item_59068,36,16,425,专业选修课,36,,2,82,电子信息与计算机工程系,讲师,14,120,阶梯教室,综合楼A座,38,1.4634,11,5,4,0,1,0,0,0,0,0,0,0,0,0,0,1,1,0,0,0,0,1.0,1.0,confirmed_item_positive
confirmed_item_59069,36,4,305,专业选修课,36,,2,82,电子信息与计算机工程系,讲师,14,100,阶梯教室,综合楼A座,18,1.2195,17,5,3,0,1,0,0,0,0,0,0,0,0,0,0,1,1,0,0,0,0,1.0,1.0,confirmed_item_positive
confirmed_item_59070,36,4,347,专业选修课,36,,2,82,电子信息与计算机工程系,讲师,14,100,阶梯教室,综合楼A座,18,1.2195,5,2,3,0,1,0,0,0,0,0,0,0,0,0,0,1,1,0,0,0,0,1.0,1.0,confirmed_item_positive
confirmed_item_59071,36,13,420,专业选修课,36,,2,82,电子信息与计算机工程系,讲师,14,100,阶梯教室,综合楼C座,18,1.2195,6,5,4,0,1,0,0,0,0,0,0,0,0,0,0,1,1,0,0,0,0,1.0,1.0,confirmed_item_positive
confirmed_item_59072,36,16,428,专业选修课,36,,2,82,电子信息与计算机工程系,讲师,14,120,阶梯教室,综合楼A座,38,1.4634,14,5,4,0,1,0,0,0,0,0,0,0,0,0,0,1,1,0,0,0,0,1.0,1.0,confirmed_item_positive
confirmed_item_59073,36,4,430,专业选修课,36,,2,82,电子信息与计算机工程系,讲师,14,100,阶梯教室,综合楼A座,18,1.2195,16,5,4,0,1,0,0,0,0,0,0,0,0,0,0,1,1,0,0,0,0,1.0,1.0,confirmed_item_positive
confirmed_item_59074,36,4,446,专业选修课,36,,2,82,电子信息与计算机工程系,讲师,14,100,阶梯教室,综合楼A座,18,1.2195,14,4,4,0,1,0,0,0,0,0,0,0,0,0,0,1,1,0,0,0,0,1.0,1.0,confirmed_item_positive
confirmed_item_59075,36,4,500,专业选修课,36,,2,82,电子信息与计算机工程系,讲师,14,100,阶梯教室,综合楼A座,18,1.2195,14,1,4,0,1,0,0,0,0,0,0,0,0,0,0,1,1,0,0,0,0,1.0,1.0,confirmed_item_positive
confirmed_item_59076,36,16,237,专业选修课,36,,2,82,电子信息与计算机工程系,讲师,14,120,阶梯教室,综合楼A座,38,1.4634,3,1,2,1,0,0,1,0,0,0,0,0,0,0,0,1,1,0,0,0,0,1.0,1.0,confirmed_item_positive
adjustment_241_before,19,18,220,专业核心课,48,,1,42,电子信息与计算机工程系,教授,10,80,普通教室,综合楼C座,38,1.9048,4,2,2,1,0,0,1,0,0,0,0,0,0,0,0,1,1,0,0,0,1,1.2,0.0,adjustment_before_negative
adjustment_241_after,19,11,220,专业核心课,48,,1,42,电子信息与计算机工程系,教授,10,80,普通教室,综合楼C座,38,1.9048,4,2,2,1,0,0,1,0,0,0,0,0,0,0,0,1,1,0,0,0,0,1.4,1.0,adjustment_after_positive
adjustment_242_before,19,18,202,专业核心课,48,,1,42,电子信息与计算机工程系,教授,10,80,普通教室,综合楼C座,38,1.9048,4,3,2,1,0,0,1,0,0,0,0,0,0,0,0,1,1,0,0,0,1,1.2,0.0,adjustment_before_negative
adjustment_242_after,19,11,202,专业核心课,48,,1,42,电子信息与计算机工程系,教授,10,80,普通教室,综合楼C座,38,1.9048,4,3,2,1,0,0,1,0,0,0,0,0,0,0,0,1,1,0,0,0,0,1.4,1.0,adjustment_after_positive
adjustment_243_before,19,5,293,专业核心课,48,,1,42,电子信息与计算机工程系,教授,10,80,普通教室,综合楼C座,38,1.9048,5,5,3,0,1,0,0,0,0,0,0,0,0,0,0,1,1,0,0,0,1,1.2,0.0,adjustment_before_negative
adjustment_243_after,19,11,293,专业核心课,48,,1,42,电子信息与计算机工程系,教授,10,80,普通教室,综合楼C座,38,1.9048,5,5,3,0,1,0,0,0,0,0,0,0,0,0,0,1,1,0,0,0,0,1.4,1.0,adjustment_after_positive
adjustment_244_before,19,3,458,专业核心课,48,,1,42,电子信息与计算机工程系,教授,10,80,普通教室,综合楼C座,38,1.9048,8,3,4,0,1,0,0,0,0,0,0,0,0,0,0,1,1,0,0,0,1,1.2,0.0,adjustment_before_negative
adjustment_244_after,19,11,458,专业核心课,48,,1,42,电子信息与计算机工程系,教授,10,80,普通教室,综合楼C座,38,1.9048,8,3,4,0,1,0,0,0,0,0,0,0,0,0,0,1,1,0,0,0,0,1.4,1.0,adjustment_after_positive
adjustment_245_before,19,3,227,专业核心课,48,,1,42,电子信息与计算机工程系,教授,10,80,普通教室,综合楼C座,38,1.9048,11,2,2,1,0,0,1,0,0,0,0,0,0,0,0,1,1,0,0,0,1,1.2,0.0,adjustment_before_negative
adjustment_245_after,19,11,227,专业核心课,48,,1,42,电子信息与计算机工程系,教授,10,80,普通教室,综合楼C座,38,1.9048,11,2,2,1,0,0,1,0,0,0,0,0,0,0,0,1,1,0,0,0,0,1.4,1.0,adjustment_after_positive
adjustment_246_before,19,10,302,专业核心课,48,,1,42,电子信息与计算机工程系,教授,10,80,普通教室,综合楼C座,38,1.9048,14,5,3,0,1,0,0,0,0,0,0,0,0,0,0,1,1,0,0,0,1,1.2,0.0,adjustment_before_negative
adjustment_246_after,19,11,302,专业核心课,48,,1,42,电子信息与计算机工程系,教授,10,80,普通教室,综合楼C座,38,1.9048,14,5,3,0,1,0,0,0,0,0,0,0,0,0,0,1,1,0,0,0,0,1.4,1.0,adjustment_after_positive
